size_mb,rep,timestamp,user,dvs_version,git_commit,command,file,step,duration_ms,file_size_bytes,num_files,compression,hash_algorithm
1,1,2026-03-11T12:25:18.128188Z,elea,0.1.1,ef66ed9,hash,f3.bin,hash,0.603416,1048576,,,blake3
1,1,2026-03-11T12:25:18.128176Z,elea,0.1.1,ef66ed9,hash,f2.bin,hash,0.602125,1048576,,,blake3
1,1,2026-03-11T12:25:18.128197Z,elea,0.1.1,ef66ed9,hash,f4.bin,hash,0.602875,1048576,,,blake3
1,1,2026-03-11T12:25:18.128169Z,elea,0.1.1,ef66ed9,hash,f1.bin,hash,0.6120410000000001,1048576,,,blake3
1,1,2026-03-11T12:25:18.128161Z,elea,0.1.1,ef66ed9,hash,f5.bin,hash,0.596209,1048576,,,blake3
1,1,2026-03-11T12:25:18.129979Z,elea,0.1.1,ef66ed9,add,f3.bin,backend_store,0.477541,1048576,,None,blake3
1,1,2026-03-11T12:25:18.13011Z,elea,0.1.1,ef66ed9,add,f4.bin,backend_store,0.551542,1048576,,None,blake3
1,1,2026-03-11T12:25:18.130143Z,elea,0.1.1,ef66ed9,add,f2.bin,backend_store,0.611375,1048576,,None,blake3
1,1,2026-03-11T12:25:18.13016Z,elea,0.1.1,ef66ed9,add,f1.bin,backend_store,0.5502079999999999,1048576,,None,blake3
1,1,2026-03-11T12:25:18.130223Z,elea,0.1.1,ef66ed9,add,f5.bin,backend_store,0.580667,1048576,,None,blake3
1,1,2026-03-11T12:25:18.130399Z,elea,0.1.1,ef66ed9,add,f3.bin,add_file_total,2.852416,1048576,,None,blake3
1,1,2026-03-11T12:25:18.130449Z,elea,0.1.1,ef66ed9,add,f4.bin,add_file_total,2.8991249999999997,1048576,,None,blake3
1,1,2026-03-11T12:25:18.130481Z,elea,0.1.1,ef66ed9,add,f2.bin,add_file_total,2.9384580000000002,1048576,,None,blake3
1,1,2026-03-11T12:25:18.130515Z,elea,0.1.1,ef66ed9,add,f1.bin,add_file_total,2.9845420000000003,1048576,,None,blake3
1,1,2026-03-11T12:25:18.130543Z,elea,0.1.1,ef66ed9,add,f5.bin,add_file_total,3.002834,1048576,,None,blake3
1,1,2026-03-11T12:25:18.130664Z,elea,0.1.1,ef66ed9,add,,add_total,3.169334,,5,None,blake3
1,2,2026-03-11T12:25:18.167681Z,elea,0.1.1,ef66ed9,hash,f1.bin,hash,0.608208,1048576,,,blake3
1,2,2026-03-11T12:25:18.167708Z,elea,0.1.1,ef66ed9,hash,f3.bin,hash,0.602834,1048576,,,blake3
1,2,2026-03-11T12:25:18.167717Z,elea,0.1.1,ef66ed9,hash,f4.bin,hash,0.602209,1048576,,,blake3
1,2,2026-03-11T12:25:18.16769Z,elea,0.1.1,ef66ed9,hash,f5.bin,hash,0.599542,1048576,,,blake3
1,2,2026-03-11T12:25:18.167699Z,elea,0.1.1,ef66ed9,hash,f2.bin,hash,0.600167,1048576,,,blake3
1,2,2026-03-11T12:25:18.169549Z,elea,0.1.1,ef66ed9,add,f1.bin,backend_store,0.448042,1048576,,None,blake3
1,2,2026-03-11T12:25:18.16967Z,elea,0.1.1,ef66ed9,add,f3.bin,backend_store,0.542791,1048576,,None,blake3
1,2,2026-03-11T12:25:18.169774Z,elea,0.1.1,ef66ed9,add,f1.bin,add_file_total,2.744417,1048576,,None,blake3
1,2,2026-03-11T12:25:18.169863Z,elea,0.1.1,ef66ed9,add,f4.bin,backend_store,0.62075,1048576,,None,blake3
1,2,2026-03-11T12:25:18.169891Z,elea,0.1.1,ef66ed9,add,f3.bin,add_file_total,2.833208,1048576,,None,blake3
1,2,2026-03-11T12:25:18.169906Z,elea,0.1.1,ef66ed9,add,f2.bin,backend_store,0.616708,1048576,,None,blake3
1,2,2026-03-11T12:25:18.169921Z,elea,0.1.1,ef66ed9,add,f5.bin,backend_store,0.6489170000000001,1048576,,None,blake3
1,2,2026-03-11T12:25:18.170048Z,elea,0.1.1,ef66ed9,add,f4.bin,add_file_total,2.99175,1048576,,None,blake3
1,2,2026-03-11T12:25:18.170081Z,elea,0.1.1,ef66ed9,add,f5.bin,add_file_total,3.030541,1048576,,None,blake3
1,2,2026-03-11T12:25:18.170117Z,elea,0.1.1,ef66ed9,add,f2.bin,add_file_total,3.064625,1048576,,None,blake3
1,2,2026-03-11T12:25:18.170188Z,elea,0.1.1,ef66ed9,add,,add_total,3.189416,,5,None,blake3
1,3,2026-03-11T12:25:18.205337Z,elea,0.1.1,ef66ed9,hash,f3.bin,hash,0.6055,1048576,,,blake3
1,3,2026-03-11T12:25:18.205367Z,elea,0.1.1,ef66ed9,hash,f5.bin,hash,0.612625,1048576,,,blake3
1,3,2026-03-11T12:25:18.205346Z,elea,0.1.1,ef66ed9,hash,f2.bin,hash,0.6202500000000001,1048576,,,blake3
1,3,2026-03-11T12:25:18.20538Z,elea,0.1.1,ef66ed9,hash,f4.bin,hash,0.604958,1048576,,,blake3
1,3,2026-03-11T12:25:18.205355Z,elea,0.1.1,ef66ed9,hash,f1.bin,hash,0.606458,1048576,,,blake3
1,3,2026-03-11T12:25:18.207206Z,elea,0.1.1,ef66ed9,add,f3.bin,backend_store,0.5721670000000001,1048576,,None,blake3
1,3,2026-03-11T12:25:18.207273Z,elea,0.1.1,ef66ed9,add,f5.bin,backend_store,0.614125,1048576,,None,blake3
1,3,2026-03-11T12:25:18.207332Z,elea,0.1.1,ef66ed9,add,f4.bin,backend_store,0.624625,1048576,,None,blake3
1,3,2026-03-11T12:25:18.207337Z,elea,0.1.1,ef66ed9,add,f2.bin,backend_store,0.652167,1048576,,None,blake3
1,3,2026-03-11T12:25:18.20737Z,elea,0.1.1,ef66ed9,add,f1.bin,backend_store,0.637583,1048576,,None,blake3
1,3,2026-03-11T12:25:18.207379Z,elea,0.1.1,ef66ed9,add,f3.bin,add_file_total,2.696,1048576,,None,blake3
1,3,2026-03-11T12:25:18.207446Z,elea,0.1.1,ef66ed9,add,f5.bin,add_file_total,2.756292,1048576,,None,blake3
1,3,2026-03-11T12:25:18.207508Z,elea,0.1.1,ef66ed9,add,f4.bin,add_file_total,2.817166,1048576,,None,blake3
1,3,2026-03-11T12:25:18.207549Z,elea,0.1.1,ef66ed9,add,f2.bin,add_file_total,2.8687080000000003,1048576,,None,blake3
1,3,2026-03-11T12:25:18.207584Z,elea,0.1.1,ef66ed9,add,f1.bin,add_file_total,2.899959,1048576,,None,blake3
1,3,2026-03-11T12:25:18.207639Z,elea,0.1.1,ef66ed9,add,,add_total,3.0011669999999997,,5,None,blake3
1,4,2026-03-11T12:25:18.245398Z,elea,0.1.1,ef66ed9,hash,f2.bin,hash,0.6008749999999999,1048576,,,blake3
1,4,2026-03-11T12:25:18.245432Z,elea,0.1.1,ef66ed9,hash,f3.bin,hash,0.609333,1048576,,,blake3
1,4,2026-03-11T12:25:18.245439Z,elea,0.1.1,ef66ed9,hash,f1.bin,hash,0.605291,1048576,,,blake3
1,4,2026-03-11T12:25:18.245407Z,elea,0.1.1,ef66ed9,hash,f4.bin,hash,0.5948330000000001,1048576,,,blake3
1,4,2026-03-11T12:25:18.245423Z,elea,0.1.1,ef66ed9,hash,f5.bin,hash,0.5984579999999999,1048576,,,blake3
1,4,2026-03-11T12:25:18.24743Z,elea,0.1.1,ef66ed9,add,f1.bin,backend_store,0.610916,1048576,,None,blake3
1,4,2026-03-11T12:25:18.247448Z,elea,0.1.1,ef66ed9,add,f2.bin,backend_store,0.612958,1048576,,None,blake3
1,4,2026-03-11T12:25:18.247461Z,elea,0.1.1,ef66ed9,add,f3.bin,backend_store,0.594125,1048576,,None,blake3
1,4,2026-03-11T12:25:18.247489Z,elea,0.1.1,ef66ed9,add,f4.bin,backend_store,0.612583,1048576,,None,blake3
1,4,2026-03-11T12:25:18.247495Z,elea,0.1.1,ef66ed9,add,f5.bin,backend_store,0.595459,1048576,,None,blake3
1,4,2026-03-11T12:25:18.247584Z,elea,0.1.1,ef66ed9,add,f1.bin,add_file_total,2.7975,1048576,,None,blake3
1,4,2026-03-11T12:25:18.247641Z,elea,0.1.1,ef66ed9,add,f3.bin,add_file_total,2.8613750000000002,1048576,,None,blake3
1,4,2026-03-11T12:25:18.24768Z,elea,0.1.1,ef66ed9,add,f5.bin,add_file_total,2.8943749999999997,1048576,,None,blake3
1,4,2026-03-11T12:25:18.247732Z,elea,0.1.1,ef66ed9,add,f4.bin,add_file_total,2.953042,1048576,,None,blake3
1,4,2026-03-11T12:25:18.247769Z,elea,0.1.1,ef66ed9,add,f2.bin,add_file_total,3.0084589999999998,1048576,,None,blake3
1,4,2026-03-11T12:25:18.247811Z,elea,0.1.1,ef66ed9,add,,add_total,3.0827910000000003,,5,None,blake3
1,5,2026-03-11T12:25:18.282324Z,elea,0.1.1,ef66ed9,hash,f1.bin,hash,0.603417,1048576,,,blake3
1,5,2026-03-11T12:25:18.282295Z,elea,0.1.1,ef66ed9,hash,f2.bin,hash,0.610875,1048576,,,blake3
1,5,2026-03-11T12:25:18.282315Z,elea,0.1.1,ef66ed9,hash,f5.bin,hash,0.6009169999999999,1048576,,,blake3
1,5,2026-03-11T12:25:18.282306Z,elea,0.1.1,ef66ed9,hash,f3.bin,hash,0.607417,1048576,,,blake3
1,5,2026-03-11T12:25:18.282332Z,elea,0.1.1,ef66ed9,hash,f4.bin,hash,0.60275,1048576,,,blake3
1,5,2026-03-11T12:25:18.284213Z,elea,0.1.1,ef66ed9,add,f5.bin,backend_store,0.4885,1048576,,None,blake3
1,5,2026-03-11T12:25:18.284229Z,elea,0.1.1,ef66ed9,add,f1.bin,backend_store,0.543042,1048576,,None,blake3
1,5,2026-03-11T12:25:18.284267Z,elea,0.1.1,ef66ed9,add,f2.bin,backend_store,0.557792,1048576,,None,blake3
1,5,2026-03-11T12:25:18.284364Z,elea,0.1.1,ef66ed9,add,f4.bin,backend_store,0.589459,1048576,,None,blake3
1,5,2026-03-11T12:25:18.284412Z,elea,0.1.1,ef66ed9,add,f3.bin,backend_store,0.6530830000000001,1048576,,None,blake3
1,5,2026-03-11T12:25:18.284484Z,elea,0.1.1,ef66ed9,add,f5.bin,add_file_total,2.8204160000000003,1048576,,None,blake3
1,5,2026-03-11T12:25:18.284539Z,elea,0.1.1,ef66ed9,add,f1.bin,add_file_total,2.863375,1048576,,None,blake3
1,5,2026-03-11T12:25:18.284567Z,elea,0.1.1,ef66ed9,add,f2.bin,add_file_total,2.924,1048576,,None,blake3
1,5,2026-03-11T12:25:18.2846Z,elea,0.1.1,ef66ed9,add,f4.bin,add_file_total,2.9315,1048576,,None,blake3
1,5,2026-03-11T12:25:18.284637Z,elea,0.1.1,ef66ed9,add,f3.bin,add_file_total,2.9730410000000003,1048576,,None,blake3
1,5,2026-03-11T12:25:18.284682Z,elea,0.1.1,ef66ed9,add,,add_total,3.074542,,5,None,blake3
1,6,2026-03-11T12:25:18.321201Z,elea,0.1.1,ef66ed9,hash,f2.bin,hash,0.601834,1048576,,,blake3
1,6,2026-03-11T12:25:18.321219Z,elea,0.1.1,ef66ed9,hash,f5.bin,hash,0.598042,1048576,,,blake3
1,6,2026-03-11T12:25:18.32119Z,elea,0.1.1,ef66ed9,hash,f3.bin,hash,0.6015830000000001,1048576,,,blake3
1,6,2026-03-11T12:25:18.321235Z,elea,0.1.1,ef66ed9,hash,f1.bin,hash,0.612,1048576,,,blake3
1,6,2026-03-11T12:25:18.321211Z,elea,0.1.1,ef66ed9,hash,f4.bin,hash,0.595417,1048576,,,blake3
1,6,2026-03-11T12:25:18.323134Z,elea,0.1.1,ef66ed9,add,f2.bin,backend_store,0.561417,1048576,,None,blake3
1,6,2026-03-11T12:25:18.323184Z,elea,0.1.1,ef66ed9,add,f4.bin,backend_store,0.597333,1048576,,None,blake3
1,6,2026-03-11T12:25:18.323204Z,elea,0.1.1,ef66ed9,add,f3.bin,backend_store,0.594333,1048576,,None,blake3
1,6,2026-03-11T12:25:18.323236Z,elea,0.1.1,ef66ed9,add,f1.bin,backend_store,0.592541,1048576,,None,blake3
1,6,2026-03-11T12:25:18.323274Z,elea,0.1.1,ef66ed9,add,f5.bin,backend_store,0.597875,1048576,,None,blake3
1,6,2026-03-11T12:25:18.323358Z,elea,0.1.1,ef66ed9,add,f2.bin,add_file_total,2.781792,1048576,,None,blake3
1,6,2026-03-11T12:25:18.323413Z,elea,0.1.1,ef66ed9,add,f4.bin,add_file_total,2.816083,1048576,,None,blake3
1,6,2026-03-11T12:25:18.323465Z,elea,0.1.1,ef66ed9,add,f3.bin,add_file_total,2.9126659999999998,1048576,,None,blake3
1,6,2026-03-11T12:25:18.323501Z,elea,0.1.1,ef66ed9,add,f1.bin,add_file_total,2.920958,1048576,,None,blake3
1,6,2026-03-11T12:25:18.323537Z,elea,0.1.1,ef66ed9,add,f5.bin,add_file_total,2.959583,1048576,,None,blake3
1,6,2026-03-11T12:25:18.323602Z,elea,0.1.1,ef66ed9,add,,add_total,3.095541,,5,None,blake3
1,7,2026-03-11T12:25:18.358236Z,elea,0.1.1,ef66ed9,hash,f4.bin,hash,0.609583,1048576,,,blake3
1,7,2026-03-11T12:25:18.358255Z,elea,0.1.1,ef66ed9,hash,f2.bin,hash,0.601333,1048576,,,blake3
1,7,2026-03-11T12:25:18.358264Z,elea,0.1.1,ef66ed9,hash,f5.bin,hash,0.601125,1048576,,,blake3
1,7,2026-03-11T12:25:18.358272Z,elea,0.1.1,ef66ed9,hash,f3.bin,hash,0.602375,1048576,,,blake3
1,7,2026-03-11T12:25:18.358248Z,elea,0.1.1,ef66ed9,hash,f1.bin,hash,0.6076659999999999,1048576,,,blake3
1,7,2026-03-11T12:25:18.360348Z,elea,0.1.1,ef66ed9,add,f4.bin,backend_store,0.5786250000000001,1048576,,None,blake3
1,7,2026-03-11T12:25:18.360362Z,elea,0.1.1,ef66ed9,add,f2.bin,backend_store,0.5786250000000001,1048576,,None,blake3
1,7,2026-03-11T12:25:18.360397Z,elea,0.1.1,ef66ed9,add,f5.bin,backend_store,0.5852080000000001,1048576,,None,blake3
1,7,2026-03-11T12:25:18.360402Z,elea,0.1.1,ef66ed9,add,f3.bin,backend_store,0.577625,1048576,,None,blake3
1,7,2026-03-11T12:25:18.360426Z,elea,0.1.1,ef66ed9,add,f1.bin,backend_store,0.5764579999999999,1048576,,None,blake3
1,7,2026-03-11T12:25:18.360507Z,elea,0.1.1,ef66ed9,add,f4.bin,add_file_total,2.9172909999999996,1048576,,None,blake3
1,7,2026-03-11T12:25:18.360545Z,elea,0.1.1,ef66ed9,add,f3.bin,add_file_total,2.9268330000000002,1048576,,None,blake3
1,7,2026-03-11T12:25:18.360577Z,elea,0.1.1,ef66ed9,add,f2.bin,add_file_total,2.960125,1048576,,None,blake3
1,7,2026-03-11T12:25:18.360608Z,elea,0.1.1,ef66ed9,add,f5.bin,add_file_total,2.994333,1048576,,None,blake3
1,7,2026-03-11T12:25:18.360636Z,elea,0.1.1,ef66ed9,add,f1.bin,add_file_total,3.0257919999999996,1048576,,None,blake3
1,7,2026-03-11T12:25:18.360684Z,elea,0.1.1,ef66ed9,add,,add_total,3.1306670000000003,,5,None,blake3
1,8,2026-03-11T12:25:18.394139Z,elea,0.1.1,ef66ed9,hash,f1.bin,hash,0.5982080000000001,1048576,,,blake3
1,8,2026-03-11T12:25:18.394123Z,elea,0.1.1,ef66ed9,hash,f2.bin,hash,0.594,1048576,,,blake3
1,8,2026-03-11T12:25:18.394115Z,elea,0.1.1,ef66ed9,hash,f4.bin,hash,0.594917,1048576,,,blake3
1,8,2026-03-11T12:25:18.394147Z,elea,0.1.1,ef66ed9,hash,f3.bin,hash,0.596292,1048576,,,blake3
1,8,2026-03-11T12:25:18.394104Z,elea,0.1.1,ef66ed9,hash,f5.bin,hash,0.593125,1048576,,,blake3
1,8,2026-03-11T12:25:18.395855Z,elea,0.1.1,ef66ed9,add,f1.bin,backend_store,0.546959,1048576,,None,blake3
1,8,2026-03-11T12:25:18.395938Z,elea,0.1.1,ef66ed9,add,f2.bin,backend_store,0.606042,1048576,,None,blake3
1,8,2026-03-11T12:25:18.395945Z,elea,0.1.1,ef66ed9,add,f4.bin,backend_store,0.593875,1048576,,None,blake3
1,8,2026-03-11T12:25:18.395954Z,elea,0.1.1,ef66ed9,add,f3.bin,backend_store,0.580542,1048576,,None,blake3
1,8,2026-03-11T12:25:18.395997Z,elea,0.1.1,ef66ed9,add,f5.bin,backend_store,0.583916,1048576,,None,blake3
1,8,2026-03-11T12:25:18.396076Z,elea,0.1.1,ef66ed9,add,f1.bin,add_file_total,2.58275,1048576,,None,blake3
1,8,2026-03-11T12:25:18.39619Z,elea,0.1.1,ef66ed9,add,f3.bin,add_file_total,2.695625,1048576,,None,blake3
1,8,2026-03-11T12:25:18.396256Z,elea,0.1.1,ef66ed9,add,f4.bin,add_file_total,2.767083,1048576,,None,blake3
1,8,2026-03-11T12:25:18.396302Z,elea,0.1.1,ef66ed9,add,f2.bin,add_file_total,2.811625,1048576,,None,blake3
1,8,2026-03-11T12:25:18.396343Z,elea,0.1.1,ef66ed9,add,f5.bin,add_file_total,2.8684589999999996,1048576,,None,blake3
1,8,2026-03-11T12:25:18.396401Z,elea,0.1.1,ef66ed9,add,,add_total,2.95425,,5,None,blake3
1,9,2026-03-11T12:25:18.430679Z,elea,0.1.1,ef66ed9,hash,f1.bin,hash,0.607,1048576,,,blake3
1,9,2026-03-11T12:25:18.43069Z,elea,0.1.1,ef66ed9,hash,f5.bin,hash,0.608208,1048576,,,blake3
1,9,2026-03-11T12:25:18.430643Z,elea,0.1.1,ef66ed9,hash,f4.bin,hash,0.607417,1048576,,,blake3
1,9,2026-03-11T12:25:18.430621Z,elea,0.1.1,ef66ed9,hash,f2.bin,hash,0.576833,1048576,,,blake3
1,9,2026-03-11T12:25:18.430667Z,elea,0.1.1,ef66ed9,hash,f3.bin,hash,0.613542,1048576,,,blake3
1,9,2026-03-11T12:25:18.43276Z,elea,0.1.1,ef66ed9,add,f5.bin,backend_store,0.62975,1048576,,None,blake3
1,9,2026-03-11T12:25:18.432784Z,elea,0.1.1,ef66ed9,add,f1.bin,backend_store,0.666,1048576,,None,blake3
1,9,2026-03-11T12:25:18.43281Z,elea,0.1.1,ef66ed9,add,f4.bin,backend_store,0.657834,1048576,,None,blake3
1,9,2026-03-11T12:25:18.432819Z,elea,0.1.1,ef66ed9,add,f2.bin,backend_store,0.6399170000000001,1048576,,None,blake3
1,9,2026-03-11T12:25:18.432862Z,elea,0.1.1,ef66ed9,add,f3.bin,backend_store,0.654125,1048576,,None,blake3
1,9,2026-03-11T12:25:18.432918Z,elea,0.1.1,ef66ed9,add,f5.bin,add_file_total,2.89825,1048576,,None,blake3
1,9,2026-03-11T12:25:18.432999Z,elea,0.1.1,ef66ed9,add,f1.bin,add_file_total,2.9780420000000003,1048576,,None,blake3
1,9,2026-03-11T12:25:18.433053Z,elea,0.1.1,ef66ed9,add,f4.bin,add_file_total,3.0554580000000002,1048576,,None,blake3
1,9,2026-03-11T12:25:18.433092Z,elea,0.1.1,ef66ed9,add,f2.bin,add_file_total,3.0795000000000003,1048576,,None,blake3
1,9,2026-03-11T12:25:18.433126Z,elea,0.1.1,ef66ed9,add,f3.bin,add_file_total,3.1124579999999997,1048576,,None,blake3
1,9,2026-03-11T12:25:18.433171Z,elea,0.1.1,ef66ed9,add,,add_total,3.208458,,5,None,blake3
1,10,2026-03-11T12:25:18.467699Z,elea,0.1.1,ef66ed9,hash,f1.bin,hash,0.6009169999999999,1048576,,,blake3
1,10,2026-03-11T12:25:18.467672Z,elea,0.1.1,ef66ed9,hash,f4.bin,hash,0.604166,1048576,,,blake3
1,10,2026-03-11T12:25:18.46768Z,elea,0.1.1,ef66ed9,hash,f5.bin,hash,0.601958,1048576,,,blake3
1,10,2026-03-11T12:25:18.467691Z,elea,0.1.1,ef66ed9,hash,f2.bin,hash,0.598125,1048576,,,blake3
1,10,2026-03-11T12:25:18.467707Z,elea,0.1.1,ef66ed9,hash,f3.bin,hash,0.5982500000000001,1048576,,,blake3
1,10,2026-03-11T12:25:18.469555Z,elea,0.1.1,ef66ed9,add,f4.bin,backend_store,0.534583,1048576,,None,blake3
1,10,2026-03-11T12:25:18.469623Z,elea,0.1.1,ef66ed9,add,f1.bin,backend_store,0.6160840000000001,1048576,,None,blake3
1,10,2026-03-11T12:25:18.469776Z,elea,0.1.1,ef66ed9,add,f3.bin,backend_store,0.596,1048576,,None,blake3
1,10,2026-03-11T12:25:18.469789Z,elea,0.1.1,ef66ed9,add,f4.bin,add_file_total,2.7413749999999997,1048576,,None,blake3
1,10,2026-03-11T12:25:18.469796Z,elea,0.1.1,ef66ed9,add,f5.bin,backend_store,0.74325,1048576,,None,blake3
1,10,2026-03-11T12:25:18.469832Z,elea,0.1.1,ef66ed9,add,f2.bin,backend_store,0.754166,1048576,,None,blake3
1,10,2026-03-11T12:25:18.469865Z,elea,0.1.1,ef66ed9,add,f1.bin,add_file_total,2.8125839999999998,1048576,,None,blake3
1,10,2026-03-11T12:25:18.469978Z,elea,0.1.1,ef66ed9,add,f3.bin,add_file_total,2.926375,1048576,,None,blake3
1,10,2026-03-11T12:25:18.470019Z,elea,0.1.1,ef66ed9,add,f5.bin,add_file_total,2.974167,1048576,,None,blake3
1,10,2026-03-11T12:25:18.470053Z,elea,0.1.1,ef66ed9,add,f2.bin,add_file_total,3.004417,1048576,,None,blake3
1,10,2026-03-11T12:25:18.470111Z,elea,0.1.1,ef66ed9,add,,add_total,3.113208,,5,None,blake3
1,11,2026-03-11T12:25:18.504287Z,elea,0.1.1,ef66ed9,hash,f3.bin,hash,0.602166,1048576,,,blake3
1,11,2026-03-11T12:25:18.504279Z,elea,0.1.1,ef66ed9,hash,f2.bin,hash,0.605833,1048576,,,blake3
1,11,2026-03-11T12:25:18.50427Z,elea,0.1.1,ef66ed9,hash,f5.bin,hash,0.5982500000000001,1048576,,,blake3
1,11,2026-03-11T12:25:18.504263Z,elea,0.1.1,ef66ed9,hash,f4.bin,hash,0.599625,1048576,,,blake3
1,11,2026-03-11T12:25:18.504254Z,elea,0.1.1,ef66ed9,hash,f1.bin,hash,0.611792,1048576,,,blake3
1,11,2026-03-11T12:25:18.506252Z,elea,0.1.1,ef66ed9,add,f3.bin,backend_store,0.524,1048576,,None,blake3
1,11,2026-03-11T12:25:18.506285Z,elea,0.1.1,ef66ed9,add,f2.bin,backend_store,0.544125,1048576,,None,blake3
1,11,2026-03-11T12:25:18.506289Z,elea,0.1.1,ef66ed9,add,f5.bin,backend_store,0.523041,1048576,,None,blake3
1,11,2026-03-11T12:25:18.506376Z,elea,0.1.1,ef66ed9,add,f1.bin,backend_store,0.572417,1048576,,None,blake3
1,11,2026-03-11T12:25:18.506408Z,elea,0.1.1,ef66ed9,add,f4.bin,backend_store,0.617416,1048576,,None,blake3
1,11,2026-03-11T12:25:18.506444Z,elea,0.1.1,ef66ed9,add,f3.bin,add_file_total,2.811041,1048576,,None,blake3
1,11,2026-03-11T12:25:18.506506Z,elea,0.1.1,ef66ed9,add,f2.bin,add_file_total,2.8857909999999998,1048576,,None,blake3
1,11,2026-03-11T12:25:18.506549Z,elea,0.1.1,ef66ed9,add,f5.bin,add_file_total,2.9217090000000003,1048576,,None,blake3
1,11,2026-03-11T12:25:18.506589Z,elea,0.1.1,ef66ed9,add,f1.bin,add_file_total,2.9840829999999996,1048576,,None,blake3
1,11,2026-03-11T12:25:18.506629Z,elea,0.1.1,ef66ed9,add,f4.bin,add_file_total,2.9983340000000003,1048576,,None,blake3
1,11,2026-03-11T12:25:18.506686Z,elea,0.1.1,ef66ed9,add,,add_total,3.118208,,5,None,blake3
1,12,2026-03-11T12:25:18.540054Z,elea,0.1.1,ef66ed9,hash,f5.bin,hash,0.592375,1048576,,,blake3
1,12,2026-03-11T12:25:18.540067Z,elea,0.1.1,ef66ed9,hash,f2.bin,hash,0.60125,1048576,,,blake3
1,12,2026-03-11T12:25:18.54004Z,elea,0.1.1,ef66ed9,hash,f1.bin,hash,0.598167,1048576,,,blake3
1,12,2026-03-11T12:25:18.540032Z,elea,0.1.1,ef66ed9,hash,f3.bin,hash,0.600584,1048576,,,blake3
1,12,2026-03-11T12:25:18.54006Z,elea,0.1.1,ef66ed9,hash,f4.bin,hash,0.591666,1048576,,,blake3
1,12,2026-03-11T12:25:18.542088Z,elea,0.1.1,ef66ed9,add,f4.bin,backend_store,0.610542,1048576,,None,blake3
1,12,2026-03-11T12:25:18.542096Z,elea,0.1.1,ef66ed9,add,f2.bin,backend_store,0.683916,1048576,,None,blake3
1,12,2026-03-11T12:25:18.542112Z,elea,0.1.1,ef66ed9,add,f3.bin,backend_store,0.6572079999999999,1048576,,None,blake3
1,12,2026-03-11T12:25:18.542141Z,elea,0.1.1,ef66ed9,add,f5.bin,backend_store,0.705125,1048576,,None,blake3
1,12,2026-03-11T12:25:18.542156Z,elea,0.1.1,ef66ed9,add,f1.bin,backend_store,0.6996669999999999,1048576,,None,blake3
1,12,2026-03-11T12:25:18.542316Z,elea,0.1.1,ef66ed9,add,f4.bin,add_file_total,2.896625,1048576,,None,blake3
1,12,2026-03-11T12:25:18.542377Z,elea,0.1.1,ef66ed9,add,f3.bin,add_file_total,2.978083,1048576,,None,blake3
1,12,2026-03-11T12:25:18.542425Z,elea,0.1.1,ef66ed9,add,f2.bin,add_file_total,3.010333,1048576,,None,blake3
1,12,2026-03-11T12:25:18.542469Z,elea,0.1.1,ef66ed9,add,f5.bin,add_file_total,3.052917,1048576,,None,blake3
1,12,2026-03-11T12:25:18.542508Z,elea,0.1.1,ef66ed9,add,f1.bin,add_file_total,3.096792,1048576,,None,blake3
1,12,2026-03-11T12:25:18.542574Z,elea,0.1.1,ef66ed9,add,,add_total,3.210417,,5,None,blake3
1,13,2026-03-11T12:25:18.576565Z,elea,0.1.1,ef66ed9,hash,f3.bin,hash,0.668208,1048576,,,blake3
1,13,2026-03-11T12:25:18.576507Z,elea,0.1.1,ef66ed9,hash,f4.bin,hash,0.60025,1048576,,,blake3
1,13,2026-03-11T12:25:18.576516Z,elea,0.1.1,ef66ed9,hash,f5.bin,hash,0.5952919999999999,1048576,,,blake3
1,13,2026-03-11T12:25:18.576489Z,elea,0.1.1,ef66ed9,hash,f1.bin,hash,0.600542,1048576,,,blake3
1,13,2026-03-11T12:25:18.576482Z,elea,0.1.1,ef66ed9,hash,f2.bin,hash,0.602125,1048576,,,blake3
1,13,2026-03-11T12:25:18.57844Z,elea,0.1.1,ef66ed9,add,f3.bin,backend_store,0.646792,1048576,,None,blake3
1,13,2026-03-11T12:25:18.578446Z,elea,0.1.1,ef66ed9,add,f4.bin,backend_store,0.6385,1048576,,None,blake3
1,13,2026-03-11T12:25:18.578457Z,elea,0.1.1,ef66ed9,add,f5.bin,backend_store,0.641209,1048576,,None,blake3
1,13,2026-03-11T12:25:18.57848Z,elea,0.1.1,ef66ed9,add,f1.bin,backend_store,0.615083,1048576,,None,blake3
1,13,2026-03-11T12:25:18.57849Z,elea,0.1.1,ef66ed9,add,f2.bin,backend_store,0.645042,1048576,,None,blake3
1,13,2026-03-11T12:25:18.578611Z,elea,0.1.1,ef66ed9,add,f3.bin,add_file_total,2.746041,1048576,,None,blake3
1,13,2026-03-11T12:25:18.578646Z,elea,0.1.1,ef66ed9,add,f2.bin,add_file_total,2.800417,1048576,,None,blake3
1,13,2026-03-11T12:25:18.578686Z,elea,0.1.1,ef66ed9,add,f5.bin,add_file_total,2.818,1048576,,None,blake3
1,13,2026-03-11T12:25:18.578724Z,elea,0.1.1,ef66ed9,add,f1.bin,add_file_total,2.859416,1048576,,None,blake3
1,13,2026-03-11T12:25:18.578762Z,elea,0.1.1,ef66ed9,add,f4.bin,add_file_total,2.8948329999999998,1048576,,None,blake3
1,13,2026-03-11T12:25:18.578815Z,elea,0.1.1,ef66ed9,add,,add_total,2.995166,,5,None,blake3
1,14,2026-03-11T12:25:18.612225Z,elea,0.1.1,ef66ed9,hash,f4.bin,hash,0.597042,1048576,,,blake3
1,14,2026-03-11T12:25:18.612246Z,elea,0.1.1,ef66ed9,hash,f1.bin,hash,0.600708,1048576,,,blake3
1,14,2026-03-11T12:25:18.612262Z,elea,0.1.1,ef66ed9,hash,f3.bin,hash,0.607709,1048576,,,blake3
1,14,2026-03-11T12:25:18.612236Z,elea,0.1.1,ef66ed9,hash,f2.bin,hash,0.599125,1048576,,,blake3
1,14,2026-03-11T12:25:18.612217Z,elea,0.1.1,ef66ed9,hash,f5.bin,hash,0.597459,1048576,,,blake3
1,14,2026-03-11T12:25:18.614388Z,elea,0.1.1,ef66ed9,add,f1.bin,backend_store,0.671666,1048576,,None,blake3
1,14,2026-03-11T12:25:18.614395Z,elea,0.1.1,ef66ed9,add,f3.bin,backend_store,0.668583,1048576,,None,blake3
1,14,2026-03-11T12:25:18.6144Z,elea,0.1.1,ef66ed9,add,f2.bin,backend_store,0.634042,1048576,,None,blake3
1,14,2026-03-11T12:25:18.614408Z,elea,0.1.1,ef66ed9,add,f4.bin,backend_store,0.687541,1048576,,None,blake3
1,14,2026-03-11T12:25:18.614417Z,elea,0.1.1,ef66ed9,add,f5.bin,backend_store,0.624375,1048576,,None,blake3
1,14,2026-03-11T12:25:18.614553Z,elea,0.1.1,ef66ed9,add,f1.bin,add_file_total,2.9505,1048576,,None,blake3
1,14,2026-03-11T12:25:18.614592Z,elea,0.1.1,ef66ed9,add,f2.bin,add_file_total,2.9906249999999996,1048576,,None,blake3
1,14,2026-03-11T12:25:18.614632Z,elea,0.1.1,ef66ed9,add,f3.bin,add_file_total,3.027708,1048576,,None,blake3
1,14,2026-03-11T12:25:18.614667Z,elea,0.1.1,ef66ed9,add,f4.bin,add_file_total,3.0677920000000003,1048576,,None,blake3
1,14,2026-03-11T12:25:18.614705Z,elea,0.1.1,ef66ed9,add,f5.bin,add_file_total,3.1259170000000003,1048576,,None,blake3
1,14,2026-03-11T12:25:18.614746Z,elea,0.1.1,ef66ed9,add,,add_total,3.19,,5,None,blake3
1,15,2026-03-11T12:25:18.647962Z,elea,0.1.1,ef66ed9,hash,f4.bin,hash,0.592,1048576,,,blake3
1,15,2026-03-11T12:25:18.647943Z,elea,0.1.1,ef66ed9,hash,f3.bin,hash,0.59375,1048576,,,blake3
1,15,2026-03-11T12:25:18.64797Z,elea,0.1.1,ef66ed9,hash,f5.bin,hash,0.5927089999999999,1048576,,,blake3
1,15,2026-03-11T12:25:18.647934Z,elea,0.1.1,ef66ed9,hash,f2.bin,hash,0.597333,1048576,,,blake3
1,15,2026-03-11T12:25:18.647952Z,elea,0.1.1,ef66ed9,hash,f1.bin,hash,0.616709,1048576,,,blake3
1,15,2026-03-11T12:25:18.649959Z,elea,0.1.1,ef66ed9,add,f4.bin,backend_store,0.513625,1048576,,None,blake3
1,15,2026-03-11T12:25:18.649965Z,elea,0.1.1,ef66ed9,add,f3.bin,backend_store,0.49879099999999993,1048576,,None,blake3
1,15,2026-03-11T12:25:18.650001Z,elea,0.1.1,ef66ed9,add,f5.bin,backend_store,0.520584,1048576,,None,blake3
1,15,2026-03-11T12:25:18.650023Z,elea,0.1.1,ef66ed9,add,f2.bin,backend_store,0.516541,1048576,,None,blake3
1,15,2026-03-11T12:25:18.650034Z,elea,0.1.1,ef66ed9,add,f1.bin,backend_store,0.503417,1048576,,None,blake3
1,15,2026-03-11T12:25:18.650145Z,elea,0.1.1,ef66ed9,add,f4.bin,add_file_total,2.8363329999999998,1048576,,None,blake3
1,15,2026-03-11T12:25:18.65019Z,elea,0.1.1,ef66ed9,add,f2.bin,add_file_total,2.88325,1048576,,None,blake3
1,15,2026-03-11T12:25:18.650228Z,elea,0.1.1,ef66ed9,add,f5.bin,add_file_total,2.913084,1048576,,None,blake3
1,15,2026-03-11T12:25:18.650266Z,elea,0.1.1,ef66ed9,add,f3.bin,add_file_total,2.958333,1048576,,None,blake3
1,15,2026-03-11T12:25:18.650316Z,elea,0.1.1,ef66ed9,add,f1.bin,add_file_total,3.021458,1048576,,None,blake3
1,15,2026-03-11T12:25:18.650359Z,elea,0.1.1,ef66ed9,add,,add_total,3.100416,,5,None,blake3
1,16,2026-03-11T12:25:18.683938Z,elea,0.1.1,ef66ed9,hash,f4.bin,hash,0.5957910000000001,1048576,,,blake3
1,16,2026-03-11T12:25:18.683929Z,elea,0.1.1,ef66ed9,hash,f1.bin,hash,0.605,1048576,,,blake3
1,16,2026-03-11T12:25:18.683913Z,elea,0.1.1,ef66ed9,hash,f5.bin,hash,0.59475,1048576,,,blake3
1,16,2026-03-11T12:25:18.68392Z,elea,0.1.1,ef66ed9,hash,f3.bin,hash,0.594709,1048576,,,blake3
1,16,2026-03-11T12:25:18.683946Z,elea,0.1.1,ef66ed9,hash,f2.bin,hash,0.5927089999999999,1048576,,,blake3
1,16,2026-03-11T12:25:18.685692Z,elea,0.1.1,ef66ed9,add,f4.bin,backend_store,0.45158299999999996,1048576,,None,blake3
1,16,2026-03-11T12:25:18.685833Z,elea,0.1.1,ef66ed9,add,f1.bin,backend_store,0.567667,1048576,,None,blake3
1,16,2026-03-11T12:25:18.685884Z,elea,0.1.1,ef66ed9,add,f5.bin,backend_store,0.5960829999999999,1048576,,None,blake3
1,16,2026-03-11T12:25:18.685899Z,elea,0.1.1,ef66ed9,add,f4.bin,add_file_total,2.6247499999999997,1048576,,None,blake3
1,16,2026-03-11T12:25:18.685911Z,elea,0.1.1,ef66ed9,add,f2.bin,backend_store,0.573166,1048576,,None,blake3
1,16,2026-03-11T12:25:18.685924Z,elea,0.1.1,ef66ed9,add,f3.bin,backend_store,0.593292,1048576,,None,blake3
1,16,2026-03-11T12:25:18.685999Z,elea,0.1.1,ef66ed9,add,f1.bin,add_file_total,2.7355,1048576,,None,blake3
1,16,2026-03-11T12:25:18.686056Z,elea,0.1.1,ef66ed9,add,f5.bin,add_file_total,2.785458,1048576,,None,blake3
1,16,2026-03-11T12:25:18.686126Z,elea,0.1.1,ef66ed9,add,f2.bin,add_file_total,2.851459,1048576,,None,blake3
1,16,2026-03-11T12:25:18.686171Z,elea,0.1.1,ef66ed9,add,f3.bin,add_file_total,2.899792,1048576,,None,blake3
1,16,2026-03-11T12:25:18.686232Z,elea,0.1.1,ef66ed9,add,,add_total,3.0165420000000003,,5,None,blake3
1,17,2026-03-11T12:25:18.71979Z,elea,0.1.1,ef66ed9,hash,f2.bin,hash,0.599708,1048576,,,blake3
1,17,2026-03-11T12:25:18.719779Z,elea,0.1.1,ef66ed9,hash,f1.bin,hash,0.566042,1048576,,,blake3
1,17,2026-03-11T12:25:18.719799Z,elea,0.1.1,ef66ed9,hash,f5.bin,hash,0.593083,1048576,,,blake3
1,17,2026-03-11T12:25:18.719765Z,elea,0.1.1,ef66ed9,hash,f3.bin,hash,0.6005,1048576,,,blake3
1,17,2026-03-11T12:25:18.719743Z,elea,0.1.1,ef66ed9,hash,f4.bin,hash,0.571916,1048576,,,blake3
1,17,2026-03-11T12:25:18.722026Z,elea,0.1.1,ef66ed9,add,f2.bin,backend_store,0.687416,1048576,,None,blake3
1,17,2026-03-11T12:25:18.722048Z,elea,0.1.1,ef66ed9,add,f5.bin,backend_store,0.6605,1048576,,None,blake3
1,17,2026-03-11T12:25:18.722057Z,elea,0.1.1,ef66ed9,add,f3.bin,backend_store,0.641541,1048576,,None,blake3
1,17,2026-03-11T12:25:18.722064Z,elea,0.1.1,ef66ed9,add,f4.bin,backend_store,0.6352909999999999,1048576,,None,blake3
1,17,2026-03-11T12:25:18.722097Z,elea,0.1.1,ef66ed9,add,f1.bin,backend_store,0.721458,1048576,,None,blake3
1,17,2026-03-11T12:25:18.722239Z,elea,0.1.1,ef66ed9,add,f3.bin,add_file_total,3.120209,1048576,,None,blake3
1,17,2026-03-11T12:25:18.722274Z,elea,0.1.1,ef66ed9,add,f4.bin,add_file_total,3.114709,1048576,,None,blake3
1,17,2026-03-11T12:25:18.722309Z,elea,0.1.1,ef66ed9,add,f5.bin,add_file_total,3.158666,1048576,,None,blake3
1,17,2026-03-11T12:25:18.722337Z,elea,0.1.1,ef66ed9,add,f1.bin,add_file_total,3.215583,1048576,,None,blake3
1,17,2026-03-11T12:25:18.722364Z,elea,0.1.1,ef66ed9,add,f2.bin,add_file_total,3.235542,1048576,,None,blake3
1,17,2026-03-11T12:25:18.722415Z,elea,0.1.1,ef66ed9,add,,add_total,3.344125,,5,None,blake3
1,18,2026-03-11T12:25:18.756188Z,elea,0.1.1,ef66ed9,hash,f2.bin,hash,0.610542,1048576,,,blake3
1,18,2026-03-11T12:25:18.756194Z,elea,0.1.1,ef66ed9,hash,f1.bin,hash,0.608375,1048576,,,blake3
1,18,2026-03-11T12:25:18.756165Z,elea,0.1.1,ef66ed9,hash,f4.bin,hash,0.605375,1048576,,,blake3
1,18,2026-03-11T12:25:18.756173Z,elea,0.1.1,ef66ed9,hash,f3.bin,hash,0.604625,1048576,,,blake3
1,18,2026-03-11T12:25:18.756146Z,elea,0.1.1,ef66ed9,hash,f5.bin,hash,0.594958,1048576,,,blake3
1,18,2026-03-11T12:25:18.75819Z,elea,0.1.1,ef66ed9,add,f2.bin,backend_store,0.679667,1048576,,None,blake3
1,18,2026-03-11T12:25:18.758225Z,elea,0.1.1,ef66ed9,add,f1.bin,backend_store,0.701125,1048576,,None,blake3
1,18,2026-03-11T12:25:18.758242Z,elea,0.1.1,ef66ed9,add,f4.bin,backend_store,0.673875,1048576,,None,blake3
1,18,2026-03-11T12:25:18.758277Z,elea,0.1.1,ef66ed9,add,f3.bin,backend_store,0.692542,1048576,,None,blake3
1,18,2026-03-11T12:25:18.758298Z,elea,0.1.1,ef66ed9,add,f5.bin,backend_store,0.697833,1048576,,None,blake3
1,18,2026-03-11T12:25:18.758357Z,elea,0.1.1,ef66ed9,add,f2.bin,add_file_total,2.815458,1048576,,None,blake3
1,18,2026-03-11T12:25:18.758402Z,elea,0.1.1,ef66ed9,add,f1.bin,add_file_total,2.869958,1048576,,None,blake3
1,18,2026-03-11T12:25:18.758438Z,elea,0.1.1,ef66ed9,add,f4.bin,add_file_total,2.8890830000000003,1048576,,None,blake3
1,18,2026-03-11T12:25:18.758471Z,elea,0.1.1,ef66ed9,add,f3.bin,add_file_total,2.934583,1048576,,None,blake3
1,18,2026-03-11T12:25:18.758503Z,elea,0.1.1,ef66ed9,add,f5.bin,add_file_total,2.991417,1048576,,None,blake3
1,18,2026-03-11T12:25:18.758546Z,elea,0.1.1,ef66ed9,add,,add_total,3.066834,,5,None,blake3
1,19,2026-03-11T12:25:18.792126Z,elea,0.1.1,ef66ed9,hash,f2.bin,hash,0.598083,1048576,,,blake3
1,19,2026-03-11T12:25:18.792137Z,elea,0.1.1,ef66ed9,hash,f1.bin,hash,0.599375,1048576,,,blake3
1,19,2026-03-11T12:25:18.792146Z,elea,0.1.1,ef66ed9,hash,f4.bin,hash,0.5942080000000001,1048576,,,blake3
1,19,2026-03-11T12:25:18.792155Z,elea,0.1.1,ef66ed9,hash,f3.bin,hash,0.594083,1048576,,,blake3
1,19,2026-03-11T12:25:18.792163Z,elea,0.1.1,ef66ed9,hash,f5.bin,hash,0.593959,1048576,,,blake3
1,19,2026-03-11T12:25:18.794062Z,elea,0.1.1,ef66ed9,add,f2.bin,backend_store,0.5780839999999999,1048576,,None,blake3
1,19,2026-03-11T12:25:18.794098Z,elea,0.1.1,ef66ed9,add,f1.bin,backend_store,0.6010409999999999,1048576,,None,blake3
1,19,2026-03-11T12:25:18.794103Z,elea,0.1.1,ef66ed9,add,f4.bin,backend_store,0.582709,1048576,,None,blake3
1,19,2026-03-11T12:25:18.794137Z,elea,0.1.1,ef66ed9,add,f3.bin,backend_store,0.592375,1048576,,None,blake3
1,19,2026-03-11T12:25:18.794157Z,elea,0.1.1,ef66ed9,add,f5.bin,backend_store,0.591333,1048576,,None,blake3
1,19,2026-03-11T12:25:18.794197Z,elea,0.1.1,ef66ed9,add,f2.bin,add_file_total,2.706125,1048576,,None,blake3
1,19,2026-03-11T12:25:18.794253Z,elea,0.1.1,ef66ed9,add,f1.bin,add_file_total,2.742459,1048576,,None,blake3
1,19,2026-03-11T12:25:18.794318Z,elea,0.1.1,ef66ed9,add,f5.bin,add_file_total,2.80725,1048576,,None,blake3
1,19,2026-03-11T12:25:18.794367Z,elea,0.1.1,ef66ed9,add,f3.bin,add_file_total,2.860208,1048576,,None,blake3
1,19,2026-03-11T12:25:18.794401Z,elea,0.1.1,ef66ed9,add,f4.bin,add_file_total,2.894959,1048576,,None,blake3
1,19,2026-03-11T12:25:18.794454Z,elea,0.1.1,ef66ed9,add,,add_total,2.998208,,5,None,blake3
1,20,2026-03-11T12:25:18.828408Z,elea,0.1.1,ef66ed9,hash,f2.bin,hash,0.596042,1048576,,,blake3
1,20,2026-03-11T12:25:18.828416Z,elea,0.1.1,ef66ed9,hash,f3.bin,hash,0.593958,1048576,,,blake3
1,20,2026-03-11T12:25:18.828399Z,elea,0.1.1,ef66ed9,hash,f1.bin,hash,0.6024999999999999,1048576,,,blake3
1,20,2026-03-11T12:25:18.828433Z,elea,0.1.1,ef66ed9,hash,f5.bin,hash,0.58975,1048576,,,blake3
1,20,2026-03-11T12:25:18.828425Z,elea,0.1.1,ef66ed9,hash,f4.bin,hash,0.594666,1048576,,,blake3
1,20,2026-03-11T12:25:18.830312Z,elea,0.1.1,ef66ed9,add,f3.bin,backend_store,0.498541,1048576,,None,blake3
1,20,2026-03-11T12:25:18.830331Z,elea,0.1.1,ef66ed9,add,f2.bin,backend_store,0.537959,1048576,,None,blake3
1,20,2026-03-11T12:25:18.830346Z,elea,0.1.1,ef66ed9,add,f5.bin,backend_store,0.491167,1048576,,None,blake3
1,20,2026-03-11T12:25:18.830363Z,elea,0.1.1,ef66ed9,add,f1.bin,backend_store,0.5285,1048576,,None,blake3
1,20,2026-03-11T12:25:18.830429Z,elea,0.1.1,ef66ed9,add,f4.bin,backend_store,0.557792,1048576,,None,blake3
1,20,2026-03-11T12:25:18.830472Z,elea,0.1.1,ef66ed9,add,f3.bin,add_file_total,2.68625,1048576,,None,blake3
1,20,2026-03-11T12:25:18.83052Z,elea,0.1.1,ef66ed9,add,f2.bin,add_file_total,2.737083,1048576,,None,blake3
1,20,2026-03-11T12:25:18.830552Z,elea,0.1.1,ef66ed9,add,f5.bin,add_file_total,2.7656669999999997,1048576,,None,blake3
1,20,2026-03-11T12:25:18.830582Z,elea,0.1.1,ef66ed9,add,f1.bin,add_file_total,2.823583,1048576,,None,blake3
1,20,2026-03-11T12:25:18.830613Z,elea,0.1.1,ef66ed9,add,f4.bin,add_file_total,2.83075,1048576,,None,blake3
1,20,2026-03-11T12:25:18.830659Z,elea,0.1.1,ef66ed9,add,,add_total,2.940875,,5,None,blake3
1,21,2026-03-11T12:25:18.864449Z,elea,0.1.1,ef66ed9,hash,f2.bin,hash,0.59975,1048576,,,blake3
1,21,2026-03-11T12:25:18.864402Z,elea,0.1.1,ef66ed9,hash,f5.bin,hash,0.593625,1048576,,,blake3
1,21,2026-03-11T12:25:18.86443Z,elea,0.1.1,ef66ed9,hash,f4.bin,hash,0.593584,1048576,,,blake3
1,21,2026-03-11T12:25:18.864442Z,elea,0.1.1,ef66ed9,hash,f1.bin,hash,0.602875,1048576,,,blake3
1,21,2026-03-11T12:25:18.864421Z,elea,0.1.1,ef66ed9,hash,f3.bin,hash,0.602209,1048576,,,blake3
1,21,2026-03-11T12:25:18.866233Z,elea,0.1.1,ef66ed9,add,f2.bin,backend_store,0.59975,1048576,,None,blake3
1,21,2026-03-11T12:25:18.866277Z,elea,0.1.1,ef66ed9,add,f5.bin,backend_store,0.6247079999999999,1048576,,None,blake3
1,21,2026-03-11T12:25:18.866292Z,elea,0.1.1,ef66ed9,add,f4.bin,backend_store,0.6216659999999999,1048576,,None,blake3
1,21,2026-03-11T12:25:18.866304Z,elea,0.1.1,ef66ed9,add,f1.bin,backend_store,0.601,1048576,,None,blake3
1,21,2026-03-11T12:25:18.866314Z,elea,0.1.1,ef66ed9,add,f3.bin,backend_store,0.6027089999999999,1048576,,None,blake3
1,21,2026-03-11T12:25:18.866388Z,elea,0.1.1,ef66ed9,add,f2.bin,add_file_total,2.600625,1048576,,None,blake3
1,21,2026-03-11T12:25:18.86643Z,elea,0.1.1,ef66ed9,add,f5.bin,add_file_total,2.6557500000000003,1048576,,None,blake3
1,21,2026-03-11T12:25:18.866475Z,elea,0.1.1,ef66ed9,add,f1.bin,add_file_total,2.6944999999999997,1048576,,None,blake3
1,21,2026-03-11T12:25:18.866512Z,elea,0.1.1,ef66ed9,add,f3.bin,add_file_total,2.73175,1048576,,None,blake3
1,21,2026-03-11T12:25:18.866541Z,elea,0.1.1,ef66ed9,add,f4.bin,add_file_total,2.754917,1048576,,None,blake3
1,21,2026-03-11T12:25:18.866612Z,elea,0.1.1,ef66ed9,add,,add_total,2.889375,,5,None,blake3
1,22,2026-03-11T12:25:18.901039Z,elea,0.1.1,ef66ed9,hash,f3.bin,hash,0.611584,1048576,,,blake3
1,22,2026-03-11T12:25:18.901055Z,elea,0.1.1,ef66ed9,hash,f4.bin,hash,0.602208,1048576,,,blake3
1,22,2026-03-11T12:25:18.901047Z,elea,0.1.1,ef66ed9,hash,f1.bin,hash,0.601791,1048576,,,blake3
1,22,2026-03-11T12:25:18.901028Z,elea,0.1.1,ef66ed9,hash,f5.bin,hash,0.593584,1048576,,,blake3
1,22,2026-03-11T12:25:18.901019Z,elea,0.1.1,ef66ed9,hash,f2.bin,hash,0.607834,1048576,,,blake3
1,22,2026-03-11T12:25:18.902804Z,elea,0.1.1,ef66ed9,add,f3.bin,backend_store,0.476875,1048576,,None,blake3
1,22,2026-03-11T12:25:18.902811Z,elea,0.1.1,ef66ed9,add,f4.bin,backend_store,0.454834,1048576,,None,blake3
1,22,2026-03-11T12:25:18.902884Z,elea,0.1.1,ef66ed9,add,f1.bin,backend_store,0.511417,1048576,,None,blake3
1,22,2026-03-11T12:25:18.903037Z,elea,0.1.1,ef66ed9,add,f3.bin,add_file_total,2.6386249999999998,1048576,,None,blake3
1,22,2026-03-11T12:25:18.903043Z,elea,0.1.1,ef66ed9,add,f5.bin,backend_store,0.646417,1048576,,None,blake3
1,22,2026-03-11T12:25:18.903084Z,elea,0.1.1,ef66ed9,add,f2.bin,backend_store,0.663334,1048576,,None,blake3
1,22,2026-03-11T12:25:18.903089Z,elea,0.1.1,ef66ed9,add,f1.bin,add_file_total,2.6866250000000003,1048576,,None,blake3
1,22,2026-03-11T12:25:18.903147Z,elea,0.1.1,ef66ed9,add,f4.bin,add_file_total,2.746083,1048576,,None,blake3
1,22,2026-03-11T12:25:18.903193Z,elea,0.1.1,ef66ed9,add,f5.bin,add_file_total,2.794917,1048576,,None,blake3
1,22,2026-03-11T12:25:18.903235Z,elea,0.1.1,ef66ed9,add,f2.bin,add_file_total,2.857625,1048576,,None,blake3
1,22,2026-03-11T12:25:18.903281Z,elea,0.1.1,ef66ed9,add,,add_total,2.936208,,5,None,blake3
1,23,2026-03-11T12:25:18.94474Z,elea,0.1.1,ef66ed9,hash,f3.bin,hash,0.645584,1048576,,,blake3
1,23,2026-03-11T12:25:18.944719Z,elea,0.1.1,ef66ed9,hash,f1.bin,hash,0.6142920000000001,1048576,,,blake3
1,23,2026-03-11T12:25:18.944692Z,elea,0.1.1,ef66ed9,hash,f2.bin,hash,0.6147499999999999,1048576,,,blake3
1,23,2026-03-11T12:25:18.94471Z,elea,0.1.1,ef66ed9,hash,f5.bin,hash,0.596125,1048576,,,blake3
1,23,2026-03-11T12:25:18.944685Z,elea,0.1.1,ef66ed9,hash,f4.bin,hash,0.5995,1048576,,,blake3
1,23,2026-03-11T12:25:18.946688Z,elea,0.1.1,ef66ed9,add,f3.bin,backend_store,0.560417,1048576,,None,blake3
1,23,2026-03-11T12:25:18.946723Z,elea,0.1.1,ef66ed9,add,f1.bin,backend_store,0.576709,1048576,,None,blake3
1,23,2026-03-11T12:25:18.946728Z,elea,0.1.1,ef66ed9,add,f4.bin,backend_store,0.503667,1048576,,None,blake3
1,23,2026-03-11T12:25:18.946773Z,elea,0.1.1,ef66ed9,add,f2.bin,backend_store,0.61425,1048576,,None,blake3
1,23,2026-03-11T12:25:18.946781Z,elea,0.1.1,ef66ed9,add,f5.bin,backend_store,0.588875,1048576,,None,blake3
1,23,2026-03-11T12:25:18.946839Z,elea,0.1.1,ef66ed9,add,f3.bin,add_file_total,2.7974580000000002,1048576,,None,blake3
1,23,2026-03-11T12:25:18.946941Z,elea,0.1.1,ef66ed9,add,f1.bin,add_file_total,2.8939999999999997,1048576,,None,blake3
1,23,2026-03-11T12:25:18.946986Z,elea,0.1.1,ef66ed9,add,f5.bin,add_file_total,2.935958,1048576,,None,blake3
1,23,2026-03-11T12:25:18.947024Z,elea,0.1.1,ef66ed9,add,f4.bin,add_file_total,2.985667,1048576,,None,blake3
1,23,2026-03-11T12:25:18.947059Z,elea,0.1.1,ef66ed9,add,f2.bin,add_file_total,3.023625,1048576,,None,blake3
1,23,2026-03-11T12:25:18.947103Z,elea,0.1.1,ef66ed9,add,,add_total,3.114375,,5,None,blake3
1,24,2026-03-11T12:25:18.984516Z,elea,0.1.1,ef66ed9,hash,f4.bin,hash,0.653375,1048576,,,blake3
1,24,2026-03-11T12:25:18.984493Z,elea,0.1.1,ef66ed9,hash,f5.bin,hash,0.6391669999999999,1048576,,,blake3
1,24,2026-03-11T12:25:18.984525Z,elea,0.1.1,ef66ed9,hash,f3.bin,hash,0.641375,1048576,,,blake3
1,24,2026-03-11T12:25:18.984504Z,elea,0.1.1,ef66ed9,hash,f2.bin,hash,0.630125,1048576,,,blake3
1,24,2026-03-11T12:25:18.98448Z,elea,0.1.1,ef66ed9,hash,f1.bin,hash,0.641042,1048576,,,blake3
1,24,2026-03-11T12:25:18.986689Z,elea,0.1.1,ef66ed9,add,f4.bin,backend_store,0.5311670000000001,1048576,,None,blake3
1,24,2026-03-11T12:25:18.986791Z,elea,0.1.1,ef66ed9,add,f5.bin,backend_store,0.6317090000000001,1048576,,None,blake3
1,24,2026-03-11T12:25:18.986908Z,elea,0.1.1,ef66ed9,add,f1.bin,backend_store,0.627458,1048576,,None,blake3
1,24,2026-03-11T12:25:18.986915Z,elea,0.1.1,ef66ed9,add,f2.bin,backend_store,0.6939580000000001,1048576,,None,blake3
1,24,2026-03-11T12:25:18.986944Z,elea,0.1.1,ef66ed9,add,f4.bin,add_file_total,3.1308339999999997,1048576,,None,blake3
1,24,2026-03-11T12:25:18.986966Z,elea,0.1.1,ef66ed9,add,f3.bin,backend_store,0.774416,1048576,,None,blake3
1,24,2026-03-11T12:25:18.987019Z,elea,0.1.1,ef66ed9,add,f5.bin,add_file_total,3.209834,1048576,,None,blake3
1,24,2026-03-11T12:25:18.987072Z,elea,0.1.1,ef66ed9,add,f2.bin,add_file_total,3.262375,1048576,,None,blake3
1,24,2026-03-11T12:25:18.987102Z,elea,0.1.1,ef66ed9,add,f3.bin,add_file_total,3.298458,1048576,,None,blake3
1,24,2026-03-11T12:25:18.987135Z,elea,0.1.1,ef66ed9,add,f1.bin,add_file_total,3.341875,1048576,,None,blake3
1,24,2026-03-11T12:25:18.98719Z,elea,0.1.1,ef66ed9,add,,add_total,3.437958,,5,None,blake3
1,25,2026-03-11T12:25:19.023824Z,elea,0.1.1,ef66ed9,hash,f4.bin,hash,0.6115419999999999,1048576,,,blake3
1,25,2026-03-11T12:25:19.023841Z,elea,0.1.1,ef66ed9,hash,f1.bin,hash,0.610875,1048576,,,blake3
1,25,2026-03-11T12:25:19.02381Z,elea,0.1.1,ef66ed9,hash,f5.bin,hash,0.6005,1048576,,,blake3
1,25,2026-03-11T12:25:19.023817Z,elea,0.1.1,ef66ed9,hash,f3.bin,hash,0.599583,1048576,,,blake3
1,25,2026-03-11T12:25:19.023851Z,elea,0.1.1,ef66ed9,hash,f2.bin,hash,0.6022500000000001,1048576,,,blake3
1,25,2026-03-11T12:25:19.025876Z,elea,0.1.1,ef66ed9,add,f4.bin,backend_store,0.6653749999999999,1048576,,None,blake3
1,25,2026-03-11T12:25:19.025884Z,elea,0.1.1,ef66ed9,add,f3.bin,backend_store,0.605792,1048576,,None,blake3
1,25,2026-03-11T12:25:19.025901Z,elea,0.1.1,ef66ed9,add,f2.bin,backend_store,0.601,1048576,,None,blake3
1,25,2026-03-11T12:25:19.025914Z,elea,0.1.1,ef66ed9,add,f1.bin,backend_store,0.68925,1048576,,None,blake3
1,25,2026-03-11T12:25:19.025935Z,elea,0.1.1,ef66ed9,add,f5.bin,backend_store,0.683917,1048576,,None,blake3
1,25,2026-03-11T12:25:19.026065Z,elea,0.1.1,ef66ed9,add,f3.bin,add_file_total,2.868875,1048576,,None,blake3
1,25,2026-03-11T12:25:19.026091Z,elea,0.1.1,ef66ed9,add,f2.bin,add_file_total,2.902666,1048576,,None,blake3
1,25,2026-03-11T12:25:19.026125Z,elea,0.1.1,ef66ed9,add,f1.bin,add_file_total,2.939708,1048576,,None,blake3
1,25,2026-03-11T12:25:19.026165Z,elea,0.1.1,ef66ed9,add,f4.bin,add_file_total,3.005875,1048576,,None,blake3
1,25,2026-03-11T12:25:19.026199Z,elea,0.1.1,ef66ed9,add,f5.bin,add_file_total,3.0180409999999998,1048576,,None,blake3
1,25,2026-03-11T12:25:19.026256Z,elea,0.1.1,ef66ed9,add,,add_total,3.128708,,5,None,blake3
2,1,2026-03-11T12:25:19.075158Z,elea,0.1.1,ef66ed9,hash,f5.bin,hash,1.1834580000000001,2097152,,,blake3
2,1,2026-03-11T12:25:19.075167Z,elea,0.1.1,ef66ed9,hash,f1.bin,hash,1.242584,2097152,,,blake3
2,1,2026-03-11T12:25:19.075174Z,elea,0.1.1,ef66ed9,hash,f2.bin,hash,1.2122089999999999,2097152,,,blake3
2,1,2026-03-11T12:25:19.075146Z,elea,0.1.1,ef66ed9,hash,f3.bin,hash,1.203542,2097152,,,blake3
2,1,2026-03-11T12:25:19.075133Z,elea,0.1.1,ef66ed9,hash,f4.bin,hash,1.213541,2097152,,,blake3
2,1,2026-03-11T12:25:19.077472Z,elea,0.1.1,ef66ed9,add,f5.bin,backend_store,0.6588339999999999,2097152,,None,blake3
2,1,2026-03-11T12:25:19.077576Z,elea,0.1.1,ef66ed9,add,f1.bin,backend_store,0.7479169999999999,2097152,,None,blake3
2,1,2026-03-11T12:25:19.077614Z,elea,0.1.1,ef66ed9,add,f2.bin,backend_store,0.756458,2097152,,None,blake3
2,1,2026-03-11T12:25:19.077711Z,elea,0.1.1,ef66ed9,add,f5.bin,add_file_total,3.791709,2097152,,None,blake3
2,1,2026-03-11T12:25:19.077769Z,elea,0.1.1,ef66ed9,add,f1.bin,add_file_total,3.899041,2097152,,None,blake3
2,1,2026-03-11T12:25:19.077785Z,elea,0.1.1,ef66ed9,add,f4.bin,backend_store,0.766333,2097152,,None,blake3
2,1,2026-03-11T12:25:19.077817Z,elea,0.1.1,ef66ed9,add,f2.bin,add_file_total,3.921542,2097152,,None,blake3
2,1,2026-03-11T12:25:19.077828Z,elea,0.1.1,ef66ed9,add,f3.bin,backend_store,0.8524160000000001,2097152,,None,blake3
2,1,2026-03-11T12:25:19.077952Z,elea,0.1.1,ef66ed9,add,f4.bin,add_file_total,4.059792,2097152,,None,blake3
2,1,2026-03-11T12:25:19.077994Z,elea,0.1.1,ef66ed9,add,f3.bin,add_file_total,4.101291,2097152,,None,blake3
2,1,2026-03-11T12:25:19.07805Z,elea,0.1.1,ef66ed9,add,,add_total,4.221333,,5,None,blake3
2,2,2026-03-11T12:25:19.125687Z,elea,0.1.1,ef66ed9,hash,f2.bin,hash,1.1733749999999998,2097152,,,blake3
2,2,2026-03-11T12:25:19.12567Z,elea,0.1.1,ef66ed9,hash,f4.bin,hash,1.172666,2097152,,,blake3
2,2,2026-03-11T12:25:19.125738Z,elea,0.1.1,ef66ed9,hash,f3.bin,hash,1.230583,2097152,,,blake3
2,2,2026-03-11T12:25:19.12566Z,elea,0.1.1,ef66ed9,hash,f1.bin,hash,1.181,2097152,,,blake3
2,2,2026-03-11T12:25:19.125652Z,elea,0.1.1,ef66ed9,hash,f5.bin,hash,1.1626670000000001,2097152,,,blake3
2,2,2026-03-11T12:25:19.127833Z,elea,0.1.1,ef66ed9,add,f2.bin,backend_store,0.480167,2097152,,None,blake3
2,2,2026-03-11T12:25:19.127846Z,elea,0.1.1,ef66ed9,add,f5.bin,backend_store,0.45845800000000003,2097152,,None,blake3
2,2,2026-03-11T12:25:19.127864Z,elea,0.1.1,ef66ed9,add,f1.bin,backend_store,0.446375,2097152,,None,blake3
2,2,2026-03-11T12:25:19.127879Z,elea,0.1.1,ef66ed9,add,f4.bin,backend_store,0.514791,2097152,,None,blake3
2,2,2026-03-11T12:25:19.127999Z,elea,0.1.1,ef66ed9,add,f3.bin,backend_store,0.559209,2097152,,None,blake3
2,2,2026-03-11T12:25:19.128061Z,elea,0.1.1,ef66ed9,add,f2.bin,add_file_total,3.5860000000000003,2097152,,None,blake3
2,2,2026-03-11T12:25:19.128119Z,elea,0.1.1,ef66ed9,add,f1.bin,add_file_total,3.672125,2097152,,None,blake3
2,2,2026-03-11T12:25:19.128149Z,elea,0.1.1,ef66ed9,add,f3.bin,add_file_total,3.678083,2097152,,None,blake3
2,2,2026-03-11T12:25:19.128187Z,elea,0.1.1,ef66ed9,add,f4.bin,add_file_total,3.716375,2097152,,None,blake3
2,2,2026-03-11T12:25:19.128226Z,elea,0.1.1,ef66ed9,add,f5.bin,add_file_total,3.7573749999999997,2097152,,None,blake3
2,2,2026-03-11T12:25:19.128281Z,elea,0.1.1,ef66ed9,add,,add_total,3.8673330000000004,,5,None,blake3
2,3,2026-03-11T12:25:19.175733Z,elea,0.1.1,ef66ed9,hash,f3.bin,hash,1.1744999999999999,2097152,,,blake3
2,3,2026-03-11T12:25:19.175703Z,elea,0.1.1,ef66ed9,hash,f2.bin,hash,1.176375,2097152,,,blake3
2,3,2026-03-11T12:25:19.175725Z,elea,0.1.1,ef66ed9,hash,f4.bin,hash,1.1720000000000002,2097152,,,blake3
2,3,2026-03-11T12:25:19.175743Z,elea,0.1.1,ef66ed9,hash,f1.bin,hash,1.179167,2097152,,,blake3
2,3,2026-03-11T12:25:19.175716Z,elea,0.1.1,ef66ed9,hash,f5.bin,hash,1.17125,2097152,,,blake3
2,3,2026-03-11T12:25:19.177982Z,elea,0.1.1,ef66ed9,add,f3.bin,backend_store,0.580792,2097152,,None,blake3
2,3,2026-03-11T12:25:19.177989Z,elea,0.1.1,ef66ed9,add,f2.bin,backend_store,0.570416,2097152,,None,blake3
2,3,2026-03-11T12:25:19.178024Z,elea,0.1.1,ef66ed9,add,f1.bin,backend_store,0.555,2097152,,None,blake3
2,3,2026-03-11T12:25:19.178061Z,elea,0.1.1,ef66ed9,add,f5.bin,backend_store,0.546875,2097152,,None,blake3
2,3,2026-03-11T12:25:19.178068Z,elea,0.1.1,ef66ed9,add,f4.bin,backend_store,0.610666,2097152,,None,blake3
2,3,2026-03-11T12:25:19.178165Z,elea,0.1.1,ef66ed9,add,f3.bin,add_file_total,3.657458,2097152,,None,blake3
2,3,2026-03-11T12:25:19.178252Z,elea,0.1.1,ef66ed9,add,f2.bin,add_file_total,3.7522919999999997,2097152,,None,blake3
2,3,2026-03-11T12:25:19.178295Z,elea,0.1.1,ef66ed9,add,f1.bin,add_file_total,3.781417,2097152,,None,blake3
2,3,2026-03-11T12:25:19.178341Z,elea,0.1.1,ef66ed9,add,f5.bin,add_file_total,3.8370409999999997,2097152,,None,blake3
2,3,2026-03-11T12:25:19.178373Z,elea,0.1.1,ef66ed9,add,f4.bin,add_file_total,3.868958,2097152,,None,blake3
2,3,2026-03-11T12:25:19.178425Z,elea,0.1.1,ef66ed9,add,,add_total,3.9708340000000004,,5,None,blake3
2,4,2026-03-11T12:25:19.225793Z,elea,0.1.1,ef66ed9,hash,f1.bin,hash,1.1824999999999999,2097152,,,blake3
2,4,2026-03-11T12:25:19.225801Z,elea,0.1.1,ef66ed9,hash,f4.bin,hash,1.170209,2097152,,,blake3
2,4,2026-03-11T12:25:19.225767Z,elea,0.1.1,ef66ed9,hash,f2.bin,hash,1.1801249999999999,2097152,,,blake3
2,4,2026-03-11T12:25:19.225747Z,elea,0.1.1,ef66ed9,hash,f5.bin,hash,1.168584,2097152,,,blake3
2,4,2026-03-11T12:25:19.225779Z,elea,0.1.1,ef66ed9,hash,f3.bin,hash,1.177708,2097152,,,blake3
2,4,2026-03-11T12:25:19.227792Z,elea,0.1.1,ef66ed9,add,f4.bin,backend_store,0.5037079999999999,2097152,,None,blake3
2,4,2026-03-11T12:25:19.227812Z,elea,0.1.1,ef66ed9,add,f2.bin,backend_store,0.499125,2097152,,None,blake3
2,4,2026-03-11T12:25:19.22783Z,elea,0.1.1,ef66ed9,add,f1.bin,backend_store,0.554625,2097152,,None,blake3
2,4,2026-03-11T12:25:19.227885Z,elea,0.1.1,ef66ed9,add,f5.bin,backend_store,0.547667,2097152,,None,blake3
2,4,2026-03-11T12:25:19.227901Z,elea,0.1.1,ef66ed9,add,f3.bin,backend_store,0.538458,2097152,,None,blake3
2,4,2026-03-11T12:25:19.227989Z,elea,0.1.1,ef66ed9,add,f4.bin,add_file_total,3.424084,2097152,,None,blake3
2,4,2026-03-11T12:25:19.228024Z,elea,0.1.1,ef66ed9,add,f1.bin,add_file_total,3.4635,2097152,,None,blake3
2,4,2026-03-11T12:25:19.228063Z,elea,0.1.1,ef66ed9,add,f2.bin,add_file_total,3.506375,2097152,,None,blake3
2,4,2026-03-11T12:25:19.228103Z,elea,0.1.1,ef66ed9,add,f5.bin,add_file_total,3.563125,2097152,,None,blake3
2,4,2026-03-11T12:25:19.228144Z,elea,0.1.1,ef66ed9,add,f3.bin,add_file_total,3.584084,2097152,,None,blake3
2,4,2026-03-11T12:25:19.228189Z,elea,0.1.1,ef66ed9,add,,add_total,3.6947080000000003,,5,None,blake3
2,5,2026-03-11T12:25:19.275554Z,elea,0.1.1,ef66ed9,hash,f3.bin,hash,1.190416,2097152,,,blake3
2,5,2026-03-11T12:25:19.275541Z,elea,0.1.1,ef66ed9,hash,f1.bin,hash,1.1885000000000001,2097152,,,blake3
2,5,2026-03-11T12:25:19.275532Z,elea,0.1.1,ef66ed9,hash,f4.bin,hash,1.197208,2097152,,,blake3
2,5,2026-03-11T12:25:19.275613Z,elea,0.1.1,ef66ed9,hash,f2.bin,hash,1.239792,2097152,,,blake3
2,5,2026-03-11T12:25:19.275525Z,elea,0.1.1,ef66ed9,hash,f5.bin,hash,1.171125,2097152,,,blake3
2,5,2026-03-11T12:25:19.27784Z,elea,0.1.1,ef66ed9,add,f4.bin,backend_store,0.553042,2097152,,None,blake3
2,5,2026-03-11T12:25:19.277848Z,elea,0.1.1,ef66ed9,add,f3.bin,backend_store,0.60375,2097152,,None,blake3
2,5,2026-03-11T12:25:19.277855Z,elea,0.1.1,ef66ed9,add,f5.bin,backend_store,0.529959,2097152,,None,blake3
2,5,2026-03-11T12:25:19.277876Z,elea,0.1.1,ef66ed9,add,f1.bin,backend_store,0.618584,2097152,,None,blake3
2,5,2026-03-11T12:25:19.277891Z,elea,0.1.1,ef66ed9,add,f2.bin,backend_store,0.581417,2097152,,None,blake3
2,5,2026-03-11T12:25:19.278007Z,elea,0.1.1,ef66ed9,add,f4.bin,add_file_total,3.713417,2097152,,None,blake3
2,5,2026-03-11T12:25:19.278087Z,elea,0.1.1,ef66ed9,add,f3.bin,add_file_total,3.76225,2097152,,None,blake3
2,5,2026-03-11T12:25:19.278139Z,elea,0.1.1,ef66ed9,add,f5.bin,add_file_total,3.821708,2097152,,None,blake3
2,5,2026-03-11T12:25:19.27819Z,elea,0.1.1,ef66ed9,add,f1.bin,add_file_total,3.876292,2097152,,None,blake3
2,5,2026-03-11T12:25:19.27822Z,elea,0.1.1,ef66ed9,add,f2.bin,add_file_total,3.8895,2097152,,None,blake3
2,5,2026-03-11T12:25:19.278266Z,elea,0.1.1,ef66ed9,add,,add_total,4.003958,,5,None,blake3
2,6,2026-03-11T12:25:19.329093Z,elea,0.1.1,ef66ed9,hash,f3.bin,hash,1.2494159999999999,2097152,,,blake3
2,6,2026-03-11T12:25:19.329024Z,elea,0.1.1,ef66ed9,hash,f1.bin,hash,1.192083,2097152,,,blake3
2,6,2026-03-11T12:25:19.329049Z,elea,0.1.1,ef66ed9,hash,f4.bin,hash,1.184542,2097152,,,blake3
2,6,2026-03-11T12:25:19.329066Z,elea,0.1.1,ef66ed9,hash,f2.bin,hash,1.212208,2097152,,,blake3
2,6,2026-03-11T12:25:19.329015Z,elea,0.1.1,ef66ed9,hash,f5.bin,hash,1.178375,2097152,,,blake3
2,6,2026-03-11T12:25:19.330884Z,elea,0.1.1,ef66ed9,add,f1.bin,backend_store,0.46883400000000003,2097152,,None,blake3
2,6,2026-03-11T12:25:19.330943Z,elea,0.1.1,ef66ed9,add,f3.bin,backend_store,0.540334,2097152,,None,blake3
2,6,2026-03-11T12:25:19.330968Z,elea,0.1.1,ef66ed9,add,f4.bin,backend_store,0.523625,2097152,,None,blake3
2,6,2026-03-11T12:25:19.330986Z,elea,0.1.1,ef66ed9,add,f2.bin,backend_store,0.499083,2097152,,None,blake3
2,6,2026-03-11T12:25:19.331047Z,elea,0.1.1,ef66ed9,add,f5.bin,backend_store,0.5475,2097152,,None,blake3
2,6,2026-03-11T12:25:19.331066Z,elea,0.1.1,ef66ed9,add,f1.bin,add_file_total,3.273708,2097152,,None,blake3
2,6,2026-03-11T12:25:19.331124Z,elea,0.1.1,ef66ed9,add,f3.bin,add_file_total,3.305917,2097152,,None,blake3
2,6,2026-03-11T12:25:19.331166Z,elea,0.1.1,ef66ed9,add,f4.bin,add_file_total,3.355958,2097152,,None,blake3
2,6,2026-03-11T12:25:19.331211Z,elea,0.1.1,ef66ed9,add,f5.bin,add_file_total,3.3914169999999997,2097152,,None,blake3
2,6,2026-03-11T12:25:19.331243Z,elea,0.1.1,ef66ed9,add,f2.bin,add_file_total,3.426583,2097152,,None,blake3
2,6,2026-03-11T12:25:19.331321Z,elea,0.1.1,ef66ed9,add,,add_total,3.565875,,5,None,blake3
2,7,2026-03-11T12:25:19.380094Z,elea,0.1.1,ef66ed9,hash,f1.bin,hash,1.1744999999999999,2097152,,,blake3
2,7,2026-03-11T12:25:19.380087Z,elea,0.1.1,ef66ed9,hash,f4.bin,hash,1.171625,2097152,,,blake3
2,7,2026-03-11T12:25:19.380078Z,elea,0.1.1,ef66ed9,hash,f2.bin,hash,1.1687500000000002,2097152,,,blake3
2,7,2026-03-11T12:25:19.380068Z,elea,0.1.1,ef66ed9,hash,f3.bin,hash,1.180625,2097152,,,blake3
2,7,2026-03-11T12:25:19.380059Z,elea,0.1.1,ef66ed9,hash,f5.bin,hash,1.17125,2097152,,,blake3
2,7,2026-03-11T12:25:19.381995Z,elea,0.1.1,ef66ed9,add,f2.bin,backend_store,0.489125,2097152,,None,blake3
2,7,2026-03-11T12:25:19.382037Z,elea,0.1.1,ef66ed9,add,f1.bin,backend_store,0.572541,2097152,,None,blake3
2,7,2026-03-11T12:25:19.38205Z,elea,0.1.1,ef66ed9,add,f4.bin,backend_store,0.57525,2097152,,None,blake3
2,7,2026-03-11T12:25:19.382063Z,elea,0.1.1,ef66ed9,add,f5.bin,backend_store,0.516917,2097152,,None,blake3
2,7,2026-03-11T12:25:19.382084Z,elea,0.1.1,ef66ed9,add,f3.bin,backend_store,0.548083,2097152,,None,blake3
2,7,2026-03-11T12:25:19.382163Z,elea,0.1.1,ef66ed9,add,f2.bin,add_file_total,3.307625,2097152,,None,blake3
2,7,2026-03-11T12:25:19.382219Z,elea,0.1.1,ef66ed9,add,f4.bin,add_file_total,3.359583,2097152,,None,blake3
2,7,2026-03-11T12:25:19.382255Z,elea,0.1.1,ef66ed9,add,f1.bin,add_file_total,3.3965,2097152,,None,blake3
2,7,2026-03-11T12:25:19.38228Z,elea,0.1.1,ef66ed9,add,f3.bin,add_file_total,3.441,2097152,,None,blake3
2,7,2026-03-11T12:25:19.382313Z,elea,0.1.1,ef66ed9,add,f5.bin,add_file_total,3.459375,2097152,,None,blake3
2,7,2026-03-11T12:25:19.382369Z,elea,0.1.1,ef66ed9,add,,add_total,3.568209,,5,None,blake3
2,8,2026-03-11T12:25:19.429742Z,elea,0.1.1,ef66ed9,hash,f4.bin,hash,1.171958,2097152,,,blake3
2,8,2026-03-11T12:25:19.429757Z,elea,0.1.1,ef66ed9,hash,f1.bin,hash,1.17425,2097152,,,blake3
2,8,2026-03-11T12:25:19.429735Z,elea,0.1.1,ef66ed9,hash,f2.bin,hash,1.173916,2097152,,,blake3
2,8,2026-03-11T12:25:19.42975Z,elea,0.1.1,ef66ed9,hash,f3.bin,hash,1.182875,2097152,,,blake3
2,8,2026-03-11T12:25:19.429726Z,elea,0.1.1,ef66ed9,hash,f5.bin,hash,1.173791,2097152,,,blake3
2,8,2026-03-11T12:25:19.431625Z,elea,0.1.1,ef66ed9,add,f4.bin,backend_store,0.542667,2097152,,None,blake3
2,8,2026-03-11T12:25:19.431635Z,elea,0.1.1,ef66ed9,add,f1.bin,backend_store,0.538125,2097152,,None,blake3
2,8,2026-03-11T12:25:19.43166Z,elea,0.1.1,ef66ed9,add,f3.bin,backend_store,0.49066599999999994,2097152,,None,blake3
2,8,2026-03-11T12:25:19.431697Z,elea,0.1.1,ef66ed9,add,f2.bin,backend_store,0.577375,2097152,,None,blake3
2,8,2026-03-11T12:25:19.431833Z,elea,0.1.1,ef66ed9,add,f5.bin,backend_store,0.503042,2097152,,None,blake3
2,8,2026-03-11T12:25:19.431855Z,elea,0.1.1,ef66ed9,add,f4.bin,add_file_total,3.3334580000000003,2097152,,None,blake3
2,8,2026-03-11T12:25:19.431887Z,elea,0.1.1,ef66ed9,add,f1.bin,add_file_total,3.3645,2097152,,None,blake3
2,8,2026-03-11T12:25:19.431921Z,elea,0.1.1,ef66ed9,add,f2.bin,add_file_total,3.400334,2097152,,None,blake3
2,8,2026-03-11T12:25:19.431956Z,elea,0.1.1,ef66ed9,add,f3.bin,add_file_total,3.454167,2097152,,None,blake3
2,8,2026-03-11T12:25:19.431984Z,elea,0.1.1,ef66ed9,add,f5.bin,add_file_total,3.466708,2097152,,None,blake3
2,8,2026-03-11T12:25:19.432038Z,elea,0.1.1,ef66ed9,add,,add_total,3.576042,,5,None,blake3
2,9,2026-03-11T12:25:19.478951Z,elea,0.1.1,ef66ed9,hash,f2.bin,hash,1.1752500000000001,2097152,,,blake3
2,9,2026-03-11T12:25:19.478942Z,elea,0.1.1,ef66ed9,hash,f5.bin,hash,1.1655,2097152,,,blake3
2,9,2026-03-11T12:25:19.478918Z,elea,0.1.1,ef66ed9,hash,f1.bin,hash,1.183875,2097152,,,blake3
2,9,2026-03-11T12:25:19.478934Z,elea,0.1.1,ef66ed9,hash,f3.bin,hash,1.1765,2097152,,,blake3
2,9,2026-03-11T12:25:19.478925Z,elea,0.1.1,ef66ed9,hash,f4.bin,hash,1.160375,2097152,,,blake3
2,9,2026-03-11T12:25:19.480731Z,elea,0.1.1,ef66ed9,add,f5.bin,backend_store,0.467084,2097152,,None,blake3
2,9,2026-03-11T12:25:19.480764Z,elea,0.1.1,ef66ed9,add,f3.bin,backend_store,0.457792,2097152,,None,blake3
2,9,2026-03-11T12:25:19.480772Z,elea,0.1.1,ef66ed9,add,f2.bin,backend_store,0.5201669999999999,2097152,,None,blake3
2,9,2026-03-11T12:25:19.480862Z,elea,0.1.1,ef66ed9,add,f1.bin,backend_store,0.5477909999999999,2097152,,None,blake3
2,9,2026-03-11T12:25:19.480874Z,elea,0.1.1,ef66ed9,add,f4.bin,backend_store,0.549542,2097152,,None,blake3
2,9,2026-03-11T12:25:19.480951Z,elea,0.1.1,ef66ed9,add,f5.bin,add_file_total,3.2412080000000003,2097152,,None,blake3
2,9,2026-03-11T12:25:19.480984Z,elea,0.1.1,ef66ed9,add,f3.bin,add_file_total,3.276166,2097152,,None,blake3
2,9,2026-03-11T12:25:19.48103Z,elea,0.1.1,ef66ed9,add,f2.bin,add_file_total,3.3134580000000002,2097152,,None,blake3
2,9,2026-03-11T12:25:19.481064Z,elea,0.1.1,ef66ed9,add,f1.bin,add_file_total,3.369084,2097152,,None,blake3
2,9,2026-03-11T12:25:19.481095Z,elea,0.1.1,ef66ed9,add,f4.bin,add_file_total,3.3799170000000003,2097152,,None,blake3
2,9,2026-03-11T12:25:19.481142Z,elea,0.1.1,ef66ed9,add,,add_total,3.480458,,5,None,blake3
2,10,2026-03-11T12:25:19.528059Z,elea,0.1.1,ef66ed9,hash,f5.bin,hash,1.17925,2097152,,,blake3
2,10,2026-03-11T12:25:19.527995Z,elea,0.1.1,ef66ed9,hash,f4.bin,hash,1.1088339999999999,2097152,,,blake3
2,10,2026-03-11T12:25:19.528029Z,elea,0.1.1,ef66ed9,hash,f2.bin,hash,1.1820419999999998,2097152,,,blake3
2,10,2026-03-11T12:25:19.528067Z,elea,0.1.1,ef66ed9,hash,f1.bin,hash,1.190792,2097152,,,blake3
2,10,2026-03-11T12:25:19.52794Z,elea,0.1.1,ef66ed9,hash,f3.bin,hash,1.0859999999999999,2097152,,,blake3
2,10,2026-03-11T12:25:19.529886Z,elea,0.1.1,ef66ed9,add,f4.bin,backend_store,0.48725,2097152,,None,blake3
2,10,2026-03-11T12:25:19.529913Z,elea,0.1.1,ef66ed9,add,f2.bin,backend_store,0.489458,2097152,,None,blake3
2,10,2026-03-11T12:25:19.529924Z,elea,0.1.1,ef66ed9,add,f5.bin,backend_store,0.54075,2097152,,None,blake3
2,10,2026-03-11T12:25:19.529932Z,elea,0.1.1,ef66ed9,add,f3.bin,backend_store,0.456333,2097152,,None,blake3
2,10,2026-03-11T12:25:19.529971Z,elea,0.1.1,ef66ed9,add,f1.bin,backend_store,0.5312920000000001,2097152,,None,blake3
2,10,2026-03-11T12:25:19.530075Z,elea,0.1.1,ef66ed9,add,f4.bin,add_file_total,3.256334,2097152,,None,blake3
2,10,2026-03-11T12:25:19.530109Z,elea,0.1.1,ef66ed9,add,f5.bin,add_file_total,3.2865830000000003,2097152,,None,blake3
2,10,2026-03-11T12:25:19.530147Z,elea,0.1.1,ef66ed9,add,f2.bin,add_file_total,3.337292,2097152,,None,blake3
2,10,2026-03-11T12:25:19.530183Z,elea,0.1.1,ef66ed9,add,f3.bin,add_file_total,3.343708,2097152,,None,blake3
2,10,2026-03-11T12:25:19.530216Z,elea,0.1.1,ef66ed9,add,f1.bin,add_file_total,3.4003750000000004,2097152,,None,blake3
2,10,2026-03-11T12:25:19.530262Z,elea,0.1.1,ef66ed9,add,,add_total,3.493375,,5,None,blake3
2,11,2026-03-11T12:25:19.577632Z,elea,0.1.1,ef66ed9,hash,f2.bin,hash,1.203625,2097152,,,blake3
2,11,2026-03-11T12:25:19.577623Z,elea,0.1.1,ef66ed9,hash,f3.bin,hash,1.222875,2097152,,,blake3
2,11,2026-03-11T12:25:19.577644Z,elea,0.1.1,ef66ed9,hash,f4.bin,hash,1.2149590000000001,2097152,,,blake3
2,11,2026-03-11T12:25:19.577548Z,elea,0.1.1,ef66ed9,hash,f1.bin,hash,1.114792,2097152,,,blake3
2,11,2026-03-11T12:25:19.577514Z,elea,0.1.1,ef66ed9,hash,f5.bin,hash,1.1282919999999999,2097152,,,blake3
2,11,2026-03-11T12:25:19.579342Z,elea,0.1.1,ef66ed9,add,f2.bin,backend_store,0.436584,2097152,,None,blake3
2,11,2026-03-11T12:25:19.579351Z,elea,0.1.1,ef66ed9,add,f3.bin,backend_store,0.425083,2097152,,None,blake3
2,11,2026-03-11T12:25:19.579379Z,elea,0.1.1,ef66ed9,add,f4.bin,backend_store,0.430167,2097152,,None,blake3
2,11,2026-03-11T12:25:19.579394Z,elea,0.1.1,ef66ed9,add,f1.bin,backend_store,0.41075,2097152,,None,blake3
2,11,2026-03-11T12:25:19.579483Z,elea,0.1.1,ef66ed9,add,f5.bin,backend_store,0.499792,2097152,,None,blake3
2,11,2026-03-11T12:25:19.579507Z,elea,0.1.1,ef66ed9,add,f2.bin,add_file_total,3.146416,2097152,,None,blake3
2,11,2026-03-11T12:25:19.579578Z,elea,0.1.1,ef66ed9,add,f3.bin,add_file_total,3.227084,2097152,,None,blake3
2,11,2026-03-11T12:25:19.579633Z,elea,0.1.1,ef66ed9,add,f4.bin,add_file_total,3.273666,2097152,,None,blake3
2,11,2026-03-11T12:25:19.57967Z,elea,0.1.1,ef66ed9,add,f1.bin,add_file_total,3.30975,2097152,,None,blake3
2,11,2026-03-11T12:25:19.579704Z,elea,0.1.1,ef66ed9,add,f5.bin,add_file_total,3.353792,2097152,,None,blake3
2,11,2026-03-11T12:25:19.579755Z,elea,0.1.1,ef66ed9,add,,add_total,3.4515409999999997,,5,None,blake3
2,12,2026-03-11T12:25:19.626388Z,elea,0.1.1,ef66ed9,hash,f4.bin,hash,1.178917,2097152,,,blake3
2,12,2026-03-11T12:25:19.626363Z,elea,0.1.1,ef66ed9,hash,f3.bin,hash,1.1807079999999999,2097152,,,blake3
2,12,2026-03-11T12:25:19.626396Z,elea,0.1.1,ef66ed9,hash,f1.bin,hash,1.188958,2097152,,,blake3
2,12,2026-03-11T12:25:19.626376Z,elea,0.1.1,ef66ed9,hash,f2.bin,hash,1.174083,2097152,,,blake3
2,12,2026-03-11T12:25:19.626336Z,elea,0.1.1,ef66ed9,hash,f5.bin,hash,1.162959,2097152,,,blake3
2,12,2026-03-11T12:25:19.628296Z,elea,0.1.1,ef66ed9,add,f4.bin,backend_store,0.583292,2097152,,None,blake3
2,12,2026-03-11T12:25:19.628318Z,elea,0.1.1,ef66ed9,add,f2.bin,backend_store,0.543458,2097152,,None,blake3
2,12,2026-03-11T12:25:19.628334Z,elea,0.1.1,ef66ed9,add,f3.bin,backend_store,0.60525,2097152,,None,blake3
2,12,2026-03-11T12:25:19.628343Z,elea,0.1.1,ef66ed9,add,f1.bin,backend_store,0.584334,2097152,,None,blake3
2,12,2026-03-11T12:25:19.628387Z,elea,0.1.1,ef66ed9,add,f5.bin,backend_store,0.585916,2097152,,None,blake3
2,12,2026-03-11T12:25:19.628458Z,elea,0.1.1,ef66ed9,add,f4.bin,add_file_total,3.2973339999999998,2097152,,None,blake3
2,12,2026-03-11T12:25:19.628506Z,elea,0.1.1,ef66ed9,add,f2.bin,add_file_total,3.342791,2097152,,None,blake3
2,12,2026-03-11T12:25:19.628538Z,elea,0.1.1,ef66ed9,add,f3.bin,add_file_total,3.384584,2097152,,None,blake3
2,12,2026-03-11T12:25:19.628571Z,elea,0.1.1,ef66ed9,add,f1.bin,add_file_total,3.411541,2097152,,None,blake3
2,12,2026-03-11T12:25:19.628604Z,elea,0.1.1,ef66ed9,add,f5.bin,add_file_total,3.466667,2097152,,None,blake3
2,12,2026-03-11T12:25:19.628641Z,elea,0.1.1,ef66ed9,add,,add_total,3.537583,,5,None,blake3
2,13,2026-03-11T12:25:19.675512Z,elea,0.1.1,ef66ed9,hash,f3.bin,hash,1.1834580000000001,2097152,,,blake3
2,13,2026-03-11T12:25:19.675422Z,elea,0.1.1,ef66ed9,hash,f1.bin,hash,1.118916,2097152,,,blake3
2,13,2026-03-11T12:25:19.675524Z,elea,0.1.1,ef66ed9,hash,f2.bin,hash,1.186958,2097152,,,blake3
2,13,2026-03-11T12:25:19.675482Z,elea,0.1.1,ef66ed9,hash,f5.bin,hash,1.1688340000000002,2097152,,,blake3
2,13,2026-03-11T12:25:19.675499Z,elea,0.1.1,ef66ed9,hash,f4.bin,hash,1.17875,2097152,,,blake3
2,13,2026-03-11T12:25:19.677375Z,elea,0.1.1,ef66ed9,add,f3.bin,backend_store,0.483875,2097152,,None,blake3
2,13,2026-03-11T12:25:19.677382Z,elea,0.1.1,ef66ed9,add,f5.bin,backend_store,0.42354200000000003,2097152,,None,blake3
2,13,2026-03-11T12:25:19.677469Z,elea,0.1.1,ef66ed9,add,f1.bin,backend_store,0.561959,2097152,,None,blake3
2,13,2026-03-11T12:25:19.6775Z,elea,0.1.1,ef66ed9,add,f2.bin,backend_store,0.56525,2097152,,None,blake3
2,13,2026-03-11T12:25:19.677561Z,elea,0.1.1,ef66ed9,add,f3.bin,add_file_total,3.2772080000000003,2097152,,None,blake3
2,13,2026-03-11T12:25:19.677582Z,elea,0.1.1,ef66ed9,add,f4.bin,backend_store,0.513792,2097152,,None,blake3
2,13,2026-03-11T12:25:19.67768Z,elea,0.1.1,ef66ed9,add,f5.bin,add_file_total,3.400583,2097152,,None,blake3
2,13,2026-03-11T12:25:19.677724Z,elea,0.1.1,ef66ed9,add,f1.bin,add_file_total,3.460916,2097152,,None,blake3
2,13,2026-03-11T12:25:19.67776Z,elea,0.1.1,ef66ed9,add,f2.bin,add_file_total,3.473917,2097152,,None,blake3
2,13,2026-03-11T12:25:19.677795Z,elea,0.1.1,ef66ed9,add,f4.bin,add_file_total,3.513,2097152,,None,blake3
2,13,2026-03-11T12:25:19.677841Z,elea,0.1.1,ef66ed9,add,,add_total,3.6269169999999997,,5,None,blake3
2,14,2026-03-11T12:25:19.724307Z,elea,0.1.1,ef66ed9,hash,f3.bin,hash,1.1837090000000001,2097152,,,blake3
2,14,2026-03-11T12:25:19.724282Z,elea,0.1.1,ef66ed9,hash,f1.bin,hash,1.176334,2097152,,,blake3
2,14,2026-03-11T12:25:19.724297Z,elea,0.1.1,ef66ed9,hash,f5.bin,hash,1.165875,2097152,,,blake3
2,14,2026-03-11T12:25:19.724288Z,elea,0.1.1,ef66ed9,hash,f2.bin,hash,1.173416,2097152,,,blake3
2,14,2026-03-11T12:25:19.724315Z,elea,0.1.1,ef66ed9,hash,f4.bin,hash,1.168666,2097152,,,blake3
2,14,2026-03-11T12:25:19.726231Z,elea,0.1.1,ef66ed9,add,f3.bin,backend_store,0.429542,2097152,,None,blake3
2,14,2026-03-11T12:25:19.726302Z,elea,0.1.1,ef66ed9,add,f1.bin,backend_store,0.484792,2097152,,None,blake3
2,14,2026-03-11T12:25:19.726319Z,elea,0.1.1,ef66ed9,add,f5.bin,backend_store,0.478166,2097152,,None,blake3
2,14,2026-03-11T12:25:19.726404Z,elea,0.1.1,ef66ed9,add,f3.bin,add_file_total,3.31025,2097152,,None,blake3
2,14,2026-03-11T12:25:19.726441Z,elea,0.1.1,ef66ed9,add,f4.bin,backend_store,0.557958,2097152,,None,blake3
2,14,2026-03-11T12:25:19.726485Z,elea,0.1.1,ef66ed9,add,f2.bin,backend_store,0.614583,2097152,,None,blake3
2,14,2026-03-11T12:25:19.726496Z,elea,0.1.1,ef66ed9,add,f1.bin,add_file_total,3.4255,2097152,,None,blake3
2,14,2026-03-11T12:25:19.726551Z,elea,0.1.1,ef66ed9,add,f5.bin,add_file_total,3.45225,2097152,,None,blake3
2,14,2026-03-11T12:25:19.726603Z,elea,0.1.1,ef66ed9,add,f4.bin,add_file_total,3.506958,2097152,,None,blake3
2,14,2026-03-11T12:25:19.726638Z,elea,0.1.1,ef66ed9,add,f2.bin,add_file_total,3.545166,2097152,,None,blake3
2,14,2026-03-11T12:25:19.726696Z,elea,0.1.1,ef66ed9,add,,add_total,3.657042,,5,None,blake3
2,15,2026-03-11T12:25:19.775052Z,elea,0.1.1,ef66ed9,hash,f3.bin,hash,1.211667,2097152,,,blake3
2,15,2026-03-11T12:25:19.775019Z,elea,0.1.1,ef66ed9,hash,f1.bin,hash,1.201125,2097152,,,blake3
2,15,2026-03-11T12:25:19.775079Z,elea,0.1.1,ef66ed9,hash,f5.bin,hash,1.1900000000000002,2097152,,,blake3
2,15,2026-03-11T12:25:19.775062Z,elea,0.1.1,ef66ed9,hash,f4.bin,hash,1.201959,2097152,,,blake3
2,15,2026-03-11T12:25:19.775002Z,elea,0.1.1,ef66ed9,hash,f2.bin,hash,1.19425,2097152,,,blake3
2,15,2026-03-11T12:25:19.777236Z,elea,0.1.1,ef66ed9,add,f3.bin,backend_store,0.519625,2097152,,None,blake3
2,15,2026-03-11T12:25:19.777452Z,elea,0.1.1,ef66ed9,add,f1.bin,backend_store,0.537542,2097152,,None,blake3
2,15,2026-03-11T12:25:19.777475Z,elea,0.1.1,ef66ed9,add,f3.bin,add_file_total,3.6879999999999997,2097152,,None,blake3
2,15,2026-03-11T12:25:19.777535Z,elea,0.1.1,ef66ed9,add,f4.bin,backend_store,0.517209,2097152,,None,blake3
2,15,2026-03-11T12:25:19.777561Z,elea,0.1.1,ef66ed9,add,f5.bin,backend_store,0.5335,2097152,,None,blake3
2,15,2026-03-11T12:25:19.777703Z,elea,0.1.1,ef66ed9,add,f1.bin,add_file_total,3.916875,2097152,,None,blake3
2,15,2026-03-11T12:25:19.777754Z,elea,0.1.1,ef66ed9,add,f4.bin,add_file_total,3.9630840000000003,2097152,,None,blake3
2,15,2026-03-11T12:25:19.777813Z,elea,0.1.1,ef66ed9,add,f5.bin,add_file_total,4.003334,2097152,,None,blake3
2,15,2026-03-11T12:25:19.77786Z,elea,0.1.1,ef66ed9,add,f2.bin,backend_store,0.48779100000000003,2097152,,None,blake3
2,15,2026-03-11T12:25:19.778007Z,elea,0.1.1,ef66ed9,add,f2.bin,add_file_total,4.241625,2097152,,None,blake3
2,15,2026-03-11T12:25:19.778067Z,elea,0.1.1,ef66ed9,add,,add_total,4.344375,,5,None,blake3
2,16,2026-03-11T12:25:19.826144Z,elea,0.1.1,ef66ed9,hash,f5.bin,hash,1.1715,2097152,,,blake3
2,16,2026-03-11T12:25:19.826153Z,elea,0.1.1,ef66ed9,hash,f1.bin,hash,1.186542,2097152,,,blake3
2,16,2026-03-11T12:25:19.826123Z,elea,0.1.1,ef66ed9,hash,f4.bin,hash,1.178041,2097152,,,blake3
2,16,2026-03-11T12:25:19.826133Z,elea,0.1.1,ef66ed9,hash,f3.bin,hash,1.196709,2097152,,,blake3
2,16,2026-03-11T12:25:19.826114Z,elea,0.1.1,ef66ed9,hash,f2.bin,hash,1.188083,2097152,,,blake3
2,16,2026-03-11T12:25:19.828228Z,elea,0.1.1,ef66ed9,add,f1.bin,backend_store,0.483083,2097152,,None,blake3
2,16,2026-03-11T12:25:19.828239Z,elea,0.1.1,ef66ed9,add,f4.bin,backend_store,0.47341700000000003,2097152,,None,blake3
2,16,2026-03-11T12:25:19.828256Z,elea,0.1.1,ef66ed9,add,f5.bin,backend_store,0.537042,2097152,,None,blake3
2,16,2026-03-11T12:25:19.828278Z,elea,0.1.1,ef66ed9,add,f3.bin,backend_store,0.487583,2097152,,None,blake3
2,16,2026-03-11T12:25:19.828296Z,elea,0.1.1,ef66ed9,add,f2.bin,backend_store,0.489834,2097152,,None,blake3
2,16,2026-03-11T12:25:19.8284Z,elea,0.1.1,ef66ed9,add,f1.bin,add_file_total,3.483084,2097152,,None,blake3
2,16,2026-03-11T12:25:19.82845Z,elea,0.1.1,ef66ed9,add,f5.bin,add_file_total,3.539084,2097152,,None,blake3
2,16,2026-03-11T12:25:19.828499Z,elea,0.1.1,ef66ed9,add,f4.bin,add_file_total,3.583458,2097152,,None,blake3
2,16,2026-03-11T12:25:19.828534Z,elea,0.1.1,ef66ed9,add,f3.bin,add_file_total,3.6292500000000003,2097152,,None,blake3
2,16,2026-03-11T12:25:19.828579Z,elea,0.1.1,ef66ed9,add,f2.bin,add_file_total,3.689083,2097152,,None,blake3
2,16,2026-03-11T12:25:19.82862Z,elea,0.1.1,ef66ed9,add,,add_total,3.7654170000000002,,5,None,blake3
2,17,2026-03-11T12:25:19.875719Z,elea,0.1.1,ef66ed9,hash,f1.bin,hash,1.216709,2097152,,,blake3
2,17,2026-03-11T12:25:19.87565Z,elea,0.1.1,ef66ed9,hash,f2.bin,hash,1.201667,2097152,,,blake3
2,17,2026-03-11T12:25:19.875662Z,elea,0.1.1,ef66ed9,hash,f5.bin,hash,1.1928329999999998,2097152,,,blake3
2,17,2026-03-11T12:25:19.875672Z,elea,0.1.1,ef66ed9,hash,f3.bin,hash,1.204458,2097152,,,blake3
2,17,2026-03-11T12:25:19.875639Z,elea,0.1.1,ef66ed9,hash,f4.bin,hash,1.211459,2097152,,,blake3
2,17,2026-03-11T12:25:19.877973Z,elea,0.1.1,ef66ed9,add,f1.bin,backend_store,0.545792,2097152,,None,blake3
2,17,2026-03-11T12:25:19.878075Z,elea,0.1.1,ef66ed9,add,f2.bin,backend_store,0.637208,2097152,,None,blake3
2,17,2026-03-11T12:25:19.878149Z,elea,0.1.1,ef66ed9,add,f4.bin,backend_store,0.637958,2097152,,None,blake3
2,17,2026-03-11T12:25:19.878156Z,elea,0.1.1,ef66ed9,add,f5.bin,backend_store,0.684,2097152,,None,blake3
2,17,2026-03-11T12:25:19.878182Z,elea,0.1.1,ef66ed9,add,f3.bin,backend_store,0.684875,2097152,,None,blake3
2,17,2026-03-11T12:25:19.878229Z,elea,0.1.1,ef66ed9,add,f1.bin,add_file_total,3.7862500000000003,2097152,,None,blake3
2,17,2026-03-11T12:25:19.878275Z,elea,0.1.1,ef66ed9,add,f2.bin,add_file_total,3.873666,2097152,,None,blake3
2,17,2026-03-11T12:25:19.878319Z,elea,0.1.1,ef66ed9,add,f5.bin,add_file_total,3.916083,2097152,,None,blake3
2,17,2026-03-11T12:25:19.878358Z,elea,0.1.1,ef66ed9,add,f4.bin,add_file_total,3.970833,2097152,,None,blake3
2,17,2026-03-11T12:25:19.878398Z,elea,0.1.1,ef66ed9,add,f3.bin,add_file_total,3.9889590000000004,2097152,,None,blake3
2,17,2026-03-11T12:25:19.878454Z,elea,0.1.1,ef66ed9,add,,add_total,4.105208,,5,None,blake3
2,18,2026-03-11T12:25:19.929686Z,elea,0.1.1,ef66ed9,hash,f3.bin,hash,1.2210420000000002,2097152,,,blake3
2,18,2026-03-11T12:25:19.929738Z,elea,0.1.1,ef66ed9,hash,f1.bin,hash,1.218792,2097152,,,blake3
2,18,2026-03-11T12:25:19.929719Z,elea,0.1.1,ef66ed9,hash,f5.bin,hash,1.2255,2097152,,,blake3
2,18,2026-03-11T12:25:19.92973Z,elea,0.1.1,ef66ed9,hash,f2.bin,hash,1.2099170000000001,2097152,,,blake3
2,18,2026-03-11T12:25:19.929617Z,elea,0.1.1,ef66ed9,hash,f4.bin,hash,1.139167,2097152,,,blake3
2,18,2026-03-11T12:25:19.931511Z,elea,0.1.1,ef66ed9,add,f1.bin,backend_store,0.337292,2097152,,None,blake3
2,18,2026-03-11T12:25:19.931632Z,elea,0.1.1,ef66ed9,add,f3.bin,backend_store,0.48008399999999996,2097152,,None,blake3
2,18,2026-03-11T12:25:19.931754Z,elea,0.1.1,ef66ed9,add,f1.bin,add_file_total,3.312792,2097152,,None,blake3
2,18,2026-03-11T12:25:19.931779Z,elea,0.1.1,ef66ed9,add,f2.bin,backend_store,0.545166,2097152,,None,blake3
2,18,2026-03-11T12:25:19.931869Z,elea,0.1.1,ef66ed9,add,f3.bin,add_file_total,3.440125,2097152,,None,blake3
2,18,2026-03-11T12:25:19.931907Z,elea,0.1.1,ef66ed9,add,f5.bin,backend_store,0.6957909999999999,2097152,,None,blake3
2,18,2026-03-11T12:25:19.93194Z,elea,0.1.1,ef66ed9,add,f4.bin,backend_store,0.6782090000000001,2097152,,None,blake3
2,18,2026-03-11T12:25:19.932009Z,elea,0.1.1,ef66ed9,add,f2.bin,add_file_total,3.5774169999999996,2097152,,None,blake3
2,18,2026-03-11T12:25:19.932105Z,elea,0.1.1,ef66ed9,add,f5.bin,add_file_total,3.667125,2097152,,None,blake3
2,18,2026-03-11T12:25:19.932149Z,elea,0.1.1,ef66ed9,add,f4.bin,add_file_total,3.6919589999999998,2097152,,None,blake3
2,18,2026-03-11T12:25:19.932209Z,elea,0.1.1,ef66ed9,add,,add_total,3.820666,,5,None,blake3
2,19,2026-03-11T12:25:19.98356Z,elea,0.1.1,ef66ed9,hash,f4.bin,hash,1.189709,2097152,,,blake3
2,19,2026-03-11T12:25:19.983577Z,elea,0.1.1,ef66ed9,hash,f5.bin,hash,1.191208,2097152,,,blake3
2,19,2026-03-11T12:25:19.983534Z,elea,0.1.1,ef66ed9,hash,f2.bin,hash,1.184708,2097152,,,blake3
2,19,2026-03-11T12:25:19.983545Z,elea,0.1.1,ef66ed9,hash,f1.bin,hash,1.186458,2097152,,,blake3
2,19,2026-03-11T12:25:19.983567Z,elea,0.1.1,ef66ed9,hash,f3.bin,hash,1.182916,2097152,,,blake3
2,19,2026-03-11T12:25:19.985374Z,elea,0.1.1,ef66ed9,add,f5.bin,backend_store,0.423084,2097152,,None,blake3
2,19,2026-03-11T12:25:19.985383Z,elea,0.1.1,ef66ed9,add,f2.bin,backend_store,0.417292,2097152,,None,blake3
2,19,2026-03-11T12:25:19.985402Z,elea,0.1.1,ef66ed9,add,f4.bin,backend_store,0.470875,2097152,,None,blake3
2,19,2026-03-11T12:25:19.985432Z,elea,0.1.1,ef66ed9,add,f1.bin,backend_store,0.437958,2097152,,None,blake3
2,19,2026-03-11T12:25:19.985565Z,elea,0.1.1,ef66ed9,add,f3.bin,backend_store,0.542417,2097152,,None,blake3
2,19,2026-03-11T12:25:19.985614Z,elea,0.1.1,ef66ed9,add,f5.bin,add_file_total,3.280917,2097152,,None,blake3
2,19,2026-03-11T12:25:19.985705Z,elea,0.1.1,ef66ed9,add,f4.bin,add_file_total,3.369833,2097152,,None,blake3
2,19,2026-03-11T12:25:19.985796Z,elea,0.1.1,ef66ed9,add,f2.bin,add_file_total,3.484792,2097152,,None,blake3
2,19,2026-03-11T12:25:19.985853Z,elea,0.1.1,ef66ed9,add,f1.bin,add_file_total,3.522,2097152,,None,blake3
2,19,2026-03-11T12:25:19.985933Z,elea,0.1.1,ef66ed9,add,f3.bin,add_file_total,3.6,2097152,,None,blake3
2,19,2026-03-11T12:25:19.986001Z,elea,0.1.1,ef66ed9,add,,add_total,3.7192499999999997,,5,None,blake3
2,20,2026-03-11T12:25:20.034315Z,elea,0.1.1,ef66ed9,hash,f5.bin,hash,1.167417,2097152,,,blake3
2,20,2026-03-11T12:25:20.034344Z,elea,0.1.1,ef66ed9,hash,f4.bin,hash,1.1713330000000002,2097152,,,blake3
2,20,2026-03-11T12:25:20.034324Z,elea,0.1.1,ef66ed9,hash,f2.bin,hash,1.177791,2097152,,,blake3
2,20,2026-03-11T12:25:20.034308Z,elea,0.1.1,ef66ed9,hash,f3.bin,hash,1.1852919999999998,2097152,,,blake3
2,20,2026-03-11T12:25:20.034336Z,elea,0.1.1,ef66ed9,hash,f1.bin,hash,1.196667,2097152,,,blake3
2,20,2026-03-11T12:25:20.036457Z,elea,0.1.1,ef66ed9,add,f3.bin,backend_store,0.728,2097152,,None,blake3
2,20,2026-03-11T12:25:20.036468Z,elea,0.1.1,ef66ed9,add,f5.bin,backend_store,0.786042,2097152,,None,blake3
2,20,2026-03-11T12:25:20.036538Z,elea,0.1.1,ef66ed9,add,f4.bin,backend_store,0.851916,2097152,,None,blake3
2,20,2026-03-11T12:25:20.036563Z,elea,0.1.1,ef66ed9,add,f1.bin,backend_store,0.80675,2097152,,None,blake3
2,20,2026-03-11T12:25:20.036587Z,elea,0.1.1,ef66ed9,add,f2.bin,backend_store,0.8708750000000001,2097152,,None,blake3
2,20,2026-03-11T12:25:20.036688Z,elea,0.1.1,ef66ed9,add,f3.bin,add_file_total,3.612,2097152,,None,blake3
2,20,2026-03-11T12:25:20.036789Z,elea,0.1.1,ef66ed9,add,f5.bin,add_file_total,3.701875,2097152,,None,blake3
2,20,2026-03-11T12:25:20.036855Z,elea,0.1.1,ef66ed9,add,f4.bin,add_file_total,3.7681250000000004,2097152,,None,blake3
2,20,2026-03-11T12:25:20.036922Z,elea,0.1.1,ef66ed9,add,f1.bin,add_file_total,3.854375,2097152,,None,blake3
2,20,2026-03-11T12:25:20.036974Z,elea,0.1.1,ef66ed9,add,f2.bin,add_file_total,3.896125,2097152,,None,blake3
2,20,2026-03-11T12:25:20.037037Z,elea,0.1.1,ef66ed9,add,,add_total,4.006125,,5,None,blake3
2,21,2026-03-11T12:25:20.084082Z,elea,0.1.1,ef66ed9,hash,f2.bin,hash,1.184916,2097152,,,blake3
2,21,2026-03-11T12:25:20.084064Z,elea,0.1.1,ef66ed9,hash,f4.bin,hash,1.175917,2097152,,,blake3
2,21,2026-03-11T12:25:20.084073Z,elea,0.1.1,ef66ed9,hash,f3.bin,hash,1.2057909999999998,2097152,,,blake3
2,21,2026-03-11T12:25:20.08409Z,elea,0.1.1,ef66ed9,hash,f1.bin,hash,1.177291,2097152,,,blake3
2,21,2026-03-11T12:25:20.084056Z,elea,0.1.1,ef66ed9,hash,f5.bin,hash,1.1755,2097152,,,blake3
2,21,2026-03-11T12:25:20.086197Z,elea,0.1.1,ef66ed9,add,f4.bin,backend_store,0.5595,2097152,,None,blake3
2,21,2026-03-11T12:25:20.086204Z,elea,0.1.1,ef66ed9,add,f3.bin,backend_store,0.53525,2097152,,None,blake3
2,21,2026-03-11T12:25:20.086237Z,elea,0.1.1,ef66ed9,add,f2.bin,backend_store,0.616292,2097152,,None,blake3
2,21,2026-03-11T12:25:20.08629Z,elea,0.1.1,ef66ed9,add,f1.bin,backend_store,0.6008749999999999,2097152,,None,blake3
2,21,2026-03-11T12:25:20.086392Z,elea,0.1.1,ef66ed9,add,f5.bin,backend_store,0.687417,2097152,,None,blake3
2,21,2026-03-11T12:25:20.086416Z,elea,0.1.1,ef66ed9,add,f4.bin,add_file_total,3.56725,2097152,,None,blake3
2,21,2026-03-11T12:25:20.086464Z,elea,0.1.1,ef66ed9,add,f3.bin,add_file_total,3.641417,2097152,,None,blake3
2,21,2026-03-11T12:25:20.086503Z,elea,0.1.1,ef66ed9,add,f2.bin,add_file_total,3.665792,2097152,,None,blake3
2,21,2026-03-11T12:25:20.086539Z,elea,0.1.1,ef66ed9,add,f1.bin,add_file_total,3.690041,2097152,,None,blake3
2,21,2026-03-11T12:25:20.086577Z,elea,0.1.1,ef66ed9,add,f5.bin,add_file_total,3.732541,2097152,,None,blake3
2,21,2026-03-11T12:25:20.086634Z,elea,0.1.1,ef66ed9,add,,add_total,3.851916,,5,None,blake3
2,22,2026-03-11T12:25:20.133725Z,elea,0.1.1,ef66ed9,hash,f2.bin,hash,1.172125,2097152,,,blake3
2,22,2026-03-11T12:25:20.133686Z,elea,0.1.1,ef66ed9,hash,f4.bin,hash,1.1788750000000001,2097152,,,blake3
2,22,2026-03-11T12:25:20.133717Z,elea,0.1.1,ef66ed9,hash,f3.bin,hash,1.17175,2097152,,,blake3
2,22,2026-03-11T12:25:20.133695Z,elea,0.1.1,ef66ed9,hash,f1.bin,hash,1.177958,2097152,,,blake3
2,22,2026-03-11T12:25:20.133704Z,elea,0.1.1,ef66ed9,hash,f5.bin,hash,1.168917,2097152,,,blake3
2,22,2026-03-11T12:25:20.135623Z,elea,0.1.1,ef66ed9,add,f2.bin,backend_store,0.418167,2097152,,None,blake3
2,22,2026-03-11T12:25:20.135659Z,elea,0.1.1,ef66ed9,add,f4.bin,backend_store,0.4325,2097152,,None,blake3
2,22,2026-03-11T12:25:20.135733Z,elea,0.1.1,ef66ed9,add,f3.bin,backend_store,0.490875,2097152,,None,blake3
2,22,2026-03-11T12:25:20.135782Z,elea,0.1.1,ef66ed9,add,f1.bin,backend_store,0.485084,2097152,,None,blake3
2,22,2026-03-11T12:25:20.135784Z,elea,0.1.1,ef66ed9,add,f2.bin,add_file_total,3.284792,2097152,,None,blake3
2,22,2026-03-11T12:25:20.135818Z,elea,0.1.1,ef66ed9,add,f5.bin,backend_store,0.496958,2097152,,None,blake3
2,22,2026-03-11T12:25:20.135853Z,elea,0.1.1,ef66ed9,add,f4.bin,add_file_total,3.379292,2097152,,None,blake3
2,22,2026-03-11T12:25:20.135972Z,elea,0.1.1,ef66ed9,add,f3.bin,add_file_total,3.4710409999999996,2097152,,None,blake3
2,22,2026-03-11T12:25:20.136009Z,elea,0.1.1,ef66ed9,add,f1.bin,add_file_total,3.5125830000000002,2097152,,None,blake3
2,22,2026-03-11T12:25:20.136041Z,elea,0.1.1,ef66ed9,add,f5.bin,add_file_total,3.544167,2097152,,None,blake3
2,22,2026-03-11T12:25:20.136101Z,elea,0.1.1,ef66ed9,add,,add_total,3.6583330000000003,,5,None,blake3
2,23,2026-03-11T12:25:20.183208Z,elea,0.1.1,ef66ed9,hash,f3.bin,hash,1.1750420000000001,2097152,,,blake3
2,23,2026-03-11T12:25:20.183191Z,elea,0.1.1,ef66ed9,hash,f5.bin,hash,1.17,2097152,,,blake3
2,23,2026-03-11T12:25:20.183184Z,elea,0.1.1,ef66ed9,hash,f2.bin,hash,1.171875,2097152,,,blake3
2,23,2026-03-11T12:25:20.183216Z,elea,0.1.1,ef66ed9,hash,f1.bin,hash,1.184334,2097152,,,blake3
2,23,2026-03-11T12:25:20.183166Z,elea,0.1.1,ef66ed9,hash,f4.bin,hash,1.169542,2097152,,,blake3
2,23,2026-03-11T12:25:20.185119Z,elea,0.1.1,ef66ed9,add,f3.bin,backend_store,0.425792,2097152,,None,blake3
2,23,2026-03-11T12:25:20.185158Z,elea,0.1.1,ef66ed9,add,f5.bin,backend_store,0.384,2097152,,None,blake3
2,23,2026-03-11T12:25:20.185232Z,elea,0.1.1,ef66ed9,add,f2.bin,backend_store,0.504875,2097152,,None,blake3
2,23,2026-03-11T12:25:20.185268Z,elea,0.1.1,ef66ed9,add,f3.bin,add_file_total,3.281416,2097152,,None,blake3
2,23,2026-03-11T12:25:20.18534Z,elea,0.1.1,ef66ed9,add,f4.bin,backend_store,0.627375,2097152,,None,blake3
2,23,2026-03-11T12:25:20.185358Z,elea,0.1.1,ef66ed9,add,f5.bin,add_file_total,3.3777500000000003,2097152,,None,blake3
2,23,2026-03-11T12:25:20.185368Z,elea,0.1.1,ef66ed9,add,f1.bin,backend_store,0.6059169999999999,2097152,,None,blake3
2,23,2026-03-11T12:25:20.185465Z,elea,0.1.1,ef66ed9,add,f2.bin,add_file_total,3.4775,2097152,,None,blake3
2,23,2026-03-11T12:25:20.185519Z,elea,0.1.1,ef66ed9,add,f4.bin,add_file_total,3.55975,2097152,,None,blake3
2,23,2026-03-11T12:25:20.185549Z,elea,0.1.1,ef66ed9,add,f1.bin,add_file_total,3.5638750000000003,2097152,,None,blake3
2,23,2026-03-11T12:25:20.185602Z,elea,0.1.1,ef66ed9,add,,add_total,3.669,,5,None,blake3
2,24,2026-03-11T12:25:20.232339Z,elea,0.1.1,ef66ed9,hash,f5.bin,hash,1.17025,2097152,,,blake3
2,24,2026-03-11T12:25:20.232303Z,elea,0.1.1,ef66ed9,hash,f4.bin,hash,1.169084,2097152,,,blake3
2,24,2026-03-11T12:25:20.232356Z,elea,0.1.1,ef66ed9,hash,f3.bin,hash,1.1839579999999998,2097152,,,blake3
2,24,2026-03-11T12:25:20.232327Z,elea,0.1.1,ef66ed9,hash,f1.bin,hash,1.175917,2097152,,,blake3
2,24,2026-03-11T12:25:20.232318Z,elea,0.1.1,ef66ed9,hash,f2.bin,hash,1.175917,2097152,,,blake3
2,24,2026-03-11T12:25:20.234145Z,elea,0.1.1,ef66ed9,add,f4.bin,backend_store,0.460542,2097152,,None,blake3
2,24,2026-03-11T12:25:20.234208Z,elea,0.1.1,ef66ed9,add,f3.bin,backend_store,0.509291,2097152,,None,blake3
2,24,2026-03-11T12:25:20.234215Z,elea,0.1.1,ef66ed9,add,f5.bin,backend_store,0.5526669999999999,2097152,,None,blake3
2,24,2026-03-11T12:25:20.23423Z,elea,0.1.1,ef66ed9,add,f2.bin,backend_store,0.472917,2097152,,None,blake3
2,24,2026-03-11T12:25:20.234276Z,elea,0.1.1,ef66ed9,add,f1.bin,backend_store,0.5459590000000001,2097152,,None,blake3
2,24,2026-03-11T12:25:20.234297Z,elea,0.1.1,ef66ed9,add,f4.bin,add_file_total,3.196708,2097152,,None,blake3
2,24,2026-03-11T12:25:20.234363Z,elea,0.1.1,ef66ed9,add,f3.bin,add_file_total,3.241875,2097152,,None,blake3
2,24,2026-03-11T12:25:20.234413Z,elea,0.1.1,ef66ed9,add,f5.bin,add_file_total,3.288834,2097152,,None,blake3
2,24,2026-03-11T12:25:20.234449Z,elea,0.1.1,ef66ed9,add,f2.bin,add_file_total,3.332208,2097152,,None,blake3
2,24,2026-03-11T12:25:20.234481Z,elea,0.1.1,ef66ed9,add,f1.bin,add_file_total,3.359959,2097152,,None,blake3
2,24,2026-03-11T12:25:20.234548Z,elea,0.1.1,ef66ed9,add,,add_total,3.4746669999999997,,5,None,blake3
2,25,2026-03-11T12:25:20.280961Z,elea,0.1.1,ef66ed9,hash,f2.bin,hash,1.1707919999999998,2097152,,,blake3
2,25,2026-03-11T12:25:20.280971Z,elea,0.1.1,ef66ed9,hash,f4.bin,hash,1.172833,2097152,,,blake3
2,25,2026-03-11T12:25:20.280952Z,elea,0.1.1,ef66ed9,hash,f3.bin,hash,1.171625,2097152,,,blake3
2,25,2026-03-11T12:25:20.280944Z,elea,0.1.1,ef66ed9,hash,f1.bin,hash,1.175541,2097152,,,blake3
2,25,2026-03-11T12:25:20.280934Z,elea,0.1.1,ef66ed9,hash,f5.bin,hash,1.176583,2097152,,,blake3
2,25,2026-03-11T12:25:20.282882Z,elea,0.1.1,ef66ed9,add,f2.bin,backend_store,0.449875,2097152,,None,blake3
2,25,2026-03-11T12:25:20.282921Z,elea,0.1.1,ef66ed9,add,f4.bin,backend_store,0.46516599999999997,2097152,,None,blake3
2,25,2026-03-11T12:25:20.28294Z,elea,0.1.1,ef66ed9,add,f1.bin,backend_store,0.44387499999999996,2097152,,None,blake3
2,25,2026-03-11T12:25:20.282978Z,elea,0.1.1,ef66ed9,add,f3.bin,backend_store,0.49808299999999994,2097152,,None,blake3
2,25,2026-03-11T12:25:20.283049Z,elea,0.1.1,ef66ed9,add,f5.bin,backend_store,0.52925,2097152,,None,blake3
2,25,2026-03-11T12:25:20.283085Z,elea,0.1.1,ef66ed9,add,f2.bin,add_file_total,3.343792,2097152,,None,blake3
2,25,2026-03-11T12:25:20.283128Z,elea,0.1.1,ef66ed9,add,f4.bin,add_file_total,3.3832910000000003,2097152,,None,blake3
2,25,2026-03-11T12:25:20.283177Z,elea,0.1.1,ef66ed9,add,f3.bin,add_file_total,3.43725,2097152,,None,blake3
2,25,2026-03-11T12:25:20.283211Z,elea,0.1.1,ef66ed9,add,f5.bin,add_file_total,3.4932499999999997,2097152,,None,blake3
2,25,2026-03-11T12:25:20.283255Z,elea,0.1.1,ef66ed9,add,f1.bin,add_file_total,3.520791,2097152,,None,blake3
2,25,2026-03-11T12:25:20.283308Z,elea,0.1.1,ef66ed9,add,,add_total,3.619209,,5,None,blake3
5,1,2026-03-11T12:25:20.370334Z,elea,0.1.1,ef66ed9,hash,f1.bin,hash,2.985209,5242880,,,blake3
5,1,2026-03-11T12:25:20.370241Z,elea,0.1.1,ef66ed9,hash,f5.bin,hash,2.884334,5242880,,,blake3
5,1,2026-03-11T12:25:20.37027Z,elea,0.1.1,ef66ed9,hash,f2.bin,hash,2.949208,5242880,,,blake3
5,1,2026-03-11T12:25:20.370322Z,elea,0.1.1,ef66ed9,hash,f4.bin,hash,2.947834,5242880,,,blake3
5,1,2026-03-11T12:25:20.370289Z,elea,0.1.1,ef66ed9,hash,f3.bin,hash,2.8973750000000003,5242880,,,blake3
5,1,2026-03-11T12:25:20.372662Z,elea,0.1.1,ef66ed9,add,f2.bin,backend_store,0.499917,5242880,,None,blake3
5,1,2026-03-11T12:25:20.372674Z,elea,0.1.1,ef66ed9,add,f1.bin,backend_store,0.541334,5242880,,None,blake3
5,1,2026-03-11T12:25:20.372688Z,elea,0.1.1,ef66ed9,add,f5.bin,backend_store,0.5525420000000001,5242880,,None,blake3
5,1,2026-03-11T12:25:20.372703Z,elea,0.1.1,ef66ed9,add,f3.bin,backend_store,0.474,5242880,,None,blake3
5,1,2026-03-11T12:25:20.372719Z,elea,0.1.1,ef66ed9,add,f4.bin,backend_store,0.530083,5242880,,None,blake3
5,1,2026-03-11T12:25:20.372858Z,elea,0.1.1,ef66ed9,add,f2.bin,add_file_total,5.573625,5242880,,None,blake3
5,1,2026-03-11T12:25:20.372908Z,elea,0.1.1,ef66ed9,add,f1.bin,add_file_total,5.600084,5242880,,None,blake3
5,1,2026-03-11T12:25:20.37296Z,elea,0.1.1,ef66ed9,add,f5.bin,add_file_total,5.649792,5242880,,None,blake3
5,1,2026-03-11T12:25:20.37301Z,elea,0.1.1,ef66ed9,add,f3.bin,add_file_total,5.697167,5242880,,None,blake3
5,1,2026-03-11T12:25:20.373057Z,elea,0.1.1,ef66ed9,add,f4.bin,add_file_total,5.7481670000000005,5242880,,None,blake3
5,1,2026-03-11T12:25:20.373119Z,elea,0.1.1,ef66ed9,add,,add_total,5.8625,,5,None,blake3
5,2,2026-03-11T12:25:20.456462Z,elea,0.1.1,ef66ed9,hash,f2.bin,hash,2.9554579999999997,5242880,,,blake3
5,2,2026-03-11T12:25:20.45641Z,elea,0.1.1,ef66ed9,hash,f5.bin,hash,2.855416,5242880,,,blake3
5,2,2026-03-11T12:25:20.456422Z,elea,0.1.1,ef66ed9,hash,f1.bin,hash,2.902792,5242880,,,blake3
5,2,2026-03-11T12:25:20.456431Z,elea,0.1.1,ef66ed9,hash,f4.bin,hash,2.919042,5242880,,,blake3
5,2,2026-03-11T12:25:20.456393Z,elea,0.1.1,ef66ed9,hash,f3.bin,hash,2.871125,5242880,,,blake3
5,2,2026-03-11T12:25:20.458691Z,elea,0.1.1,ef66ed9,add,f2.bin,backend_store,0.505125,5242880,,None,blake3
5,2,2026-03-11T12:25:20.458698Z,elea,0.1.1,ef66ed9,add,f5.bin,backend_store,0.49616600000000005,5242880,,None,blake3
5,2,2026-03-11T12:25:20.458712Z,elea,0.1.1,ef66ed9,add,f1.bin,backend_store,0.476375,5242880,,None,blake3
5,2,2026-03-11T12:25:20.4588Z,elea,0.1.1,ef66ed9,add,f3.bin,backend_store,0.521875,5242880,,None,blake3
5,2,2026-03-11T12:25:20.458839Z,elea,0.1.1,ef66ed9,add,f4.bin,backend_store,0.580875,5242880,,None,blake3
5,2,2026-03-11T12:25:20.458909Z,elea,0.1.1,ef66ed9,add,f5.bin,add_file_total,5.457958,5242880,,None,blake3
5,2,2026-03-11T12:25:20.45896Z,elea,0.1.1,ef66ed9,add,f2.bin,add_file_total,5.507333,5242880,,None,blake3
5,2,2026-03-11T12:25:20.459005Z,elea,0.1.1,ef66ed9,add,f1.bin,add_file_total,5.543958,5242880,,None,blake3
5,2,2026-03-11T12:25:20.459051Z,elea,0.1.1,ef66ed9,add,f3.bin,add_file_total,5.5982080000000005,5242880,,None,blake3
5,2,2026-03-11T12:25:20.459085Z,elea,0.1.1,ef66ed9,add,f4.bin,add_file_total,5.652500000000001,5242880,,None,blake3
5,2,2026-03-11T12:25:20.45913Z,elea,0.1.1,ef66ed9,add,,add_total,5.731167,,5,None,blake3
5,3,2026-03-11T12:25:20.542743Z,elea,0.1.1,ef66ed9,hash,f1.bin,hash,2.946417,5242880,,,blake3
5,3,2026-03-11T12:25:20.542766Z,elea,0.1.1,ef66ed9,hash,f3.bin,hash,2.959667,5242880,,,blake3
5,3,2026-03-11T12:25:20.542752Z,elea,0.1.1,ef66ed9,hash,f2.bin,hash,2.958583,5242880,,,blake3
5,3,2026-03-11T12:25:20.542733Z,elea,0.1.1,ef66ed9,hash,f4.bin,hash,2.9467920000000003,5242880,,,blake3
5,3,2026-03-11T12:25:20.542581Z,elea,0.1.1,ef66ed9,hash,f5.bin,hash,2.7544589999999998,5242880,,,blake3
5,3,2026-03-11T12:25:20.544424Z,elea,0.1.1,ef66ed9,add,f1.bin,backend_store,0.461459,5242880,,None,blake3
5,3,2026-03-11T12:25:20.544447Z,elea,0.1.1,ef66ed9,add,f3.bin,backend_store,0.46591699999999997,5242880,,None,blake3
5,3,2026-03-11T12:25:20.544486Z,elea,0.1.1,ef66ed9,add,f2.bin,backend_store,0.467625,5242880,,None,blake3
5,3,2026-03-11T12:25:20.544499Z,elea,0.1.1,ef66ed9,add,f4.bin,backend_store,0.45675,5242880,,None,blake3
5,3,2026-03-11T12:25:20.54452Z,elea,0.1.1,ef66ed9,add,f5.bin,backend_store,0.4535,5242880,,None,blake3
5,3,2026-03-11T12:25:20.544607Z,elea,0.1.1,ef66ed9,add,f1.bin,add_file_total,4.867917,5242880,,None,blake3
5,3,2026-03-11T12:25:20.54465Z,elea,0.1.1,ef66ed9,add,f3.bin,add_file_total,4.906125,5242880,,None,blake3
5,3,2026-03-11T12:25:20.544687Z,elea,0.1.1,ef66ed9,add,f2.bin,add_file_total,4.956333,5242880,,None,blake3
5,3,2026-03-11T12:25:20.544725Z,elea,0.1.1,ef66ed9,add,f4.bin,add_file_total,4.988167,5242880,,None,blake3
5,3,2026-03-11T12:25:20.544759Z,elea,0.1.1,ef66ed9,add,f5.bin,add_file_total,4.987875,5242880,,None,blake3
5,3,2026-03-11T12:25:20.544814Z,elea,0.1.1,ef66ed9,add,,add_total,5.117792000000001,,5,None,blake3
5,4,2026-03-11T12:25:20.630236Z,elea,0.1.1,ef66ed9,hash,f4.bin,hash,2.906167,5242880,,,blake3
5,4,2026-03-11T12:25:20.630274Z,elea,0.1.1,ef66ed9,hash,f3.bin,hash,2.9090000000000003,5242880,,,blake3
5,4,2026-03-11T12:25:20.630194Z,elea,0.1.1,ef66ed9,hash,f5.bin,hash,2.89675,5242880,,,blake3
5,4,2026-03-11T12:25:20.630257Z,elea,0.1.1,ef66ed9,hash,f2.bin,hash,2.9115830000000003,5242880,,,blake3
5,4,2026-03-11T12:25:20.630283Z,elea,0.1.1,ef66ed9,hash,f1.bin,hash,2.960667,5242880,,,blake3
5,4,2026-03-11T12:25:20.632546Z,elea,0.1.1,ef66ed9,add,f4.bin,backend_store,0.51125,5242880,,None,blake3
5,4,2026-03-11T12:25:20.632563Z,elea,0.1.1,ef66ed9,add,f5.bin,backend_store,0.48174999999999996,5242880,,None,blake3
5,4,2026-03-11T12:25:20.632633Z,elea,0.1.1,ef66ed9,add,f3.bin,backend_store,0.579083,5242880,,None,blake3
5,4,2026-03-11T12:25:20.632646Z,elea,0.1.1,ef66ed9,add,f2.bin,backend_store,0.520208,5242880,,None,blake3
5,4,2026-03-11T12:25:20.632705Z,elea,0.1.1,ef66ed9,add,f1.bin,backend_store,0.567583,5242880,,None,blake3
5,4,2026-03-11T12:25:20.632726Z,elea,0.1.1,ef66ed9,add,f4.bin,add_file_total,5.444791,5242880,,None,blake3
5,4,2026-03-11T12:25:20.632849Z,elea,0.1.1,ef66ed9,add,f5.bin,add_file_total,5.588292,5242880,,None,blake3
5,4,2026-03-11T12:25:20.632927Z,elea,0.1.1,ef66ed9,add,f3.bin,add_file_total,5.635833,5242880,,None,blake3
5,4,2026-03-11T12:25:20.632994Z,elea,0.1.1,ef66ed9,add,f2.bin,add_file_total,5.709416999999999,5242880,,None,blake3
5,4,2026-03-11T12:25:20.633051Z,elea,0.1.1,ef66ed9,add,f1.bin,add_file_total,5.771083,5242880,,None,blake3
5,4,2026-03-11T12:25:20.633129Z,elea,0.1.1,ef66ed9,add,,add_total,5.897167,,5,None,blake3
5,5,2026-03-11T12:25:20.715801Z,elea,0.1.1,ef66ed9,hash,f4.bin,hash,2.88575,5242880,,,blake3
5,5,2026-03-11T12:25:20.715769Z,elea,0.1.1,ef66ed9,hash,f5.bin,hash,2.858459,5242880,,,blake3
5,5,2026-03-11T12:25:20.715792Z,elea,0.1.1,ef66ed9,hash,f1.bin,hash,2.901209,5242880,,,blake3
5,5,2026-03-11T12:25:20.715809Z,elea,0.1.1,ef66ed9,hash,f3.bin,hash,2.9017079999999997,5242880,,,blake3
5,5,2026-03-11T12:25:20.715778Z,elea,0.1.1,ef66ed9,hash,f2.bin,hash,2.892375,5242880,,,blake3
5,5,2026-03-11T12:25:20.71802Z,elea,0.1.1,ef66ed9,add,f5.bin,backend_store,0.511541,5242880,,None,blake3
5,5,2026-03-11T12:25:20.718064Z,elea,0.1.1,ef66ed9,add,f4.bin,backend_store,0.5836250000000001,5242880,,None,blake3
5,5,2026-03-11T12:25:20.718081Z,elea,0.1.1,ef66ed9,add,f3.bin,backend_store,0.526667,5242880,,None,blake3
5,5,2026-03-11T12:25:20.718088Z,elea,0.1.1,ef66ed9,add,f2.bin,backend_store,0.494917,5242880,,None,blake3
5,5,2026-03-11T12:25:20.7181Z,elea,0.1.1,ef66ed9,add,f1.bin,backend_store,0.580084,5242880,,None,blake3
5,5,2026-03-11T12:25:20.7182Z,elea,0.1.1,ef66ed9,add,f5.bin,add_file_total,5.3499159999999994,5242880,,None,blake3
5,5,2026-03-11T12:25:20.718281Z,elea,0.1.1,ef66ed9,add,f4.bin,add_file_total,5.433917,5242880,,None,blake3
5,5,2026-03-11T12:25:20.718345Z,elea,0.1.1,ef66ed9,add,f3.bin,add_file_total,5.494917,5242880,,None,blake3
5,5,2026-03-11T12:25:20.718391Z,elea,0.1.1,ef66ed9,add,f2.bin,add_file_total,5.537084,5242880,,None,blake3
5,5,2026-03-11T12:25:20.718419Z,elea,0.1.1,ef66ed9,add,f1.bin,add_file_total,5.5850409999999995,5242880,,None,blake3
5,5,2026-03-11T12:25:20.718464Z,elea,0.1.1,ef66ed9,add,,add_total,5.671416000000001,,5,None,blake3
5,6,2026-03-11T12:25:20.801426Z,elea,0.1.1,ef66ed9,hash,f3.bin,hash,2.9151670000000003,5242880,,,blake3
5,6,2026-03-11T12:25:20.801405Z,elea,0.1.1,ef66ed9,hash,f2.bin,hash,2.894334,5242880,,,blake3
5,6,2026-03-11T12:25:20.801438Z,elea,0.1.1,ef66ed9,hash,f4.bin,hash,2.895125,5242880,,,blake3
5,6,2026-03-11T12:25:20.801448Z,elea,0.1.1,ef66ed9,hash,f5.bin,hash,2.883625,5242880,,,blake3
5,6,2026-03-11T12:25:20.801394Z,elea,0.1.1,ef66ed9,hash,f1.bin,hash,2.9017090000000003,5242880,,,blake3
5,6,2026-03-11T12:25:20.803615Z,elea,0.1.1,ef66ed9,add,f2.bin,backend_store,0.474875,5242880,,None,blake3
5,6,2026-03-11T12:25:20.803661Z,elea,0.1.1,ef66ed9,add,f5.bin,backend_store,0.446958,5242880,,None,blake3
5,6,2026-03-11T12:25:20.80367Z,elea,0.1.1,ef66ed9,add,f3.bin,backend_store,0.541875,5242880,,None,blake3
5,6,2026-03-11T12:25:20.803692Z,elea,0.1.1,ef66ed9,add,f4.bin,backend_store,0.516083,5242880,,None,blake3
5,6,2026-03-11T12:25:20.803755Z,elea,0.1.1,ef66ed9,add,f1.bin,backend_store,0.5402910000000001,5242880,,None,blake3
5,6,2026-03-11T12:25:20.803781Z,elea,0.1.1,ef66ed9,add,f2.bin,add_file_total,5.327333,5242880,,None,blake3
5,6,2026-03-11T12:25:20.803846Z,elea,0.1.1,ef66ed9,add,f3.bin,add_file_total,5.395167,5242880,,None,blake3
5,6,2026-03-11T12:25:20.803925Z,elea,0.1.1,ef66ed9,add,f5.bin,add_file_total,5.472125,5242880,,None,blake3
5,6,2026-03-11T12:25:20.803991Z,elea,0.1.1,ef66ed9,add,f4.bin,add_file_total,5.530125,5242880,,None,blake3
5,6,2026-03-11T12:25:20.804068Z,elea,0.1.1,ef66ed9,add,f1.bin,add_file_total,5.6245,5242880,,None,blake3
5,6,2026-03-11T12:25:20.804143Z,elea,0.1.1,ef66ed9,add,,add_total,5.730209,,5,None,blake3
5,7,2026-03-11T12:25:20.887787Z,elea,0.1.1,ef66ed9,hash,f5.bin,hash,2.921584,5242880,,,blake3
5,7,2026-03-11T12:25:20.887805Z,elea,0.1.1,ef66ed9,hash,f1.bin,hash,2.986875,5242880,,,blake3
5,7,2026-03-11T12:25:20.887829Z,elea,0.1.1,ef66ed9,hash,f3.bin,hash,2.9585000000000004,5242880,,,blake3
5,7,2026-03-11T12:25:20.887768Z,elea,0.1.1,ef66ed9,hash,f2.bin,hash,2.949792,5242880,,,blake3
5,7,2026-03-11T12:25:20.887816Z,elea,0.1.1,ef66ed9,hash,f4.bin,hash,2.924125,5242880,,,blake3
5,7,2026-03-11T12:25:20.889859Z,elea,0.1.1,ef66ed9,add,f5.bin,backend_store,0.39304100000000003,5242880,,None,blake3
5,7,2026-03-11T12:25:20.889899Z,elea,0.1.1,ef66ed9,add,f3.bin,backend_store,0.3765,5242880,,None,blake3
5,7,2026-03-11T12:25:20.88999Z,elea,0.1.1,ef66ed9,add,f1.bin,backend_store,0.502541,5242880,,None,blake3
5,7,2026-03-11T12:25:20.889998Z,elea,0.1.1,ef66ed9,add,f2.bin,backend_store,0.451833,5242880,,None,blake3
5,7,2026-03-11T12:25:20.890031Z,elea,0.1.1,ef66ed9,add,f5.bin,add_file_total,5.245083,5242880,,None,blake3
5,7,2026-03-11T12:25:20.890046Z,elea,0.1.1,ef66ed9,add,f4.bin,backend_store,0.45608299999999996,5242880,,None,blake3
5,7,2026-03-11T12:25:20.890083Z,elea,0.1.1,ef66ed9,add,f3.bin,add_file_total,5.2946670000000005,5242880,,None,blake3
5,7,2026-03-11T12:25:20.890166Z,elea,0.1.1,ef66ed9,add,f1.bin,add_file_total,5.403207999999999,5242880,,None,blake3
5,7,2026-03-11T12:25:20.890243Z,elea,0.1.1,ef66ed9,add,f2.bin,add_file_total,5.454708,5242880,,None,blake3
5,7,2026-03-11T12:25:20.890298Z,elea,0.1.1,ef66ed9,add,f4.bin,add_file_total,5.508667,5242880,,None,blake3
5,7,2026-03-11T12:25:20.890384Z,elea,0.1.1,ef66ed9,add,,add_total,5.643708,,5,None,blake3
5,8,2026-03-11T12:25:20.977159Z,elea,0.1.1,ef66ed9,hash,f5.bin,hash,3.0157920000000003,5242880,,,blake3
5,8,2026-03-11T12:25:20.977189Z,elea,0.1.1,ef66ed9,hash,f2.bin,hash,3.024584,5242880,,,blake3
5,8,2026-03-11T12:25:20.977203Z,elea,0.1.1,ef66ed9,hash,f1.bin,hash,3.046666,5242880,,,blake3
5,8,2026-03-11T12:25:20.977113Z,elea,0.1.1,ef66ed9,hash,f3.bin,hash,2.921084,5242880,,,blake3
5,8,2026-03-11T12:25:20.977147Z,elea,0.1.1,ef66ed9,hash,f4.bin,hash,2.971667,5242880,,,blake3
5,8,2026-03-11T12:25:20.979497Z,elea,0.1.1,ef66ed9,add,f5.bin,backend_store,0.571292,5242880,,None,blake3
5,8,2026-03-11T12:25:20.979686Z,elea,0.1.1,ef66ed9,add,f5.bin,add_file_total,5.598833,5242880,,None,blake3
5,8,2026-03-11T12:25:20.979756Z,elea,0.1.1,ef66ed9,add,f4.bin,backend_store,0.688667,5242880,,None,blake3
5,8,2026-03-11T12:25:20.979885Z,elea,0.1.1,ef66ed9,add,f1.bin,backend_store,0.8784580000000001,5242880,,None,blake3
5,8,2026-03-11T12:25:20.979926Z,elea,0.1.1,ef66ed9,add,f2.bin,backend_store,0.941958,5242880,,None,blake3
5,8,2026-03-11T12:25:20.979941Z,elea,0.1.1,ef66ed9,add,f4.bin,add_file_total,5.837625,5242880,,None,blake3
5,8,2026-03-11T12:25:20.97995Z,elea,0.1.1,ef66ed9,add,f3.bin,backend_store,0.890875,5242880,,None,blake3
5,8,2026-03-11T12:25:20.980044Z,elea,0.1.1,ef66ed9,add,f1.bin,add_file_total,5.95825,5242880,,None,blake3
5,8,2026-03-11T12:25:20.9801Z,elea,0.1.1,ef66ed9,add,f2.bin,add_file_total,6.013166,5242880,,None,blake3
5,8,2026-03-11T12:25:20.980151Z,elea,0.1.1,ef66ed9,add,f3.bin,add_file_total,6.0632079999999995,5242880,,None,blake3
5,8,2026-03-11T12:25:20.980216Z,elea,0.1.1,ef66ed9,add,,add_total,6.18075,,5,None,blake3
5,9,2026-03-11T12:25:21.070109Z,elea,0.1.1,ef66ed9,hash,f1.bin,hash,3.210375,5242880,,,blake3
5,9,2026-03-11T12:25:21.069926Z,elea,0.1.1,ef66ed9,hash,f2.bin,hash,3.0307910000000002,5242880,,,blake3
5,9,2026-03-11T12:25:21.069955Z,elea,0.1.1,ef66ed9,hash,f5.bin,hash,3.036125,5242880,,,blake3
5,9,2026-03-11T12:25:21.069965Z,elea,0.1.1,ef66ed9,hash,f3.bin,hash,3.055833,5242880,,,blake3
5,9,2026-03-11T12:25:21.069948Z,elea,0.1.1,ef66ed9,hash,f4.bin,hash,3.0664160000000003,5242880,,,blake3
5,9,2026-03-11T12:25:21.072091Z,elea,0.1.1,ef66ed9,add,f1.bin,backend_store,0.444,5242880,,None,blake3
5,9,2026-03-11T12:25:21.072117Z,elea,0.1.1,ef66ed9,add,f5.bin,backend_store,0.41120799999999996,5242880,,None,blake3
5,9,2026-03-11T12:25:21.072186Z,elea,0.1.1,ef66ed9,add,f2.bin,backend_store,0.519834,5242880,,None,blake3
5,9,2026-03-11T12:25:21.072199Z,elea,0.1.1,ef66ed9,add,f4.bin,backend_store,0.43925000000000003,5242880,,None,blake3
5,9,2026-03-11T12:25:21.07231Z,elea,0.1.1,ef66ed9,add,f1.bin,add_file_total,5.453417,5242880,,None,blake3
5,9,2026-03-11T12:25:21.072343Z,elea,0.1.1,ef66ed9,add,f3.bin,backend_store,0.5373749999999999,5242880,,None,blake3
5,9,2026-03-11T12:25:21.072381Z,elea,0.1.1,ef66ed9,add,f5.bin,add_file_total,5.518042,5242880,,None,blake3
5,9,2026-03-11T12:25:21.07245Z,elea,0.1.1,ef66ed9,add,f2.bin,add_file_total,5.596667,5242880,,None,blake3
5,9,2026-03-11T12:25:21.072508Z,elea,0.1.1,ef66ed9,add,f4.bin,add_file_total,5.663791,5242880,,None,blake3
5,9,2026-03-11T12:25:21.072561Z,elea,0.1.1,ef66ed9,add,f3.bin,add_file_total,5.703875,5242880,,None,blake3
5,9,2026-03-11T12:25:21.072624Z,elea,0.1.1,ef66ed9,add,,add_total,5.820041,,5,None,blake3
5,10,2026-03-11T12:25:21.159811Z,elea,0.1.1,ef66ed9,hash,f5.bin,hash,2.9345,5242880,,,blake3
5,10,2026-03-11T12:25:21.159753Z,elea,0.1.1,ef66ed9,hash,f4.bin,hash,2.916083,5242880,,,blake3
5,10,2026-03-11T12:25:21.15978Z,elea,0.1.1,ef66ed9,hash,f3.bin,hash,2.9182919999999997,5242880,,,blake3
5,10,2026-03-11T12:25:21.159788Z,elea,0.1.1,ef66ed9,hash,f1.bin,hash,2.93975,5242880,,,blake3
5,10,2026-03-11T12:25:21.159743Z,elea,0.1.1,ef66ed9,hash,f2.bin,hash,2.925084,5242880,,,blake3
5,10,2026-03-11T12:25:21.161912Z,elea,0.1.1,ef66ed9,add,f5.bin,backend_store,0.558708,5242880,,None,blake3
5,10,2026-03-11T12:25:21.161923Z,elea,0.1.1,ef66ed9,add,f4.bin,backend_store,0.553041,5242880,,None,blake3
5,10,2026-03-11T12:25:21.161928Z,elea,0.1.1,ef66ed9,add,f1.bin,backend_store,0.496875,5242880,,None,blake3
5,10,2026-03-11T12:25:21.161951Z,elea,0.1.1,ef66ed9,add,f3.bin,backend_store,0.5501250000000001,5242880,,None,blake3
5,10,2026-03-11T12:25:21.161979Z,elea,0.1.1,ef66ed9,add,f2.bin,backend_store,0.52225,5242880,,None,blake3
5,10,2026-03-11T12:25:21.162086Z,elea,0.1.1,ef66ed9,add,f5.bin,add_file_total,5.287042,5242880,,None,blake3
5,10,2026-03-11T12:25:21.162129Z,elea,0.1.1,ef66ed9,add,f4.bin,add_file_total,5.335999999999999,5242880,,None,blake3
5,10,2026-03-11T12:25:21.1622Z,elea,0.1.1,ef66ed9,add,f1.bin,add_file_total,5.406000000000001,5242880,,None,blake3
5,10,2026-03-11T12:25:21.162249Z,elea,0.1.1,ef66ed9,add,f3.bin,add_file_total,5.453083,5242880,,None,blake3
5,10,2026-03-11T12:25:21.162294Z,elea,0.1.1,ef66ed9,add,f2.bin,add_file_total,5.515917,5242880,,None,blake3
5,10,2026-03-11T12:25:21.162346Z,elea,0.1.1,ef66ed9,add,,add_total,5.59925,,5,None,blake3
5,11,2026-03-11T12:25:21.248361Z,elea,0.1.1,ef66ed9,hash,f1.bin,hash,2.92325,5242880,,,blake3
5,11,2026-03-11T12:25:21.248352Z,elea,0.1.1,ef66ed9,hash,f4.bin,hash,2.900416,5242880,,,blake3
5,11,2026-03-11T12:25:21.248321Z,elea,0.1.1,ef66ed9,hash,f3.bin,hash,2.8461250000000002,5242880,,,blake3
5,11,2026-03-11T12:25:21.248344Z,elea,0.1.1,ef66ed9,hash,f5.bin,hash,2.863833,5242880,,,blake3
5,11,2026-03-11T12:25:21.248369Z,elea,0.1.1,ef66ed9,hash,f2.bin,hash,2.906542,5242880,,,blake3
5,11,2026-03-11T12:25:21.250601Z,elea,0.1.1,ef66ed9,add,f4.bin,backend_store,0.46299999999999997,5242880,,None,blake3
5,11,2026-03-11T12:25:21.25066Z,elea,0.1.1,ef66ed9,add,f1.bin,backend_store,0.526375,5242880,,None,blake3
5,11,2026-03-11T12:25:21.250681Z,elea,0.1.1,ef66ed9,add,f3.bin,backend_store,0.511333,5242880,,None,blake3
5,11,2026-03-11T12:25:21.250722Z,elea,0.1.1,ef66ed9,add,f5.bin,backend_store,0.511083,5242880,,None,blake3
5,11,2026-03-11T12:25:21.250757Z,elea,0.1.1,ef66ed9,add,f2.bin,backend_store,0.522209,5242880,,None,blake3
5,11,2026-03-11T12:25:21.250779Z,elea,0.1.1,ef66ed9,add,f4.bin,add_file_total,5.369542,5242880,,None,blake3
5,11,2026-03-11T12:25:21.25082Z,elea,0.1.1,ef66ed9,add,f1.bin,add_file_total,5.417667,5242880,,None,blake3
5,11,2026-03-11T12:25:21.250862Z,elea,0.1.1,ef66ed9,add,f3.bin,add_file_total,5.449333,5242880,,None,blake3
5,11,2026-03-11T12:25:21.250911Z,elea,0.1.1,ef66ed9,add,f5.bin,add_file_total,5.511125000000001,5242880,,None,blake3
5,11,2026-03-11T12:25:21.250963Z,elea,0.1.1,ef66ed9,add,f2.bin,add_file_total,5.560209,5242880,,None,blake3
5,11,2026-03-11T12:25:21.251025Z,elea,0.1.1,ef66ed9,add,,add_total,5.668292,,5,None,blake3
5,12,2026-03-11T12:25:21.346415Z,elea,0.1.1,ef66ed9,hash,f2.bin,hash,2.924084,5242880,,,blake3
5,12,2026-03-11T12:25:21.346387Z,elea,0.1.1,ef66ed9,hash,f3.bin,hash,2.893208,5242880,,,blake3
5,12,2026-03-11T12:25:21.346404Z,elea,0.1.1,ef66ed9,hash,f1.bin,hash,2.867875,5242880,,,blake3
5,12,2026-03-11T12:25:21.346365Z,elea,0.1.1,ef66ed9,hash,f5.bin,hash,2.849584,5242880,,,blake3
5,12,2026-03-11T12:25:21.346432Z,elea,0.1.1,ef66ed9,hash,f4.bin,hash,2.912,5242880,,,blake3
5,12,2026-03-11T12:25:21.34906Z,elea,0.1.1,ef66ed9,add,f3.bin,backend_store,0.545208,5242880,,None,blake3
5,12,2026-03-11T12:25:21.349077Z,elea,0.1.1,ef66ed9,add,f2.bin,backend_store,0.583208,5242880,,None,blake3
5,12,2026-03-11T12:25:21.349092Z,elea,0.1.1,ef66ed9,add,f5.bin,backend_store,0.509792,5242880,,None,blake3
5,12,2026-03-11T12:25:21.349113Z,elea,0.1.1,ef66ed9,add,f1.bin,backend_store,0.5694170000000001,5242880,,None,blake3
5,12,2026-03-11T12:25:21.349155Z,elea,0.1.1,ef66ed9,add,f4.bin,backend_store,0.555875,5242880,,None,blake3
5,12,2026-03-11T12:25:21.349264Z,elea,0.1.1,ef66ed9,add,f2.bin,add_file_total,5.82575,5242880,,None,blake3
5,12,2026-03-11T12:25:21.349306Z,elea,0.1.1,ef66ed9,add,f3.bin,add_file_total,5.875166,5242880,,None,blake3
5,12,2026-03-11T12:25:21.349357Z,elea,0.1.1,ef66ed9,add,f1.bin,add_file_total,5.88825,5242880,,None,blake3
5,12,2026-03-11T12:25:21.349402Z,elea,0.1.1,ef66ed9,add,f5.bin,add_file_total,5.929959,5242880,,None,blake3
5,12,2026-03-11T12:25:21.349441Z,elea,0.1.1,ef66ed9,add,f4.bin,add_file_total,5.968458,5242880,,None,blake3
5,12,2026-03-11T12:25:21.349506Z,elea,0.1.1,ef66ed9,add,,add_total,6.107292,,5,None,blake3
5,13,2026-03-11T12:25:21.437677Z,elea,0.1.1,ef66ed9,hash,f4.bin,hash,3.0315,5242880,,,blake3
5,13,2026-03-11T12:25:21.437617Z,elea,0.1.1,ef66ed9,hash,f1.bin,hash,2.9819579999999997,5242880,,,blake3
5,13,2026-03-11T12:25:21.437646Z,elea,0.1.1,ef66ed9,hash,f5.bin,hash,2.989875,5242880,,,blake3
5,13,2026-03-11T12:25:21.437662Z,elea,0.1.1,ef66ed9,hash,f3.bin,hash,3.005625,5242880,,,blake3
5,13,2026-03-11T12:25:21.437585Z,elea,0.1.1,ef66ed9,hash,f2.bin,hash,2.968542,5242880,,,blake3
5,13,2026-03-11T12:25:21.439836Z,elea,0.1.1,ef66ed9,add,f1.bin,backend_store,0.47566600000000003,5242880,,None,blake3
5,13,2026-03-11T12:25:21.439846Z,elea,0.1.1,ef66ed9,add,f5.bin,backend_store,0.44958299999999995,5242880,,None,blake3
5,13,2026-03-11T12:25:21.439919Z,elea,0.1.1,ef66ed9,add,f2.bin,backend_store,0.474166,5242880,,None,blake3
5,13,2026-03-11T12:25:21.439927Z,elea,0.1.1,ef66ed9,add,f4.bin,backend_store,0.577125,5242880,,None,blake3
5,13,2026-03-11T12:25:21.439961Z,elea,0.1.1,ef66ed9,add,f3.bin,backend_store,0.537833,5242880,,None,blake3
5,13,2026-03-11T12:25:21.440028Z,elea,0.1.1,ef66ed9,add,f5.bin,add_file_total,5.434125,5242880,,None,blake3
5,13,2026-03-11T12:25:21.440108Z,elea,0.1.1,ef66ed9,add,f1.bin,add_file_total,5.514667,5242880,,None,blake3
5,13,2026-03-11T12:25:21.440175Z,elea,0.1.1,ef66ed9,add,f4.bin,add_file_total,5.585584,5242880,,None,blake3
5,13,2026-03-11T12:25:21.44024Z,elea,0.1.1,ef66ed9,add,f2.bin,add_file_total,5.66425,5242880,,None,blake3
5,13,2026-03-11T12:25:21.440289Z,elea,0.1.1,ef66ed9,add,f3.bin,add_file_total,5.697792,5242880,,None,blake3
5,13,2026-03-11T12:25:21.440359Z,elea,0.1.1,ef66ed9,add,,add_total,5.8281670000000005,,5,None,blake3
5,14,2026-03-11T12:25:21.527698Z,elea,0.1.1,ef66ed9,hash,f2.bin,hash,3.0426670000000002,5242880,,,blake3
5,14,2026-03-11T12:25:21.527589Z,elea,0.1.1,ef66ed9,hash,f5.bin,hash,2.870416,5242880,,,blake3
5,14,2026-03-11T12:25:21.527644Z,elea,0.1.1,ef66ed9,hash,f1.bin,hash,2.921792,5242880,,,blake3
5,14,2026-03-11T12:25:21.527601Z,elea,0.1.1,ef66ed9,hash,f4.bin,hash,2.8935,5242880,,,blake3
5,14,2026-03-11T12:25:21.527615Z,elea,0.1.1,ef66ed9,hash,f3.bin,hash,2.9260409999999997,5242880,,,blake3
5,14,2026-03-11T12:25:21.529753Z,elea,0.1.1,ef66ed9,add,f2.bin,backend_store,0.402,5242880,,None,blake3
5,14,2026-03-11T12:25:21.529816Z,elea,0.1.1,ef66ed9,add,f5.bin,backend_store,0.43291599999999997,5242880,,None,blake3
5,14,2026-03-11T12:25:21.529849Z,elea,0.1.1,ef66ed9,add,f1.bin,backend_store,0.4295,5242880,,None,blake3
5,14,2026-03-11T12:25:21.52987Z,elea,0.1.1,ef66ed9,add,f4.bin,backend_store,0.426209,5242880,,None,blake3
5,14,2026-03-11T12:25:21.529906Z,elea,0.1.1,ef66ed9,add,f3.bin,backend_store,0.442208,5242880,,None,blake3
5,14,2026-03-11T12:25:21.529957Z,elea,0.1.1,ef66ed9,add,f2.bin,add_file_total,5.335875000000001,5242880,,None,blake3
5,14,2026-03-11T12:25:21.53008Z,elea,0.1.1,ef66ed9,add,f1.bin,add_file_total,5.436417,5242880,,None,blake3
5,14,2026-03-11T12:25:21.530117Z,elea,0.1.1,ef66ed9,add,f3.bin,add_file_total,5.479875000000001,5242880,,None,blake3
5,14,2026-03-11T12:25:21.530164Z,elea,0.1.1,ef66ed9,add,f4.bin,add_file_total,5.524,5242880,,None,blake3
5,14,2026-03-11T12:25:21.530214Z,elea,0.1.1,ef66ed9,add,f5.bin,add_file_total,5.571042,5242880,,None,blake3
5,14,2026-03-11T12:25:21.530281Z,elea,0.1.1,ef66ed9,add,,add_total,5.7034579999999995,,5,None,blake3
5,15,2026-03-11T12:25:21.613867Z,elea,0.1.1,ef66ed9,hash,f4.bin,hash,2.903708,5242880,,,blake3
5,15,2026-03-11T12:25:21.613887Z,elea,0.1.1,ef66ed9,hash,f1.bin,hash,2.899375,5242880,,,blake3
5,15,2026-03-11T12:25:21.613911Z,elea,0.1.1,ef66ed9,hash,f2.bin,hash,2.965583,5242880,,,blake3
5,15,2026-03-11T12:25:21.613878Z,elea,0.1.1,ef66ed9,hash,f3.bin,hash,2.9047919999999996,5242880,,,blake3
5,15,2026-03-11T12:25:21.61383Z,elea,0.1.1,ef66ed9,hash,f5.bin,hash,2.875667,5242880,,,blake3
5,15,2026-03-11T12:25:21.616219Z,elea,0.1.1,ef66ed9,add,f4.bin,backend_store,0.507167,5242880,,None,blake3
5,15,2026-03-11T12:25:21.616226Z,elea,0.1.1,ef66ed9,add,f1.bin,backend_store,0.50075,5242880,,None,blake3
5,15,2026-03-11T12:25:21.616237Z,elea,0.1.1,ef66ed9,add,f3.bin,backend_store,0.460334,5242880,,None,blake3
5,15,2026-03-11T12:25:21.616284Z,elea,0.1.1,ef66ed9,add,f2.bin,backend_store,0.489042,5242880,,None,blake3
5,15,2026-03-11T12:25:21.616309Z,elea,0.1.1,ef66ed9,add,f5.bin,backend_store,0.46091699999999997,5242880,,None,blake3
5,15,2026-03-11T12:25:21.616376Z,elea,0.1.1,ef66ed9,add,f4.bin,add_file_total,5.460792,5242880,,None,blake3
5,15,2026-03-11T12:25:21.616443Z,elea,0.1.1,ef66ed9,add,f1.bin,add_file_total,5.513583,5242880,,None,blake3
5,15,2026-03-11T12:25:21.616494Z,elea,0.1.1,ef66ed9,add,f3.bin,add_file_total,5.565874999999999,5242880,,None,blake3
5,15,2026-03-11T12:25:21.616546Z,elea,0.1.1,ef66ed9,add,f5.bin,add_file_total,5.631208,5242880,,None,blake3
5,15,2026-03-11T12:25:21.616582Z,elea,0.1.1,ef66ed9,add,f2.bin,add_file_total,5.673916,5242880,,None,blake3
5,15,2026-03-11T12:25:21.616637Z,elea,0.1.1,ef66ed9,add,,add_total,5.770665999999999,,5,None,blake3
5,16,2026-03-11T12:25:21.702476Z,elea,0.1.1,ef66ed9,hash,f1.bin,hash,2.961208,5242880,,,blake3
5,16,2026-03-11T12:25:21.702487Z,elea,0.1.1,ef66ed9,hash,f2.bin,hash,2.9485,5242880,,,blake3
5,16,2026-03-11T12:25:21.702418Z,elea,0.1.1,ef66ed9,hash,f4.bin,hash,2.8994590000000002,5242880,,,blake3
5,16,2026-03-11T12:25:21.702404Z,elea,0.1.1,ef66ed9,hash,f3.bin,hash,2.903709,5242880,,,blake3
5,16,2026-03-11T12:25:21.702391Z,elea,0.1.1,ef66ed9,hash,f5.bin,hash,2.897292,5242880,,,blake3
5,16,2026-03-11T12:25:21.704757Z,elea,0.1.1,ef66ed9,add,f1.bin,backend_store,0.5095,5242880,,None,blake3
5,16,2026-03-11T12:25:21.704912Z,elea,0.1.1,ef66ed9,add,f4.bin,backend_store,0.5999589999999999,5242880,,None,blake3
5,16,2026-03-11T12:25:21.704939Z,elea,0.1.1,ef66ed9,add,f1.bin,add_file_total,5.473375,5242880,,None,blake3
5,16,2026-03-11T12:25:21.705033Z,elea,0.1.1,ef66ed9,add,f2.bin,backend_store,0.745208,5242880,,None,blake3
5,16,2026-03-11T12:25:21.705072Z,elea,0.1.1,ef66ed9,add,f4.bin,add_file_total,5.603459,5242880,,None,blake3
5,16,2026-03-11T12:25:21.705094Z,elea,0.1.1,ef66ed9,add,f3.bin,backend_store,0.727375,5242880,,None,blake3
5,16,2026-03-11T12:25:21.705117Z,elea,0.1.1,ef66ed9,add,f5.bin,backend_store,0.6874589999999999,5242880,,None,blake3
5,16,2026-03-11T12:25:21.705205Z,elea,0.1.1,ef66ed9,add,f2.bin,add_file_total,5.733875,5242880,,None,blake3
5,16,2026-03-11T12:25:21.705283Z,elea,0.1.1,ef66ed9,add,f3.bin,add_file_total,5.8194170000000005,5242880,,None,blake3
5,16,2026-03-11T12:25:21.705355Z,elea,0.1.1,ef66ed9,add,f5.bin,add_file_total,5.901417,5242880,,None,blake3
5,16,2026-03-11T12:25:21.70543Z,elea,0.1.1,ef66ed9,add,,add_total,6.020542,,5,None,blake3
5,17,2026-03-11T12:25:21.792371Z,elea,0.1.1,ef66ed9,hash,f5.bin,hash,2.980833,5242880,,,blake3
5,17,2026-03-11T12:25:21.792367Z,elea,0.1.1,ef66ed9,hash,f3.bin,hash,2.9501660000000003,5242880,,,blake3
5,17,2026-03-11T12:25:21.792384Z,elea,0.1.1,ef66ed9,hash,f4.bin,hash,2.934917,5242880,,,blake3
5,17,2026-03-11T12:25:21.792397Z,elea,0.1.1,ef66ed9,hash,f2.bin,hash,2.937958,5242880,,,blake3
5,17,2026-03-11T12:25:21.792339Z,elea,0.1.1,ef66ed9,hash,f1.bin,hash,2.897875,5242880,,,blake3
5,17,2026-03-11T12:25:21.794777Z,elea,0.1.1,ef66ed9,add,f3.bin,backend_store,0.4938330000000001,5242880,,None,blake3
5,17,2026-03-11T12:25:21.794792Z,elea,0.1.1,ef66ed9,add,f5.bin,backend_store,0.522792,5242880,,None,blake3
5,17,2026-03-11T12:25:21.794847Z,elea,0.1.1,ef66ed9,add,f4.bin,backend_store,0.536,5242880,,None,blake3
5,17,2026-03-11T12:25:21.794896Z,elea,0.1.1,ef66ed9,add,f1.bin,backend_store,0.522875,5242880,,None,blake3
5,17,2026-03-11T12:25:21.794927Z,elea,0.1.1,ef66ed9,add,f2.bin,backend_store,0.5775,5242880,,None,blake3
5,17,2026-03-11T12:25:21.795314Z,elea,0.1.1,ef66ed9,add,f3.bin,add_file_total,5.944625,5242880,,None,blake3
5,17,2026-03-11T12:25:21.795358Z,elea,0.1.1,ef66ed9,add,f5.bin,add_file_total,6.014041000000001,5242880,,None,blake3
5,17,2026-03-11T12:25:21.795406Z,elea,0.1.1,ef66ed9,add,f4.bin,add_file_total,6.035792,5242880,,None,blake3
5,17,2026-03-11T12:25:21.795455Z,elea,0.1.1,ef66ed9,add,f1.bin,add_file_total,6.0829580000000005,5242880,,None,blake3
5,17,2026-03-11T12:25:21.795496Z,elea,0.1.1,ef66ed9,add,f2.bin,add_file_total,6.119625,5242880,,None,blake3
5,17,2026-03-11T12:25:21.795565Z,elea,0.1.1,ef66ed9,add,,add_total,6.255917,,5,None,blake3
5,18,2026-03-11T12:25:21.882737Z,elea,0.1.1,ef66ed9,hash,f1.bin,hash,2.917542,5242880,,,blake3
5,18,2026-03-11T12:25:21.882672Z,elea,0.1.1,ef66ed9,hash,f5.bin,hash,2.900666,5242880,,,blake3
5,18,2026-03-11T12:25:21.882688Z,elea,0.1.1,ef66ed9,hash,f2.bin,hash,2.904458,5242880,,,blake3
5,18,2026-03-11T12:25:21.882718Z,elea,0.1.1,ef66ed9,hash,f4.bin,hash,2.896417,5242880,,,blake3
5,18,2026-03-11T12:25:21.8827Z,elea,0.1.1,ef66ed9,hash,f3.bin,hash,2.925541,5242880,,,blake3
5,18,2026-03-11T12:25:21.884976Z,elea,0.1.1,ef66ed9,add,f1.bin,backend_store,0.507542,5242880,,None,blake3
5,18,2026-03-11T12:25:21.885049Z,elea,0.1.1,ef66ed9,add,f5.bin,backend_store,0.551333,5242880,,None,blake3
5,18,2026-03-11T12:25:21.885066Z,elea,0.1.1,ef66ed9,add,f3.bin,backend_store,0.468292,5242880,,None,blake3
5,18,2026-03-11T12:25:21.885077Z,elea,0.1.1,ef66ed9,add,f2.bin,backend_store,0.536333,5242880,,None,blake3
5,18,2026-03-11T12:25:21.885169Z,elea,0.1.1,ef66ed9,add,f4.bin,backend_store,0.6095,5242880,,None,blake3
5,18,2026-03-11T12:25:21.885505Z,elea,0.1.1,ef66ed9,add,f5.bin,add_file_total,5.778667,5242880,,None,blake3
5,18,2026-03-11T12:25:21.885566Z,elea,0.1.1,ef66ed9,add,f3.bin,add_file_total,5.8237499999999995,5242880,,None,blake3
5,18,2026-03-11T12:25:21.885652Z,elea,0.1.1,ef66ed9,add,f1.bin,add_file_total,5.898959,5242880,,None,blake3
5,18,2026-03-11T12:25:21.885713Z,elea,0.1.1,ef66ed9,add,f4.bin,add_file_total,5.977459,5242880,,None,blake3
5,18,2026-03-11T12:25:21.885777Z,elea,0.1.1,ef66ed9,add,f2.bin,add_file_total,6.043749999999999,5242880,,None,blake3
5,18,2026-03-11T12:25:21.885855Z,elea,0.1.1,ef66ed9,add,,add_total,6.169542,,5,None,blake3
5,19,2026-03-11T12:25:21.975274Z,elea,0.1.1,ef66ed9,hash,f4.bin,hash,2.897417,5242880,,,blake3
5,19,2026-03-11T12:25:21.975264Z,elea,0.1.1,ef66ed9,hash,f5.bin,hash,2.90775,5242880,,,blake3
5,19,2026-03-11T12:25:21.975305Z,elea,0.1.1,ef66ed9,hash,f3.bin,hash,2.898875,5242880,,,blake3
5,19,2026-03-11T12:25:21.975293Z,elea,0.1.1,ef66ed9,hash,f1.bin,hash,2.902292,5242880,,,blake3
5,19,2026-03-11T12:25:21.97533Z,elea,0.1.1,ef66ed9,hash,f2.bin,hash,2.941542,5242880,,,blake3
5,19,2026-03-11T12:25:21.977462Z,elea,0.1.1,ef66ed9,add,f5.bin,backend_store,0.500208,5242880,,None,blake3
5,19,2026-03-11T12:25:21.977493Z,elea,0.1.1,ef66ed9,add,f1.bin,backend_store,0.483875,5242880,,None,blake3
5,19,2026-03-11T12:25:21.977502Z,elea,0.1.1,ef66ed9,add,f3.bin,backend_store,0.5013329999999999,5242880,,None,blake3
5,19,2026-03-11T12:25:21.977546Z,elea,0.1.1,ef66ed9,add,f4.bin,backend_store,0.6065419999999999,5242880,,None,blake3
5,19,2026-03-11T12:25:21.977645Z,elea,0.1.1,ef66ed9,add,f2.bin,backend_store,0.556125,5242880,,None,blake3
5,19,2026-03-11T12:25:21.977963Z,elea,0.1.1,ef66ed9,add,f5.bin,add_file_total,5.644,5242880,,None,blake3
5,19,2026-03-11T12:25:21.978002Z,elea,0.1.1,ef66ed9,add,f1.bin,add_file_total,5.6683330000000005,5242880,,None,blake3
5,19,2026-03-11T12:25:21.978067Z,elea,0.1.1,ef66ed9,add,f3.bin,add_file_total,5.728625,5242880,,None,blake3
5,19,2026-03-11T12:25:21.978109Z,elea,0.1.1,ef66ed9,add,f2.bin,add_file_total,5.774167,5242880,,None,blake3
5,19,2026-03-11T12:25:21.978158Z,elea,0.1.1,ef66ed9,add,f4.bin,add_file_total,5.824125,5242880,,None,blake3
5,19,2026-03-11T12:25:21.978207Z,elea,0.1.1,ef66ed9,add,,add_total,5.921250000000001,,5,None,blake3
5,20,2026-03-11T12:25:22.068447Z,elea,0.1.1,ef66ed9,hash,f2.bin,hash,2.988834,5242880,,,blake3
5,20,2026-03-11T12:25:22.068495Z,elea,0.1.1,ef66ed9,hash,f4.bin,hash,3.0106249999999997,5242880,,,blake3
5,20,2026-03-11T12:25:22.06843Z,elea,0.1.1,ef66ed9,hash,f3.bin,hash,2.954084,5242880,,,blake3
5,20,2026-03-11T12:25:22.068389Z,elea,0.1.1,ef66ed9,hash,f1.bin,hash,2.966875,5242880,,,blake3
5,20,2026-03-11T12:25:22.068459Z,elea,0.1.1,ef66ed9,hash,f5.bin,hash,3.005666,5242880,,,blake3
5,20,2026-03-11T12:25:22.070429Z,elea,0.1.1,ef66ed9,add,f2.bin,backend_store,0.430583,5242880,,None,blake3
5,20,2026-03-11T12:25:22.07048Z,elea,0.1.1,ef66ed9,add,f3.bin,backend_store,0.418958,5242880,,None,blake3
5,20,2026-03-11T12:25:22.070509Z,elea,0.1.1,ef66ed9,add,f1.bin,backend_store,0.434334,5242880,,None,blake3
5,20,2026-03-11T12:25:22.070533Z,elea,0.1.1,ef66ed9,add,f4.bin,backend_store,0.510458,5242880,,None,blake3
5,20,2026-03-11T12:25:22.070552Z,elea,0.1.1,ef66ed9,add,f5.bin,backend_store,0.441083,5242880,,None,blake3
5,20,2026-03-11T12:25:22.070606Z,elea,0.1.1,ef66ed9,add,f2.bin,add_file_total,5.202459,5242880,,None,blake3
5,20,2026-03-11T12:25:22.070711Z,elea,0.1.1,ef66ed9,add,f3.bin,add_file_total,5.295042,5242880,,None,blake3
5,20,2026-03-11T12:25:22.070797Z,elea,0.1.1,ef66ed9,add,f4.bin,add_file_total,5.388625,5242880,,None,blake3
5,20,2026-03-11T12:25:22.070841Z,elea,0.1.1,ef66ed9,add,f1.bin,add_file_total,5.454709,5242880,,None,blake3
5,20,2026-03-11T12:25:22.070887Z,elea,0.1.1,ef66ed9,add,f5.bin,add_file_total,5.485958,5242880,,None,blake3
5,20,2026-03-11T12:25:22.070965Z,elea,0.1.1,ef66ed9,add,,add_total,5.609292,,5,None,blake3
5,21,2026-03-11T12:25:22.156715Z,elea,0.1.1,ef66ed9,hash,f5.bin,hash,2.889291,5242880,,,blake3
5,21,2026-03-11T12:25:22.156745Z,elea,0.1.1,ef66ed9,hash,f2.bin,hash,2.902208,5242880,,,blake3
5,21,2026-03-11T12:25:22.15676Z,elea,0.1.1,ef66ed9,hash,f3.bin,hash,2.899667,5242880,,,blake3
5,21,2026-03-11T12:25:22.156738Z,elea,0.1.1,ef66ed9,hash,f4.bin,hash,2.9021250000000003,5242880,,,blake3
5,21,2026-03-11T12:25:22.156794Z,elea,0.1.1,ef66ed9,hash,f1.bin,hash,2.943708,5242880,,,blake3
5,21,2026-03-11T12:25:22.159261Z,elea,0.1.1,ef66ed9,add,f5.bin,backend_store,0.438,5242880,,None,blake3
5,21,2026-03-11T12:25:22.159278Z,elea,0.1.1,ef66ed9,add,f3.bin,backend_store,0.412417,5242880,,None,blake3
5,21,2026-03-11T12:25:22.159301Z,elea,0.1.1,ef66ed9,add,f2.bin,backend_store,0.453333,5242880,,None,blake3
5,21,2026-03-11T12:25:22.159314Z,elea,0.1.1,ef66ed9,add,f1.bin,backend_store,0.389,5242880,,None,blake3
5,21,2026-03-11T12:25:22.159353Z,elea,0.1.1,ef66ed9,add,f4.bin,backend_store,0.4595,5242880,,None,blake3
5,21,2026-03-11T12:25:22.159414Z,elea,0.1.1,ef66ed9,add,f5.bin,add_file_total,5.625792,5242880,,None,blake3
5,21,2026-03-11T12:25:22.159466Z,elea,0.1.1,ef66ed9,add,f3.bin,add_file_total,5.671375,5242880,,None,blake3
5,21,2026-03-11T12:25:22.15951Z,elea,0.1.1,ef66ed9,add,f2.bin,add_file_total,5.719417,5242880,,None,blake3
5,21,2026-03-11T12:25:22.159622Z,elea,0.1.1,ef66ed9,add,f1.bin,add_file_total,5.829084,5242880,,None,blake3
5,21,2026-03-11T12:25:22.159671Z,elea,0.1.1,ef66ed9,add,f4.bin,add_file_total,5.883541,5242880,,None,blake3
5,21,2026-03-11T12:25:22.159727Z,elea,0.1.1,ef66ed9,add,,add_total,5.980250000000001,,5,None,blake3
5,22,2026-03-11T12:25:22.242945Z,elea,0.1.1,ef66ed9,hash,f3.bin,hash,2.943,5242880,,,blake3
5,22,2026-03-11T12:25:22.242919Z,elea,0.1.1,ef66ed9,hash,f2.bin,hash,2.916042,5242880,,,blake3
5,22,2026-03-11T12:25:22.242929Z,elea,0.1.1,ef66ed9,hash,f1.bin,hash,2.9277919999999997,5242880,,,blake3
5,22,2026-03-11T12:25:22.243007Z,elea,0.1.1,ef66ed9,hash,f4.bin,hash,3.035875,5242880,,,blake3
5,22,2026-03-11T12:25:22.242878Z,elea,0.1.1,ef66ed9,hash,f5.bin,hash,2.912709,5242880,,,blake3
5,22,2026-03-11T12:25:22.246475Z,elea,0.1.1,ef66ed9,add,f2.bin,backend_store,0.5447919999999999,5242880,,None,blake3
5,22,2026-03-11T12:25:22.24648Z,elea,0.1.1,ef66ed9,add,f3.bin,backend_store,0.584041,5242880,,None,blake3
5,22,2026-03-11T12:25:22.24649Z,elea,0.1.1,ef66ed9,add,f1.bin,backend_store,0.5551659999999999,5242880,,None,blake3
5,22,2026-03-11T12:25:22.246524Z,elea,0.1.1,ef66ed9,add,f5.bin,backend_store,0.520125,5242880,,None,blake3
5,22,2026-03-11T12:25:22.246529Z,elea,0.1.1,ef66ed9,add,f4.bin,backend_store,0.560333,5242880,,None,blake3
5,22,2026-03-11T12:25:22.246637Z,elea,0.1.1,ef66ed9,add,f2.bin,add_file_total,6.701375,5242880,,None,blake3
5,22,2026-03-11T12:25:22.246926Z,elea,0.1.1,ef66ed9,add,f3.bin,add_file_total,6.989667,5242880,,None,blake3
5,22,2026-03-11T12:25:22.246961Z,elea,0.1.1,ef66ed9,add,f1.bin,add_file_total,7.027375,5242880,,None,blake3
5,22,2026-03-11T12:25:22.247185Z,elea,0.1.1,ef66ed9,add,f5.bin,add_file_total,7.261374999999999,5242880,,None,blake3
5,22,2026-03-11T12:25:22.247217Z,elea,0.1.1,ef66ed9,add,f4.bin,add_file_total,7.2895829999999995,5242880,,None,blake3
5,22,2026-03-11T12:25:22.247267Z,elea,0.1.1,ef66ed9,add,,add_total,7.377458,,5,None,blake3
5,23,2026-03-11T12:25:22.333543Z,elea,0.1.1,ef66ed9,hash,f3.bin,hash,2.908083,5242880,,,blake3
5,23,2026-03-11T12:25:22.333522Z,elea,0.1.1,ef66ed9,hash,f2.bin,hash,2.911125,5242880,,,blake3
5,23,2026-03-11T12:25:22.333512Z,elea,0.1.1,ef66ed9,hash,f1.bin,hash,2.90775,5242880,,,blake3
5,23,2026-03-11T12:25:22.333499Z,elea,0.1.1,ef66ed9,hash,f4.bin,hash,2.901125,5242880,,,blake3
5,23,2026-03-11T12:25:22.333535Z,elea,0.1.1,ef66ed9,hash,f5.bin,hash,2.86375,5242880,,,blake3
5,23,2026-03-11T12:25:22.335448Z,elea,0.1.1,ef66ed9,add,f3.bin,backend_store,0.464042,5242880,,None,blake3
5,23,2026-03-11T12:25:22.3355Z,elea,0.1.1,ef66ed9,add,f2.bin,backend_store,0.45608299999999996,5242880,,None,blake3
5,23,2026-03-11T12:25:22.335562Z,elea,0.1.1,ef66ed9,add,f1.bin,backend_store,0.553875,5242880,,None,blake3
5,23,2026-03-11T12:25:22.335577Z,elea,0.1.1,ef66ed9,add,f5.bin,backend_store,0.506875,5242880,,None,blake3
5,23,2026-03-11T12:25:22.335606Z,elea,0.1.1,ef66ed9,add,f4.bin,backend_store,0.5167499999999999,5242880,,None,blake3
5,23,2026-03-11T12:25:22.335617Z,elea,0.1.1,ef66ed9,add,f3.bin,add_file_total,5.060458000000001,5242880,,None,blake3
5,23,2026-03-11T12:25:22.335785Z,elea,0.1.1,ef66ed9,add,f2.bin,add_file_total,5.230833,5242880,,None,blake3
5,23,2026-03-11T12:25:22.335845Z,elea,0.1.1,ef66ed9,add,f1.bin,add_file_total,5.292708,5242880,,None,blake3
5,23,2026-03-11T12:25:22.335915Z,elea,0.1.1,ef66ed9,add,f5.bin,add_file_total,5.359375,5242880,,None,blake3
5,23,2026-03-11T12:25:22.335955Z,elea,0.1.1,ef66ed9,add,f4.bin,add_file_total,5.406917,5242880,,None,blake3
5,23,2026-03-11T12:25:22.336013Z,elea,0.1.1,ef66ed9,add,,add_total,5.497291,,5,None,blake3
5,24,2026-03-11T12:25:22.419673Z,elea,0.1.1,ef66ed9,hash,f2.bin,hash,2.971958,5242880,,,blake3
5,24,2026-03-11T12:25:22.419649Z,elea,0.1.1,ef66ed9,hash,f4.bin,hash,2.925583,5242880,,,blake3
5,24,2026-03-11T12:25:22.419605Z,elea,0.1.1,ef66ed9,hash,f3.bin,hash,2.935583,5242880,,,blake3
5,24,2026-03-11T12:25:22.419641Z,elea,0.1.1,ef66ed9,hash,f1.bin,hash,2.953125,5242880,,,blake3
5,24,2026-03-11T12:25:22.419623Z,elea,0.1.1,ef66ed9,hash,f5.bin,hash,2.92825,5242880,,,blake3
5,24,2026-03-11T12:25:22.421794Z,elea,0.1.1,ef66ed9,add,f2.bin,backend_store,0.501459,5242880,,None,blake3
5,24,2026-03-11T12:25:22.421833Z,elea,0.1.1,ef66ed9,add,f4.bin,backend_store,0.521459,5242880,,None,blake3
5,24,2026-03-11T12:25:22.421841Z,elea,0.1.1,ef66ed9,add,f3.bin,backend_store,0.49425,5242880,,None,blake3
5,24,2026-03-11T12:25:22.421865Z,elea,0.1.1,ef66ed9,add,f1.bin,backend_store,0.48620800000000003,5242880,,None,blake3
5,24,2026-03-11T12:25:22.421876Z,elea,0.1.1,ef66ed9,add,f5.bin,backend_store,0.470875,5242880,,None,blake3
5,24,2026-03-11T12:25:22.421974Z,elea,0.1.1,ef66ed9,add,f2.bin,add_file_total,5.333832999999999,5242880,,None,blake3
5,24,2026-03-11T12:25:22.422138Z,elea,0.1.1,ef66ed9,add,f3.bin,add_file_total,5.502458,5242880,,None,blake3
5,24,2026-03-11T12:25:22.422202Z,elea,0.1.1,ef66ed9,add,f4.bin,add_file_total,5.558458,5242880,,None,blake3
5,24,2026-03-11T12:25:22.422254Z,elea,0.1.1,ef66ed9,add,f1.bin,add_file_total,5.6406670000000005,5242880,,None,blake3
5,24,2026-03-11T12:25:22.422306Z,elea,0.1.1,ef66ed9,add,f5.bin,add_file_total,5.668042,5242880,,None,blake3
5,24,2026-03-11T12:25:22.422371Z,elea,0.1.1,ef66ed9,add,,add_total,5.785084,,5,None,blake3
5,25,2026-03-11T12:25:22.509732Z,elea,0.1.1,ef66ed9,hash,f5.bin,hash,2.909667,5242880,,,blake3
5,25,2026-03-11T12:25:22.509635Z,elea,0.1.1,ef66ed9,hash,f4.bin,hash,2.7858330000000002,5242880,,,blake3
5,25,2026-03-11T12:25:22.509724Z,elea,0.1.1,ef66ed9,hash,f3.bin,hash,2.922125,5242880,,,blake3
5,25,2026-03-11T12:25:22.509751Z,elea,0.1.1,ef66ed9,hash,f2.bin,hash,2.9428750000000004,5242880,,,blake3
5,25,2026-03-11T12:25:22.509711Z,elea,0.1.1,ef66ed9,hash,f1.bin,hash,2.930417,5242880,,,blake3
5,25,2026-03-11T12:25:22.511819Z,elea,0.1.1,ef66ed9,add,f5.bin,backend_store,0.501,5242880,,None,blake3
5,25,2026-03-11T12:25:22.511847Z,elea,0.1.1,ef66ed9,add,f4.bin,backend_store,0.512417,5242880,,None,blake3
5,25,2026-03-11T12:25:22.511861Z,elea,0.1.1,ef66ed9,add,f3.bin,backend_store,0.5034590000000001,5242880,,None,blake3
5,25,2026-03-11T12:25:22.511872Z,elea,0.1.1,ef66ed9,add,f2.bin,backend_store,0.477208,5242880,,None,blake3
5,25,2026-03-11T12:25:22.51196Z,elea,0.1.1,ef66ed9,add,f5.bin,add_file_total,5.21225,5242880,,None,blake3
5,25,2026-03-11T12:25:22.511987Z,elea,0.1.1,ef66ed9,add,f1.bin,backend_store,0.5575000000000001,5242880,,None,blake3
5,25,2026-03-11T12:25:22.512022Z,elea,0.1.1,ef66ed9,add,f4.bin,add_file_total,5.244292000000001,5242880,,None,blake3
5,25,2026-03-11T12:25:22.51208Z,elea,0.1.1,ef66ed9,add,f3.bin,add_file_total,5.330541,5242880,,None,blake3
5,25,2026-03-11T12:25:22.51212Z,elea,0.1.1,ef66ed9,add,f2.bin,add_file_total,5.370417,5242880,,None,blake3
5,25,2026-03-11T12:25:22.512159Z,elea,0.1.1,ef66ed9,add,f1.bin,add_file_total,5.424875,5242880,,None,blake3
5,25,2026-03-11T12:25:22.512206Z,elea,0.1.1,ef66ed9,add,,add_total,5.516084,,5,None,blake3
10,1,2026-03-11T12:25:22.660651Z,elea,0.1.1,ef66ed9,hash,f2.bin,hash,5.675584,10485760,,,blake3
10,1,2026-03-11T12:25:22.660665Z,elea,0.1.1,ef66ed9,hash,f1.bin,hash,5.741959,10485760,,,blake3
10,1,2026-03-11T12:25:22.660761Z,elea,0.1.1,ef66ed9,hash,f3.bin,hash,5.816875,10485760,,,blake3
10,1,2026-03-11T12:25:22.660699Z,elea,0.1.1,ef66ed9,hash,f5.bin,hash,5.740916,10485760,,,blake3
10,1,2026-03-11T12:25:22.660725Z,elea,0.1.1,ef66ed9,hash,f4.bin,hash,5.792458,10485760,,,blake3
10,1,2026-03-11T12:25:22.663063Z,elea,0.1.1,ef66ed9,add,f2.bin,backend_store,0.527042,10485760,,None,blake3
10,1,2026-03-11T12:25:22.663068Z,elea,0.1.1,ef66ed9,add,f4.bin,backend_store,0.42475,10485760,,None,blake3
10,1,2026-03-11T12:25:22.663082Z,elea,0.1.1,ef66ed9,add,f5.bin,backend_store,0.45649999999999996,10485760,,None,blake3
10,1,2026-03-11T12:25:22.663092Z,elea,0.1.1,ef66ed9,add,f1.bin,backend_store,0.5108750000000001,10485760,,None,blake3
10,1,2026-03-11T12:25:22.663105Z,elea,0.1.1,ef66ed9,add,f3.bin,backend_store,0.502459,10485760,,None,blake3
10,1,2026-03-11T12:25:22.663244Z,elea,0.1.1,ef66ed9,add,f4.bin,add_file_total,8.340167000000001,10485760,,None,blake3
10,1,2026-03-11T12:25:22.663288Z,elea,0.1.1,ef66ed9,add,f5.bin,add_file_total,8.38325,10485760,,None,blake3
10,1,2026-03-11T12:25:22.663338Z,elea,0.1.1,ef66ed9,add,f2.bin,add_file_total,8.432875,10485760,,None,blake3
10,1,2026-03-11T12:25:22.663385Z,elea,0.1.1,ef66ed9,add,f3.bin,add_file_total,8.479917,10485760,,None,blake3
10,1,2026-03-11T12:25:22.663423Z,elea,0.1.1,ef66ed9,add,f1.bin,add_file_total,8.537541,10485760,,None,blake3
10,1,2026-03-11T12:25:22.663475Z,elea,0.1.1,ef66ed9,add,,add_total,8.616459,,5,None,blake3
10,2,2026-03-11T12:25:22.81055Z,elea,0.1.1,ef66ed9,hash,f1.bin,hash,5.919791,10485760,,,blake3
10,2,2026-03-11T12:25:22.810382Z,elea,0.1.1,ef66ed9,hash,f2.bin,hash,5.804208,10485760,,,blake3
10,2,2026-03-11T12:25:22.810441Z,elea,0.1.1,ef66ed9,hash,f4.bin,hash,5.852042,10485760,,,blake3
10,2,2026-03-11T12:25:22.810395Z,elea,0.1.1,ef66ed9,hash,f5.bin,hash,5.778625,10485760,,,blake3
10,2,2026-03-11T12:25:22.810518Z,elea,0.1.1,ef66ed9,hash,f3.bin,hash,5.876250000000001,10485760,,,blake3
10,2,2026-03-11T12:25:22.812478Z,elea,0.1.1,ef66ed9,add,f1.bin,backend_store,0.416625,10485760,,None,blake3
10,2,2026-03-11T12:25:22.81256Z,elea,0.1.1,ef66ed9,add,f4.bin,backend_store,0.44212500000000005,10485760,,None,blake3
10,2,2026-03-11T12:25:22.812578Z,elea,0.1.1,ef66ed9,add,f5.bin,backend_store,0.430417,10485760,,None,blake3
10,2,2026-03-11T12:25:22.812585Z,elea,0.1.1,ef66ed9,add,f2.bin,backend_store,0.493208,10485760,,None,blake3
10,2,2026-03-11T12:25:22.812613Z,elea,0.1.1,ef66ed9,add,f3.bin,backend_store,0.433291,10485760,,None,blake3
10,2,2026-03-11T12:25:22.812675Z,elea,0.1.1,ef66ed9,add,f1.bin,add_file_total,8.117792,10485760,,None,blake3
10,2,2026-03-11T12:25:22.81273Z,elea,0.1.1,ef66ed9,add,f5.bin,add_file_total,8.174958,10485760,,None,blake3
10,2,2026-03-11T12:25:22.81279Z,elea,0.1.1,ef66ed9,add,f4.bin,add_file_total,8.236624999999998,10485760,,None,blake3
10,2,2026-03-11T12:25:22.812857Z,elea,0.1.1,ef66ed9,add,f3.bin,add_file_total,8.292666,10485760,,None,blake3
10,2,2026-03-11T12:25:22.8129Z,elea,0.1.1,ef66ed9,add,f2.bin,add_file_total,8.362417,10485760,,None,blake3
10,2,2026-03-11T12:25:22.812959Z,elea,0.1.1,ef66ed9,add,,add_total,8.440666,,5,None,blake3
10,3,2026-03-11T12:25:22.960752Z,elea,0.1.1,ef66ed9,hash,f5.bin,hash,6.206292,10485760,,,blake3
10,3,2026-03-11T12:25:22.960866Z,elea,0.1.1,ef66ed9,hash,f2.bin,hash,6.262916000000001,10485760,,,blake3
10,3,2026-03-11T12:25:22.960494Z,elea,0.1.1,ef66ed9,hash,f1.bin,hash,5.955,10485760,,,blake3
10,3,2026-03-11T12:25:22.960625Z,elea,0.1.1,ef66ed9,hash,f3.bin,hash,6.050208,10485760,,,blake3
10,3,2026-03-11T12:25:22.960454Z,elea,0.1.1,ef66ed9,hash,f4.bin,hash,5.935084,10485760,,,blake3
10,3,2026-03-11T12:25:22.962609Z,elea,0.1.1,ef66ed9,add,f5.bin,backend_store,0.529041,10485760,,None,blake3
10,3,2026-03-11T12:25:22.96262Z,elea,0.1.1,ef66ed9,add,f3.bin,backend_store,0.466167,10485760,,None,blake3
10,3,2026-03-11T12:25:22.962628Z,elea,0.1.1,ef66ed9,add,f2.bin,backend_store,0.526834,10485760,,None,blake3
10,3,2026-03-11T12:25:22.962641Z,elea,0.1.1,ef66ed9,add,f4.bin,backend_store,0.45554100000000003,10485760,,None,blake3
10,3,2026-03-11T12:25:22.962689Z,elea,0.1.1,ef66ed9,add,f1.bin,backend_store,0.560958,10485760,,None,blake3
10,3,2026-03-11T12:25:22.962769Z,elea,0.1.1,ef66ed9,add,f3.bin,add_file_total,8.291833,10485760,,None,blake3
10,3,2026-03-11T12:25:22.962816Z,elea,0.1.1,ef66ed9,add,f5.bin,add_file_total,8.291500000000001,10485760,,None,blake3
10,3,2026-03-11T12:25:22.962859Z,elea,0.1.1,ef66ed9,add,f2.bin,add_file_total,8.354834,10485760,,None,blake3
10,3,2026-03-11T12:25:22.962905Z,elea,0.1.1,ef66ed9,add,f4.bin,add_file_total,8.463541,10485760,,None,blake3
10,3,2026-03-11T12:25:22.962941Z,elea,0.1.1,ef66ed9,add,f1.bin,add_file_total,8.476083000000001,10485760,,None,blake3
10,3,2026-03-11T12:25:22.96301Z,elea,0.1.1,ef66ed9,add,,add_total,8.598666,,5,None,blake3
10,4,2026-03-11T12:25:23.113174Z,elea,0.1.1,ef66ed9,hash,f2.bin,hash,5.756542,10485760,,,blake3
10,4,2026-03-11T12:25:23.113203Z,elea,0.1.1,ef66ed9,hash,f3.bin,hash,5.861958,10485760,,,blake3
10,4,2026-03-11T12:25:23.113154Z,elea,0.1.1,ef66ed9,hash,f4.bin,hash,5.786709,10485760,,,blake3
10,4,2026-03-11T12:25:23.113164Z,elea,0.1.1,ef66ed9,hash,f5.bin,hash,5.7870420000000005,10485760,,,blake3
10,4,2026-03-11T12:25:23.113225Z,elea,0.1.1,ef66ed9,hash,f1.bin,hash,5.81675,10485760,,,blake3
10,4,2026-03-11T12:25:23.115771Z,elea,0.1.1,ef66ed9,add,f2.bin,backend_store,0.550458,10485760,,None,blake3
10,4,2026-03-11T12:25:23.115782Z,elea,0.1.1,ef66ed9,add,f5.bin,backend_store,0.49054100000000006,10485760,,None,blake3
10,4,2026-03-11T12:25:23.115805Z,elea,0.1.1,ef66ed9,add,f4.bin,backend_store,0.54125,10485760,,None,blake3
10,4,2026-03-11T12:25:23.115815Z,elea,0.1.1,ef66ed9,add,f3.bin,backend_store,0.5770839999999999,10485760,,None,blake3
10,4,2026-03-11T12:25:23.115859Z,elea,0.1.1,ef66ed9,add,f1.bin,backend_store,0.52225,10485760,,None,blake3
10,4,2026-03-11T12:25:23.115965Z,elea,0.1.1,ef66ed9,add,f5.bin,add_file_total,8.630917,10485760,,None,blake3
10,4,2026-03-11T12:25:23.116009Z,elea,0.1.1,ef66ed9,add,f4.bin,add_file_total,8.671458,10485760,,None,blake3
10,4,2026-03-11T12:25:23.116029Z,elea,0.1.1,ef66ed9,add,f3.bin,add_file_total,8.725541999999999,10485760,,None,blake3
10,4,2026-03-11T12:25:23.11606Z,elea,0.1.1,ef66ed9,add,f2.bin,add_file_total,8.727542,10485760,,None,blake3
10,4,2026-03-11T12:25:23.116089Z,elea,0.1.1,ef66ed9,add,f1.bin,add_file_total,8.739459,10485760,,None,blake3
10,4,2026-03-11T12:25:23.116159Z,elea,0.1.1,ef66ed9,add,,add_total,8.881083,,5,None,blake3
10,5,2026-03-11T12:25:23.264386Z,elea,0.1.1,ef66ed9,hash,f1.bin,hash,5.85675,10485760,,,blake3
10,5,2026-03-11T12:25:23.264615Z,elea,0.1.1,ef66ed9,hash,f5.bin,hash,6.134333,10485760,,,blake3
10,5,2026-03-11T12:25:23.264578Z,elea,0.1.1,ef66ed9,hash,f2.bin,hash,6.009167000000001,10485760,,,blake3
10,5,2026-03-11T12:25:23.264253Z,elea,0.1.1,ef66ed9,hash,f4.bin,hash,5.733834,10485760,,,blake3
10,5,2026-03-11T12:25:23.264329Z,elea,0.1.1,ef66ed9,hash,f3.bin,hash,5.830166999999999,10485760,,,blake3
10,5,2026-03-11T12:25:23.26673Z,elea,0.1.1,ef66ed9,add,f5.bin,backend_store,0.470584,10485760,,None,blake3
10,5,2026-03-11T12:25:23.266733Z,elea,0.1.1,ef66ed9,add,f1.bin,backend_store,0.48879200000000006,10485760,,None,blake3
10,5,2026-03-11T12:25:23.266745Z,elea,0.1.1,ef66ed9,add,f2.bin,backend_store,0.459417,10485760,,None,blake3
10,5,2026-03-11T12:25:23.266754Z,elea,0.1.1,ef66ed9,add,f4.bin,backend_store,0.431792,10485760,,None,blake3
10,5,2026-03-11T12:25:23.266783Z,elea,0.1.1,ef66ed9,add,f3.bin,backend_store,0.429166,10485760,,None,blake3
10,5,2026-03-11T12:25:23.2669Z,elea,0.1.1,ef66ed9,add,f5.bin,add_file_total,8.449417,10485760,,None,blake3
10,5,2026-03-11T12:25:23.266927Z,elea,0.1.1,ef66ed9,add,f1.bin,add_file_total,8.457875,10485760,,None,blake3
10,5,2026-03-11T12:25:23.266961Z,elea,0.1.1,ef66ed9,add,f2.bin,add_file_total,8.493209,10485760,,None,blake3
10,5,2026-03-11T12:25:23.266989Z,elea,0.1.1,ef66ed9,add,f4.bin,add_file_total,8.494625000000001,10485760,,None,blake3
10,5,2026-03-11T12:25:23.267019Z,elea,0.1.1,ef66ed9,add,f3.bin,add_file_total,8.552416000000001,10485760,,None,blake3
10,5,2026-03-11T12:25:23.267068Z,elea,0.1.1,ef66ed9,add,,add_total,8.64875,,5,None,blake3
10,6,2026-03-11T12:25:23.413124Z,elea,0.1.1,ef66ed9,hash,f2.bin,hash,5.805875,10485760,,,blake3
10,6,2026-03-11T12:25:23.412973Z,elea,0.1.1,ef66ed9,hash,f5.bin,hash,5.663625000000001,10485760,,,blake3
10,6,2026-03-11T12:25:23.413031Z,elea,0.1.1,ef66ed9,hash,f1.bin,hash,5.743667,10485760,,,blake3
10,6,2026-03-11T12:25:23.413094Z,elea,0.1.1,ef66ed9,hash,f4.bin,hash,5.822166,10485760,,,blake3
10,6,2026-03-11T12:25:23.413158Z,elea,0.1.1,ef66ed9,hash,f3.bin,hash,5.823583,10485760,,,blake3
10,6,2026-03-11T12:25:23.415529Z,elea,0.1.1,ef66ed9,add,f1.bin,backend_store,0.499125,10485760,,None,blake3
10,6,2026-03-11T12:25:23.415591Z,elea,0.1.1,ef66ed9,add,f4.bin,backend_store,0.531416,10485760,,None,blake3
10,6,2026-03-11T12:25:23.415604Z,elea,0.1.1,ef66ed9,add,f2.bin,backend_store,0.610375,10485760,,None,blake3
10,6,2026-03-11T12:25:23.415618Z,elea,0.1.1,ef66ed9,add,f5.bin,backend_store,0.6112500000000001,10485760,,None,blake3
10,6,2026-03-11T12:25:23.415641Z,elea,0.1.1,ef66ed9,add,f3.bin,backend_store,0.553708,10485760,,None,blake3
10,6,2026-03-11T12:25:23.415809Z,elea,0.1.1,ef66ed9,add,f1.bin,add_file_total,8.551708999999999,10485760,,None,blake3
10,6,2026-03-11T12:25:23.415869Z,elea,0.1.1,ef66ed9,add,f2.bin,add_file_total,8.607667,10485760,,None,blake3
10,6,2026-03-11T12:25:23.415914Z,elea,0.1.1,ef66ed9,add,f4.bin,add_file_total,8.6825,10485760,,None,blake3
10,6,2026-03-11T12:25:23.415962Z,elea,0.1.1,ef66ed9,add,f5.bin,add_file_total,8.704291,10485760,,None,blake3
10,6,2026-03-11T12:25:23.416003Z,elea,0.1.1,ef66ed9,add,f3.bin,add_file_total,8.741999999999999,10485760,,None,blake3
10,6,2026-03-11T12:25:23.416075Z,elea,0.1.1,ef66ed9,add,,add_total,8.868125,,5,None,blake3
10,7,2026-03-11T12:25:23.564861Z,elea,0.1.1,ef66ed9,hash,f1.bin,hash,5.658125,10485760,,,blake3
10,7,2026-03-11T12:25:23.565036Z,elea,0.1.1,ef66ed9,hash,f3.bin,hash,5.8269589999999996,10485760,,,blake3
10,7,2026-03-11T12:25:23.565022Z,elea,0.1.1,ef66ed9,hash,f5.bin,hash,5.818875,10485760,,,blake3
10,7,2026-03-11T12:25:23.564921Z,elea,0.1.1,ef66ed9,hash,f4.bin,hash,5.692792000000001,10485760,,,blake3
10,7,2026-03-11T12:25:23.565005Z,elea,0.1.1,ef66ed9,hash,f2.bin,hash,5.826958,10485760,,,blake3
10,7,2026-03-11T12:25:23.56743Z,elea,0.1.1,ef66ed9,add,f3.bin,backend_store,0.478084,10485760,,None,blake3
10,7,2026-03-11T12:25:23.567447Z,elea,0.1.1,ef66ed9,add,f5.bin,backend_store,0.48208399999999996,10485760,,None,blake3
10,7,2026-03-11T12:25:23.567489Z,elea,0.1.1,ef66ed9,add,f1.bin,backend_store,0.555917,10485760,,None,blake3
10,7,2026-03-11T12:25:23.5675Z,elea,0.1.1,ef66ed9,add,f4.bin,backend_store,0.5117919999999999,10485760,,None,blake3
10,7,2026-03-11T12:25:23.567525Z,elea,0.1.1,ef66ed9,add,f2.bin,backend_store,0.503667,10485760,,None,blake3
10,7,2026-03-11T12:25:23.567613Z,elea,0.1.1,ef66ed9,add,f3.bin,add_file_total,8.445083,10485760,,None,blake3
10,7,2026-03-11T12:25:23.567682Z,elea,0.1.1,ef66ed9,add,f5.bin,add_file_total,8.514792,10485760,,None,blake3
10,7,2026-03-11T12:25:23.567745Z,elea,0.1.1,ef66ed9,add,f1.bin,add_file_total,8.575417,10485760,,None,blake3
10,7,2026-03-11T12:25:23.567797Z,elea,0.1.1,ef66ed9,add,f2.bin,add_file_total,8.654333,10485760,,None,blake3
10,7,2026-03-11T12:25:23.567838Z,elea,0.1.1,ef66ed9,add,f4.bin,add_file_total,8.674917,10485760,,None,blake3
10,7,2026-03-11T12:25:23.567903Z,elea,0.1.1,ef66ed9,add,,add_total,8.799542,,5,None,blake3
10,8,2026-03-11T12:25:23.715791Z,elea,0.1.1,ef66ed9,hash,f3.bin,hash,5.780292,10485760,,,blake3
10,8,2026-03-11T12:25:23.715906Z,elea,0.1.1,ef66ed9,hash,f5.bin,hash,5.887834,10485760,,,blake3
10,8,2026-03-11T12:25:23.715777Z,elea,0.1.1,ef66ed9,hash,f4.bin,hash,5.773708,10485760,,,blake3
10,8,2026-03-11T12:25:23.715804Z,elea,0.1.1,ef66ed9,hash,f1.bin,hash,5.757125,10485760,,,blake3
10,8,2026-03-11T12:25:23.715916Z,elea,0.1.1,ef66ed9,hash,f2.bin,hash,5.846834,10485760,,,blake3
10,8,2026-03-11T12:25:23.717944Z,elea,0.1.1,ef66ed9,add,f5.bin,backend_store,0.49112500000000003,10485760,,None,blake3
10,8,2026-03-11T12:25:23.717966Z,elea,0.1.1,ef66ed9,add,f4.bin,backend_store,0.505791,10485760,,None,blake3
10,8,2026-03-11T12:25:23.718086Z,elea,0.1.1,ef66ed9,add,f3.bin,backend_store,0.665917,10485760,,None,blake3
10,8,2026-03-11T12:25:23.718091Z,elea,0.1.1,ef66ed9,add,f1.bin,backend_store,0.598666,10485760,,None,blake3
10,8,2026-03-11T12:25:23.718135Z,elea,0.1.1,ef66ed9,add,f2.bin,backend_store,0.607333,10485760,,None,blake3
10,8,2026-03-11T12:25:23.718203Z,elea,0.1.1,ef66ed9,add,f4.bin,add_file_total,8.240124999999999,10485760,,None,blake3
10,8,2026-03-11T12:25:23.718266Z,elea,0.1.1,ef66ed9,add,f1.bin,add_file_total,8.274917,10485760,,None,blake3
10,8,2026-03-11T12:25:23.718311Z,elea,0.1.1,ef66ed9,add,f2.bin,add_file_total,8.321167,10485760,,None,blake3
10,8,2026-03-11T12:25:23.71836Z,elea,0.1.1,ef66ed9,add,f5.bin,add_file_total,8.354624999999999,10485760,,None,blake3
10,8,2026-03-11T12:25:23.718405Z,elea,0.1.1,ef66ed9,add,f3.bin,add_file_total,8.42125,10485760,,None,blake3
10,8,2026-03-11T12:25:23.718465Z,elea,0.1.1,ef66ed9,add,,add_total,8.52725,,5,None,blake3
10,9,2026-03-11T12:25:23.866241Z,elea,0.1.1,ef66ed9,hash,f4.bin,hash,5.669625,10485760,,,blake3
10,9,2026-03-11T12:25:23.866142Z,elea,0.1.1,ef66ed9,hash,f5.bin,hash,5.577249999999999,10485760,,,blake3
10,9,2026-03-11T12:25:23.866356Z,elea,0.1.1,ef66ed9,hash,f2.bin,hash,5.772583,10485760,,,blake3
10,9,2026-03-11T12:25:23.866386Z,elea,0.1.1,ef66ed9,hash,f1.bin,hash,5.796,10485760,,,blake3
10,9,2026-03-11T12:25:23.866365Z,elea,0.1.1,ef66ed9,hash,f3.bin,hash,5.804374999999999,10485760,,,blake3
10,9,2026-03-11T12:25:23.868535Z,elea,0.1.1,ef66ed9,add,f5.bin,backend_store,0.378459,10485760,,None,blake3
10,9,2026-03-11T12:25:23.868617Z,elea,0.1.1,ef66ed9,add,f4.bin,backend_store,0.477084,10485760,,None,blake3
10,9,2026-03-11T12:25:23.868659Z,elea,0.1.1,ef66ed9,add,f1.bin,backend_store,0.428334,10485760,,None,blake3
10,9,2026-03-11T12:25:23.868685Z,elea,0.1.1,ef66ed9,add,f3.bin,backend_store,0.438666,10485760,,None,blake3
10,9,2026-03-11T12:25:23.8687Z,elea,0.1.1,ef66ed9,add,f2.bin,backend_store,0.481583,10485760,,None,blake3
10,9,2026-03-11T12:25:23.868719Z,elea,0.1.1,ef66ed9,add,f5.bin,add_file_total,8.184291,10485760,,None,blake3
10,9,2026-03-11T12:25:23.868776Z,elea,0.1.1,ef66ed9,add,f4.bin,add_file_total,8.244292,10485760,,None,blake3
10,9,2026-03-11T12:25:23.86885Z,elea,0.1.1,ef66ed9,add,f1.bin,add_file_total,8.3155,10485760,,None,blake3
10,9,2026-03-11T12:25:23.868902Z,elea,0.1.1,ef66ed9,add,f2.bin,add_file_total,8.366958,10485760,,None,blake3
10,9,2026-03-11T12:25:23.86895Z,elea,0.1.1,ef66ed9,add,f3.bin,add_file_total,8.43875,10485760,,None,blake3
10,9,2026-03-11T12:25:23.869019Z,elea,0.1.1,ef66ed9,add,,add_total,8.534792,,5,None,blake3
10,10,2026-03-11T12:25:24.019008Z,elea,0.1.1,ef66ed9,hash,f3.bin,hash,5.901415999999999,10485760,,,blake3
10,10,2026-03-11T12:25:24.019027Z,elea,0.1.1,ef66ed9,hash,f5.bin,hash,5.886958,10485760,,,blake3
10,10,2026-03-11T12:25:24.01865Z,elea,0.1.1,ef66ed9,hash,f1.bin,hash,5.5874999999999995,10485760,,,blake3
10,10,2026-03-11T12:25:24.019052Z,elea,0.1.1,ef66ed9,hash,f4.bin,hash,5.870292,10485760,,,blake3
10,10,2026-03-11T12:25:24.019037Z,elea,0.1.1,ef66ed9,hash,f2.bin,hash,5.8917079999999995,10485760,,,blake3
10,10,2026-03-11T12:25:24.021304Z,elea,0.1.1,ef66ed9,add,f5.bin,backend_store,0.523291,10485760,,None,blake3
10,10,2026-03-11T12:25:24.021311Z,elea,0.1.1,ef66ed9,add,f3.bin,backend_store,0.5345000000000001,10485760,,None,blake3
10,10,2026-03-11T12:25:24.021358Z,elea,0.1.1,ef66ed9,add,f4.bin,backend_store,0.498209,10485760,,None,blake3
10,10,2026-03-11T12:25:24.021365Z,elea,0.1.1,ef66ed9,add,f1.bin,backend_store,0.543208,10485760,,None,blake3
10,10,2026-03-11T12:25:24.0214Z,elea,0.1.1,ef66ed9,add,f2.bin,backend_store,0.5355409999999999,10485760,,None,blake3
10,10,2026-03-11T12:25:24.021481Z,elea,0.1.1,ef66ed9,add,f5.bin,add_file_total,8.411042,10485760,,None,blake3
10,10,2026-03-11T12:25:24.021516Z,elea,0.1.1,ef66ed9,add,f4.bin,add_file_total,8.443624999999999,10485760,,None,blake3
10,10,2026-03-11T12:25:24.021548Z,elea,0.1.1,ef66ed9,add,f1.bin,add_file_total,8.519125,10485760,,None,blake3
10,10,2026-03-11T12:25:24.021579Z,elea,0.1.1,ef66ed9,add,f3.bin,add_file_total,8.508750000000001,10485760,,None,blake3
10,10,2026-03-11T12:25:24.021609Z,elea,0.1.1,ef66ed9,add,f2.bin,add_file_total,8.538416999999999,10485760,,None,blake3
10,10,2026-03-11T12:25:24.021662Z,elea,0.1.1,ef66ed9,add,,add_total,8.657083,,5,None,blake3
10,11,2026-03-11T12:25:24.170354Z,elea,0.1.1,ef66ed9,hash,f5.bin,hash,6.121834,10485760,,,blake3
10,11,2026-03-11T12:25:24.170123Z,elea,0.1.1,ef66ed9,hash,f3.bin,hash,5.861458,10485760,,,blake3
10,11,2026-03-11T12:25:24.170096Z,elea,0.1.1,ef66ed9,hash,f4.bin,hash,5.800084,10485760,,,blake3
10,11,2026-03-11T12:25:24.170113Z,elea,0.1.1,ef66ed9,hash,f2.bin,hash,5.834125,10485760,,,blake3
10,11,2026-03-11T12:25:24.170224Z,elea,0.1.1,ef66ed9,hash,f1.bin,hash,5.976333,10485760,,,blake3
10,11,2026-03-11T12:25:24.172103Z,elea,0.1.1,ef66ed9,add,f5.bin,backend_store,0.652667,10485760,,None,blake3
10,11,2026-03-11T12:25:24.172234Z,elea,0.1.1,ef66ed9,add,f4.bin,backend_store,0.7354580000000001,10485760,,None,blake3
10,11,2026-03-11T12:25:24.172243Z,elea,0.1.1,ef66ed9,add,f3.bin,backend_store,0.76575,10485760,,None,blake3
10,11,2026-03-11T12:25:24.172322Z,elea,0.1.1,ef66ed9,add,f5.bin,add_file_total,8.121082999999999,10485760,,None,blake3
10,11,2026-03-11T12:25:24.172334Z,elea,0.1.1,ef66ed9,add,f2.bin,backend_store,0.813875,10485760,,None,blake3
10,11,2026-03-11T12:25:24.172344Z,elea,0.1.1,ef66ed9,add,f1.bin,backend_store,0.768916,10485760,,None,blake3
10,11,2026-03-11T12:25:24.172481Z,elea,0.1.1,ef66ed9,add,f4.bin,add_file_total,8.275457999999999,10485760,,None,blake3
10,11,2026-03-11T12:25:24.17253Z,elea,0.1.1,ef66ed9,add,f3.bin,add_file_total,8.309583,10485760,,None,blake3
10,11,2026-03-11T12:25:24.172581Z,elea,0.1.1,ef66ed9,add,f1.bin,add_file_total,8.354042000000002,10485760,,None,blake3
10,11,2026-03-11T12:25:24.172613Z,elea,0.1.1,ef66ed9,add,f2.bin,add_file_total,8.393625,10485760,,None,blake3
10,11,2026-03-11T12:25:24.172687Z,elea,0.1.1,ef66ed9,add,,add_total,8.543834,,5,None,blake3
10,12,2026-03-11T12:25:24.332502Z,elea,0.1.1,ef66ed9,hash,f2.bin,hash,5.841458,10485760,,,blake3
10,12,2026-03-11T12:25:24.332491Z,elea,0.1.1,ef66ed9,hash,f4.bin,hash,5.8336250000000005,10485760,,,blake3
10,12,2026-03-11T12:25:24.33246Z,elea,0.1.1,ef66ed9,hash,f1.bin,hash,5.8634580000000005,10485760,,,blake3
10,12,2026-03-11T12:25:24.332476Z,elea,0.1.1,ef66ed9,hash,f5.bin,hash,5.8177080000000005,10485760,,,blake3
10,12,2026-03-11T12:25:24.332398Z,elea,0.1.1,ef66ed9,hash,f3.bin,hash,5.793457999999999,10485760,,,blake3
10,12,2026-03-11T12:25:24.334342Z,elea,0.1.1,ef66ed9,add,f2.bin,backend_store,0.474958,10485760,,None,blake3
10,12,2026-03-11T12:25:24.334353Z,elea,0.1.1,ef66ed9,add,f1.bin,backend_store,0.45441699999999996,10485760,,None,blake3
10,12,2026-03-11T12:25:24.334385Z,elea,0.1.1,ef66ed9,add,f4.bin,backend_store,0.502,10485760,,None,blake3
10,12,2026-03-11T12:25:24.334401Z,elea,0.1.1,ef66ed9,add,f5.bin,backend_store,0.47100000000000003,10485760,,None,blake3
10,12,2026-03-11T12:25:24.334519Z,elea,0.1.1,ef66ed9,add,f2.bin,add_file_total,7.947791,10485760,,None,blake3
10,12,2026-03-11T12:25:24.334568Z,elea,0.1.1,ef66ed9,add,f1.bin,add_file_total,8.012333,10485760,,None,blake3
10,12,2026-03-11T12:25:24.334575Z,elea,0.1.1,ef66ed9,add,f3.bin,backend_store,0.5410830000000001,10485760,,None,blake3
10,12,2026-03-11T12:25:24.334611Z,elea,0.1.1,ef66ed9,add,f5.bin,add_file_total,8.035959,10485760,,None,blake3
10,12,2026-03-11T12:25:24.334638Z,elea,0.1.1,ef66ed9,add,f4.bin,add_file_total,8.064416,10485760,,None,blake3
10,12,2026-03-11T12:25:24.334702Z,elea,0.1.1,ef66ed9,add,f3.bin,add_file_total,8.152,10485760,,None,blake3
10,12,2026-03-11T12:25:24.334746Z,elea,0.1.1,ef66ed9,add,,add_total,8.238792,,5,None,blake3
10,13,2026-03-11T12:25:24.485231Z,elea,0.1.1,ef66ed9,hash,f3.bin,hash,5.863292,10485760,,,blake3
10,13,2026-03-11T12:25:24.485153Z,elea,0.1.1,ef66ed9,hash,f4.bin,hash,5.804333,10485760,,,blake3
10,13,2026-03-11T12:25:24.485214Z,elea,0.1.1,ef66ed9,hash,f1.bin,hash,5.840458,10485760,,,blake3
10,13,2026-03-11T12:25:24.485203Z,elea,0.1.1,ef66ed9,hash,f2.bin,hash,5.814292,10485760,,,blake3
10,13,2026-03-11T12:25:24.485103Z,elea,0.1.1,ef66ed9,hash,f5.bin,hash,5.7027909999999995,10485760,,,blake3
10,13,2026-03-11T12:25:24.487355Z,elea,0.1.1,ef66ed9,add,f4.bin,backend_store,0.49020800000000003,10485760,,None,blake3
10,13,2026-03-11T12:25:24.487375Z,elea,0.1.1,ef66ed9,add,f1.bin,backend_store,0.478667,10485760,,None,blake3
10,13,2026-03-11T12:25:24.487386Z,elea,0.1.1,ef66ed9,add,f3.bin,backend_store,0.538375,10485760,,None,blake3
10,13,2026-03-11T12:25:24.487399Z,elea,0.1.1,ef66ed9,add,f2.bin,backend_store,0.482125,10485760,,None,blake3
10,13,2026-03-11T12:25:24.487448Z,elea,0.1.1,ef66ed9,add,f5.bin,backend_store,0.465167,10485760,,None,blake3
10,13,2026-03-11T12:25:24.487535Z,elea,0.1.1,ef66ed9,add,f1.bin,add_file_total,8.206415999999999,10485760,,None,blake3
10,13,2026-03-11T12:25:24.487587Z,elea,0.1.1,ef66ed9,add,f4.bin,add_file_total,8.280958,10485760,,None,blake3
10,13,2026-03-11T12:25:24.487631Z,elea,0.1.1,ef66ed9,add,f2.bin,add_file_total,8.300334,10485760,,None,blake3
10,13,2026-03-11T12:25:24.487672Z,elea,0.1.1,ef66ed9,add,f3.bin,add_file_total,8.319625,10485760,,None,blake3
10,13,2026-03-11T12:25:24.487715Z,elea,0.1.1,ef66ed9,add,f5.bin,add_file_total,8.385208,10485760,,None,blake3
10,13,2026-03-11T12:25:24.487783Z,elea,0.1.1,ef66ed9,add,,add_total,8.505875,,5,None,blake3
10,14,2026-03-11T12:25:24.634895Z,elea,0.1.1,ef66ed9,hash,f1.bin,hash,5.80025,10485760,,,blake3
10,14,2026-03-11T12:25:24.634801Z,elea,0.1.1,ef66ed9,hash,f5.bin,hash,5.72325,10485760,,,blake3
10,14,2026-03-11T12:25:24.634909Z,elea,0.1.1,ef66ed9,hash,f2.bin,hash,5.867083,10485760,,,blake3
10,14,2026-03-11T12:25:24.634937Z,elea,0.1.1,ef66ed9,hash,f4.bin,hash,5.870542,10485760,,,blake3
10,14,2026-03-11T12:25:24.634922Z,elea,0.1.1,ef66ed9,hash,f3.bin,hash,5.8715,10485760,,,blake3
10,14,2026-03-11T12:25:24.637023Z,elea,0.1.1,ef66ed9,add,f2.bin,backend_store,0.547792,10485760,,None,blake3
10,14,2026-03-11T12:25:24.637083Z,elea,0.1.1,ef66ed9,add,f1.bin,backend_store,0.639667,10485760,,None,blake3
10,14,2026-03-11T12:25:24.637152Z,elea,0.1.1,ef66ed9,add,f4.bin,backend_store,0.647542,10485760,,None,blake3
10,14,2026-03-11T12:25:24.637203Z,elea,0.1.1,ef66ed9,add,f5.bin,backend_store,0.750791,10485760,,None,blake3
10,14,2026-03-11T12:25:24.637238Z,elea,0.1.1,ef66ed9,add,f2.bin,add_file_total,8.231209,10485760,,None,blake3
10,14,2026-03-11T12:25:24.63725Z,elea,0.1.1,ef66ed9,add,f3.bin,backend_store,0.657459,10485760,,None,blake3
10,14,2026-03-11T12:25:24.637291Z,elea,0.1.1,ef66ed9,add,f1.bin,add_file_total,8.257875,10485760,,None,blake3
10,14,2026-03-11T12:25:24.637352Z,elea,0.1.1,ef66ed9,add,f4.bin,add_file_total,8.323250000000002,10485760,,None,blake3
10,14,2026-03-11T12:25:24.637447Z,elea,0.1.1,ef66ed9,add,f5.bin,add_file_total,8.406625,10485760,,None,blake3
10,14,2026-03-11T12:25:24.637503Z,elea,0.1.1,ef66ed9,add,f3.bin,add_file_total,8.46575,10485760,,None,blake3
10,14,2026-03-11T12:25:24.637575Z,elea,0.1.1,ef66ed9,add,,add_total,8.595833,,5,None,blake3
10,15,2026-03-11T12:25:24.784967Z,elea,0.1.1,ef66ed9,hash,f2.bin,hash,5.782,10485760,,,blake3
10,15,2026-03-11T12:25:24.785004Z,elea,0.1.1,ef66ed9,hash,f3.bin,hash,5.830834,10485760,,,blake3
10,15,2026-03-11T12:25:24.784985Z,elea,0.1.1,ef66ed9,hash,f4.bin,hash,5.785791000000001,10485760,,,blake3
10,15,2026-03-11T12:25:24.785144Z,elea,0.1.1,ef66ed9,hash,f1.bin,hash,5.927583,10485760,,,blake3
10,15,2026-03-11T12:25:24.784951Z,elea,0.1.1,ef66ed9,hash,f5.bin,hash,5.78125,10485760,,,blake3
10,15,2026-03-11T12:25:24.787243Z,elea,0.1.1,ef66ed9,add,f3.bin,backend_store,0.517709,10485760,,None,blake3
10,15,2026-03-11T12:25:24.787251Z,elea,0.1.1,ef66ed9,add,f2.bin,backend_store,0.559041,10485760,,None,blake3
10,15,2026-03-11T12:25:24.787278Z,elea,0.1.1,ef66ed9,add,f4.bin,backend_store,0.541792,10485760,,None,blake3
10,15,2026-03-11T12:25:24.787301Z,elea,0.1.1,ef66ed9,add,f1.bin,backend_store,0.526208,10485760,,None,blake3
10,15,2026-03-11T12:25:24.78734Z,elea,0.1.1,ef66ed9,add,f5.bin,backend_store,0.5361250000000001,10485760,,None,blake3
10,15,2026-03-11T12:25:24.78746Z,elea,0.1.1,ef66ed9,add,f3.bin,add_file_total,8.274625,10485760,,None,blake3
10,15,2026-03-11T12:25:24.78748Z,elea,0.1.1,ef66ed9,add,f4.bin,add_file_total,8.323792,10485760,,None,blake3
10,15,2026-03-11T12:25:24.787521Z,elea,0.1.1,ef66ed9,add,f1.bin,add_file_total,8.371958000000001,10485760,,None,blake3
10,15,2026-03-11T12:25:24.787572Z,elea,0.1.1,ef66ed9,add,f2.bin,add_file_total,8.419667,10485760,,None,blake3
10,15,2026-03-11T12:25:24.787611Z,elea,0.1.1,ef66ed9,add,f5.bin,add_file_total,8.481791000000001,10485760,,None,blake3
10,15,2026-03-11T12:25:24.787675Z,elea,0.1.1,ef66ed9,add,,add_total,8.571834,,5,None,blake3
10,16,2026-03-11T12:25:24.933426Z,elea,0.1.1,ef66ed9,hash,f3.bin,hash,5.877542,10485760,,,blake3
10,16,2026-03-11T12:25:24.933309Z,elea,0.1.1,ef66ed9,hash,f5.bin,hash,5.780042,10485760,,,blake3
10,16,2026-03-11T12:25:24.933342Z,elea,0.1.1,ef66ed9,hash,f2.bin,hash,5.788375,10485760,,,blake3
10,16,2026-03-11T12:25:24.933333Z,elea,0.1.1,ef66ed9,hash,f4.bin,hash,5.776125,10485760,,,blake3
10,16,2026-03-11T12:25:24.933324Z,elea,0.1.1,ef66ed9,hash,f1.bin,hash,5.774959,10485760,,,blake3
10,16,2026-03-11T12:25:24.935715Z,elea,0.1.1,ef66ed9,add,f2.bin,backend_store,0.5363749999999999,10485760,,None,blake3
10,16,2026-03-11T12:25:24.935742Z,elea,0.1.1,ef66ed9,add,f3.bin,backend_store,0.603167,10485760,,None,blake3
10,16,2026-03-11T12:25:24.935749Z,elea,0.1.1,ef66ed9,add,f5.bin,backend_store,0.590875,10485760,,None,blake3
10,16,2026-03-11T12:25:24.935775Z,elea,0.1.1,ef66ed9,add,f4.bin,backend_store,0.5664170000000001,10485760,,None,blake3
10,16,2026-03-11T12:25:24.935932Z,elea,0.1.1,ef66ed9,add,f2.bin,add_file_total,8.454875000000001,10485760,,None,blake3
10,16,2026-03-11T12:25:24.935975Z,elea,0.1.1,ef66ed9,add,f1.bin,backend_store,0.734209,10485760,,None,blake3
10,16,2026-03-11T12:25:24.936029Z,elea,0.1.1,ef66ed9,add,f3.bin,add_file_total,8.546542,10485760,,None,blake3
10,16,2026-03-11T12:25:24.936088Z,elea,0.1.1,ef66ed9,add,f4.bin,add_file_total,8.6045,10485760,,None,blake3
10,16,2026-03-11T12:25:24.936123Z,elea,0.1.1,ef66ed9,add,f1.bin,add_file_total,8.643792000000001,10485760,,None,blake3
10,16,2026-03-11T12:25:24.936173Z,elea,0.1.1,ef66ed9,add,f5.bin,add_file_total,8.696292,10485760,,None,blake3
10,16,2026-03-11T12:25:24.936252Z,elea,0.1.1,ef66ed9,add,,add_total,8.833499999999999,,5,None,blake3
10,17,2026-03-11T12:25:25.086568Z,elea,0.1.1,ef66ed9,hash,f4.bin,hash,5.829458,10485760,,,blake3
10,17,2026-03-11T12:25:25.086528Z,elea,0.1.1,ef66ed9,hash,f5.bin,hash,5.799833,10485760,,,blake3
10,17,2026-03-11T12:25:25.086593Z,elea,0.1.1,ef66ed9,hash,f3.bin,hash,5.843875,10485760,,,blake3
10,17,2026-03-11T12:25:25.086559Z,elea,0.1.1,ef66ed9,hash,f2.bin,hash,5.833041,10485760,,,blake3
10,17,2026-03-11T12:25:25.086576Z,elea,0.1.1,ef66ed9,hash,f1.bin,hash,5.848917,10485760,,,blake3
10,17,2026-03-11T12:25:25.088826Z,elea,0.1.1,ef66ed9,add,f4.bin,backend_store,0.425709,10485760,,None,blake3
10,17,2026-03-11T12:25:25.088899Z,elea,0.1.1,ef66ed9,add,f2.bin,backend_store,0.433625,10485760,,None,blake3
10,17,2026-03-11T12:25:25.088916Z,elea,0.1.1,ef66ed9,add,f1.bin,backend_store,0.42370800000000003,10485760,,None,blake3
10,17,2026-03-11T12:25:25.088963Z,elea,0.1.1,ef66ed9,add,f5.bin,backend_store,0.526,10485760,,None,blake3
10,17,2026-03-11T12:25:25.088973Z,elea,0.1.1,ef66ed9,add,f3.bin,backend_store,0.516667,10485760,,None,blake3
10,17,2026-03-11T12:25:25.08901Z,elea,0.1.1,ef66ed9,add,f4.bin,add_file_total,8.292584,10485760,,None,blake3
10,17,2026-03-11T12:25:25.089027Z,elea,0.1.1,ef66ed9,add,f2.bin,add_file_total,8.353167,10485760,,None,blake3
10,17,2026-03-11T12:25:25.089083Z,elea,0.1.1,ef66ed9,add,f1.bin,add_file_total,8.386625,10485760,,None,blake3
10,17,2026-03-11T12:25:25.089142Z,elea,0.1.1,ef66ed9,add,f5.bin,add_file_total,8.447375,10485760,,None,blake3
10,17,2026-03-11T12:25:25.089186Z,elea,0.1.1,ef66ed9,add,f3.bin,add_file_total,8.485042,10485760,,None,blake3
10,17,2026-03-11T12:25:25.089257Z,elea,0.1.1,ef66ed9,add,,add_total,8.605082999999999,,5,None,blake3
10,18,2026-03-11T12:25:25.236765Z,elea,0.1.1,ef66ed9,hash,f1.bin,hash,5.9195,10485760,,,blake3
10,18,2026-03-11T12:25:25.236663Z,elea,0.1.1,ef66ed9,hash,f5.bin,hash,5.8418339999999995,10485760,,,blake3
10,18,2026-03-11T12:25:25.236692Z,elea,0.1.1,ef66ed9,hash,f3.bin,hash,5.8390830000000005,10485760,,,blake3
10,18,2026-03-11T12:25:25.236808Z,elea,0.1.1,ef66ed9,hash,f4.bin,hash,5.981707999999999,10485760,,,blake3
10,18,2026-03-11T12:25:25.236675Z,elea,0.1.1,ef66ed9,hash,f2.bin,hash,5.838042,10485760,,,blake3
10,18,2026-03-11T12:25:25.239287Z,elea,0.1.1,ef66ed9,add,f5.bin,backend_store,0.475084,10485760,,None,blake3
10,18,2026-03-11T12:25:25.239298Z,elea,0.1.1,ef66ed9,add,f1.bin,backend_store,0.504125,10485760,,None,blake3
10,18,2026-03-11T12:25:25.23933Z,elea,0.1.1,ef66ed9,add,f4.bin,backend_store,0.472,10485760,,None,blake3
10,18,2026-03-11T12:25:25.239336Z,elea,0.1.1,ef66ed9,add,f3.bin,backend_store,0.500792,10485760,,None,blake3
10,18,2026-03-11T12:25:25.239378Z,elea,0.1.1,ef66ed9,add,f2.bin,backend_store,0.48974999999999996,10485760,,None,blake3
10,18,2026-03-11T12:25:25.239468Z,elea,0.1.1,ef66ed9,add,f5.bin,add_file_total,8.685208999999999,10485760,,None,blake3
10,18,2026-03-11T12:25:25.239513Z,elea,0.1.1,ef66ed9,add,f1.bin,add_file_total,8.710749999999999,10485760,,None,blake3
10,18,2026-03-11T12:25:25.239559Z,elea,0.1.1,ef66ed9,add,f3.bin,add_file_total,8.752208,10485760,,None,blake3
10,18,2026-03-11T12:25:25.239599Z,elea,0.1.1,ef66ed9,add,f4.bin,add_file_total,8.79775,10485760,,None,blake3
10,18,2026-03-11T12:25:25.239642Z,elea,0.1.1,ef66ed9,add,f2.bin,add_file_total,8.83975,10485760,,None,blake3
10,18,2026-03-11T12:25:25.239709Z,elea,0.1.1,ef66ed9,add,,add_total,8.957875000000001,,5,None,blake3
10,19,2026-03-11T12:25:25.389548Z,elea,0.1.1,ef66ed9,hash,f2.bin,hash,5.828749999999999,10485760,,,blake3
10,19,2026-03-11T12:25:25.389638Z,elea,0.1.1,ef66ed9,hash,f1.bin,hash,5.939167,10485760,,,blake3
10,19,2026-03-11T12:25:25.389582Z,elea,0.1.1,ef66ed9,hash,f5.bin,hash,5.838958,10485760,,,blake3
10,19,2026-03-11T12:25:25.3896Z,elea,0.1.1,ef66ed9,hash,f4.bin,hash,5.8749579999999995,10485760,,,blake3
10,19,2026-03-11T12:25:25.389565Z,elea,0.1.1,ef66ed9,hash,f3.bin,hash,5.808208,10485760,,,blake3
10,19,2026-03-11T12:25:25.392155Z,elea,0.1.1,ef66ed9,add,f3.bin,backend_store,0.40549999999999997,10485760,,None,blake3
10,19,2026-03-11T12:25:25.392243Z,elea,0.1.1,ef66ed9,add,f5.bin,backend_store,0.465042,10485760,,None,blake3
10,19,2026-03-11T12:25:25.392282Z,elea,0.1.1,ef66ed9,add,f2.bin,backend_store,0.5463749999999999,10485760,,None,blake3
10,19,2026-03-11T12:25:25.392319Z,elea,0.1.1,ef66ed9,add,f1.bin,backend_store,0.484959,10485760,,None,blake3
10,19,2026-03-11T12:25:25.392334Z,elea,0.1.1,ef66ed9,add,f3.bin,add_file_total,8.642083,10485760,,None,blake3
10,19,2026-03-11T12:25:25.392343Z,elea,0.1.1,ef66ed9,add,f4.bin,backend_store,0.519,10485760,,None,blake3
10,19,2026-03-11T12:25:25.392394Z,elea,0.1.1,ef66ed9,add,f5.bin,add_file_total,8.704416,10485760,,None,blake3
10,19,2026-03-11T12:25:25.392444Z,elea,0.1.1,ef66ed9,add,f2.bin,add_file_total,8.756916,10485760,,None,blake3
10,19,2026-03-11T12:25:25.392486Z,elea,0.1.1,ef66ed9,add,f1.bin,add_file_total,8.824917,10485760,,None,blake3
10,19,2026-03-11T12:25:25.392536Z,elea,0.1.1,ef66ed9,add,f4.bin,add_file_total,8.850125,10485760,,None,blake3
10,19,2026-03-11T12:25:25.392591Z,elea,0.1.1,ef66ed9,add,,add_total,8.9575,,5,None,blake3
10,20,2026-03-11T12:25:25.538484Z,elea,0.1.1,ef66ed9,hash,f2.bin,hash,5.821041,10485760,,,blake3
10,20,2026-03-11T12:25:25.538471Z,elea,0.1.1,ef66ed9,hash,f1.bin,hash,5.854541,10485760,,,blake3
10,20,2026-03-11T12:25:25.538403Z,elea,0.1.1,ef66ed9,hash,f5.bin,hash,5.793417000000001,10485760,,,blake3
10,20,2026-03-11T12:25:25.538492Z,elea,0.1.1,ef66ed9,hash,f3.bin,hash,5.823917,10485760,,,blake3
10,20,2026-03-11T12:25:25.538452Z,elea,0.1.1,ef66ed9,hash,f4.bin,hash,5.823042,10485760,,,blake3
10,20,2026-03-11T12:25:25.540674Z,elea,0.1.1,ef66ed9,add,f2.bin,backend_store,0.538875,10485760,,None,blake3
10,20,2026-03-11T12:25:25.540712Z,elea,0.1.1,ef66ed9,add,f5.bin,backend_store,0.5237080000000001,10485760,,None,blake3
10,20,2026-03-11T12:25:25.540795Z,elea,0.1.1,ef66ed9,add,f3.bin,backend_store,0.590334,10485760,,None,blake3
10,20,2026-03-11T12:25:25.540803Z,elea,0.1.1,ef66ed9,add,f1.bin,backend_store,0.630458,10485760,,None,blake3
10,20,2026-03-11T12:25:25.540837Z,elea,0.1.1,ef66ed9,add,f2.bin,add_file_total,8.249417,10485760,,None,blake3
10,20,2026-03-11T12:25:25.540853Z,elea,0.1.1,ef66ed9,add,f4.bin,backend_store,0.500458,10485760,,None,blake3
10,20,2026-03-11T12:25:25.540883Z,elea,0.1.1,ef66ed9,add,f5.bin,add_file_total,8.290833,10485760,,None,blake3
10,20,2026-03-11T12:25:25.540948Z,elea,0.1.1,ef66ed9,add,f3.bin,add_file_total,8.365334,10485760,,None,blake3
10,20,2026-03-11T12:25:25.540996Z,elea,0.1.1,ef66ed9,add,f1.bin,add_file_total,8.437125,10485760,,None,blake3
10,20,2026-03-11T12:25:25.541071Z,elea,0.1.1,ef66ed9,add,f4.bin,add_file_total,8.491624999999999,10485760,,None,blake3
10,20,2026-03-11T12:25:25.541128Z,elea,0.1.1,ef66ed9,add,,add_total,8.595749999999999,,5,None,blake3
10,21,2026-03-11T12:25:25.689039Z,elea,0.1.1,ef66ed9,hash,f4.bin,hash,5.9094999999999995,10485760,,,blake3
10,21,2026-03-11T12:25:25.688933Z,elea,0.1.1,ef66ed9,hash,f5.bin,hash,5.8177080000000005,10485760,,,blake3
10,21,2026-03-11T12:25:25.688952Z,elea,0.1.1,ef66ed9,hash,f1.bin,hash,5.784958,10485760,,,blake3
10,21,2026-03-11T12:25:25.688999Z,elea,0.1.1,ef66ed9,hash,f3.bin,hash,5.881625,10485760,,,blake3
10,21,2026-03-11T12:25:25.688983Z,elea,0.1.1,ef66ed9,hash,f2.bin,hash,5.823667,10485760,,,blake3
10,21,2026-03-11T12:25:25.691111Z,elea,0.1.1,ef66ed9,add,f1.bin,backend_store,0.406792,10485760,,None,blake3
10,21,2026-03-11T12:25:25.691118Z,elea,0.1.1,ef66ed9,add,f4.bin,backend_store,0.446125,10485760,,None,blake3
10,21,2026-03-11T12:25:25.691163Z,elea,0.1.1,ef66ed9,add,f3.bin,backend_store,0.42458399999999996,10485760,,None,blake3
10,21,2026-03-11T12:25:25.691208Z,elea,0.1.1,ef66ed9,add,f5.bin,backend_store,0.523,10485760,,None,blake3
10,21,2026-03-11T12:25:25.691239Z,elea,0.1.1,ef66ed9,add,f2.bin,backend_store,0.469041,10485760,,None,blake3
10,21,2026-03-11T12:25:25.691265Z,elea,0.1.1,ef66ed9,add,f1.bin,add_file_total,8.17825,10485760,,None,blake3
10,21,2026-03-11T12:25:25.691304Z,elea,0.1.1,ef66ed9,add,f4.bin,add_file_total,8.218207999999999,10485760,,None,blake3
10,21,2026-03-11T12:25:25.691339Z,elea,0.1.1,ef66ed9,add,f3.bin,add_file_total,8.274666999999999,10485760,,None,blake3
10,21,2026-03-11T12:25:25.69137Z,elea,0.1.1,ef66ed9,add,f5.bin,add_file_total,8.273875,10485760,,None,blake3
10,21,2026-03-11T12:25:25.691401Z,elea,0.1.1,ef66ed9,add,f2.bin,add_file_total,8.31375,10485760,,None,blake3
10,21,2026-03-11T12:25:25.691449Z,elea,0.1.1,ef66ed9,add,,add_total,8.41025,,5,None,blake3
10,22,2026-03-11T12:25:25.839033Z,elea,0.1.1,ef66ed9,hash,f2.bin,hash,5.870542,10485760,,,blake3
10,22,2026-03-11T12:25:25.838972Z,elea,0.1.1,ef66ed9,hash,f1.bin,hash,5.822708,10485760,,,blake3
10,22,2026-03-11T12:25:25.838993Z,elea,0.1.1,ef66ed9,hash,f4.bin,hash,5.839542,10485760,,,blake3
10,22,2026-03-11T12:25:25.839128Z,elea,0.1.1,ef66ed9,hash,f5.bin,hash,5.9475,10485760,,,blake3
10,22,2026-03-11T12:25:25.839073Z,elea,0.1.1,ef66ed9,hash,f3.bin,hash,5.955833,10485760,,,blake3
10,22,2026-03-11T12:25:25.841672Z,elea,0.1.1,ef66ed9,add,f2.bin,backend_store,0.468542,10485760,,None,blake3
10,22,2026-03-11T12:25:25.841687Z,elea,0.1.1,ef66ed9,add,f1.bin,backend_store,0.46425,10485760,,None,blake3
10,22,2026-03-11T12:25:25.841706Z,elea,0.1.1,ef66ed9,add,f4.bin,backend_store,0.45191699999999996,10485760,,None,blake3
10,22,2026-03-11T12:25:25.841731Z,elea,0.1.1,ef66ed9,add,f3.bin,backend_store,0.43554200000000004,10485760,,None,blake3
10,22,2026-03-11T12:25:25.841833Z,elea,0.1.1,ef66ed9,add,f2.bin,add_file_total,8.737833,10485760,,None,blake3
10,22,2026-03-11T12:25:25.841883Z,elea,0.1.1,ef66ed9,add,f1.bin,add_file_total,8.790792,10485760,,None,blake3
10,22,2026-03-11T12:25:25.841895Z,elea,0.1.1,ef66ed9,add,f5.bin,backend_store,0.608541,10485760,,None,blake3
10,22,2026-03-11T12:25:25.841932Z,elea,0.1.1,ef66ed9,add,f4.bin,add_file_total,8.839417000000001,10485760,,None,blake3
10,22,2026-03-11T12:25:25.841987Z,elea,0.1.1,ef66ed9,add,f3.bin,add_file_total,8.91725,10485760,,None,blake3
10,22,2026-03-11T12:25:25.842039Z,elea,0.1.1,ef66ed9,add,f5.bin,add_file_total,8.943332999999999,10485760,,None,blake3
10,22,2026-03-11T12:25:25.842103Z,elea,0.1.1,ef66ed9,add,,add_total,9.065375000000001,,5,None,blake3
10,23,2026-03-11T12:25:25.997577Z,elea,0.1.1,ef66ed9,hash,f5.bin,hash,5.9408330000000005,10485760,,,blake3
10,23,2026-03-11T12:25:25.997766Z,elea,0.1.1,ef66ed9,hash,f3.bin,hash,6.146625,10485760,,,blake3
10,23,2026-03-11T12:25:25.997548Z,elea,0.1.1,ef66ed9,hash,f4.bin,hash,5.946125,10485760,,,blake3
10,23,2026-03-11T12:25:25.997561Z,elea,0.1.1,ef66ed9,hash,f2.bin,hash,5.948791999999999,10485760,,,blake3
10,23,2026-03-11T12:25:25.997518Z,elea,0.1.1,ef66ed9,hash,f1.bin,hash,5.927416,10485760,,,blake3
10,23,2026-03-11T12:25:26.000152Z,elea,0.1.1,ef66ed9,add,f3.bin,backend_store,0.5036660000000001,10485760,,None,blake3
10,23,2026-03-11T12:25:26.000183Z,elea,0.1.1,ef66ed9,add,f5.bin,backend_store,0.547208,10485760,,None,blake3
10,23,2026-03-11T12:25:26.000233Z,elea,0.1.1,ef66ed9,add,f1.bin,backend_store,0.46570900000000004,10485760,,None,blake3
10,23,2026-03-11T12:25:26.00027Z,elea,0.1.1,ef66ed9,add,f2.bin,backend_store,0.500083,10485760,,None,blake3
10,23,2026-03-11T12:25:26.000293Z,elea,0.1.1,ef66ed9,add,f4.bin,backend_store,0.598375,10485760,,None,blake3
10,23,2026-03-11T12:25:26.000354Z,elea,0.1.1,ef66ed9,add,f5.bin,add_file_total,8.785,10485760,,None,blake3
10,23,2026-03-11T12:25:26.000399Z,elea,0.1.1,ef66ed9,add,f3.bin,add_file_total,8.850417,10485760,,None,blake3
10,23,2026-03-11T12:25:26.000449Z,elea,0.1.1,ef66ed9,add,f1.bin,add_file_total,8.90225,10485760,,None,blake3
10,23,2026-03-11T12:25:26.000499Z,elea,0.1.1,ef66ed9,add,f2.bin,add_file_total,8.950167,10485760,,None,blake3
10,23,2026-03-11T12:25:26.000545Z,elea,0.1.1,ef66ed9,add,f4.bin,add_file_total,9.022708000000002,10485760,,None,blake3
10,23,2026-03-11T12:25:26.000598Z,elea,0.1.1,ef66ed9,add,,add_total,9.117083,,5,None,blake3
10,24,2026-03-11T12:25:26.155627Z,elea,0.1.1,ef66ed9,hash,f4.bin,hash,5.930375,10485760,,,blake3
10,24,2026-03-11T12:25:26.155575Z,elea,0.1.1,ef66ed9,hash,f1.bin,hash,5.88975,10485760,,,blake3
10,24,2026-03-11T12:25:26.155636Z,elea,0.1.1,ef66ed9,hash,f5.bin,hash,5.924042,10485760,,,blake3
10,24,2026-03-11T12:25:26.155608Z,elea,0.1.1,ef66ed9,hash,f2.bin,hash,5.938042,10485760,,,blake3
10,24,2026-03-11T12:25:26.155858Z,elea,0.1.1,ef66ed9,hash,f3.bin,hash,6.128959,10485760,,,blake3
10,24,2026-03-11T12:25:26.157606Z,elea,0.1.1,ef66ed9,add,f4.bin,backend_store,0.378542,10485760,,None,blake3
10,24,2026-03-11T12:25:26.157623Z,elea,0.1.1,ef66ed9,add,f1.bin,backend_store,0.379042,10485760,,None,blake3
10,24,2026-03-11T12:25:26.15768Z,elea,0.1.1,ef66ed9,add,f2.bin,backend_store,0.41,10485760,,None,blake3
10,24,2026-03-11T12:25:26.157761Z,elea,0.1.1,ef66ed9,add,f5.bin,backend_store,0.46591699999999997,10485760,,None,blake3
10,24,2026-03-11T12:25:26.157795Z,elea,0.1.1,ef66ed9,add,f3.bin,backend_store,0.46266599999999997,10485760,,None,blake3
10,24,2026-03-11T12:25:26.157858Z,elea,0.1.1,ef66ed9,add,f1.bin,add_file_total,8.206458,10485760,,None,blake3
10,24,2026-03-11T12:25:26.157921Z,elea,0.1.1,ef66ed9,add,f2.bin,add_file_total,8.297125000000001,10485760,,None,blake3
10,24,2026-03-11T12:25:26.157975Z,elea,0.1.1,ef66ed9,add,f4.bin,add_file_total,8.319541,10485760,,None,blake3
10,24,2026-03-11T12:25:26.158024Z,elea,0.1.1,ef66ed9,add,f3.bin,add_file_total,8.374625,10485760,,None,blake3
10,24,2026-03-11T12:25:26.158055Z,elea,0.1.1,ef66ed9,add,f5.bin,add_file_total,8.395583,10485760,,None,blake3
10,24,2026-03-11T12:25:26.158152Z,elea,0.1.1,ef66ed9,add,,add_total,8.560082999999999,,5,None,blake3
10,25,2026-03-11T12:25:26.31196Z,elea,0.1.1,ef66ed9,hash,f4.bin,hash,5.659666,10485760,,,blake3
10,25,2026-03-11T12:25:26.312106Z,elea,0.1.1,ef66ed9,hash,f2.bin,hash,5.843875,10485760,,,blake3
10,25,2026-03-11T12:25:26.312086Z,elea,0.1.1,ef66ed9,hash,f5.bin,hash,5.805666,10485760,,,blake3
10,25,2026-03-11T12:25:26.312095Z,elea,0.1.1,ef66ed9,hash,f3.bin,hash,5.829625,10485760,,,blake3
10,25,2026-03-11T12:25:26.312061Z,elea,0.1.1,ef66ed9,hash,f1.bin,hash,5.820042,10485760,,,blake3
10,25,2026-03-11T12:25:26.314117Z,elea,0.1.1,ef66ed9,add,f4.bin,backend_store,0.508375,10485760,,None,blake3
10,25,2026-03-11T12:25:26.314163Z,elea,0.1.1,ef66ed9,add,f2.bin,backend_store,0.529459,10485760,,None,blake3
10,25,2026-03-11T12:25:26.314225Z,elea,0.1.1,ef66ed9,add,f3.bin,backend_store,0.5313749999999999,10485760,,None,blake3
10,25,2026-03-11T12:25:26.31424Z,elea,0.1.1,ef66ed9,add,f5.bin,backend_store,0.581542,10485760,,None,blake3
10,25,2026-03-11T12:25:26.314264Z,elea,0.1.1,ef66ed9,add,f1.bin,backend_store,0.560458,10485760,,None,blake3
10,25,2026-03-11T12:25:26.314297Z,elea,0.1.1,ef66ed9,add,f4.bin,add_file_total,8.046,10485760,,None,blake3
10,25,2026-03-11T12:25:26.314341Z,elea,0.1.1,ef66ed9,add,f2.bin,add_file_total,8.125083,10485760,,None,blake3
10,25,2026-03-11T12:25:26.314375Z,elea,0.1.1,ef66ed9,add,f3.bin,add_file_total,8.145875,10485760,,None,blake3
10,25,2026-03-11T12:25:26.314407Z,elea,0.1.1,ef66ed9,add,f5.bin,add_file_total,8.167417,10485760,,None,blake3
10,25,2026-03-11T12:25:26.314437Z,elea,0.1.1,ef66ed9,add,f1.bin,add_file_total,8.235375,10485760,,None,blake3
10,25,2026-03-11T12:25:26.314478Z,elea,0.1.1,ef66ed9,add,,add_total,8.312415999999999,,5,None,blake3
50,1,2026-03-11T12:25:26.965724Z,elea,0.1.1,ef66ed9,hash,f2.bin,hash,29.170958,52428800,,,blake3
50,1,2026-03-11T12:25:26.965759Z,elea,0.1.1,ef66ed9,hash,f4.bin,hash,29.190208,52428800,,,blake3
50,1,2026-03-11T12:25:26.965565Z,elea,0.1.1,ef66ed9,hash,f5.bin,hash,28.969,52428800,,,blake3
50,1,2026-03-11T12:25:26.965686Z,elea,0.1.1,ef66ed9,hash,f3.bin,hash,29.084,52428800,,,blake3
50,1,2026-03-11T12:25:26.96508Z,elea,0.1.1,ef66ed9,hash,f1.bin,hash,28.536042000000002,52428800,,,blake3
50,1,2026-03-11T12:25:26.967709Z,elea,0.1.1,ef66ed9,add,f4.bin,backend_store,0.474,52428800,,None,blake3
50,1,2026-03-11T12:25:26.967743Z,elea,0.1.1,ef66ed9,add,f2.bin,backend_store,0.518875,52428800,,None,blake3
50,1,2026-03-11T12:25:26.967781Z,elea,0.1.1,ef66ed9,add,f5.bin,backend_store,0.5077499999999999,52428800,,None,blake3
50,1,2026-03-11T12:25:26.967865Z,elea,0.1.1,ef66ed9,add,f3.bin,backend_store,0.550416,52428800,,None,blake3
50,1,2026-03-11T12:25:26.967928Z,elea,0.1.1,ef66ed9,add,f4.bin,add_file_total,31.389833,52428800,,None,blake3
50,1,2026-03-11T12:25:26.967974Z,elea,0.1.1,ef66ed9,add,f5.bin,add_file_total,31.442666000000003,52428800,,None,blake3
50,1,2026-03-11T12:25:26.967994Z,elea,0.1.1,ef66ed9,add,f1.bin,backend_store,0.542416,52428800,,None,blake3
50,1,2026-03-11T12:25:26.968051Z,elea,0.1.1,ef66ed9,add,f2.bin,add_file_total,31.507333999999997,52428800,,None,blake3
50,1,2026-03-11T12:25:26.968093Z,elea,0.1.1,ef66ed9,add,f3.bin,add_file_total,31.556167000000002,52428800,,None,blake3
50,1,2026-03-11T12:25:26.968136Z,elea,0.1.1,ef66ed9,add,f1.bin,add_file_total,31.647542,52428800,,None,blake3
50,1,2026-03-11T12:25:26.968218Z,elea,0.1.1,ef66ed9,add,,add_total,31.759792,,5,None,blake3
50,2,2026-03-11T12:25:27.665828Z,elea,0.1.1,ef66ed9,hash,f3.bin,hash,30.000958,52428800,,,blake3
50,2,2026-03-11T12:25:27.665547Z,elea,0.1.1,ef66ed9,hash,f4.bin,hash,29.741041,52428800,,,blake3
50,2,2026-03-11T12:25:27.665777Z,elea,0.1.1,ef66ed9,hash,f1.bin,hash,30.047792,52428800,,,blake3
50,2,2026-03-11T12:25:27.665373Z,elea,0.1.1,ef66ed9,hash,f2.bin,hash,29.530834,52428800,,,blake3
50,2,2026-03-11T12:25:27.665347Z,elea,0.1.1,ef66ed9,hash,f5.bin,hash,29.582291,52428800,,,blake3
50,2,2026-03-11T12:25:27.66786Z,elea,0.1.1,ef66ed9,add,f3.bin,backend_store,0.615541,52428800,,None,blake3
50,2,2026-03-11T12:25:27.668107Z,elea,0.1.1,ef66ed9,add,f4.bin,backend_store,0.779584,52428800,,None,blake3
50,2,2026-03-11T12:25:27.668242Z,elea,0.1.1,ef66ed9,add,f2.bin,backend_store,0.843,52428800,,None,blake3
50,2,2026-03-11T12:25:27.668253Z,elea,0.1.1,ef66ed9,add,f1.bin,backend_store,0.901792,52428800,,None,blake3
50,2,2026-03-11T12:25:27.668261Z,elea,0.1.1,ef66ed9,add,f3.bin,add_file_total,32.527333,52428800,,None,blake3
50,2,2026-03-11T12:25:27.668299Z,elea,0.1.1,ef66ed9,add,f5.bin,backend_store,0.815458,52428800,,None,blake3
50,2,2026-03-11T12:25:27.668356Z,elea,0.1.1,ef66ed9,add,f4.bin,add_file_total,32.617,52428800,,None,blake3
50,2,2026-03-11T12:25:27.668397Z,elea,0.1.1,ef66ed9,add,f2.bin,add_file_total,32.663667000000004,52428800,,None,blake3
50,2,2026-03-11T12:25:27.668484Z,elea,0.1.1,ef66ed9,add,f1.bin,add_file_total,32.779709,52428800,,None,blake3
50,2,2026-03-11T12:25:27.668533Z,elea,0.1.1,ef66ed9,add,f5.bin,add_file_total,32.800250000000005,52428800,,None,blake3
50,2,2026-03-11T12:25:27.668627Z,elea,0.1.1,ef66ed9,add,,add_total,32.959,,5,None,blake3
50,3,2026-03-11T12:25:28.336818Z,elea,0.1.1,ef66ed9,hash,f3.bin,hash,28.815416,52428800,,,blake3
50,3,2026-03-11T12:25:28.336764Z,elea,0.1.1,ef66ed9,hash,f5.bin,hash,28.742917,52428800,,,blake3
50,3,2026-03-11T12:25:28.336803Z,elea,0.1.1,ef66ed9,hash,f1.bin,hash,28.807,52428800,,,blake3
50,3,2026-03-11T12:25:28.337028Z,elea,0.1.1,ef66ed9,hash,f2.bin,hash,29.045541,52428800,,,blake3
50,3,2026-03-11T12:25:28.337019Z,elea,0.1.1,ef66ed9,hash,f4.bin,hash,28.995916,52428800,,,blake3
50,3,2026-03-11T12:25:28.339445Z,elea,0.1.1,ef66ed9,add,f5.bin,backend_store,0.58175,52428800,,None,blake3
50,3,2026-03-11T12:25:28.339459Z,elea,0.1.1,ef66ed9,add,f2.bin,backend_store,0.514166,52428800,,None,blake3
50,3,2026-03-11T12:25:28.339479Z,elea,0.1.1,ef66ed9,add,f1.bin,backend_store,0.5766249999999999,52428800,,None,blake3
50,3,2026-03-11T12:25:28.33949Z,elea,0.1.1,ef66ed9,add,f3.bin,backend_store,0.642958,52428800,,None,blake3
50,3,2026-03-11T12:25:28.339513Z,elea,0.1.1,ef66ed9,add,f4.bin,backend_store,0.545083,52428800,,None,blake3
50,3,2026-03-11T12:25:28.339608Z,elea,0.1.1,ef66ed9,add,f5.bin,add_file_total,31.638583999999998,52428800,,None,blake3
50,3,2026-03-11T12:25:28.339661Z,elea,0.1.1,ef66ed9,add,f2.bin,add_file_total,31.719458,52428800,,None,blake3
50,3,2026-03-11T12:25:28.339713Z,elea,0.1.1,ef66ed9,add,f4.bin,add_file_total,31.746416999999997,52428800,,None,blake3
50,3,2026-03-11T12:25:28.339757Z,elea,0.1.1,ef66ed9,add,f1.bin,add_file_total,31.795666999999998,52428800,,None,blake3
50,3,2026-03-11T12:25:28.339809Z,elea,0.1.1,ef66ed9,add,f3.bin,add_file_total,31.847166,52428800,,None,blake3
50,3,2026-03-11T12:25:28.339878Z,elea,0.1.1,ef66ed9,add,,add_total,31.970291999999997,,5,None,blake3
50,4,2026-03-11T12:25:29.020285Z,elea,0.1.1,ef66ed9,hash,f2.bin,hash,29.24275,52428800,,,blake3
50,4,2026-03-11T12:25:29.020311Z,elea,0.1.1,ef66ed9,hash,f4.bin,hash,29.294,52428800,,,blake3
50,4,2026-03-11T12:25:29.020298Z,elea,0.1.1,ef66ed9,hash,f5.bin,hash,29.29125,52428800,,,blake3
50,4,2026-03-11T12:25:29.020407Z,elea,0.1.1,ef66ed9,hash,f1.bin,hash,29.380375,52428800,,,blake3
50,4,2026-03-11T12:25:29.020163Z,elea,0.1.1,ef66ed9,hash,f3.bin,hash,29.147625,52428800,,,blake3
50,4,2026-03-11T12:25:29.022765Z,elea,0.1.1,ef66ed9,add,f4.bin,backend_store,0.576417,52428800,,None,blake3
50,4,2026-03-11T12:25:29.022776Z,elea,0.1.1,ef66ed9,add,f2.bin,backend_store,0.60475,52428800,,None,blake3
50,4,2026-03-11T12:25:29.022803Z,elea,0.1.1,ef66ed9,add,f1.bin,backend_store,0.54475,52428800,,None,blake3
50,4,2026-03-11T12:25:29.022812Z,elea,0.1.1,ef66ed9,add,f5.bin,backend_store,0.5917910000000001,52428800,,None,blake3
50,4,2026-03-11T12:25:29.022836Z,elea,0.1.1,ef66ed9,add,f3.bin,backend_store,0.553125,52428800,,None,blake3
50,4,2026-03-11T12:25:29.022948Z,elea,0.1.1,ef66ed9,add,f4.bin,add_file_total,31.975792000000002,52428800,,None,blake3
50,4,2026-03-11T12:25:29.022982Z,elea,0.1.1,ef66ed9,add,f1.bin,add_file_total,32.010208,52428800,,None,blake3
50,4,2026-03-11T12:25:29.02303Z,elea,0.1.1,ef66ed9,add,f5.bin,add_file_total,32.08175,52428800,,None,blake3
50,4,2026-03-11T12:25:29.02308Z,elea,0.1.1,ef66ed9,add,f2.bin,add_file_total,32.107667,52428800,,None,blake3
50,4,2026-03-11T12:25:29.023124Z,elea,0.1.1,ef66ed9,add,f3.bin,add_file_total,32.153665999999994,52428800,,None,blake3
50,4,2026-03-11T12:25:29.023181Z,elea,0.1.1,ef66ed9,add,,add_total,32.261832999999996,,5,None,blake3
50,5,2026-03-11T12:25:29.676049Z,elea,0.1.1,ef66ed9,hash,f3.bin,hash,29.061166999999998,52428800,,,blake3
50,5,2026-03-11T12:25:29.676078Z,elea,0.1.1,ef66ed9,hash,f4.bin,hash,29.060125,52428800,,,blake3
50,5,2026-03-11T12:25:29.676065Z,elea,0.1.1,ef66ed9,hash,f5.bin,hash,29.109416,52428800,,,blake3
50,5,2026-03-11T12:25:29.676106Z,elea,0.1.1,ef66ed9,hash,f2.bin,hash,29.141083000000002,52428800,,,blake3
50,5,2026-03-11T12:25:29.67579Z,elea,0.1.1,ef66ed9,hash,f1.bin,hash,28.854166,52428800,,,blake3
50,5,2026-03-11T12:25:29.678366Z,elea,0.1.1,ef66ed9,add,f4.bin,backend_store,0.5243329999999999,52428800,,None,blake3
50,5,2026-03-11T12:25:29.678406Z,elea,0.1.1,ef66ed9,add,f2.bin,backend_store,0.509416,52428800,,None,blake3
50,5,2026-03-11T12:25:29.678426Z,elea,0.1.1,ef66ed9,add,f5.bin,backend_store,0.5354169999999999,52428800,,None,blake3
50,5,2026-03-11T12:25:29.678444Z,elea,0.1.1,ef66ed9,add,f3.bin,backend_store,0.614541,52428800,,None,blake3
50,5,2026-03-11T12:25:29.678491Z,elea,0.1.1,ef66ed9,add,f1.bin,backend_store,0.542583,52428800,,None,blake3
50,5,2026-03-11T12:25:29.678553Z,elea,0.1.1,ef66ed9,add,f4.bin,add_file_total,31.628417,52428800,,None,blake3
50,5,2026-03-11T12:25:29.678587Z,elea,0.1.1,ef66ed9,add,f2.bin,add_file_total,31.683500000000002,52428800,,None,blake3
50,5,2026-03-11T12:25:29.678629Z,elea,0.1.1,ef66ed9,add,f5.bin,add_file_total,31.736124999999998,52428800,,None,blake3
50,5,2026-03-11T12:25:29.678672Z,elea,0.1.1,ef66ed9,add,f3.bin,add_file_total,31.768040999999997,52428800,,None,blake3
50,5,2026-03-11T12:25:29.678713Z,elea,0.1.1,ef66ed9,add,f1.bin,add_file_total,31.825375000000005,52428800,,None,blake3
50,5,2026-03-11T12:25:29.678772Z,elea,0.1.1,ef66ed9,add,,add_total,31.944874999999996,,5,None,blake3
50,6,2026-03-11T12:25:30.327378Z,elea,0.1.1,ef66ed9,hash,f2.bin,hash,29.074334,52428800,,,blake3
50,6,2026-03-11T12:25:30.327406Z,elea,0.1.1,ef66ed9,hash,f1.bin,hash,29.177584,52428800,,,blake3
50,6,2026-03-11T12:25:30.327337Z,elea,0.1.1,ef66ed9,hash,f4.bin,hash,29.214750000000002,52428800,,,blake3
50,6,2026-03-11T12:25:30.327283Z,elea,0.1.1,ef66ed9,hash,f3.bin,hash,29.145916,52428800,,,blake3
50,6,2026-03-11T12:25:30.327395Z,elea,0.1.1,ef66ed9,hash,f5.bin,hash,29.231666999999998,52428800,,,blake3
50,6,2026-03-11T12:25:30.329898Z,elea,0.1.1,ef66ed9,add,f2.bin,backend_store,0.475333,52428800,,None,blake3
50,6,2026-03-11T12:25:30.329906Z,elea,0.1.1,ef66ed9,add,f1.bin,backend_store,0.471292,52428800,,None,blake3
50,6,2026-03-11T12:25:30.329923Z,elea,0.1.1,ef66ed9,add,f4.bin,backend_store,0.462166,52428800,,None,blake3
50,6,2026-03-11T12:25:30.329981Z,elea,0.1.1,ef66ed9,add,f3.bin,backend_store,0.481917,52428800,,None,blake3
50,6,2026-03-11T12:25:30.330159Z,elea,0.1.1,ef66ed9,add,f5.bin,backend_store,0.559833,52428800,,None,blake3
50,6,2026-03-11T12:25:30.330171Z,elea,0.1.1,ef66ed9,add,f2.bin,add_file_total,31.968625,52428800,,None,blake3
50,6,2026-03-11T12:25:30.330236Z,elea,0.1.1,ef66ed9,add,f4.bin,add_file_total,32.154791,52428800,,None,blake3
50,6,2026-03-11T12:25:30.330281Z,elea,0.1.1,ef66ed9,add,f1.bin,add_file_total,32.081832999999996,52428800,,None,blake3
50,6,2026-03-11T12:25:30.330322Z,elea,0.1.1,ef66ed9,add,f3.bin,add_file_total,32.244125,52428800,,None,blake3
50,6,2026-03-11T12:25:30.330362Z,elea,0.1.1,ef66ed9,add,f5.bin,add_file_total,32.272707999999994,52428800,,None,blake3
50,6,2026-03-11T12:25:30.330428Z,elea,0.1.1,ef66ed9,add,,add_total,32.404208,,5,None,blake3
50,7,2026-03-11T12:25:30.989598Z,elea,0.1.1,ef66ed9,hash,f3.bin,hash,29.208208,52428800,,,blake3
50,7,2026-03-11T12:25:30.989318Z,elea,0.1.1,ef66ed9,hash,f5.bin,hash,28.891125,52428800,,,blake3
50,7,2026-03-11T12:25:30.989643Z,elea,0.1.1,ef66ed9,hash,f2.bin,hash,29.246833,52428800,,,blake3
50,7,2026-03-11T12:25:30.989573Z,elea,0.1.1,ef66ed9,hash,f4.bin,hash,29.167041,52428800,,,blake3
50,7,2026-03-11T12:25:30.990363Z,elea,0.1.1,ef66ed9,hash,f1.bin,hash,29.90975,52428800,,,blake3
50,7,2026-03-11T12:25:30.991725Z,elea,0.1.1,ef66ed9,add,f3.bin,backend_store,0.5042500000000001,52428800,,None,blake3
50,7,2026-03-11T12:25:30.991769Z,elea,0.1.1,ef66ed9,add,f5.bin,backend_store,0.515334,52428800,,None,blake3
50,7,2026-03-11T12:25:30.991813Z,elea,0.1.1,ef66ed9,add,f4.bin,backend_store,0.49095900000000003,52428800,,None,blake3
50,7,2026-03-11T12:25:30.991856Z,elea,0.1.1,ef66ed9,add,f1.bin,backend_store,0.546875,52428800,,None,blake3
50,7,2026-03-11T12:25:30.991899Z,elea,0.1.1,ef66ed9,add,f3.bin,add_file_total,31.557916999999996,52428800,,None,blake3
50,7,2026-03-11T12:25:30.991953Z,elea,0.1.1,ef66ed9,add,f2.bin,backend_store,0.6405420000000001,52428800,,None,blake3
50,7,2026-03-11T12:25:30.991976Z,elea,0.1.1,ef66ed9,add,f5.bin,add_file_total,31.613916999999997,52428800,,None,blake3
50,7,2026-03-11T12:25:30.992024Z,elea,0.1.1,ef66ed9,add,f1.bin,add_file_total,31.678541999999997,52428800,,None,blake3
50,7,2026-03-11T12:25:30.992089Z,elea,0.1.1,ef66ed9,add,f4.bin,add_file_total,31.737834,52428800,,None,blake3
50,7,2026-03-11T12:25:30.992158Z,elea,0.1.1,ef66ed9,add,f2.bin,add_file_total,31.782290999999997,52428800,,None,blake3
50,7,2026-03-11T12:25:30.992242Z,elea,0.1.1,ef66ed9,add,,add_total,31.939458,,5,None,blake3
50,8,2026-03-11T12:25:31.647225Z,elea,0.1.1,ef66ed9,hash,f3.bin,hash,29.647083000000002,52428800,,,blake3
50,8,2026-03-11T12:25:31.647259Z,elea,0.1.1,ef66ed9,hash,f1.bin,hash,29.719917,52428800,,,blake3
50,8,2026-03-11T12:25:31.646908Z,elea,0.1.1,ef66ed9,hash,f2.bin,hash,29.302625,52428800,,,blake3
50,8,2026-03-11T12:25:31.647181Z,elea,0.1.1,ef66ed9,hash,f5.bin,hash,29.561375,52428800,,,blake3
50,8,2026-03-11T12:25:31.646854Z,elea,0.1.1,ef66ed9,hash,f4.bin,hash,29.282167,52428800,,,blake3
50,8,2026-03-11T12:25:31.64981Z,elea,0.1.1,ef66ed9,add,f3.bin,backend_store,0.617125,52428800,,None,blake3
50,8,2026-03-11T12:25:31.64984Z,elea,0.1.1,ef66ed9,add,f1.bin,backend_store,0.621,52428800,,None,blake3
50,8,2026-03-11T12:25:31.649968Z,elea,0.1.1,ef66ed9,add,f2.bin,backend_store,0.72925,52428800,,None,blake3
50,8,2026-03-11T12:25:31.650114Z,elea,0.1.1,ef66ed9,add,f4.bin,backend_store,0.7815,52428800,,None,blake3
50,8,2026-03-11T12:25:31.650135Z,elea,0.1.1,ef66ed9,add,f3.bin,add_file_total,32.636958,52428800,,None,blake3
50,8,2026-03-11T12:25:31.650162Z,elea,0.1.1,ef66ed9,add,f5.bin,backend_store,0.848083,52428800,,None,blake3
50,8,2026-03-11T12:25:31.650194Z,elea,0.1.1,ef66ed9,add,f1.bin,add_file_total,32.711417,52428800,,None,blake3
50,8,2026-03-11T12:25:31.650244Z,elea,0.1.1,ef66ed9,add,f2.bin,add_file_total,32.721541,52428800,,None,blake3
50,8,2026-03-11T12:25:31.650292Z,elea,0.1.1,ef66ed9,add,f4.bin,add_file_total,32.76029200000001,52428800,,None,blake3
50,8,2026-03-11T12:25:31.65033Z,elea,0.1.1,ef66ed9,add,f5.bin,add_file_total,32.838917,52428800,,None,blake3
50,8,2026-03-11T12:25:31.65039Z,elea,0.1.1,ef66ed9,add,,add_total,32.966041000000004,,5,None,blake3
50,9,2026-03-11T12:25:32.310916Z,elea,0.1.1,ef66ed9,hash,f4.bin,hash,28.9975,52428800,,,blake3
50,9,2026-03-11T12:25:32.311206Z,elea,0.1.1,ef66ed9,hash,f2.bin,hash,29.308457999999998,52428800,,,blake3
50,9,2026-03-11T12:25:32.311181Z,elea,0.1.1,ef66ed9,hash,f1.bin,hash,29.313792000000003,52428800,,,blake3
50,9,2026-03-11T12:25:32.311032Z,elea,0.1.1,ef66ed9,hash,f5.bin,hash,29.14725,52428800,,,blake3
50,9,2026-03-11T12:25:32.311004Z,elea,0.1.1,ef66ed9,hash,f3.bin,hash,29.116957999999997,52428800,,,blake3
50,9,2026-03-11T12:25:32.313274Z,elea,0.1.1,ef66ed9,add,f4.bin,backend_store,0.530041,52428800,,None,blake3
50,9,2026-03-11T12:25:32.313284Z,elea,0.1.1,ef66ed9,add,f1.bin,backend_store,0.48645900000000003,52428800,,None,blake3
50,9,2026-03-11T12:25:32.313314Z,elea,0.1.1,ef66ed9,add,f3.bin,backend_store,0.46316599999999997,52428800,,None,blake3
50,9,2026-03-11T12:25:32.313339Z,elea,0.1.1,ef66ed9,add,f2.bin,backend_store,0.572333,52428800,,None,blake3
50,9,2026-03-11T12:25:32.313357Z,elea,0.1.1,ef66ed9,add,f5.bin,backend_store,0.51,52428800,,None,blake3
50,9,2026-03-11T12:25:32.313463Z,elea,0.1.1,ef66ed9,add,f4.bin,add_file_total,31.607166999999997,52428800,,None,blake3
50,9,2026-03-11T12:25:32.313521Z,elea,0.1.1,ef66ed9,add,f1.bin,add_file_total,31.692125,52428800,,None,blake3
50,9,2026-03-11T12:25:32.313567Z,elea,0.1.1,ef66ed9,add,f3.bin,add_file_total,31.715958000000004,52428800,,None,blake3
50,9,2026-03-11T12:25:32.313613Z,elea,0.1.1,ef66ed9,add,f5.bin,add_file_total,31.760792000000002,52428800,,None,blake3
50,9,2026-03-11T12:25:32.313647Z,elea,0.1.1,ef66ed9,add,f2.bin,add_file_total,31.793957999999996,52428800,,None,blake3
50,9,2026-03-11T12:25:32.313722Z,elea,0.1.1,ef66ed9,add,,add_total,31.921832999999996,,5,None,blake3
50,10,2026-03-11T12:25:32.954547Z,elea,0.1.1,ef66ed9,hash,f1.bin,hash,29.193875000000002,52428800,,,blake3
50,10,2026-03-11T12:25:32.954434Z,elea,0.1.1,ef66ed9,hash,f4.bin,hash,29.150917,52428800,,,blake3
50,10,2026-03-11T12:25:32.954562Z,elea,0.1.1,ef66ed9,hash,f3.bin,hash,29.249000000000002,52428800,,,blake3
50,10,2026-03-11T12:25:32.954525Z,elea,0.1.1,ef66ed9,hash,f5.bin,hash,29.2155,52428800,,,blake3
50,10,2026-03-11T12:25:32.954368Z,elea,0.1.1,ef66ed9,hash,f2.bin,hash,29.050208,52428800,,,blake3
50,10,2026-03-11T12:25:32.956561Z,elea,0.1.1,ef66ed9,add,f1.bin,backend_store,0.49137499999999995,52428800,,None,blake3
50,10,2026-03-11T12:25:32.956644Z,elea,0.1.1,ef66ed9,add,f2.bin,backend_store,0.5499590000000001,52428800,,None,blake3
50,10,2026-03-11T12:25:32.956711Z,elea,0.1.1,ef66ed9,add,f5.bin,backend_store,0.5372089999999999,52428800,,None,blake3
50,10,2026-03-11T12:25:32.956742Z,elea,0.1.1,ef66ed9,add,f4.bin,backend_store,0.56525,52428800,,None,blake3
50,10,2026-03-11T12:25:32.956809Z,elea,0.1.1,ef66ed9,add,f1.bin,add_file_total,31.553207999999998,52428800,,None,blake3
50,10,2026-03-11T12:25:32.956871Z,elea,0.1.1,ef66ed9,add,f3.bin,backend_store,0.7096669999999999,52428800,,None,blake3
50,10,2026-03-11T12:25:32.956893Z,elea,0.1.1,ef66ed9,add,f2.bin,add_file_total,31.628375000000002,52428800,,None,blake3
50,10,2026-03-11T12:25:32.956933Z,elea,0.1.1,ef66ed9,add,f5.bin,add_file_total,31.670917,52428800,,None,blake3
50,10,2026-03-11T12:25:32.956991Z,elea,0.1.1,ef66ed9,add,f4.bin,add_file_total,31.724750000000004,52428800,,None,blake3
50,10,2026-03-11T12:25:32.957083Z,elea,0.1.1,ef66ed9,add,f3.bin,add_file_total,31.84725,52428800,,None,blake3
50,10,2026-03-11T12:25:32.957143Z,elea,0.1.1,ef66ed9,add,,add_total,31.940583,,5,None,blake3
50,11,2026-03-11T12:25:33.609529Z,elea,0.1.1,ef66ed9,hash,f2.bin,hash,29.215917,52428800,,,blake3
50,11,2026-03-11T12:25:33.609462Z,elea,0.1.1,ef66ed9,hash,f1.bin,hash,29.118208,52428800,,,blake3
50,11,2026-03-11T12:25:33.609603Z,elea,0.1.1,ef66ed9,hash,f3.bin,hash,29.2495,52428800,,,blake3
50,11,2026-03-11T12:25:33.609594Z,elea,0.1.1,ef66ed9,hash,f5.bin,hash,29.266750000000002,52428800,,,blake3
50,11,2026-03-11T12:25:33.609363Z,elea,0.1.1,ef66ed9,hash,f4.bin,hash,28.966417,52428800,,,blake3
50,11,2026-03-11T12:25:33.611741Z,elea,0.1.1,ef66ed9,add,f2.bin,backend_store,0.41154199999999996,52428800,,None,blake3
50,11,2026-03-11T12:25:33.611871Z,elea,0.1.1,ef66ed9,add,f3.bin,backend_store,0.500625,52428800,,None,blake3
50,11,2026-03-11T12:25:33.611889Z,elea,0.1.1,ef66ed9,add,f5.bin,backend_store,0.486875,52428800,,None,blake3
50,11,2026-03-11T12:25:33.611921Z,elea,0.1.1,ef66ed9,add,f1.bin,backend_store,0.5502499999999999,52428800,,None,blake3
50,11,2026-03-11T12:25:33.611963Z,elea,0.1.1,ef66ed9,add,f2.bin,add_file_total,31.688374999999997,52428800,,None,blake3
50,11,2026-03-11T12:25:33.612107Z,elea,0.1.1,ef66ed9,add,f5.bin,add_file_total,31.812542,52428800,,None,blake3
50,11,2026-03-11T12:25:33.612161Z,elea,0.1.1,ef66ed9,add,f1.bin,add_file_total,31.863250000000004,52428800,,None,blake3
50,11,2026-03-11T12:25:33.612213Z,elea,0.1.1,ef66ed9,add,f3.bin,add_file_total,31.876125,52428800,,None,blake3
50,11,2026-03-11T12:25:33.612221Z,elea,0.1.1,ef66ed9,add,f4.bin,backend_store,0.638208,52428800,,None,blake3
50,11,2026-03-11T12:25:33.612381Z,elea,0.1.1,ef66ed9,add,f4.bin,add_file_total,32.084583,52428800,,None,blake3
50,11,2026-03-11T12:25:33.61247Z,elea,0.1.1,ef66ed9,add,,add_total,32.218666,,5,None,blake3
50,12,2026-03-11T12:25:34.276989Z,elea,0.1.1,ef66ed9,hash,f5.bin,hash,29.286875000000002,52428800,,,blake3
50,12,2026-03-11T12:25:34.276541Z,elea,0.1.1,ef66ed9,hash,f2.bin,hash,28.867917,52428800,,,blake3
50,12,2026-03-11T12:25:34.277102Z,elea,0.1.1,ef66ed9,hash,f1.bin,hash,29.416207999999997,52428800,,,blake3
50,12,2026-03-11T12:25:34.276952Z,elea,0.1.1,ef66ed9,hash,f3.bin,hash,29.306833,52428800,,,blake3
50,12,2026-03-11T12:25:34.27689Z,elea,0.1.1,ef66ed9,hash,f4.bin,hash,29.251333000000002,52428800,,,blake3
50,12,2026-03-11T12:25:34.278626Z,elea,0.1.1,ef66ed9,add,f5.bin,backend_store,0.46745800000000004,52428800,,None,blake3
50,12,2026-03-11T12:25:34.278679Z,elea,0.1.1,ef66ed9,add,f2.bin,backend_store,0.5053329999999999,52428800,,None,blake3
50,12,2026-03-11T12:25:34.278691Z,elea,0.1.1,ef66ed9,add,f1.bin,backend_store,0.48870800000000003,52428800,,None,blake3
50,12,2026-03-11T12:25:34.278708Z,elea,0.1.1,ef66ed9,add,f3.bin,backend_store,0.474916,52428800,,None,blake3
50,12,2026-03-11T12:25:34.278759Z,elea,0.1.1,ef66ed9,add,f4.bin,backend_store,0.485666,52428800,,None,blake3
50,12,2026-03-11T12:25:34.278837Z,elea,0.1.1,ef66ed9,add,f5.bin,add_file_total,31.214042,52428800,,None,blake3
50,12,2026-03-11T12:25:34.278876Z,elea,0.1.1,ef66ed9,add,f3.bin,add_file_total,31.254875000000002,52428800,,None,blake3
50,12,2026-03-11T12:25:34.278924Z,elea,0.1.1,ef66ed9,add,f4.bin,add_file_total,31.326542,52428800,,None,blake3
50,12,2026-03-11T12:25:34.278973Z,elea,0.1.1,ef66ed9,add,f2.bin,add_file_total,31.331167,52428800,,None,blake3
50,12,2026-03-11T12:25:34.279016Z,elea,0.1.1,ef66ed9,add,f1.bin,add_file_total,31.395625000000003,52428800,,None,blake3
50,12,2026-03-11T12:25:34.27909Z,elea,0.1.1,ef66ed9,add,,add_total,31.530124999999998,,5,None,blake3
50,13,2026-03-11T12:25:34.934269Z,elea,0.1.1,ef66ed9,hash,f2.bin,hash,29.149333,52428800,,,blake3
50,13,2026-03-11T12:25:34.934352Z,elea,0.1.1,ef66ed9,hash,f5.bin,hash,29.192959000000002,52428800,,,blake3
50,13,2026-03-11T12:25:34.933893Z,elea,0.1.1,ef66ed9,hash,f1.bin,hash,28.74125,52428800,,,blake3
50,13,2026-03-11T12:25:34.934189Z,elea,0.1.1,ef66ed9,hash,f4.bin,hash,29.007624999999997,52428800,,,blake3
50,13,2026-03-11T12:25:34.93432Z,elea,0.1.1,ef66ed9,hash,f3.bin,hash,29.190082999999998,52428800,,,blake3
50,13,2026-03-11T12:25:34.936306Z,elea,0.1.1,ef66ed9,add,f2.bin,backend_store,0.486583,52428800,,None,blake3
50,13,2026-03-11T12:25:34.936424Z,elea,0.1.1,ef66ed9,add,f5.bin,backend_store,0.5685,52428800,,None,blake3
50,13,2026-03-11T12:25:34.936544Z,elea,0.1.1,ef66ed9,add,f4.bin,backend_store,0.628792,52428800,,None,blake3
50,13,2026-03-11T12:25:34.93662Z,elea,0.1.1,ef66ed9,add,f3.bin,backend_store,0.664041,52428800,,None,blake3
50,13,2026-03-11T12:25:34.936627Z,elea,0.1.1,ef66ed9,add,f1.bin,backend_store,0.741959,52428800,,None,blake3
50,13,2026-03-11T12:25:34.936681Z,elea,0.1.1,ef66ed9,add,f2.bin,add_file_total,31.597374999999996,52428800,,None,blake3
50,13,2026-03-11T12:25:34.936748Z,elea,0.1.1,ef66ed9,add,f5.bin,add_file_total,31.63825,52428800,,None,blake3
50,13,2026-03-11T12:25:34.936838Z,elea,0.1.1,ef66ed9,add,f4.bin,add_file_total,31.715708000000003,52428800,,None,blake3
50,13,2026-03-11T12:25:34.93687Z,elea,0.1.1,ef66ed9,add,f3.bin,add_file_total,31.755459,52428800,,None,blake3
50,13,2026-03-11T12:25:34.936912Z,elea,0.1.1,ef66ed9,add,f1.bin,add_file_total,31.799791000000003,52428800,,None,blake3
50,13,2026-03-11T12:25:34.937007Z,elea,0.1.1,ef66ed9,add,,add_total,31.964708,,5,None,blake3
50,14,2026-03-11T12:25:35.611973Z,elea,0.1.1,ef66ed9,hash,f4.bin,hash,28.743542,52428800,,,blake3
50,14,2026-03-11T12:25:35.6122Z,elea,0.1.1,ef66ed9,hash,f2.bin,hash,29.01375,52428800,,,blake3
50,14,2026-03-11T12:25:35.612177Z,elea,0.1.1,ef66ed9,hash,f3.bin,hash,28.963083,52428800,,,blake3
50,14,2026-03-11T12:25:35.612192Z,elea,0.1.1,ef66ed9,hash,f1.bin,hash,28.995542,52428800,,,blake3
50,14,2026-03-11T12:25:35.612141Z,elea,0.1.1,ef66ed9,hash,f5.bin,hash,28.932833000000002,52428800,,,blake3
50,14,2026-03-11T12:25:35.61464Z,elea,0.1.1,ef66ed9,add,f4.bin,backend_store,0.504458,52428800,,None,blake3
50,14,2026-03-11T12:25:35.614669Z,elea,0.1.1,ef66ed9,add,f3.bin,backend_store,0.49029100000000003,52428800,,None,blake3
50,14,2026-03-11T12:25:35.614679Z,elea,0.1.1,ef66ed9,add,f2.bin,backend_store,0.504958,52428800,,None,blake3
50,14,2026-03-11T12:25:35.614698Z,elea,0.1.1,ef66ed9,add,f5.bin,backend_store,0.455041,52428800,,None,blake3
50,14,2026-03-11T12:25:35.614734Z,elea,0.1.1,ef66ed9,add,f1.bin,backend_store,0.5042920000000001,52428800,,None,blake3
50,14,2026-03-11T12:25:35.614833Z,elea,0.1.1,ef66ed9,add,f3.bin,add_file_total,31.677834,52428800,,None,blake3
50,14,2026-03-11T12:25:35.614893Z,elea,0.1.1,ef66ed9,add,f4.bin,add_file_total,31.709750000000003,52428800,,None,blake3
50,14,2026-03-11T12:25:35.614935Z,elea,0.1.1,ef66ed9,add,f2.bin,add_file_total,31.783125000000002,52428800,,None,blake3
50,14,2026-03-11T12:25:35.614979Z,elea,0.1.1,ef66ed9,add,f5.bin,add_file_total,31.816791,52428800,,None,blake3
50,14,2026-03-11T12:25:35.615021Z,elea,0.1.1,ef66ed9,add,f1.bin,add_file_total,31.886333000000004,52428800,,None,blake3
50,14,2026-03-11T12:25:35.615077Z,elea,0.1.1,ef66ed9,add,,add_total,31.972958000000002,,5,None,blake3
50,15,2026-03-11T12:25:36.261094Z,elea,0.1.1,ef66ed9,hash,f4.bin,hash,29.256375000000002,52428800,,,blake3
50,15,2026-03-11T12:25:36.260902Z,elea,0.1.1,ef66ed9,hash,f2.bin,hash,29.059458,52428800,,,blake3
50,15,2026-03-11T12:25:36.260668Z,elea,0.1.1,ef66ed9,hash,f3.bin,hash,28.77475,52428800,,,blake3
50,15,2026-03-11T12:25:36.261105Z,elea,0.1.1,ef66ed9,hash,f5.bin,hash,29.222,52428800,,,blake3
50,15,2026-03-11T12:25:36.260863Z,elea,0.1.1,ef66ed9,hash,f1.bin,hash,29.007417,52428800,,,blake3
50,15,2026-03-11T12:25:36.26317Z,elea,0.1.1,ef66ed9,add,f3.bin,backend_store,0.586459,52428800,,None,blake3
50,15,2026-03-11T12:25:36.263241Z,elea,0.1.1,ef66ed9,add,f4.bin,backend_store,0.7094999999999999,52428800,,None,blake3
50,15,2026-03-11T12:25:36.263259Z,elea,0.1.1,ef66ed9,add,f2.bin,backend_store,0.706875,52428800,,None,blake3
50,15,2026-03-11T12:25:36.263271Z,elea,0.1.1,ef66ed9,add,f5.bin,backend_store,0.6555000000000001,52428800,,None,blake3
50,15,2026-03-11T12:25:36.263348Z,elea,0.1.1,ef66ed9,add,f1.bin,backend_store,0.6339170000000001,52428800,,None,blake3
50,15,2026-03-11T12:25:36.263387Z,elea,0.1.1,ef66ed9,add,f3.bin,add_file_total,31.557707999999998,52428800,,None,blake3
50,15,2026-03-11T12:25:36.263484Z,elea,0.1.1,ef66ed9,add,f4.bin,add_file_total,31.693917000000003,52428800,,None,blake3
50,15,2026-03-11T12:25:36.263528Z,elea,0.1.1,ef66ed9,add,f2.bin,add_file_total,31.706167,52428800,,None,blake3
50,15,2026-03-11T12:25:36.263565Z,elea,0.1.1,ef66ed9,add,f5.bin,add_file_total,31.742208,52428800,,None,blake3
50,15,2026-03-11T12:25:36.263598Z,elea,0.1.1,ef66ed9,add,f1.bin,add_file_total,31.777,52428800,,None,blake3
50,15,2026-03-11T12:25:36.263658Z,elea,0.1.1,ef66ed9,add,,add_total,31.909,,5,None,blake3
50,16,2026-03-11T12:25:36.914073Z,elea,0.1.1,ef66ed9,hash,f3.bin,hash,28.952624999999998,52428800,,,blake3
50,16,2026-03-11T12:25:36.914013Z,elea,0.1.1,ef66ed9,hash,f5.bin,hash,28.953625,52428800,,,blake3
50,16,2026-03-11T12:25:36.914303Z,elea,0.1.1,ef66ed9,hash,f4.bin,hash,29.209625,52428800,,,blake3
50,16,2026-03-11T12:25:36.914219Z,elea,0.1.1,ef66ed9,hash,f2.bin,hash,29.114250000000002,52428800,,,blake3
50,16,2026-03-11T12:25:36.914334Z,elea,0.1.1,ef66ed9,hash,f1.bin,hash,29.266666,52428800,,,blake3
50,16,2026-03-11T12:25:36.916799Z,elea,0.1.1,ef66ed9,add,f3.bin,backend_store,0.5393330000000001,52428800,,None,blake3
50,16,2026-03-11T12:25:36.916808Z,elea,0.1.1,ef66ed9,add,f4.bin,backend_store,0.47404199999999996,52428800,,None,blake3
50,16,2026-03-11T12:25:36.916825Z,elea,0.1.1,ef66ed9,add,f1.bin,backend_store,0.453333,52428800,,None,blake3
50,16,2026-03-11T12:25:36.916842Z,elea,0.1.1,ef66ed9,add,f5.bin,backend_store,0.549208,52428800,,None,blake3
50,16,2026-03-11T12:25:36.916865Z,elea,0.1.1,ef66ed9,add,f2.bin,backend_store,0.5190830000000001,52428800,,None,blake3
50,16,2026-03-11T12:25:36.91696Z,elea,0.1.1,ef66ed9,add,f3.bin,add_file_total,31.91625,52428800,,None,blake3
50,16,2026-03-11T12:25:36.91701Z,elea,0.1.1,ef66ed9,add,f1.bin,add_file_total,31.9775,52428800,,None,blake3
50,16,2026-03-11T12:25:36.917057Z,elea,0.1.1,ef66ed9,add,f2.bin,add_file_total,32.016084,52428800,,None,blake3
50,16,2026-03-11T12:25:36.917103Z,elea,0.1.1,ef66ed9,add,f5.bin,add_file_total,32.089708,52428800,,None,blake3
50,16,2026-03-11T12:25:36.917144Z,elea,0.1.1,ef66ed9,add,f4.bin,add_file_total,32.105042,52428800,,None,blake3
50,16,2026-03-11T12:25:36.917211Z,elea,0.1.1,ef66ed9,add,,add_total,32.241708,,5,None,blake3
50,17,2026-03-11T12:25:37.568293Z,elea,0.1.1,ef66ed9,hash,f4.bin,hash,29.1855,52428800,,,blake3
50,17,2026-03-11T12:25:37.56822Z,elea,0.1.1,ef66ed9,hash,f3.bin,hash,29.109583,52428800,,,blake3
50,17,2026-03-11T12:25:37.568175Z,elea,0.1.1,ef66ed9,hash,f5.bin,hash,29.082832999999997,52428800,,,blake3
50,17,2026-03-11T12:25:37.568131Z,elea,0.1.1,ef66ed9,hash,f2.bin,hash,29.048917,52428800,,,blake3
50,17,2026-03-11T12:25:37.568094Z,elea,0.1.1,ef66ed9,hash,f1.bin,hash,29.0165,52428800,,,blake3
50,17,2026-03-11T12:25:37.570524Z,elea,0.1.1,ef66ed9,add,f4.bin,backend_store,0.477792,52428800,,None,blake3
50,17,2026-03-11T12:25:37.570565Z,elea,0.1.1,ef66ed9,add,f3.bin,backend_store,0.4965,52428800,,None,blake3
50,17,2026-03-11T12:25:37.570573Z,elea,0.1.1,ef66ed9,add,f5.bin,backend_store,0.47325,52428800,,None,blake3
50,17,2026-03-11T12:25:37.570599Z,elea,0.1.1,ef66ed9,add,f2.bin,backend_store,0.438208,52428800,,None,blake3
50,17,2026-03-11T12:25:37.570613Z,elea,0.1.1,ef66ed9,add,f1.bin,backend_store,0.455708,52428800,,None,blake3
50,17,2026-03-11T12:25:37.570722Z,elea,0.1.1,ef66ed9,add,f4.bin,add_file_total,31.666083999999998,52428800,,None,blake3
50,17,2026-03-11T12:25:37.570755Z,elea,0.1.1,ef66ed9,add,f1.bin,add_file_total,31.723542000000002,52428800,,None,blake3
50,17,2026-03-11T12:25:37.570802Z,elea,0.1.1,ef66ed9,add,f5.bin,add_file_total,31.747833000000004,52428800,,None,blake3
50,17,2026-03-11T12:25:37.570846Z,elea,0.1.1,ef66ed9,add,f2.bin,add_file_total,31.791666000000003,52428800,,None,blake3
50,17,2026-03-11T12:25:37.570887Z,elea,0.1.1,ef66ed9,add,f3.bin,add_file_total,31.830833000000002,52428800,,None,blake3
50,17,2026-03-11T12:25:37.570954Z,elea,0.1.1,ef66ed9,add,,add_total,31.960041,,5,None,blake3
50,18,2026-03-11T12:25:38.225948Z,elea,0.1.1,ef66ed9,hash,f2.bin,hash,29.078416999999998,52428800,,,blake3
50,18,2026-03-11T12:25:38.225852Z,elea,0.1.1,ef66ed9,hash,f3.bin,hash,29.004625,52428800,,,blake3
50,18,2026-03-11T12:25:38.225815Z,elea,0.1.1,ef66ed9,hash,f5.bin,hash,28.955375,52428800,,,blake3
50,18,2026-03-11T12:25:38.225805Z,elea,0.1.1,ef66ed9,hash,f4.bin,hash,28.966666,52428800,,,blake3
50,18,2026-03-11T12:25:38.225767Z,elea,0.1.1,ef66ed9,hash,f1.bin,hash,28.925375,52428800,,,blake3
50,18,2026-03-11T12:25:38.228272Z,elea,0.1.1,ef66ed9,add,f3.bin,backend_store,0.512542,52428800,,None,blake3
50,18,2026-03-11T12:25:38.228281Z,elea,0.1.1,ef66ed9,add,f2.bin,backend_store,0.538209,52428800,,None,blake3
50,18,2026-03-11T12:25:38.228293Z,elea,0.1.1,ef66ed9,add,f5.bin,backend_store,0.48674999999999996,52428800,,None,blake3
50,18,2026-03-11T12:25:38.228313Z,elea,0.1.1,ef66ed9,add,f4.bin,backend_store,0.48383299999999996,52428800,,None,blake3
50,18,2026-03-11T12:25:38.228326Z,elea,0.1.1,ef66ed9,add,f1.bin,backend_store,0.47266600000000003,52428800,,None,blake3
50,18,2026-03-11T12:25:38.228424Z,elea,0.1.1,ef66ed9,add,f3.bin,add_file_total,31.606292,52428800,,None,blake3
50,18,2026-03-11T12:25:38.228467Z,elea,0.1.1,ef66ed9,add,f5.bin,add_file_total,31.647416999999997,52428800,,None,blake3
50,18,2026-03-11T12:25:38.228507Z,elea,0.1.1,ef66ed9,add,f2.bin,add_file_total,31.689750000000004,52428800,,None,blake3
50,18,2026-03-11T12:25:38.228548Z,elea,0.1.1,ef66ed9,add,f4.bin,add_file_total,31.732542000000002,52428800,,None,blake3
50,18,2026-03-11T12:25:38.228587Z,elea,0.1.1,ef66ed9,add,f1.bin,add_file_total,31.795625,52428800,,None,blake3
50,18,2026-03-11T12:25:38.228637Z,elea,0.1.1,ef66ed9,add,,add_total,31.88025,,5,None,blake3
50,19,2026-03-11T12:25:38.880531Z,elea,0.1.1,ef66ed9,hash,f5.bin,hash,29.112584000000002,52428800,,,blake3
50,19,2026-03-11T12:25:38.880378Z,elea,0.1.1,ef66ed9,hash,f2.bin,hash,28.965167,52428800,,,blake3
50,19,2026-03-11T12:25:38.880409Z,elea,0.1.1,ef66ed9,hash,f1.bin,hash,28.977083,52428800,,,blake3
50,19,2026-03-11T12:25:38.880692Z,elea,0.1.1,ef66ed9,hash,f4.bin,hash,29.245834,52428800,,,blake3
50,19,2026-03-11T12:25:38.88059Z,elea,0.1.1,ef66ed9,hash,f3.bin,hash,29.127,52428800,,,blake3
50,19,2026-03-11T12:25:38.88308Z,elea,0.1.1,ef66ed9,add,f1.bin,backend_store,0.49629199999999996,52428800,,None,blake3
50,19,2026-03-11T12:25:38.88313Z,elea,0.1.1,ef66ed9,add,f2.bin,backend_store,0.55875,52428800,,None,blake3
50,19,2026-03-11T12:25:38.88317Z,elea,0.1.1,ef66ed9,add,f5.bin,backend_store,0.625125,52428800,,None,blake3
50,19,2026-03-11T12:25:38.883188Z,elea,0.1.1,ef66ed9,add,f4.bin,backend_store,0.5658329999999999,52428800,,None,blake3
50,19,2026-03-11T12:25:38.883222Z,elea,0.1.1,ef66ed9,add,f3.bin,backend_store,0.586583,52428800,,None,blake3
50,19,2026-03-11T12:25:38.883352Z,elea,0.1.1,ef66ed9,add,f1.bin,add_file_total,31.957916000000004,52428800,,None,blake3
50,19,2026-03-11T12:25:38.88341Z,elea,0.1.1,ef66ed9,add,f2.bin,add_file_total,32.038041,52428800,,None,blake3
50,19,2026-03-11T12:25:38.883466Z,elea,0.1.1,ef66ed9,add,f5.bin,add_file_total,32.066917000000004,52428800,,None,blake3
50,19,2026-03-11T12:25:38.883512Z,elea,0.1.1,ef66ed9,add,f4.bin,add_file_total,32.118209,52428800,,None,blake3
50,19,2026-03-11T12:25:38.883559Z,elea,0.1.1,ef66ed9,add,f3.bin,add_file_total,32.165082999999996,52428800,,None,blake3
50,19,2026-03-11T12:25:38.883627Z,elea,0.1.1,ef66ed9,add,,add_total,32.291042,,5,None,blake3
50,20,2026-03-11T12:25:39.558675Z,elea,0.1.1,ef66ed9,hash,f4.bin,hash,28.900375,52428800,,,blake3
50,20,2026-03-11T12:25:39.558906Z,elea,0.1.1,ef66ed9,hash,f2.bin,hash,29.0875,52428800,,,blake3
50,20,2026-03-11T12:25:39.559191Z,elea,0.1.1,ef66ed9,hash,f3.bin,hash,29.382584,52428800,,,blake3
50,20,2026-03-11T12:25:39.559056Z,elea,0.1.1,ef66ed9,hash,f5.bin,hash,29.261042,52428800,,,blake3
50,20,2026-03-11T12:25:39.558694Z,elea,0.1.1,ef66ed9,hash,f1.bin,hash,28.944333,52428800,,,blake3
50,20,2026-03-11T12:25:39.561886Z,elea,0.1.1,ef66ed9,add,f4.bin,backend_store,0.5724159999999999,52428800,,None,blake3
50,20,2026-03-11T12:25:39.561891Z,elea,0.1.1,ef66ed9,add,f2.bin,backend_store,0.550042,52428800,,None,blake3
50,20,2026-03-11T12:25:39.561949Z,elea,0.1.1,ef66ed9,add,f3.bin,backend_store,0.585791,52428800,,None,blake3
50,20,2026-03-11T12:25:39.561964Z,elea,0.1.1,ef66ed9,add,f5.bin,backend_store,0.558375,52428800,,None,blake3
50,20,2026-03-11T12:25:39.561993Z,elea,0.1.1,ef66ed9,add,f1.bin,backend_store,0.542334,52428800,,None,blake3
50,20,2026-03-11T12:25:39.562108Z,elea,0.1.1,ef66ed9,add,f4.bin,add_file_total,32.412208,52428800,,None,blake3
50,20,2026-03-11T12:25:39.562188Z,elea,0.1.1,ef66ed9,add,f2.bin,add_file_total,32.489125,52428800,,None,blake3
50,20,2026-03-11T12:25:39.562253Z,elea,0.1.1,ef66ed9,add,f5.bin,add_file_total,32.552792,52428800,,None,blake3
50,20,2026-03-11T12:25:39.562317Z,elea,0.1.1,ef66ed9,add,f3.bin,add_file_total,32.612750000000005,52428800,,None,blake3
50,20,2026-03-11T12:25:39.562354Z,elea,0.1.1,ef66ed9,add,f1.bin,add_file_total,32.677084,52428800,,None,blake3
50,20,2026-03-11T12:25:39.562409Z,elea,0.1.1,ef66ed9,add,,add_total,32.802959,,5,None,blake3
50,21,2026-03-11T12:25:40.246494Z,elea,0.1.1,ef66ed9,hash,f1.bin,hash,29.168291999999997,52428800,,,blake3
50,21,2026-03-11T12:25:40.246473Z,elea,0.1.1,ef66ed9,hash,f2.bin,hash,29.062041999999998,52428800,,,blake3
50,21,2026-03-11T12:25:40.246528Z,elea,0.1.1,ef66ed9,hash,f4.bin,hash,29.250334,52428800,,,blake3
50,21,2026-03-11T12:25:40.246596Z,elea,0.1.1,ef66ed9,hash,f5.bin,hash,29.299540999999998,52428800,,,blake3
50,21,2026-03-11T12:25:40.246508Z,elea,0.1.1,ef66ed9,hash,f3.bin,hash,29.175708,52428800,,,blake3
50,21,2026-03-11T12:25:40.249385Z,elea,0.1.1,ef66ed9,add,f1.bin,backend_store,0.551667,52428800,,None,blake3
50,21,2026-03-11T12:25:40.249396Z,elea,0.1.1,ef66ed9,add,f2.bin,backend_store,0.5451670000000001,52428800,,None,blake3
50,21,2026-03-11T12:25:40.249408Z,elea,0.1.1,ef66ed9,add,f4.bin,backend_store,0.506917,52428800,,None,blake3
50,21,2026-03-11T12:25:40.249428Z,elea,0.1.1,ef66ed9,add,f5.bin,backend_store,0.504583,52428800,,None,blake3
50,21,2026-03-11T12:25:40.249436Z,elea,0.1.1,ef66ed9,add,f3.bin,backend_store,0.508833,52428800,,None,blake3
50,21,2026-03-11T12:25:40.249578Z,elea,0.1.1,ef66ed9,add,f1.bin,add_file_total,32.318042,52428800,,None,blake3
50,21,2026-03-11T12:25:40.249608Z,elea,0.1.1,ef66ed9,add,f4.bin,add_file_total,32.372792,52428800,,None,blake3
50,21,2026-03-11T12:25:40.249659Z,elea,0.1.1,ef66ed9,add,f2.bin,add_file_total,32.409625,52428800,,None,blake3
50,21,2026-03-11T12:25:40.249706Z,elea,0.1.1,ef66ed9,add,f5.bin,add_file_total,32.461625,52428800,,None,blake3
50,21,2026-03-11T12:25:40.249747Z,elea,0.1.1,ef66ed9,add,f3.bin,add_file_total,32.509457999999995,52428800,,None,blake3
50,21,2026-03-11T12:25:40.249834Z,elea,0.1.1,ef66ed9,add,,add_total,32.637333999999996,,5,None,blake3
50,22,2026-03-11T12:25:40.924547Z,elea,0.1.1,ef66ed9,hash,f1.bin,hash,29.204500000000003,52428800,,,blake3
50,22,2026-03-11T12:25:40.924323Z,elea,0.1.1,ef66ed9,hash,f4.bin,hash,28.927875,52428800,,,blake3
50,22,2026-03-11T12:25:40.924495Z,elea,0.1.1,ef66ed9,hash,f3.bin,hash,29.162582999999998,52428800,,,blake3
50,22,2026-03-11T12:25:40.924588Z,elea,0.1.1,ef66ed9,hash,f5.bin,hash,29.237167000000003,52428800,,,blake3
50,22,2026-03-11T12:25:40.924428Z,elea,0.1.1,ef66ed9,hash,f2.bin,hash,29.0925,52428800,,,blake3
50,22,2026-03-11T12:25:40.927358Z,elea,0.1.1,ef66ed9,add,f1.bin,backend_store,0.827958,52428800,,None,blake3
50,22,2026-03-11T12:25:40.927441Z,elea,0.1.1,ef66ed9,add,f3.bin,backend_store,0.77625,52428800,,None,blake3
50,22,2026-03-11T12:25:40.927502Z,elea,0.1.1,ef66ed9,add,f4.bin,backend_store,0.9550420000000001,52428800,,None,blake3
50,22,2026-03-11T12:25:40.927554Z,elea,0.1.1,ef66ed9,add,f2.bin,backend_store,0.830375,52428800,,None,blake3
50,22,2026-03-11T12:25:40.927568Z,elea,0.1.1,ef66ed9,add,f1.bin,add_file_total,32.253208,52428800,,None,blake3
50,22,2026-03-11T12:25:40.927585Z,elea,0.1.1,ef66ed9,add,f5.bin,backend_store,0.904083,52428800,,None,blake3
50,22,2026-03-11T12:25:40.927635Z,elea,0.1.1,ef66ed9,add,f3.bin,add_file_total,32.319166,52428800,,None,blake3
50,22,2026-03-11T12:25:40.927728Z,elea,0.1.1,ef66ed9,add,f4.bin,add_file_total,32.367332999999995,52428800,,None,blake3
50,22,2026-03-11T12:25:40.927768Z,elea,0.1.1,ef66ed9,add,f2.bin,add_file_total,32.480542,52428800,,None,blake3
50,22,2026-03-11T12:25:40.927816Z,elea,0.1.1,ef66ed9,add,f5.bin,add_file_total,32.500792000000004,52428800,,None,blake3
50,22,2026-03-11T12:25:40.927882Z,elea,0.1.1,ef66ed9,add,,add_total,32.632124999999995,,5,None,blake3
50,23,2026-03-11T12:25:41.617597Z,elea,0.1.1,ef66ed9,hash,f3.bin,hash,29.234125,52428800,,,blake3
50,23,2026-03-11T12:25:41.617282Z,elea,0.1.1,ef66ed9,hash,f5.bin,hash,28.952749999999998,52428800,,,blake3
50,23,2026-03-11T12:25:41.617529Z,elea,0.1.1,ef66ed9,hash,f2.bin,hash,29.185292,52428800,,,blake3
50,23,2026-03-11T12:25:41.617331Z,elea,0.1.1,ef66ed9,hash,f1.bin,hash,28.967167,52428800,,,blake3
50,23,2026-03-11T12:25:41.617347Z,elea,0.1.1,ef66ed9,hash,f4.bin,hash,28.988917,52428800,,,blake3
50,23,2026-03-11T12:25:41.62014Z,elea,0.1.1,ef66ed9,add,f1.bin,backend_store,0.632,52428800,,None,blake3
50,23,2026-03-11T12:25:41.620199Z,elea,0.1.1,ef66ed9,add,f3.bin,backend_store,0.780625,52428800,,None,blake3
50,23,2026-03-11T12:25:41.620207Z,elea,0.1.1,ef66ed9,add,f2.bin,backend_store,0.7314160000000001,52428800,,None,blake3
50,23,2026-03-11T12:25:41.620249Z,elea,0.1.1,ef66ed9,add,f5.bin,backend_store,0.8205,52428800,,None,blake3
50,23,2026-03-11T12:25:41.620271Z,elea,0.1.1,ef66ed9,add,f4.bin,backend_store,0.731917,52428800,,None,blake3
50,23,2026-03-11T12:25:41.620416Z,elea,0.1.1,ef66ed9,add,f1.bin,add_file_total,32.118334,52428800,,None,blake3
50,23,2026-03-11T12:25:41.620464Z,elea,0.1.1,ef66ed9,add,f3.bin,add_file_total,32.167833,52428800,,None,blake3
50,23,2026-03-11T12:25:41.620518Z,elea,0.1.1,ef66ed9,add,f2.bin,add_file_total,32.228041999999995,52428800,,None,blake3
50,23,2026-03-11T12:25:41.620561Z,elea,0.1.1,ef66ed9,add,f5.bin,add_file_total,32.275209,52428800,,None,blake3
50,23,2026-03-11T12:25:41.620642Z,elea,0.1.1,ef66ed9,add,f4.bin,add_file_total,32.357749999999996,52428800,,None,blake3
50,23,2026-03-11T12:25:41.620709Z,elea,0.1.1,ef66ed9,add,,add_total,32.461792,,5,None,blake3
50,24,2026-03-11T12:25:42.307188Z,elea,0.1.1,ef66ed9,hash,f5.bin,hash,29.240209,52428800,,,blake3
50,24,2026-03-11T12:25:42.307131Z,elea,0.1.1,ef66ed9,hash,f1.bin,hash,29.194791000000002,52428800,,,blake3
50,24,2026-03-11T12:25:42.306842Z,elea,0.1.1,ef66ed9,hash,f3.bin,hash,28.879167000000002,52428800,,,blake3
50,24,2026-03-11T12:25:42.307152Z,elea,0.1.1,ef66ed9,hash,f4.bin,hash,29.149583,52428800,,,blake3
50,24,2026-03-11T12:25:42.307163Z,elea,0.1.1,ef66ed9,hash,f2.bin,hash,29.23825,52428800,,,blake3
50,24,2026-03-11T12:25:42.309032Z,elea,0.1.1,ef66ed9,add,f5.bin,backend_store,0.547084,52428800,,None,blake3
50,24,2026-03-11T12:25:42.309041Z,elea,0.1.1,ef66ed9,add,f3.bin,backend_store,0.506334,52428800,,None,blake3
50,24,2026-03-11T12:25:42.30907Z,elea,0.1.1,ef66ed9,add,f1.bin,backend_store,0.5647500000000001,52428800,,None,blake3
50,24,2026-03-11T12:25:42.309091Z,elea,0.1.1,ef66ed9,add,f2.bin,backend_store,0.475916,52428800,,None,blake3
50,24,2026-03-11T12:25:42.309104Z,elea,0.1.1,ef66ed9,add,f4.bin,backend_store,0.5377500000000001,52428800,,None,blake3
50,24,2026-03-11T12:25:42.309239Z,elea,0.1.1,ef66ed9,add,f3.bin,add_file_total,31.3325,52428800,,None,blake3
50,24,2026-03-11T12:25:42.309272Z,elea,0.1.1,ef66ed9,add,f2.bin,add_file_total,31.396333,52428800,,None,blake3
50,24,2026-03-11T12:25:42.309323Z,elea,0.1.1,ef66ed9,add,f1.bin,add_file_total,31.416874999999997,52428800,,None,blake3
50,24,2026-03-11T12:25:42.30938Z,elea,0.1.1,ef66ed9,add,f4.bin,add_file_total,31.50575,52428800,,None,blake3
50,24,2026-03-11T12:25:42.309423Z,elea,0.1.1,ef66ed9,add,f5.bin,add_file_total,31.543875,52428800,,None,blake3
50,24,2026-03-11T12:25:42.309492Z,elea,0.1.1,ef66ed9,add,,add_total,31.670125,,5,None,blake3
50,25,2026-03-11T12:25:42.993348Z,elea,0.1.1,ef66ed9,hash,f2.bin,hash,29.225875,52428800,,,blake3
50,25,2026-03-11T12:25:42.993253Z,elea,0.1.1,ef66ed9,hash,f3.bin,hash,29.122042,52428800,,,blake3
50,25,2026-03-11T12:25:42.993218Z,elea,0.1.1,ef66ed9,hash,f4.bin,hash,29.059834,52428800,,,blake3
50,25,2026-03-11T12:25:42.993435Z,elea,0.1.1,ef66ed9,hash,f1.bin,hash,29.289834,52428800,,,blake3
50,25,2026-03-11T12:25:42.993161Z,elea,0.1.1,ef66ed9,hash,f5.bin,hash,28.977125,52428800,,,blake3
50,25,2026-03-11T12:25:42.995943Z,elea,0.1.1,ef66ed9,add,f2.bin,backend_store,0.599167,52428800,,None,blake3
50,25,2026-03-11T12:25:42.995972Z,elea,0.1.1,ef66ed9,add,f1.bin,backend_store,0.5587920000000001,52428800,,None,blake3
50,25,2026-03-11T12:25:42.996089Z,elea,0.1.1,ef66ed9,add,f4.bin,backend_store,0.677417,52428800,,None,blake3
50,25,2026-03-11T12:25:42.996144Z,elea,0.1.1,ef66ed9,add,f3.bin,backend_store,0.768667,52428800,,None,blake3
50,25,2026-03-11T12:25:42.996194Z,elea,0.1.1,ef66ed9,add,f5.bin,backend_store,0.7207920000000001,52428800,,None,blake3
50,25,2026-03-11T12:25:42.996221Z,elea,0.1.1,ef66ed9,add,f2.bin,add_file_total,32.17375,52428800,,None,blake3
50,25,2026-03-11T12:25:42.996293Z,elea,0.1.1,ef66ed9,add,f1.bin,add_file_total,32.244459000000006,52428800,,None,blake3
50,25,2026-03-11T12:25:42.996358Z,elea,0.1.1,ef66ed9,add,f4.bin,add_file_total,32.300000000000004,52428800,,None,blake3
50,25,2026-03-11T12:25:42.99641Z,elea,0.1.1,ef66ed9,add,f3.bin,add_file_total,32.365208,52428800,,None,blake3
50,25,2026-03-11T12:25:42.99646Z,elea,0.1.1,ef66ed9,add,f5.bin,add_file_total,32.399249999999995,52428800,,None,blake3
50,25,2026-03-11T12:25:42.996576Z,elea,0.1.1,ef66ed9,add,,add_total,32.593458999999996,,5,None,blake3
