size_mb,rep,timestamp,user,dvs_version,git_commit,command,file,step,duration_ms,file_size_bytes,num_files,compression,hash_algorithm
1,9,2026-03-11T12:25:43.350486Z,elea,0.1.1,ef66ed9,hash,f4.bin,hash,0.610042,1048576,,,blake3
1,9,2026-03-11T12:25:43.350476Z,elea,0.1.1,ef66ed9,hash,f2.bin,hash,0.607917,1048576,,,blake3
1,9,2026-03-11T12:25:43.350459Z,elea,0.1.1,ef66ed9,hash,f3.bin,hash,0.608542,1048576,,,blake3
1,9,2026-03-11T12:25:43.350541Z,elea,0.1.1,ef66ed9,hash,f5.bin,hash,0.6789580000000001,1048576,,,blake3
1,9,2026-03-11T12:25:43.350448Z,elea,0.1.1,ef66ed9,hash,f1.bin,hash,0.6067079999999999,1048576,,,blake3
1,9,2026-03-11T12:25:43.352171Z,elea,0.1.1,ef66ed9,add,f4.bin,backend_store,0.508875,1048576,,None,blake3
1,9,2026-03-11T12:25:43.35227Z,elea,0.1.1,ef66ed9,add,f3.bin,backend_store,0.579792,1048576,,None,blake3
1,9,2026-03-11T12:25:43.352299Z,elea,0.1.1,ef66ed9,add,f2.bin,backend_store,0.568417,1048576,,None,blake3
1,9,2026-03-11T12:25:43.3524Z,elea,0.1.1,ef66ed9,add,f5.bin,backend_store,0.629875,1048576,,None,blake3
1,9,2026-03-11T12:25:43.352431Z,elea,0.1.1,ef66ed9,add,f1.bin,backend_store,0.616542,1048576,,None,blake3
1,9,2026-03-11T12:25:43.352501Z,elea,0.1.1,ef66ed9,add,f4.bin,add_file_total,2.664583,1048576,,None,blake3
1,9,2026-03-11T12:25:43.352567Z,elea,0.1.1,ef66ed9,add,f3.bin,add_file_total,2.7365,1048576,,None,blake3
1,9,2026-03-11T12:25:43.352624Z,elea,0.1.1,ef66ed9,add,f2.bin,add_file_total,2.789875,1048576,,None,blake3
1,9,2026-03-11T12:25:43.352887Z,elea,0.1.1,ef66ed9,add,f5.bin,add_file_total,3.055792,1048576,,None,blake3
1,9,2026-03-11T12:25:43.35292Z,elea,0.1.1,ef66ed9,add,f1.bin,add_file_total,3.1091249999999997,1048576,,None,blake3
1,9,2026-03-11T12:25:43.353049Z,elea,0.1.1,ef66ed9,add,,add_total,3.262459,,5,None,blake3
1,16,2026-03-11T12:25:43.390934Z,elea,0.1.1,ef66ed9,hash,f4.bin,hash,0.641208,1048576,,,blake3
1,16,2026-03-11T12:25:43.390891Z,elea,0.1.1,ef66ed9,hash,f3.bin,hash,0.6080420000000001,1048576,,,blake3
1,16,2026-03-11T12:25:43.390873Z,elea,0.1.1,ef66ed9,hash,f2.bin,hash,0.606167,1048576,,,blake3
1,16,2026-03-11T12:25:43.390974Z,elea,0.1.1,ef66ed9,hash,f1.bin,hash,0.6735829999999999,1048576,,,blake3
1,16,2026-03-11T12:25:43.390881Z,elea,0.1.1,ef66ed9,hash,f5.bin,hash,0.599708,1048576,,,blake3
1,16,2026-03-11T12:25:43.392812Z,elea,0.1.1,ef66ed9,add,f1.bin,backend_store,0.5966250000000001,1048576,,None,blake3
1,16,2026-03-11T12:25:43.392818Z,elea,0.1.1,ef66ed9,add,f4.bin,backend_store,0.6505420000000001,1048576,,None,blake3
1,16,2026-03-11T12:25:43.392823Z,elea,0.1.1,ef66ed9,add,f2.bin,backend_store,0.634417,1048576,,None,blake3
1,16,2026-03-11T12:25:43.392834Z,elea,0.1.1,ef66ed9,add,f5.bin,backend_store,0.59675,1048576,,None,blake3
1,16,2026-03-11T12:25:43.392864Z,elea,0.1.1,ef66ed9,add,f3.bin,backend_store,0.6837920000000001,1048576,,None,blake3
1,16,2026-03-11T12:25:43.393034Z,elea,0.1.1,ef66ed9,add,f1.bin,add_file_total,2.7712079999999997,1048576,,None,blake3
1,16,2026-03-11T12:25:43.393082Z,elea,0.1.1,ef66ed9,add,f2.bin,add_file_total,2.851375,1048576,,None,blake3
1,16,2026-03-11T12:25:43.393116Z,elea,0.1.1,ef66ed9,add,f4.bin,add_file_total,2.854291,1048576,,None,blake3
1,16,2026-03-11T12:25:43.393151Z,elea,0.1.1,ef66ed9,add,f5.bin,add_file_total,2.890542,1048576,,None,blake3
1,16,2026-03-11T12:25:43.39318Z,elea,0.1.1,ef66ed9,add,f3.bin,add_file_total,2.9194999999999998,1048576,,None,blake3
1,16,2026-03-11T12:25:43.393241Z,elea,0.1.1,ef66ed9,add,,add_total,3.042584,,5,None,blake3
5,6,2026-03-11T12:25:43.485619Z,elea,0.1.1,ef66ed9,hash,f3.bin,hash,3.132625,5242880,,,blake3
5,6,2026-03-11T12:25:43.485511Z,elea,0.1.1,ef66ed9,hash,f1.bin,hash,2.9702919999999997,5242880,,,blake3
5,6,2026-03-11T12:25:43.485492Z,elea,0.1.1,ef66ed9,hash,f2.bin,hash,2.9526660000000002,5242880,,,blake3
5,6,2026-03-11T12:25:43.485531Z,elea,0.1.1,ef66ed9,hash,f5.bin,hash,2.9914579999999997,5242880,,,blake3
5,6,2026-03-11T12:25:43.485459Z,elea,0.1.1,ef66ed9,hash,f4.bin,hash,2.935791,5242880,,,blake3
5,6,2026-03-11T12:25:43.488076Z,elea,0.1.1,ef66ed9,add,f3.bin,backend_store,0.635375,5242880,,None,blake3
5,6,2026-03-11T12:25:43.488084Z,elea,0.1.1,ef66ed9,add,f1.bin,backend_store,0.635208,5242880,,None,blake3
5,6,2026-03-11T12:25:43.488107Z,elea,0.1.1,ef66ed9,add,f2.bin,backend_store,0.628833,5242880,,None,blake3
5,6,2026-03-11T12:25:43.488117Z,elea,0.1.1,ef66ed9,add,f5.bin,backend_store,0.613458,5242880,,None,blake3
5,6,2026-03-11T12:25:43.488135Z,elea,0.1.1,ef66ed9,add,f4.bin,backend_store,0.59925,5242880,,None,blake3
5,6,2026-03-11T12:25:43.488262Z,elea,0.1.1,ef66ed9,add,f1.bin,add_file_total,5.813375,5242880,,None,blake3
5,6,2026-03-11T12:25:43.488296Z,elea,0.1.1,ef66ed9,add,f5.bin,add_file_total,5.862958,5242880,,None,blake3
5,6,2026-03-11T12:25:43.48834Z,elea,0.1.1,ef66ed9,add,f2.bin,add_file_total,5.894084,5242880,,None,blake3
5,6,2026-03-11T12:25:43.488388Z,elea,0.1.1,ef66ed9,add,f3.bin,add_file_total,5.948125,5242880,,None,blake3
5,6,2026-03-11T12:25:43.488433Z,elea,0.1.1,ef66ed9,add,f4.bin,add_file_total,5.976791,5242880,,None,blake3
5,6,2026-03-11T12:25:43.4885Z,elea,0.1.1,ef66ed9,add,,add_total,6.105167,,5,None,blake3
1,2,2026-03-11T12:25:43.527887Z,elea,0.1.1,ef66ed9,hash,f5.bin,hash,0.62325,1048576,,,blake3
1,2,2026-03-11T12:25:43.527954Z,elea,0.1.1,ef66ed9,hash,f3.bin,hash,0.6000829999999999,1048576,,,blake3
1,2,2026-03-11T12:25:43.527945Z,elea,0.1.1,ef66ed9,hash,f2.bin,hash,0.618458,1048576,,,blake3
1,2,2026-03-11T12:25:43.527903Z,elea,0.1.1,ef66ed9,hash,f4.bin,hash,0.6192920000000001,1048576,,,blake3
1,2,2026-03-11T12:25:43.527913Z,elea,0.1.1,ef66ed9,hash,f1.bin,hash,0.6375419999999999,1048576,,,blake3
1,2,2026-03-11T12:25:43.530348Z,elea,0.1.1,ef66ed9,add,f3.bin,backend_store,0.7725,1048576,,None,blake3
1,2,2026-03-11T12:25:43.530358Z,elea,0.1.1,ef66ed9,add,f5.bin,backend_store,0.7992090000000001,1048576,,None,blake3
1,2,2026-03-11T12:25:43.530401Z,elea,0.1.1,ef66ed9,add,f2.bin,backend_store,0.761417,1048576,,None,blake3
1,2,2026-03-11T12:25:43.530445Z,elea,0.1.1,ef66ed9,add,f4.bin,backend_store,0.8115,1048576,,None,blake3
1,2,2026-03-11T12:25:43.53051Z,elea,0.1.1,ef66ed9,add,f1.bin,backend_store,0.812875,1048576,,None,blake3
1,2,2026-03-11T12:25:43.530597Z,elea,0.1.1,ef66ed9,add,f3.bin,add_file_total,3.2971250000000003,1048576,,None,blake3
1,2,2026-03-11T12:25:43.530644Z,elea,0.1.1,ef66ed9,add,f2.bin,add_file_total,3.34375,1048576,,None,blake3
1,2,2026-03-11T12:25:43.530682Z,elea,0.1.1,ef66ed9,add,f1.bin,add_file_total,3.449167,1048576,,None,blake3
1,2,2026-03-11T12:25:43.530726Z,elea,0.1.1,ef66ed9,add,f4.bin,add_file_total,3.4642079999999997,1048576,,None,blake3
1,2,2026-03-11T12:25:43.530771Z,elea,0.1.1,ef66ed9,add,f5.bin,add_file_total,3.5466249999999997,1048576,,None,blake3
1,2,2026-03-11T12:25:43.530825Z,elea,0.1.1,ef66ed9,add,,add_total,3.6350000000000002,,5,None,blake3
2,1,2026-03-11T12:25:43.58174Z,elea,0.1.1,ef66ed9,hash,f3.bin,hash,1.192417,2097152,,,blake3
2,1,2026-03-11T12:25:43.581757Z,elea,0.1.1,ef66ed9,hash,f4.bin,hash,1.2236669999999998,2097152,,,blake3
2,1,2026-03-11T12:25:43.581788Z,elea,0.1.1,ef66ed9,hash,f2.bin,hash,1.2305000000000001,2097152,,,blake3
2,1,2026-03-11T12:25:43.581774Z,elea,0.1.1,ef66ed9,hash,f5.bin,hash,1.187916,2097152,,,blake3
2,1,2026-03-11T12:25:43.581733Z,elea,0.1.1,ef66ed9,hash,f1.bin,hash,1.195292,2097152,,,blake3
2,1,2026-03-11T12:25:43.584273Z,elea,0.1.1,ef66ed9,add,f5.bin,backend_store,0.725,2097152,,None,blake3
2,1,2026-03-11T12:25:43.584292Z,elea,0.1.1,ef66ed9,add,f3.bin,backend_store,0.7877500000000001,2097152,,None,blake3
2,1,2026-03-11T12:25:43.584312Z,elea,0.1.1,ef66ed9,add,f1.bin,backend_store,0.738583,2097152,,None,blake3
2,1,2026-03-11T12:25:43.584323Z,elea,0.1.1,ef66ed9,add,f4.bin,backend_store,0.810667,2097152,,None,blake3
2,1,2026-03-11T12:25:43.584336Z,elea,0.1.1,ef66ed9,add,f2.bin,backend_store,0.818291,2097152,,None,blake3
2,1,2026-03-11T12:25:43.584486Z,elea,0.1.1,ef66ed9,add,f5.bin,add_file_total,3.974667,2097152,,None,blake3
2,1,2026-03-11T12:25:43.584536Z,elea,0.1.1,ef66ed9,add,f4.bin,add_file_total,4.053458,2097152,,None,blake3
2,1,2026-03-11T12:25:43.584576Z,elea,0.1.1,ef66ed9,add,f1.bin,add_file_total,4.0843750000000005,2097152,,None,blake3
2,1,2026-03-11T12:25:43.584608Z,elea,0.1.1,ef66ed9,add,f3.bin,add_file_total,4.113958,2097152,,None,blake3
2,1,2026-03-11T12:25:43.58464Z,elea,0.1.1,ef66ed9,add,f2.bin,add_file_total,4.136666,2097152,,None,blake3
2,1,2026-03-11T12:25:43.584693Z,elea,0.1.1,ef66ed9,add,,add_total,4.258125,,5,None,blake3
1,18,2026-03-11T12:25:43.623264Z,elea,0.1.1,ef66ed9,hash,f2.bin,hash,0.620125,1048576,,,blake3
1,18,2026-03-11T12:25:43.623255Z,elea,0.1.1,ef66ed9,hash,f4.bin,hash,0.655708,1048576,,,blake3
1,18,2026-03-11T12:25:43.623209Z,elea,0.1.1,ef66ed9,hash,f5.bin,hash,0.601208,1048576,,,blake3
1,18,2026-03-11T12:25:43.62324Z,elea,0.1.1,ef66ed9,hash,f1.bin,hash,0.611083,1048576,,,blake3
1,18,2026-03-11T12:25:43.623233Z,elea,0.1.1,ef66ed9,hash,f3.bin,hash,0.613167,1048576,,,blake3
1,18,2026-03-11T12:25:43.625174Z,elea,0.1.1,ef66ed9,add,f2.bin,backend_store,0.502167,1048576,,None,blake3
1,18,2026-03-11T12:25:43.625295Z,elea,0.1.1,ef66ed9,add,f5.bin,backend_store,0.589542,1048576,,None,blake3
1,18,2026-03-11T12:25:43.625329Z,elea,0.1.1,ef66ed9,add,f4.bin,backend_store,0.637625,1048576,,None,blake3
1,18,2026-03-11T12:25:43.625339Z,elea,0.1.1,ef66ed9,add,f1.bin,backend_store,0.592375,1048576,,None,blake3
1,18,2026-03-11T12:25:43.625347Z,elea,0.1.1,ef66ed9,add,f3.bin,backend_store,0.580083,1048576,,None,blake3
1,18,2026-03-11T12:25:43.625353Z,elea,0.1.1,ef66ed9,add,f2.bin,add_file_total,2.726625,1048576,,None,blake3
1,18,2026-03-11T12:25:43.625458Z,elea,0.1.1,ef66ed9,add,f5.bin,add_file_total,2.86475,1048576,,None,blake3
1,18,2026-03-11T12:25:43.625537Z,elea,0.1.1,ef66ed9,add,f3.bin,add_file_total,2.9387499999999998,1048576,,None,blake3
1,18,2026-03-11T12:25:43.625567Z,elea,0.1.1,ef66ed9,add,f1.bin,add_file_total,2.975375,1048576,,None,blake3
1,18,2026-03-11T12:25:43.625602Z,elea,0.1.1,ef66ed9,add,f4.bin,add_file_total,3.0390420000000002,1048576,,None,blake3
1,18,2026-03-11T12:25:43.625655Z,elea,0.1.1,ef66ed9,add,,add_total,3.131708,,5,None,blake3
5,17,2026-03-11T12:25:43.716156Z,elea,0.1.1,ef66ed9,hash,f2.bin,hash,2.8832910000000003,5242880,,,blake3
5,17,2026-03-11T12:25:43.716237Z,elea,0.1.1,ef66ed9,hash,f1.bin,hash,2.978459,5242880,,,blake3
5,17,2026-03-11T12:25:43.716207Z,elea,0.1.1,ef66ed9,hash,f5.bin,hash,2.969125,5242880,,,blake3
5,17,2026-03-11T12:25:43.716193Z,elea,0.1.1,ef66ed9,hash,f3.bin,hash,2.984875,5242880,,,blake3
5,17,2026-03-11T12:25:43.716132Z,elea,0.1.1,ef66ed9,hash,f4.bin,hash,2.913334,5242880,,,blake3
5,17,2026-03-11T12:25:43.718771Z,elea,0.1.1,ef66ed9,add,f2.bin,backend_store,0.6555000000000001,5242880,,None,blake3
5,17,2026-03-11T12:25:43.718822Z,elea,0.1.1,ef66ed9,add,f1.bin,backend_store,0.628042,5242880,,None,blake3
5,17,2026-03-11T12:25:43.718864Z,elea,0.1.1,ef66ed9,add,f3.bin,backend_store,0.647333,5242880,,None,blake3
5,17,2026-03-11T12:25:43.718922Z,elea,0.1.1,ef66ed9,add,f4.bin,backend_store,0.60675,5242880,,None,blake3
5,17,2026-03-11T12:25:43.718977Z,elea,0.1.1,ef66ed9,add,f2.bin,add_file_total,5.784458,5242880,,None,blake3
5,17,2026-03-11T12:25:43.71901Z,elea,0.1.1,ef66ed9,add,f5.bin,backend_store,0.7641669999999999,5242880,,None,blake3
5,17,2026-03-11T12:25:43.719062Z,elea,0.1.1,ef66ed9,add,f1.bin,add_file_total,5.879042,5242880,,None,blake3
5,17,2026-03-11T12:25:43.719146Z,elea,0.1.1,ef66ed9,add,f3.bin,add_file_total,5.984125,5242880,,None,blake3
5,17,2026-03-11T12:25:43.71921Z,elea,0.1.1,ef66ed9,add,f4.bin,add_file_total,5.99575,5242880,,None,blake3
5,17,2026-03-11T12:25:43.719244Z,elea,0.1.1,ef66ed9,add,f5.bin,add_file_total,6.06275,5242880,,None,blake3
5,17,2026-03-11T12:25:43.719316Z,elea,0.1.1,ef66ed9,add,,add_total,6.211958,,5,None,blake3
2,12,2026-03-11T12:25:43.771736Z,elea,0.1.1,ef66ed9,hash,f1.bin,hash,1.2090409999999998,2097152,,,blake3
2,12,2026-03-11T12:25:43.771689Z,elea,0.1.1,ef66ed9,hash,f4.bin,hash,1.131875,2097152,,,blake3
2,12,2026-03-11T12:25:43.771751Z,elea,0.1.1,ef66ed9,hash,f3.bin,hash,1.208542,2097152,,,blake3
2,12,2026-03-11T12:25:43.771729Z,elea,0.1.1,ef66ed9,hash,f2.bin,hash,1.198166,2097152,,,blake3
2,12,2026-03-11T12:25:43.77172Z,elea,0.1.1,ef66ed9,hash,f5.bin,hash,1.187791,2097152,,,blake3
2,12,2026-03-11T12:25:43.773915Z,elea,0.1.1,ef66ed9,add,f3.bin,backend_store,0.6733750000000001,2097152,,None,blake3
2,12,2026-03-11T12:25:43.773921Z,elea,0.1.1,ef66ed9,add,f4.bin,backend_store,0.733916,2097152,,None,blake3
2,12,2026-03-11T12:25:43.773955Z,elea,0.1.1,ef66ed9,add,f1.bin,backend_store,0.790042,2097152,,None,blake3
2,12,2026-03-11T12:25:43.774001Z,elea,0.1.1,ef66ed9,add,f2.bin,backend_store,0.776167,2097152,,None,blake3
2,12,2026-03-11T12:25:43.77407Z,elea,0.1.1,ef66ed9,add,f5.bin,backend_store,0.7635,2097152,,None,blake3
2,12,2026-03-11T12:25:43.774172Z,elea,0.1.1,ef66ed9,add,f4.bin,add_file_total,3.665625,2097152,,None,blake3
2,12,2026-03-11T12:25:43.774225Z,elea,0.1.1,ef66ed9,add,f1.bin,add_file_total,3.7535,2097152,,None,blake3
2,12,2026-03-11T12:25:43.774274Z,elea,0.1.1,ef66ed9,add,f3.bin,add_file_total,3.7785,2097152,,None,blake3
2,12,2026-03-11T12:25:43.774308Z,elea,0.1.1,ef66ed9,add,f2.bin,add_file_total,3.814667,2097152,,None,blake3
2,12,2026-03-11T12:25:43.774342Z,elea,0.1.1,ef66ed9,add,f5.bin,add_file_total,3.848666,2097152,,None,blake3
2,12,2026-03-11T12:25:43.774397Z,elea,0.1.1,ef66ed9,add,,add_total,3.963417,,5,None,blake3
50,24,2026-03-11T12:25:44.4367Z,elea,0.1.1,ef66ed9,hash,f4.bin,hash,29.089333,52428800,,,blake3
50,24,2026-03-11T12:25:44.436745Z,elea,0.1.1,ef66ed9,hash,f5.bin,hash,29.163541000000002,52428800,,,blake3
50,24,2026-03-11T12:25:44.436665Z,elea,0.1.1,ef66ed9,hash,f3.bin,hash,29.085416,52428800,,,blake3
50,24,2026-03-11T12:25:44.436685Z,elea,0.1.1,ef66ed9,hash,f1.bin,hash,29.106916000000002,52428800,,,blake3
50,24,2026-03-11T12:25:44.436371Z,elea,0.1.1,ef66ed9,hash,f2.bin,hash,28.803417,52428800,,,blake3
50,24,2026-03-11T12:25:44.438846Z,elea,0.1.1,ef66ed9,add,f4.bin,backend_store,0.505667,52428800,,None,blake3
50,24,2026-03-11T12:25:44.438966Z,elea,0.1.1,ef66ed9,add,f5.bin,backend_store,0.607875,52428800,,None,blake3
50,24,2026-03-11T12:25:44.439048Z,elea,0.1.1,ef66ed9,add,f3.bin,backend_store,0.670042,52428800,,None,blake3
50,24,2026-03-11T12:25:44.439059Z,elea,0.1.1,ef66ed9,add,f4.bin,add_file_total,31.51825,52428800,,None,blake3
50,24,2026-03-11T12:25:44.439068Z,elea,0.1.1,ef66ed9,add,f1.bin,backend_store,0.650084,52428800,,None,blake3
50,24,2026-03-11T12:25:44.439149Z,elea,0.1.1,ef66ed9,add,f2.bin,backend_store,0.671292,52428800,,None,blake3
50,24,2026-03-11T12:25:44.439177Z,elea,0.1.1,ef66ed9,add,f5.bin,add_file_total,31.63925,52428800,,None,blake3
50,24,2026-03-11T12:25:44.439302Z,elea,0.1.1,ef66ed9,add,f3.bin,add_file_total,31.755791,52428800,,None,blake3
50,24,2026-03-11T12:25:44.439349Z,elea,0.1.1,ef66ed9,add,f1.bin,add_file_total,31.834583,52428800,,None,blake3
50,24,2026-03-11T12:25:44.439399Z,elea,0.1.1,ef66ed9,add,f2.bin,add_file_total,31.862665999999997,52428800,,None,blake3
50,24,2026-03-11T12:25:44.439475Z,elea,0.1.1,ef66ed9,add,,add_total,31.986458000000002,,5,None,blake3
1,22,2026-03-11T12:25:44.480165Z,elea,0.1.1,ef66ed9,hash,f5.bin,hash,0.6112500000000001,1048576,,,blake3
1,22,2026-03-11T12:25:44.480193Z,elea,0.1.1,ef66ed9,hash,f4.bin,hash,0.6086670000000001,1048576,,,blake3
1,22,2026-03-11T12:25:44.480184Z,elea,0.1.1,ef66ed9,hash,f2.bin,hash,0.605708,1048576,,,blake3
1,22,2026-03-11T12:25:44.480175Z,elea,0.1.1,ef66ed9,hash,f3.bin,hash,0.607791,1048576,,,blake3
1,22,2026-03-11T12:25:44.480113Z,elea,0.1.1,ef66ed9,hash,f1.bin,hash,0.584291,1048576,,,blake3
1,22,2026-03-11T12:25:44.482258Z,elea,0.1.1,ef66ed9,add,f2.bin,backend_store,0.590666,1048576,,None,blake3
1,22,2026-03-11T12:25:44.482336Z,elea,0.1.1,ef66ed9,add,f4.bin,backend_store,0.695,1048576,,None,blake3
1,22,2026-03-11T12:25:44.482351Z,elea,0.1.1,ef66ed9,add,f5.bin,backend_store,0.723666,1048576,,None,blake3
1,22,2026-03-11T12:25:44.482464Z,elea,0.1.1,ef66ed9,add,f3.bin,backend_store,0.73675,1048576,,None,blake3
1,22,2026-03-11T12:25:44.482496Z,elea,0.1.1,ef66ed9,add,f1.bin,backend_store,0.7701669999999999,1048576,,None,blake3
1,22,2026-03-11T12:25:44.482514Z,elea,0.1.1,ef66ed9,add,f2.bin,add_file_total,2.9658330000000004,1048576,,None,blake3
1,22,2026-03-11T12:25:44.482562Z,elea,0.1.1,ef66ed9,add,f4.bin,add_file_total,3.033291,1048576,,None,blake3
1,22,2026-03-11T12:25:44.482648Z,elea,0.1.1,ef66ed9,add,f5.bin,add_file_total,3.1172079999999998,1048576,,None,blake3
1,22,2026-03-11T12:25:44.482697Z,elea,0.1.1,ef66ed9,add,f3.bin,add_file_total,3.168334,1048576,,None,blake3
1,22,2026-03-11T12:25:44.482738Z,elea,0.1.1,ef66ed9,add,f1.bin,add_file_total,3.2415830000000003,1048576,,None,blake3
1,22,2026-03-11T12:25:44.482787Z,elea,0.1.1,ef66ed9,add,,add_total,3.3221249999999998,,5,None,blake3
10,1,2026-03-11T12:25:44.635574Z,elea,0.1.1,ef66ed9,hash,f1.bin,hash,5.9087499999999995,10485760,,,blake3
10,1,2026-03-11T12:25:44.635481Z,elea,0.1.1,ef66ed9,hash,f5.bin,hash,5.837667000000001,10485760,,,blake3
10,1,2026-03-11T12:25:44.635542Z,elea,0.1.1,ef66ed9,hash,f4.bin,hash,5.867583,10485760,,,blake3
10,1,2026-03-11T12:25:44.635515Z,elea,0.1.1,ef66ed9,hash,f3.bin,hash,5.849458,10485760,,,blake3
10,1,2026-03-11T12:25:44.635532Z,elea,0.1.1,ef66ed9,hash,f2.bin,hash,5.8604579999999995,10485760,,,blake3
10,1,2026-03-11T12:25:44.63791Z,elea,0.1.1,ef66ed9,add,f4.bin,backend_store,0.480833,10485760,,None,blake3
10,1,2026-03-11T12:25:44.638Z,elea,0.1.1,ef66ed9,add,f5.bin,backend_store,0.583834,10485760,,None,blake3
10,1,2026-03-11T12:25:44.638052Z,elea,0.1.1,ef66ed9,add,f1.bin,backend_store,0.6483749999999999,10485760,,None,blake3
10,1,2026-03-11T12:25:44.638084Z,elea,0.1.1,ef66ed9,add,f3.bin,backend_store,0.604792,10485760,,None,blake3
10,1,2026-03-11T12:25:44.638111Z,elea,0.1.1,ef66ed9,add,f4.bin,add_file_total,8.50325,10485760,,None,blake3
10,1,2026-03-11T12:25:44.638154Z,elea,0.1.1,ef66ed9,add,f2.bin,backend_store,0.643583,10485760,,None,blake3
10,1,2026-03-11T12:25:44.638182Z,elea,0.1.1,ef66ed9,add,f5.bin,add_file_total,8.584084,10485760,,None,blake3
10,1,2026-03-11T12:25:44.638235Z,elea,0.1.1,ef66ed9,add,f1.bin,add_file_total,8.629167,10485760,,None,blake3
10,1,2026-03-11T12:25:44.638308Z,elea,0.1.1,ef66ed9,add,f3.bin,add_file_total,8.702459,10485760,,None,blake3
10,1,2026-03-11T12:25:44.638381Z,elea,0.1.1,ef66ed9,add,f2.bin,add_file_total,8.776917000000001,10485760,,None,blake3
10,1,2026-03-11T12:25:44.638433Z,elea,0.1.1,ef66ed9,add,,add_total,8.882958,,5,None,blake3
2,15,2026-03-11T12:25:44.690051Z,elea,0.1.1,ef66ed9,hash,f1.bin,hash,1.176125,2097152,,,blake3
2,15,2026-03-11T12:25:44.69002Z,elea,0.1.1,ef66ed9,hash,f5.bin,hash,1.1826670000000001,2097152,,,blake3
2,15,2026-03-11T12:25:44.690042Z,elea,0.1.1,ef66ed9,hash,f2.bin,hash,1.1885839999999999,2097152,,,blake3
2,15,2026-03-11T12:25:44.690062Z,elea,0.1.1,ef66ed9,hash,f3.bin,hash,1.202958,2097152,,,blake3
2,15,2026-03-11T12:25:44.690009Z,elea,0.1.1,ef66ed9,hash,f4.bin,hash,1.191,2097152,,,blake3
2,15,2026-03-11T12:25:44.692109Z,elea,0.1.1,ef66ed9,add,f5.bin,backend_store,0.5502079999999999,2097152,,None,blake3
2,15,2026-03-11T12:25:44.692117Z,elea,0.1.1,ef66ed9,add,f1.bin,backend_store,0.5718340000000001,2097152,,None,blake3
2,15,2026-03-11T12:25:44.692174Z,elea,0.1.1,ef66ed9,add,f2.bin,backend_store,0.5706669999999999,2097152,,None,blake3
2,15,2026-03-11T12:25:44.692323Z,elea,0.1.1,ef66ed9,add,f5.bin,add_file_total,3.52775,2097152,,None,blake3
2,15,2026-03-11T12:25:44.692353Z,elea,0.1.1,ef66ed9,add,f3.bin,backend_store,0.730125,2097152,,None,blake3
2,15,2026-03-11T12:25:44.692361Z,elea,0.1.1,ef66ed9,add,f4.bin,backend_store,0.7167910000000001,2097152,,None,blake3
2,15,2026-03-11T12:25:44.692374Z,elea,0.1.1,ef66ed9,add,f1.bin,add_file_total,3.558083,2097152,,None,blake3
2,15,2026-03-11T12:25:44.692426Z,elea,0.1.1,ef66ed9,add,f2.bin,add_file_total,3.626042,2097152,,None,blake3
2,15,2026-03-11T12:25:44.692528Z,elea,0.1.1,ef66ed9,add,f3.bin,add_file_total,3.728625,2097152,,None,blake3
2,15,2026-03-11T12:25:44.692565Z,elea,0.1.1,ef66ed9,add,f4.bin,add_file_total,3.7846249999999997,2097152,,None,blake3
2,15,2026-03-11T12:25:44.692603Z,elea,0.1.1,ef66ed9,add,,add_total,3.859125,,5,None,blake3
10,19,2026-03-11T12:25:44.843879Z,elea,0.1.1,ef66ed9,hash,f5.bin,hash,5.7637920000000005,10485760,,,blake3
10,19,2026-03-11T12:25:44.844009Z,elea,0.1.1,ef66ed9,hash,f4.bin,hash,5.848666,10485760,,,blake3
10,19,2026-03-11T12:25:44.843826Z,elea,0.1.1,ef66ed9,hash,f1.bin,hash,5.678208,10485760,,,blake3
10,19,2026-03-11T12:25:44.843978Z,elea,0.1.1,ef66ed9,hash,f2.bin,hash,5.796542,10485760,,,blake3
10,19,2026-03-11T12:25:44.843995Z,elea,0.1.1,ef66ed9,hash,f3.bin,hash,5.820875,10485760,,,blake3
10,19,2026-03-11T12:25:44.846569Z,elea,0.1.1,ef66ed9,add,f4.bin,backend_store,0.677042,10485760,,None,blake3
10,19,2026-03-11T12:25:44.846623Z,elea,0.1.1,ef66ed9,add,f1.bin,backend_store,0.694,10485760,,None,blake3
10,19,2026-03-11T12:25:44.846676Z,elea,0.1.1,ef66ed9,add,f5.bin,backend_store,0.799667,10485760,,None,blake3
10,19,2026-03-11T12:25:44.846718Z,elea,0.1.1,ef66ed9,add,f2.bin,backend_store,0.7558750000000001,10485760,,None,blake3
10,19,2026-03-11T12:25:44.846746Z,elea,0.1.1,ef66ed9,add,f3.bin,backend_store,0.6866669999999999,10485760,,None,blake3
10,19,2026-03-11T12:25:44.846851Z,elea,0.1.1,ef66ed9,add,f4.bin,add_file_total,8.751750000000001,10485760,,None,blake3
10,19,2026-03-11T12:25:44.846922Z,elea,0.1.1,ef66ed9,add,f1.bin,add_file_total,8.821000000000002,10485760,,None,blake3
10,19,2026-03-11T12:25:44.846987Z,elea,0.1.1,ef66ed9,add,f5.bin,add_file_total,8.909291,10485760,,None,blake3
10,19,2026-03-11T12:25:44.847047Z,elea,0.1.1,ef66ed9,add,f2.bin,add_file_total,8.884459000000001,10485760,,None,blake3
10,19,2026-03-11T12:25:44.847103Z,elea,0.1.1,ef66ed9,add,f3.bin,add_file_total,9.001624999999999,10485760,,None,blake3
10,19,2026-03-11T12:25:44.847171Z,elea,0.1.1,ef66ed9,add,,add_total,9.134375,,5,None,blake3
50,16,2026-03-11T12:25:45.50393Z,elea,0.1.1,ef66ed9,hash,f2.bin,hash,28.955583999999998,52428800,,,blake3
50,16,2026-03-11T12:25:45.503979Z,elea,0.1.1,ef66ed9,hash,f5.bin,hash,28.958875,52428800,,,blake3
50,16,2026-03-11T12:25:45.503801Z,elea,0.1.1,ef66ed9,hash,f1.bin,hash,28.841874999999998,52428800,,,blake3
50,16,2026-03-11T12:25:45.504083Z,elea,0.1.1,ef66ed9,hash,f3.bin,hash,29.135208,52428800,,,blake3
50,16,2026-03-11T12:25:45.503966Z,elea,0.1.1,ef66ed9,hash,f4.bin,hash,28.969958000000002,52428800,,,blake3
50,16,2026-03-11T12:25:45.506653Z,elea,0.1.1,ef66ed9,add,f1.bin,backend_store,0.544958,52428800,,None,blake3
50,16,2026-03-11T12:25:45.506662Z,elea,0.1.1,ef66ed9,add,f2.bin,backend_store,0.618375,52428800,,None,blake3
50,16,2026-03-11T12:25:45.506686Z,elea,0.1.1,ef66ed9,add,f5.bin,backend_store,0.613458,52428800,,None,blake3
50,16,2026-03-11T12:25:45.506693Z,elea,0.1.1,ef66ed9,add,f3.bin,backend_store,0.569916,52428800,,None,blake3
50,16,2026-03-11T12:25:45.506745Z,elea,0.1.1,ef66ed9,add,f4.bin,backend_store,0.588375,52428800,,None,blake3
50,16,2026-03-11T12:25:45.506876Z,elea,0.1.1,ef66ed9,add,f2.bin,add_file_total,31.936125000000004,52428800,,None,blake3
50,16,2026-03-11T12:25:45.50693Z,elea,0.1.1,ef66ed9,add,f4.bin,add_file_total,31.988125,52428800,,None,blake3
50,16,2026-03-11T12:25:45.506983Z,elea,0.1.1,ef66ed9,add,f5.bin,add_file_total,32.026208,52428800,,None,blake3
50,16,2026-03-11T12:25:45.507038Z,elea,0.1.1,ef66ed9,add,f3.bin,add_file_total,32.135,52428800,,None,blake3
50,16,2026-03-11T12:25:45.507073Z,elea,0.1.1,ef66ed9,add,f1.bin,add_file_total,32.139709,52428800,,None,blake3
50,16,2026-03-11T12:25:45.507122Z,elea,0.1.1,ef66ed9,add,,add_total,32.261375,,5,None,blake3
2,21,2026-03-11T12:25:45.560802Z,elea,0.1.1,ef66ed9,hash,f3.bin,hash,1.2312919999999998,2097152,,,blake3
2,21,2026-03-11T12:25:45.560792Z,elea,0.1.1,ef66ed9,hash,f4.bin,hash,1.232333,2097152,,,blake3
2,21,2026-03-11T12:25:45.560758Z,elea,0.1.1,ef66ed9,hash,f2.bin,hash,1.224375,2097152,,,blake3
2,21,2026-03-11T12:25:45.560749Z,elea,0.1.1,ef66ed9,hash,f1.bin,hash,1.235958,2097152,,,blake3
2,21,2026-03-11T12:25:45.560772Z,elea,0.1.1,ef66ed9,hash,f5.bin,hash,1.2201659999999999,2097152,,,blake3
2,21,2026-03-11T12:25:45.56311Z,elea,0.1.1,ef66ed9,add,f2.bin,backend_store,0.741042,2097152,,None,blake3
2,21,2026-03-11T12:25:45.563158Z,elea,0.1.1,ef66ed9,add,f4.bin,backend_store,0.8376669999999999,2097152,,None,blake3
2,21,2026-03-11T12:25:45.563221Z,elea,0.1.1,ef66ed9,add,f3.bin,backend_store,0.912,2097152,,None,blake3
2,21,2026-03-11T12:25:45.563251Z,elea,0.1.1,ef66ed9,add,f1.bin,backend_store,0.806125,2097152,,None,blake3
2,21,2026-03-11T12:25:45.563326Z,elea,0.1.1,ef66ed9,add,f5.bin,backend_store,0.8484579999999999,2097152,,None,blake3
2,21,2026-03-11T12:25:45.563435Z,elea,0.1.1,ef66ed9,add,f2.bin,add_file_total,3.9497079999999998,2097152,,None,blake3
2,21,2026-03-11T12:25:45.563498Z,elea,0.1.1,ef66ed9,add,f4.bin,add_file_total,4.01725,2097152,,None,blake3
2,21,2026-03-11T12:25:45.563545Z,elea,0.1.1,ef66ed9,add,f3.bin,add_file_total,4.022583,2097152,,None,blake3
2,21,2026-03-11T12:25:45.563587Z,elea,0.1.1,ef66ed9,add,f1.bin,add_file_total,4.1129169999999995,2097152,,None,blake3
2,21,2026-03-11T12:25:45.563646Z,elea,0.1.1,ef66ed9,add,f5.bin,add_file_total,4.158125,2097152,,None,blake3
2,21,2026-03-11T12:25:45.563712Z,elea,0.1.1,ef66ed9,add,,add_total,4.28,,5,None,blake3
10,18,2026-03-11T12:25:45.719811Z,elea,0.1.1,ef66ed9,hash,f4.bin,hash,5.866042,10485760,,,blake3
10,18,2026-03-11T12:25:45.719855Z,elea,0.1.1,ef66ed9,hash,f5.bin,hash,5.951166,10485760,,,blake3
10,18,2026-03-11T12:25:45.71979Z,elea,0.1.1,ef66ed9,hash,f3.bin,hash,5.84725,10485760,,,blake3
10,18,2026-03-11T12:25:45.71989Z,elea,0.1.1,ef66ed9,hash,f1.bin,hash,5.934791,10485760,,,blake3
10,18,2026-03-11T12:25:45.719917Z,elea,0.1.1,ef66ed9,hash,f2.bin,hash,5.945207999999999,10485760,,,blake3
10,18,2026-03-11T12:25:45.722304Z,elea,0.1.1,ef66ed9,add,f4.bin,backend_store,0.8057500000000001,10485760,,None,blake3
10,18,2026-03-11T12:25:45.722374Z,elea,0.1.1,ef66ed9,add,f5.bin,backend_store,0.854792,10485760,,None,blake3
10,18,2026-03-11T12:25:45.722384Z,elea,0.1.1,ef66ed9,add,f3.bin,backend_store,0.8235,10485760,,None,blake3
10,18,2026-03-11T12:25:45.72246Z,elea,0.1.1,ef66ed9,add,f1.bin,backend_store,0.7967920000000001,10485760,,None,blake3
10,18,2026-03-11T12:25:45.722481Z,elea,0.1.1,ef66ed9,add,f2.bin,backend_store,0.811917,10485760,,None,blake3
10,18,2026-03-11T12:25:45.72249Z,elea,0.1.1,ef66ed9,add,f4.bin,add_file_total,8.579,10485760,,None,blake3
10,18,2026-03-11T12:25:45.722644Z,elea,0.1.1,ef66ed9,add,f5.bin,add_file_total,8.769334,10485760,,None,blake3
10,18,2026-03-11T12:25:45.722697Z,elea,0.1.1,ef66ed9,add,f2.bin,add_file_total,8.797083,10485760,,None,blake3
10,18,2026-03-11T12:25:45.72275Z,elea,0.1.1,ef66ed9,add,f1.bin,add_file_total,8.847875,10485760,,None,blake3
10,18,2026-03-11T12:25:45.722804Z,elea,0.1.1,ef66ed9,add,f3.bin,add_file_total,8.887791,10485760,,None,blake3
10,18,2026-03-11T12:25:45.722869Z,elea,0.1.1,ef66ed9,add,,add_total,9.042875,,5,None,blake3
1,7,2026-03-11T12:25:45.761662Z,elea,0.1.1,ef66ed9,hash,f5.bin,hash,0.6015830000000001,1048576,,,blake3
1,7,2026-03-11T12:25:45.761633Z,elea,0.1.1,ef66ed9,hash,f4.bin,hash,0.601834,1048576,,,blake3
1,7,2026-03-11T12:25:45.761671Z,elea,0.1.1,ef66ed9,hash,f1.bin,hash,0.5938329999999999,1048576,,,blake3
1,7,2026-03-11T12:25:45.761648Z,elea,0.1.1,ef66ed9,hash,f3.bin,hash,0.610875,1048576,,,blake3
1,7,2026-03-11T12:25:45.761625Z,elea,0.1.1,ef66ed9,hash,f2.bin,hash,0.608584,1048576,,,blake3
1,7,2026-03-11T12:25:45.763493Z,elea,0.1.1,ef66ed9,add,f5.bin,backend_store,0.408916,1048576,,None,blake3
1,7,2026-03-11T12:25:45.763511Z,elea,0.1.1,ef66ed9,add,f3.bin,backend_store,0.351209,1048576,,None,blake3
1,7,2026-03-11T12:25:45.763681Z,elea,0.1.1,ef66ed9,add,f5.bin,add_file_total,2.6795,1048576,,None,blake3
1,7,2026-03-11T12:25:45.763685Z,elea,0.1.1,ef66ed9,add,f4.bin,backend_store,0.5763330000000001,1048576,,None,blake3
1,7,2026-03-11T12:25:45.763714Z,elea,0.1.1,ef66ed9,add,f1.bin,backend_store,0.583458,1048576,,None,blake3
1,7,2026-03-11T12:25:45.763724Z,elea,0.1.1,ef66ed9,add,f3.bin,add_file_total,2.720583,1048576,,None,blake3
1,7,2026-03-11T12:25:45.763844Z,elea,0.1.1,ef66ed9,add,f4.bin,add_file_total,2.846542,1048576,,None,blake3
1,7,2026-03-11T12:25:45.763867Z,elea,0.1.1,ef66ed9,add,f2.bin,backend_store,0.621,1048576,,None,blake3
1,7,2026-03-11T12:25:45.763891Z,elea,0.1.1,ef66ed9,add,f1.bin,add_file_total,2.8755830000000002,1048576,,None,blake3
1,7,2026-03-11T12:25:45.763994Z,elea,0.1.1,ef66ed9,add,f2.bin,add_file_total,3.0128749999999997,1048576,,None,blake3
1,7,2026-03-11T12:25:45.764053Z,elea,0.1.1,ef66ed9,add,,add_total,3.110583,,5,None,blake3
1,5,2026-03-11T12:25:45.802761Z,elea,0.1.1,ef66ed9,hash,f4.bin,hash,0.680459,1048576,,,blake3
1,5,2026-03-11T12:25:45.802687Z,elea,0.1.1,ef66ed9,hash,f3.bin,hash,0.616708,1048576,,,blake3
1,5,2026-03-11T12:25:45.802694Z,elea,0.1.1,ef66ed9,hash,f5.bin,hash,0.617417,1048576,,,blake3
1,5,2026-03-11T12:25:45.802677Z,elea,0.1.1,ef66ed9,hash,f2.bin,hash,0.623375,1048576,,,blake3
1,5,2026-03-11T12:25:45.802733Z,elea,0.1.1,ef66ed9,hash,f1.bin,hash,0.692709,1048576,,,blake3
1,5,2026-03-11T12:25:45.804652Z,elea,0.1.1,ef66ed9,add,f3.bin,backend_store,0.518458,1048576,,None,blake3
1,5,2026-03-11T12:25:45.804665Z,elea,0.1.1,ef66ed9,add,f4.bin,backend_store,0.545666,1048576,,None,blake3
1,5,2026-03-11T12:25:45.804717Z,elea,0.1.1,ef66ed9,add,f5.bin,backend_store,0.565292,1048576,,None,blake3
1,5,2026-03-11T12:25:45.804733Z,elea,0.1.1,ef66ed9,add,f2.bin,backend_store,0.558791,1048576,,None,blake3
1,5,2026-03-11T12:25:45.80479Z,elea,0.1.1,ef66ed9,add,f1.bin,backend_store,0.585209,1048576,,None,blake3
1,5,2026-03-11T12:25:45.804831Z,elea,0.1.1,ef66ed9,add,f3.bin,add_file_total,2.8210420000000003,1048576,,None,blake3
1,5,2026-03-11T12:25:45.804882Z,elea,0.1.1,ef66ed9,add,f4.bin,add_file_total,2.867833,1048576,,None,blake3
1,5,2026-03-11T12:25:45.804914Z,elea,0.1.1,ef66ed9,add,f5.bin,add_file_total,2.903416,1048576,,None,blake3
1,5,2026-03-11T12:25:45.804946Z,elea,0.1.1,ef66ed9,add,f2.bin,add_file_total,2.9391249999999998,1048576,,None,blake3
1,5,2026-03-11T12:25:45.804977Z,elea,0.1.1,ef66ed9,add,f1.bin,add_file_total,2.971375,1048576,,None,blake3
1,5,2026-03-11T12:25:45.805024Z,elea,0.1.1,ef66ed9,add,,add_total,3.072125,,5,None,blake3
10,25,2026-03-11T12:25:45.957568Z,elea,0.1.1,ef66ed9,hash,f5.bin,hash,6.018625,10485760,,,blake3
10,25,2026-03-11T12:25:45.957447Z,elea,0.1.1,ef66ed9,hash,f4.bin,hash,5.865708,10485760,,,blake3
10,25,2026-03-11T12:25:45.95747Z,elea,0.1.1,ef66ed9,hash,f1.bin,hash,5.92,10485760,,,blake3
10,25,2026-03-11T12:25:45.957604Z,elea,0.1.1,ef66ed9,hash,f3.bin,hash,6.071792,10485760,,,blake3
10,25,2026-03-11T12:25:45.95742Z,elea,0.1.1,ef66ed9,hash,f2.bin,hash,5.89575,10485760,,,blake3
10,25,2026-03-11T12:25:45.959839Z,elea,0.1.1,ef66ed9,add,f2.bin,backend_store,0.502208,10485760,,None,blake3
10,25,2026-03-11T12:25:45.959852Z,elea,0.1.1,ef66ed9,add,f5.bin,backend_store,0.721042,10485760,,None,blake3
10,25,2026-03-11T12:25:45.959859Z,elea,0.1.1,ef66ed9,add,f1.bin,backend_store,0.693875,10485760,,None,blake3
10,25,2026-03-11T12:25:45.959887Z,elea,0.1.1,ef66ed9,add,f3.bin,backend_store,0.688583,10485760,,None,blake3
10,25,2026-03-11T12:25:45.959982Z,elea,0.1.1,ef66ed9,add,f4.bin,backend_store,0.834875,10485760,,None,blake3
10,25,2026-03-11T12:25:45.960173Z,elea,0.1.1,ef66ed9,add,f2.bin,add_file_total,8.690666,10485760,,None,blake3
10,25,2026-03-11T12:25:45.960251Z,elea,0.1.1,ef66ed9,add,f1.bin,add_file_total,8.743334,10485760,,None,blake3
10,25,2026-03-11T12:25:45.960329Z,elea,0.1.1,ef66ed9,add,f5.bin,add_file_total,8.789791,10485760,,None,blake3
10,25,2026-03-11T12:25:45.960389Z,elea,0.1.1,ef66ed9,add,f4.bin,add_file_total,8.882333,10485760,,None,blake3
10,25,2026-03-11T12:25:45.96043Z,elea,0.1.1,ef66ed9,add,f3.bin,add_file_total,8.926708,10485760,,None,blake3
10,25,2026-03-11T12:25:45.960511Z,elea,0.1.1,ef66ed9,add,,add_total,9.054167,,5,None,blake3
5,16,2026-03-11T12:25:46.052341Z,elea,0.1.1,ef66ed9,hash,f3.bin,hash,2.958208,5242880,,,blake3
5,16,2026-03-11T12:25:46.052387Z,elea,0.1.1,ef66ed9,hash,f4.bin,hash,2.983625,5242880,,,blake3
5,16,2026-03-11T12:25:46.052414Z,elea,0.1.1,ef66ed9,hash,f1.bin,hash,3.000708,5242880,,,blake3
5,16,2026-03-11T12:25:46.052467Z,elea,0.1.1,ef66ed9,hash,f5.bin,hash,3.0768750000000002,5242880,,,blake3
5,16,2026-03-11T12:25:46.052919Z,elea,0.1.1,ef66ed9,hash,f2.bin,hash,3.4853750000000003,5242880,,,blake3
5,16,2026-03-11T12:25:46.054846Z,elea,0.1.1,ef66ed9,add,f4.bin,backend_store,0.49724999999999997,5242880,,None,blake3
5,16,2026-03-11T12:25:46.054863Z,elea,0.1.1,ef66ed9,add,f3.bin,backend_store,0.533417,5242880,,None,blake3
5,16,2026-03-11T12:25:46.054919Z,elea,0.1.1,ef66ed9,add,f1.bin,backend_store,0.5377500000000001,5242880,,None,blake3
5,16,2026-03-11T12:25:46.055034Z,elea,0.1.1,ef66ed9,add,f2.bin,backend_store,0.5950420000000001,5242880,,None,blake3
5,16,2026-03-11T12:25:46.055064Z,elea,0.1.1,ef66ed9,add,f4.bin,add_file_total,5.7092920000000005,5242880,,None,blake3
5,16,2026-03-11T12:25:46.055117Z,elea,0.1.1,ef66ed9,add,f5.bin,backend_store,0.656875,5242880,,None,blake3
5,16,2026-03-11T12:25:46.055176Z,elea,0.1.1,ef66ed9,add,f1.bin,add_file_total,5.815708,5242880,,None,blake3
5,16,2026-03-11T12:25:46.055241Z,elea,0.1.1,ef66ed9,add,f3.bin,add_file_total,5.897791000000001,5242880,,None,blake3
5,16,2026-03-11T12:25:46.055331Z,elea,0.1.1,ef66ed9,add,f2.bin,add_file_total,5.947916,5242880,,None,blake3
5,16,2026-03-11T12:25:46.055393Z,elea,0.1.1,ef66ed9,add,f5.bin,add_file_total,6.040417000000001,5242880,,None,blake3
5,16,2026-03-11T12:25:46.055452Z,elea,0.1.1,ef66ed9,add,,add_total,6.146792,,5,None,blake3
2,20,2026-03-11T12:25:46.104668Z,elea,0.1.1,ef66ed9,hash,f1.bin,hash,1.178417,2097152,,,blake3
2,20,2026-03-11T12:25:46.104652Z,elea,0.1.1,ef66ed9,hash,f5.bin,hash,1.1725830000000002,2097152,,,blake3
2,20,2026-03-11T12:25:46.104661Z,elea,0.1.1,ef66ed9,hash,f4.bin,hash,1.1912500000000001,2097152,,,blake3
2,20,2026-03-11T12:25:46.104681Z,elea,0.1.1,ef66ed9,hash,f2.bin,hash,1.187917,2097152,,,blake3
2,20,2026-03-11T12:25:46.104641Z,elea,0.1.1,ef66ed9,hash,f3.bin,hash,1.186083,2097152,,,blake3
2,20,2026-03-11T12:25:46.106695Z,elea,0.1.1,ef66ed9,add,f1.bin,backend_store,0.57675,2097152,,None,blake3
2,20,2026-03-11T12:25:46.106703Z,elea,0.1.1,ef66ed9,add,f5.bin,backend_store,0.566125,2097152,,None,blake3
2,20,2026-03-11T12:25:46.106725Z,elea,0.1.1,ef66ed9,add,f4.bin,backend_store,0.5616249999999999,2097152,,None,blake3
2,20,2026-03-11T12:25:46.10674Z,elea,0.1.1,ef66ed9,add,f2.bin,backend_store,0.552917,2097152,,None,blake3
2,20,2026-03-11T12:25:46.106795Z,elea,0.1.1,ef66ed9,add,f3.bin,backend_store,0.5692079999999999,2097152,,None,blake3
2,20,2026-03-11T12:25:46.106901Z,elea,0.1.1,ef66ed9,add,f5.bin,add_file_total,3.468334,2097152,,None,blake3
2,20,2026-03-11T12:25:46.106935Z,elea,0.1.1,ef66ed9,add,f2.bin,add_file_total,3.4840829999999996,2097152,,None,blake3
2,20,2026-03-11T12:25:46.106971Z,elea,0.1.1,ef66ed9,add,f4.bin,add_file_total,3.543208,2097152,,None,blake3
2,20,2026-03-11T12:25:46.107007Z,elea,0.1.1,ef66ed9,add,f1.bin,add_file_total,3.5725000000000002,2097152,,None,blake3
2,20,2026-03-11T12:25:46.107041Z,elea,0.1.1,ef66ed9,add,f3.bin,add_file_total,3.6254579999999996,2097152,,None,blake3
2,20,2026-03-11T12:25:46.107079Z,elea,0.1.1,ef66ed9,add,,add_total,3.697666,,5,None,blake3
2,24,2026-03-11T12:25:46.155891Z,elea,0.1.1,ef66ed9,hash,f2.bin,hash,1.57125,2097152,,,blake3
2,24,2026-03-11T12:25:46.155464Z,elea,0.1.1,ef66ed9,hash,f3.bin,hash,1.191208,2097152,,,blake3
2,24,2026-03-11T12:25:46.155395Z,elea,0.1.1,ef66ed9,hash,f5.bin,hash,1.180375,2097152,,,blake3
2,24,2026-03-11T12:25:46.155414Z,elea,0.1.1,ef66ed9,hash,f1.bin,hash,1.189541,2097152,,,blake3
2,24,2026-03-11T12:25:46.155421Z,elea,0.1.1,ef66ed9,hash,f4.bin,hash,1.184916,2097152,,,blake3
2,24,2026-03-11T12:25:46.157388Z,elea,0.1.1,ef66ed9,add,f2.bin,backend_store,0.443917,2097152,,None,blake3
2,24,2026-03-11T12:25:46.157504Z,elea,0.1.1,ef66ed9,add,f4.bin,backend_store,0.468041,2097152,,None,blake3
2,24,2026-03-11T12:25:46.157508Z,elea,0.1.1,ef66ed9,add,f3.bin,backend_store,0.5467920000000001,2097152,,None,blake3
2,24,2026-03-11T12:25:46.157515Z,elea,0.1.1,ef66ed9,add,f5.bin,backend_store,0.532041,2097152,,None,blake3
2,24,2026-03-11T12:25:46.157546Z,elea,0.1.1,ef66ed9,add,f1.bin,backend_store,0.531459,2097152,,None,blake3
2,24,2026-03-11T12:25:46.157708Z,elea,0.1.1,ef66ed9,add,f2.bin,add_file_total,3.462375,2097152,,None,blake3
2,24,2026-03-11T12:25:46.157756Z,elea,0.1.1,ef66ed9,add,f4.bin,add_file_total,3.553541,2097152,,None,blake3
2,24,2026-03-11T12:25:46.157797Z,elea,0.1.1,ef66ed9,add,f5.bin,add_file_total,3.624042,2097152,,None,blake3
2,24,2026-03-11T12:25:46.157836Z,elea,0.1.1,ef66ed9,add,f3.bin,add_file_total,3.633791,2097152,,None,blake3
2,24,2026-03-11T12:25:46.157871Z,elea,0.1.1,ef66ed9,add,f1.bin,add_file_total,3.696167,2097152,,None,blake3
2,24,2026-03-11T12:25:46.157918Z,elea,0.1.1,ef66ed9,add,,add_total,3.78025,,5,None,blake3
2,25,2026-03-11T12:25:46.205387Z,elea,0.1.1,ef66ed9,hash,f3.bin,hash,1.179459,2097152,,,blake3
2,25,2026-03-11T12:25:46.205379Z,elea,0.1.1,ef66ed9,hash,f2.bin,hash,1.179958,2097152,,,blake3
2,25,2026-03-11T12:25:46.205362Z,elea,0.1.1,ef66ed9,hash,f1.bin,hash,1.178625,2097152,,,blake3
2,25,2026-03-11T12:25:46.205351Z,elea,0.1.1,ef66ed9,hash,f4.bin,hash,1.186542,2097152,,,blake3
2,25,2026-03-11T12:25:46.20537Z,elea,0.1.1,ef66ed9,hash,f5.bin,hash,1.165333,2097152,,,blake3
2,25,2026-03-11T12:25:46.207554Z,elea,0.1.1,ef66ed9,add,f3.bin,backend_store,0.7205,2097152,,None,blake3
2,25,2026-03-11T12:25:46.207568Z,elea,0.1.1,ef66ed9,add,f4.bin,backend_store,0.67475,2097152,,None,blake3
2,25,2026-03-11T12:25:46.207575Z,elea,0.1.1,ef66ed9,add,f2.bin,backend_store,0.723333,2097152,,None,blake3
2,25,2026-03-11T12:25:46.207617Z,elea,0.1.1,ef66ed9,add,f5.bin,backend_store,0.7,2097152,,None,blake3
2,25,2026-03-11T12:25:46.207659Z,elea,0.1.1,ef66ed9,add,f1.bin,backend_store,0.778375,2097152,,None,blake3
2,25,2026-03-11T12:25:46.207777Z,elea,0.1.1,ef66ed9,add,f3.bin,add_file_total,3.636,2097152,,None,blake3
2,25,2026-03-11T12:25:46.207887Z,elea,0.1.1,ef66ed9,add,f2.bin,add_file_total,3.737875,2097152,,None,blake3
2,25,2026-03-11T12:25:46.207945Z,elea,0.1.1,ef66ed9,add,f4.bin,add_file_total,3.8236250000000003,2097152,,None,blake3
2,25,2026-03-11T12:25:46.207989Z,elea,0.1.1,ef66ed9,add,f5.bin,add_file_total,3.8435420000000002,2097152,,None,blake3
2,25,2026-03-11T12:25:46.208038Z,elea,0.1.1,ef66ed9,add,f1.bin,add_file_total,3.895667,2097152,,None,blake3
2,25,2026-03-11T12:25:46.208091Z,elea,0.1.1,ef66ed9,add,,add_total,3.9960839999999997,,5,None,blake3
2,17,2026-03-11T12:25:46.257362Z,elea,0.1.1,ef66ed9,hash,f4.bin,hash,1.179333,2097152,,,blake3
2,17,2026-03-11T12:25:46.258526Z,elea,0.1.1,ef66ed9,hash,f1.bin,hash,2.287875,2097152,,,blake3
2,17,2026-03-11T12:25:46.257369Z,elea,0.1.1,ef66ed9,hash,f2.bin,hash,1.17475,2097152,,,blake3
2,17,2026-03-11T12:25:46.257338Z,elea,0.1.1,ef66ed9,hash,f5.bin,hash,1.167208,2097152,,,blake3
2,17,2026-03-11T12:25:46.257389Z,elea,0.1.1,ef66ed9,hash,f3.bin,hash,1.18175,2097152,,,blake3
2,17,2026-03-11T12:25:46.259199Z,elea,0.1.1,ef66ed9,add,f1.bin,backend_store,0.462709,2097152,,None,blake3
2,17,2026-03-11T12:25:46.259316Z,elea,0.1.1,ef66ed9,add,f4.bin,backend_store,0.596375,2097152,,None,blake3
2,17,2026-03-11T12:25:46.259337Z,elea,0.1.1,ef66ed9,add,f2.bin,backend_store,0.58025,2097152,,None,blake3
2,17,2026-03-11T12:25:46.259342Z,elea,0.1.1,ef66ed9,add,f5.bin,backend_store,0.562167,2097152,,None,blake3
2,17,2026-03-11T12:25:46.259384Z,elea,0.1.1,ef66ed9,add,f1.bin,add_file_total,3.223042,2097152,,None,blake3
2,17,2026-03-11T12:25:46.259517Z,elea,0.1.1,ef66ed9,add,f2.bin,add_file_total,3.3594589999999998,2097152,,None,blake3
2,17,2026-03-11T12:25:46.259559Z,elea,0.1.1,ef66ed9,add,f5.bin,add_file_total,3.424,2097152,,None,blake3
2,17,2026-03-11T12:25:46.259586Z,elea,0.1.1,ef66ed9,add,f3.bin,backend_store,0.641959,2097152,,None,blake3
2,17,2026-03-11T12:25:46.259594Z,elea,0.1.1,ef66ed9,add,f4.bin,add_file_total,3.4368749999999997,2097152,,None,blake3
2,17,2026-03-11T12:25:46.259711Z,elea,0.1.1,ef66ed9,add,f3.bin,add_file_total,3.519667,2097152,,None,blake3
2,17,2026-03-11T12:25:46.25976Z,elea,0.1.1,ef66ed9,add,,add_total,3.65,,5,None,blake3
5,24,2026-03-11T12:25:46.347624Z,elea,0.1.1,ef66ed9,hash,f2.bin,hash,3.0881670000000003,5242880,,,blake3
5,24,2026-03-11T12:25:46.347547Z,elea,0.1.1,ef66ed9,hash,f3.bin,hash,2.959875,5242880,,,blake3
5,24,2026-03-11T12:25:46.347536Z,elea,0.1.1,ef66ed9,hash,f1.bin,hash,2.9841249999999997,5242880,,,blake3
5,24,2026-03-11T12:25:46.348357Z,elea,0.1.1,ef66ed9,hash,f5.bin,hash,3.734959,5242880,,,blake3
5,24,2026-03-11T12:25:46.347479Z,elea,0.1.1,ef66ed9,hash,f4.bin,hash,2.9517919999999997,5242880,,,blake3
5,24,2026-03-11T12:25:46.349833Z,elea,0.1.1,ef66ed9,add,f3.bin,backend_store,0.626125,5242880,,None,blake3
5,24,2026-03-11T12:25:46.349856Z,elea,0.1.1,ef66ed9,add,f2.bin,backend_store,0.661166,5242880,,None,blake3
5,24,2026-03-11T12:25:46.34987Z,elea,0.1.1,ef66ed9,add,f1.bin,backend_store,0.6308750000000001,5242880,,None,blake3
5,24,2026-03-11T12:25:46.349874Z,elea,0.1.1,ef66ed9,add,f5.bin,backend_store,0.577041,5242880,,None,blake3
5,24,2026-03-11T12:25:46.34992Z,elea,0.1.1,ef66ed9,add,f4.bin,backend_store,0.607,5242880,,None,blake3
5,24,2026-03-11T12:25:46.349998Z,elea,0.1.1,ef66ed9,add,f3.bin,add_file_total,5.495375,5242880,,None,blake3
5,24,2026-03-11T12:25:46.350151Z,elea,0.1.1,ef66ed9,add,f2.bin,add_file_total,5.634250000000001,5242880,,None,blake3
5,24,2026-03-11T12:25:46.350204Z,elea,0.1.1,ef66ed9,add,f5.bin,add_file_total,5.650208999999999,5242880,,None,blake3
5,24,2026-03-11T12:25:46.350244Z,elea,0.1.1,ef66ed9,add,f1.bin,add_file_total,5.733458000000001,5242880,,None,blake3
5,24,2026-03-11T12:25:46.350285Z,elea,0.1.1,ef66ed9,add,f4.bin,add_file_total,5.797292,5242880,,None,blake3
5,24,2026-03-11T12:25:46.350334Z,elea,0.1.1,ef66ed9,add,,add_total,5.873208,,5,None,blake3
5,8,2026-03-11T12:25:46.434023Z,elea,0.1.1,ef66ed9,hash,f1.bin,hash,2.904208,5242880,,,blake3
5,8,2026-03-11T12:25:46.434015Z,elea,0.1.1,ef66ed9,hash,f3.bin,hash,2.893083,5242880,,,blake3
5,8,2026-03-11T12:25:46.433993Z,elea,0.1.1,ef66ed9,hash,f4.bin,hash,2.888458,5242880,,,blake3
5,8,2026-03-11T12:25:46.434006Z,elea,0.1.1,ef66ed9,hash,f5.bin,hash,2.87,5242880,,,blake3
5,8,2026-03-11T12:25:46.434031Z,elea,0.1.1,ef66ed9,hash,f2.bin,hash,2.909542,5242880,,,blake3
5,8,2026-03-11T12:25:46.4362Z,elea,0.1.1,ef66ed9,add,f1.bin,backend_store,0.41329099999999996,5242880,,None,blake3
5,8,2026-03-11T12:25:46.436384Z,elea,0.1.1,ef66ed9,add,f3.bin,backend_store,0.580084,5242880,,None,blake3
5,8,2026-03-11T12:25:46.43643Z,elea,0.1.1,ef66ed9,add,f5.bin,backend_store,0.547417,5242880,,None,blake3
5,8,2026-03-11T12:25:46.436441Z,elea,0.1.1,ef66ed9,add,f4.bin,backend_store,0.6130000000000001,5242880,,None,blake3
5,8,2026-03-11T12:25:46.436491Z,elea,0.1.1,ef66ed9,add,f1.bin,add_file_total,5.419125,5242880,,None,blake3
5,8,2026-03-11T12:25:46.436621Z,elea,0.1.1,ef66ed9,add,f3.bin,add_file_total,5.558625,5242880,,None,blake3
5,8,2026-03-11T12:25:46.436629Z,elea,0.1.1,ef66ed9,add,f2.bin,backend_store,0.54925,5242880,,None,blake3
5,8,2026-03-11T12:25:46.436684Z,elea,0.1.1,ef66ed9,add,f4.bin,add_file_total,5.628292,5242880,,None,blake3
5,8,2026-03-11T12:25:46.436754Z,elea,0.1.1,ef66ed9,add,f5.bin,add_file_total,5.691958,5242880,,None,blake3
5,8,2026-03-11T12:25:46.436816Z,elea,0.1.1,ef66ed9,add,f2.bin,add_file_total,5.761208,5242880,,None,blake3
5,8,2026-03-11T12:25:46.436896Z,elea,0.1.1,ef66ed9,add,,add_total,5.871875,,5,None,blake3
5,1,2026-03-11T12:25:46.522426Z,elea,0.1.1,ef66ed9,hash,f3.bin,hash,2.932458,5242880,,,blake3
5,1,2026-03-11T12:25:46.522406Z,elea,0.1.1,ef66ed9,hash,f4.bin,hash,2.9068750000000003,5242880,,,blake3
5,1,2026-03-11T12:25:46.522396Z,elea,0.1.1,ef66ed9,hash,f5.bin,hash,2.888541,5242880,,,blake3
5,1,2026-03-11T12:25:46.522418Z,elea,0.1.1,ef66ed9,hash,f2.bin,hash,2.9202500000000002,5242880,,,blake3
5,1,2026-03-11T12:25:46.523141Z,elea,0.1.1,ef66ed9,hash,f1.bin,hash,3.590375,5242880,,,blake3
5,1,2026-03-11T12:25:46.524361Z,elea,0.1.1,ef66ed9,add,f3.bin,backend_store,0.310666,5242880,,None,blake3
5,1,2026-03-11T12:25:46.524526Z,elea,0.1.1,ef66ed9,add,f5.bin,backend_store,0.428083,5242880,,None,blake3
5,1,2026-03-11T12:25:46.524546Z,elea,0.1.1,ef66ed9,add,f3.bin,add_file_total,5.062625000000001,5242880,,None,blake3
5,1,2026-03-11T12:25:46.524595Z,elea,0.1.1,ef66ed9,add,f4.bin,backend_store,0.52325,5242880,,None,blake3
5,1,2026-03-11T12:25:46.524631Z,elea,0.1.1,ef66ed9,add,f2.bin,backend_store,0.496708,5242880,,None,blake3
5,1,2026-03-11T12:25:46.524714Z,elea,0.1.1,ef66ed9,add,f5.bin,add_file_total,5.25175,5242880,,None,blake3
5,1,2026-03-11T12:25:46.524765Z,elea,0.1.1,ef66ed9,add,f1.bin,backend_store,0.465542,5242880,,None,blake3
5,1,2026-03-11T12:25:46.524779Z,elea,0.1.1,ef66ed9,add,f4.bin,add_file_total,5.344083,5242880,,None,blake3
5,1,2026-03-11T12:25:46.524827Z,elea,0.1.1,ef66ed9,add,f2.bin,add_file_total,5.394417000000001,5242880,,None,blake3
5,1,2026-03-11T12:25:46.524905Z,elea,0.1.1,ef66ed9,add,f1.bin,add_file_total,5.467,5242880,,None,blake3
5,1,2026-03-11T12:25:46.524966Z,elea,0.1.1,ef66ed9,add,,add_total,5.568792,,5,None,blake3
1,1,2026-03-11T12:25:46.563339Z,elea,0.1.1,ef66ed9,hash,f3.bin,hash,0.6488750000000001,1048576,,,blake3
1,1,2026-03-11T12:25:46.563348Z,elea,0.1.1,ef66ed9,hash,f1.bin,hash,0.6669160000000001,1048576,,,blake3
1,1,2026-03-11T12:25:46.563358Z,elea,0.1.1,ef66ed9,hash,f2.bin,hash,0.6449579999999999,1048576,,,blake3
1,1,2026-03-11T12:25:46.563329Z,elea,0.1.1,ef66ed9,hash,f4.bin,hash,0.654917,1048576,,,blake3
1,1,2026-03-11T12:25:46.563309Z,elea,0.1.1,ef66ed9,hash,f5.bin,hash,0.6285419999999999,1048576,,,blake3
1,1,2026-03-11T12:25:46.565453Z,elea,0.1.1,ef66ed9,add,f3.bin,backend_store,0.501458,1048576,,None,blake3
1,1,2026-03-11T12:25:46.565478Z,elea,0.1.1,ef66ed9,add,f1.bin,backend_store,0.51725,1048576,,None,blake3
1,1,2026-03-11T12:25:46.565505Z,elea,0.1.1,ef66ed9,add,f2.bin,backend_store,0.52425,1048576,,None,blake3
1,1,2026-03-11T12:25:46.56553Z,elea,0.1.1,ef66ed9,add,f4.bin,backend_store,0.499708,1048576,,None,blake3
1,1,2026-03-11T12:25:46.565595Z,elea,0.1.1,ef66ed9,add,f5.bin,backend_store,0.531792,1048576,,None,blake3
1,1,2026-03-11T12:25:46.565646Z,elea,0.1.1,ef66ed9,add,f3.bin,add_file_total,3.015209,1048576,,None,blake3
1,1,2026-03-11T12:25:46.565692Z,elea,0.1.1,ef66ed9,add,f1.bin,add_file_total,3.084625,1048576,,None,blake3
1,1,2026-03-11T12:25:46.565734Z,elea,0.1.1,ef66ed9,add,f2.bin,add_file_total,3.106,1048576,,None,blake3
1,1,2026-03-11T12:25:46.565778Z,elea,0.1.1,ef66ed9,add,f4.bin,add_file_total,3.149917,1048576,,None,blake3
1,1,2026-03-11T12:25:46.565814Z,elea,0.1.1,ef66ed9,add,f5.bin,add_file_total,3.157416,1048576,,None,blake3
1,1,2026-03-11T12:25:46.565858Z,elea,0.1.1,ef66ed9,add,,add_total,3.289625,,5,None,blake3
50,13,2026-03-11T12:25:47.199248Z,elea,0.1.1,ef66ed9,hash,f3.bin,hash,28.949542,52428800,,,blake3
50,13,2026-03-11T12:25:47.199069Z,elea,0.1.1,ef66ed9,hash,f5.bin,hash,28.788291,52428800,,,blake3
50,13,2026-03-11T12:25:47.199311Z,elea,0.1.1,ef66ed9,hash,f4.bin,hash,29.024624999999997,52428800,,,blake3
50,13,2026-03-11T12:25:47.199225Z,elea,0.1.1,ef66ed9,hash,f2.bin,hash,28.954375000000002,52428800,,,blake3
50,13,2026-03-11T12:25:47.198973Z,elea,0.1.1,ef66ed9,hash,f1.bin,hash,28.657375,52428800,,,blake3
50,13,2026-03-11T12:25:47.201976Z,elea,0.1.1,ef66ed9,add,f4.bin,backend_store,0.5834590000000001,52428800,,None,blake3
50,13,2026-03-11T12:25:47.201989Z,elea,0.1.1,ef66ed9,add,f2.bin,backend_store,0.5638340000000001,52428800,,None,blake3
50,13,2026-03-11T12:25:47.202Z,elea,0.1.1,ef66ed9,add,f1.bin,backend_store,0.536292,52428800,,None,blake3
50,13,2026-03-11T12:25:47.202008Z,elea,0.1.1,ef66ed9,add,f5.bin,backend_store,0.638958,52428800,,None,blake3
50,13,2026-03-11T12:25:47.202044Z,elea,0.1.1,ef66ed9,add,f3.bin,backend_store,0.653583,52428800,,None,blake3
50,13,2026-03-11T12:25:47.202244Z,elea,0.1.1,ef66ed9,add,f4.bin,add_file_total,31.983040999999997,52428800,,None,blake3
50,13,2026-03-11T12:25:47.202355Z,elea,0.1.1,ef66ed9,add,f2.bin,add_file_total,32.122499999999995,52428800,,None,blake3
50,13,2026-03-11T12:25:47.202429Z,elea,0.1.1,ef66ed9,add,f5.bin,add_file_total,32.159875,52428800,,None,blake3
50,13,2026-03-11T12:25:47.202481Z,elea,0.1.1,ef66ed9,add,f1.bin,add_file_total,32.224625,52428800,,None,blake3
50,13,2026-03-11T12:25:47.202531Z,elea,0.1.1,ef66ed9,add,f3.bin,add_file_total,32.271542000000004,52428800,,None,blake3
50,13,2026-03-11T12:25:47.202647Z,elea,0.1.1,ef66ed9,add,,add_total,32.435249999999996,,5,None,blake3
1,19,2026-03-11T12:25:47.242503Z,elea,0.1.1,ef66ed9,hash,f3.bin,hash,0.605667,1048576,,,blake3
1,19,2026-03-11T12:25:47.242496Z,elea,0.1.1,ef66ed9,hash,f5.bin,hash,0.5959169999999999,1048576,,,blake3
1,19,2026-03-11T12:25:47.242487Z,elea,0.1.1,ef66ed9,hash,f4.bin,hash,0.60175,1048576,,,blake3
1,19,2026-03-11T12:25:47.24247Z,elea,0.1.1,ef66ed9,hash,f2.bin,hash,0.6178330000000001,1048576,,,blake3
1,19,2026-03-11T12:25:47.242479Z,elea,0.1.1,ef66ed9,hash,f1.bin,hash,0.609375,1048576,,,blake3
1,19,2026-03-11T12:25:47.244463Z,elea,0.1.1,ef66ed9,add,f5.bin,backend_store,0.45958400000000005,1048576,,None,blake3
1,19,2026-03-11T12:25:47.244479Z,elea,0.1.1,ef66ed9,add,f3.bin,backend_store,0.4925,1048576,,None,blake3
1,19,2026-03-11T12:25:47.24458Z,elea,0.1.1,ef66ed9,add,f4.bin,backend_store,0.552792,1048576,,None,blake3
1,19,2026-03-11T12:25:47.244661Z,elea,0.1.1,ef66ed9,add,f2.bin,backend_store,0.604584,1048576,,None,blake3
1,19,2026-03-11T12:25:47.244668Z,elea,0.1.1,ef66ed9,add,f5.bin,add_file_total,2.835,1048576,,None,blake3
1,19,2026-03-11T12:25:47.244746Z,elea,0.1.1,ef66ed9,add,f1.bin,backend_store,0.64075,1048576,,None,blake3
1,19,2026-03-11T12:25:47.244767Z,elea,0.1.1,ef66ed9,add,f3.bin,add_file_total,2.9307920000000003,1048576,,None,blake3
1,19,2026-03-11T12:25:47.244821Z,elea,0.1.1,ef66ed9,add,f4.bin,add_file_total,2.987625,1048576,,None,blake3
1,19,2026-03-11T12:25:47.24493Z,elea,0.1.1,ef66ed9,add,f2.bin,add_file_total,3.117583,1048576,,None,blake3
1,19,2026-03-11T12:25:47.244972Z,elea,0.1.1,ef66ed9,add,f1.bin,add_file_total,3.142125,1048576,,None,blake3
1,19,2026-03-11T12:25:47.245066Z,elea,0.1.1,ef66ed9,add,,add_total,3.29325,,5,None,blake3
50,9,2026-03-11T12:25:47.896756Z,elea,0.1.1,ef66ed9,hash,f3.bin,hash,29.242957999999998,52428800,,,blake3
50,9,2026-03-11T12:25:47.89659Z,elea,0.1.1,ef66ed9,hash,f4.bin,hash,29.128167,52428800,,,blake3
50,9,2026-03-11T12:25:47.8963Z,elea,0.1.1,ef66ed9,hash,f2.bin,hash,28.823959,52428800,,,blake3
50,9,2026-03-11T12:25:47.896574Z,elea,0.1.1,ef66ed9,hash,f5.bin,hash,29.068666,52428800,,,blake3
50,9,2026-03-11T12:25:47.896606Z,elea,0.1.1,ef66ed9,hash,f1.bin,hash,29.088165999999998,52428800,,,blake3
50,9,2026-03-11T12:25:47.898898Z,elea,0.1.1,ef66ed9,add,f4.bin,backend_store,0.522042,52428800,,None,blake3
50,9,2026-03-11T12:25:47.898921Z,elea,0.1.1,ef66ed9,add,f3.bin,backend_store,0.5626249999999999,52428800,,None,blake3
50,9,2026-03-11T12:25:47.89895Z,elea,0.1.1,ef66ed9,add,f5.bin,backend_store,0.491583,52428800,,None,blake3
50,9,2026-03-11T12:25:47.898969Z,elea,0.1.1,ef66ed9,add,f2.bin,backend_store,0.55825,52428800,,None,blake3
50,9,2026-03-11T12:25:47.899078Z,elea,0.1.1,ef66ed9,add,f4.bin,add_file_total,31.661292,52428800,,None,blake3
50,9,2026-03-11T12:25:47.899095Z,elea,0.1.1,ef66ed9,add,f1.bin,backend_store,0.604666,52428800,,None,blake3
50,9,2026-03-11T12:25:47.899126Z,elea,0.1.1,ef66ed9,add,f3.bin,add_file_total,31.668916999999997,52428800,,None,blake3
50,9,2026-03-11T12:25:47.899191Z,elea,0.1.1,ef66ed9,add,f5.bin,add_file_total,31.745,52428800,,None,blake3
50,9,2026-03-11T12:25:47.899225Z,elea,0.1.1,ef66ed9,add,f1.bin,add_file_total,31.770874999999997,52428800,,None,blake3
50,9,2026-03-11T12:25:47.899261Z,elea,0.1.1,ef66ed9,add,f2.bin,add_file_total,31.813582999999998,52428800,,None,blake3
50,9,2026-03-11T12:25:47.899328Z,elea,0.1.1,ef66ed9,add,,add_total,31.955208,,5,None,blake3
10,22,2026-03-11T12:25:48.053999Z,elea,0.1.1,ef66ed9,hash,f4.bin,hash,5.825417,10485760,,,blake3
10,22,2026-03-11T12:25:48.054092Z,elea,0.1.1,ef66ed9,hash,f5.bin,hash,5.910375,10485760,,,blake3
10,22,2026-03-11T12:25:48.054067Z,elea,0.1.1,ef66ed9,hash,f1.bin,hash,5.908209,10485760,,,blake3
10,22,2026-03-11T12:25:48.054035Z,elea,0.1.1,ef66ed9,hash,f3.bin,hash,5.862667,10485760,,,blake3
10,22,2026-03-11T12:25:48.054055Z,elea,0.1.1,ef66ed9,hash,f2.bin,hash,5.839708,10485760,,,blake3
10,22,2026-03-11T12:25:48.056385Z,elea,0.1.1,ef66ed9,add,f4.bin,backend_store,0.409167,10485760,,None,blake3
10,22,2026-03-11T12:25:48.056526Z,elea,0.1.1,ef66ed9,add,f5.bin,backend_store,0.504583,10485760,,None,blake3
10,22,2026-03-11T12:25:48.056532Z,elea,0.1.1,ef66ed9,add,f3.bin,backend_store,0.49950000000000006,10485760,,None,blake3
10,22,2026-03-11T12:25:48.056556Z,elea,0.1.1,ef66ed9,add,f4.bin,add_file_total,8.418875,10485760,,None,blake3
10,22,2026-03-11T12:25:48.05657Z,elea,0.1.1,ef66ed9,add,f1.bin,backend_store,0.534334,10485760,,None,blake3
10,22,2026-03-11T12:25:48.056585Z,elea,0.1.1,ef66ed9,add,f2.bin,backend_store,0.5132920000000001,10485760,,None,blake3
10,22,2026-03-11T12:25:48.056715Z,elea,0.1.1,ef66ed9,add,f3.bin,add_file_total,8.580625,10485760,,None,blake3
10,22,2026-03-11T12:25:48.056769Z,elea,0.1.1,ef66ed9,add,f1.bin,add_file_total,8.654667,10485760,,None,blake3
10,22,2026-03-11T12:25:48.056814Z,elea,0.1.1,ef66ed9,add,f2.bin,add_file_total,8.677583,10485760,,None,blake3
10,22,2026-03-11T12:25:48.05686Z,elea,0.1.1,ef66ed9,add,f5.bin,add_file_total,8.724917,10485760,,None,blake3
10,22,2026-03-11T12:25:48.056919Z,elea,0.1.1,ef66ed9,add,,add_total,8.849124999999999,,5,None,blake3
50,10,2026-03-11T12:25:48.701345Z,elea,0.1.1,ef66ed9,hash,f4.bin,hash,28.632708,52428800,,,blake3
50,10,2026-03-11T12:25:48.701863Z,elea,0.1.1,ef66ed9,hash,f2.bin,hash,29.129209,52428800,,,blake3
50,10,2026-03-11T12:25:48.70138Z,elea,0.1.1,ef66ed9,hash,f1.bin,hash,28.658875000000002,52428800,,,blake3
50,10,2026-03-11T12:25:48.701795Z,elea,0.1.1,ef66ed9,hash,f3.bin,hash,29.047542,52428800,,,blake3
50,10,2026-03-11T12:25:48.70159Z,elea,0.1.1,ef66ed9,hash,f5.bin,hash,28.867708,52428800,,,blake3
50,10,2026-03-11T12:25:48.703969Z,elea,0.1.1,ef66ed9,add,f2.bin,backend_store,0.5335,52428800,,None,blake3
50,10,2026-03-11T12:25:48.703985Z,elea,0.1.1,ef66ed9,add,f1.bin,backend_store,0.5192089999999999,52428800,,None,blake3
50,10,2026-03-11T12:25:48.704004Z,elea,0.1.1,ef66ed9,add,f4.bin,backend_store,0.58025,52428800,,None,blake3
50,10,2026-03-11T12:25:48.704017Z,elea,0.1.1,ef66ed9,add,f5.bin,backend_store,0.48500000000000004,52428800,,None,blake3
50,10,2026-03-11T12:25:48.704054Z,elea,0.1.1,ef66ed9,add,f3.bin,backend_store,0.552167,52428800,,None,blake3
50,10,2026-03-11T12:25:48.704167Z,elea,0.1.1,ef66ed9,add,f2.bin,add_file_total,31.482125,52428800,,None,blake3
50,10,2026-03-11T12:25:48.70422Z,elea,0.1.1,ef66ed9,add,f4.bin,add_file_total,31.556209000000003,52428800,,None,blake3
50,10,2026-03-11T12:25:48.704265Z,elea,0.1.1,ef66ed9,add,f1.bin,add_file_total,31.585,52428800,,None,blake3
50,10,2026-03-11T12:25:48.704311Z,elea,0.1.1,ef66ed9,add,f5.bin,add_file_total,31.627708,52428800,,None,blake3
50,10,2026-03-11T12:25:48.704351Z,elea,0.1.1,ef66ed9,add,f3.bin,add_file_total,31.666459,52428800,,None,blake3
50,10,2026-03-11T12:25:48.704422Z,elea,0.1.1,ef66ed9,add,,add_total,31.797875000000005,,5,None,blake3
5,3,2026-03-11T12:25:48.791636Z,elea,0.1.1,ef66ed9,hash,f1.bin,hash,2.9214160000000002,5242880,,,blake3
5,3,2026-03-11T12:25:48.7916Z,elea,0.1.1,ef66ed9,hash,f5.bin,hash,2.876791,5242880,,,blake3
5,3,2026-03-11T12:25:48.79161Z,elea,0.1.1,ef66ed9,hash,f4.bin,hash,2.883625,5242880,,,blake3
5,3,2026-03-11T12:25:48.791645Z,elea,0.1.1,ef66ed9,hash,f3.bin,hash,2.89725,5242880,,,blake3
5,3,2026-03-11T12:25:48.791655Z,elea,0.1.1,ef66ed9,hash,f2.bin,hash,2.9117919999999997,5242880,,,blake3
5,3,2026-03-11T12:25:48.793919Z,elea,0.1.1,ef66ed9,add,f1.bin,backend_store,0.46349999999999997,5242880,,None,blake3
5,3,2026-03-11T12:25:48.793931Z,elea,0.1.1,ef66ed9,add,f4.bin,backend_store,0.419625,5242880,,None,blake3
5,3,2026-03-11T12:25:48.793992Z,elea,0.1.1,ef66ed9,add,f2.bin,backend_store,0.44179199999999996,5242880,,None,blake3
5,3,2026-03-11T12:25:48.794121Z,elea,0.1.1,ef66ed9,add,f3.bin,backend_store,0.5960409999999999,5242880,,None,blake3
5,3,2026-03-11T12:25:48.79414Z,elea,0.1.1,ef66ed9,add,f1.bin,add_file_total,5.458958,5242880,,None,blake3
5,3,2026-03-11T12:25:48.794155Z,elea,0.1.1,ef66ed9,add,f5.bin,backend_store,0.669083,5242880,,None,blake3
5,3,2026-03-11T12:25:48.794202Z,elea,0.1.1,ef66ed9,add,f4.bin,add_file_total,5.512792,5242880,,None,blake3
5,3,2026-03-11T12:25:48.794266Z,elea,0.1.1,ef66ed9,add,f2.bin,add_file_total,5.584041,5242880,,None,blake3
5,3,2026-03-11T12:25:48.794314Z,elea,0.1.1,ef66ed9,add,f3.bin,add_file_total,5.634167,5242880,,None,blake3
5,3,2026-03-11T12:25:48.794359Z,elea,0.1.1,ef66ed9,add,f5.bin,add_file_total,5.68175,5242880,,None,blake3
5,3,2026-03-11T12:25:48.794477Z,elea,0.1.1,ef66ed9,add,,add_total,5.854500000000001,,5,None,blake3
10,3,2026-03-11T12:25:48.940689Z,elea,0.1.1,ef66ed9,hash,f3.bin,hash,5.911334,10485760,,,blake3
10,3,2026-03-11T12:25:48.940627Z,elea,0.1.1,ef66ed9,hash,f1.bin,hash,5.859917,10485760,,,blake3
10,3,2026-03-11T12:25:48.940838Z,elea,0.1.1,ef66ed9,hash,f2.bin,hash,6.105041,10485760,,,blake3
10,3,2026-03-11T12:25:48.940549Z,elea,0.1.1,ef66ed9,hash,f5.bin,hash,5.789625,10485760,,,blake3
10,3,2026-03-11T12:25:48.940601Z,elea,0.1.1,ef66ed9,hash,f4.bin,hash,5.875708,10485760,,,blake3
10,3,2026-03-11T12:25:48.942978Z,elea,0.1.1,ef66ed9,add,f3.bin,backend_store,0.41125,10485760,,None,blake3
10,3,2026-03-11T12:25:48.943055Z,elea,0.1.1,ef66ed9,add,f5.bin,backend_store,0.418833,10485760,,None,blake3
10,3,2026-03-11T12:25:48.943109Z,elea,0.1.1,ef66ed9,add,f1.bin,backend_store,0.533084,10485760,,None,blake3
10,3,2026-03-11T12:25:48.943134Z,elea,0.1.1,ef66ed9,add,f3.bin,add_file_total,8.417124999999999,10485760,,None,blake3
10,3,2026-03-11T12:25:48.943186Z,elea,0.1.1,ef66ed9,add,f4.bin,backend_store,0.521541,10485760,,None,blake3
10,3,2026-03-11T12:25:48.943215Z,elea,0.1.1,ef66ed9,add,f5.bin,add_file_total,8.498708,10485760,,None,blake3
10,3,2026-03-11T12:25:48.943236Z,elea,0.1.1,ef66ed9,add,f2.bin,backend_store,0.625583,10485760,,None,blake3
10,3,2026-03-11T12:25:48.943303Z,elea,0.1.1,ef66ed9,add,f1.bin,add_file_total,8.5855,10485760,,None,blake3
10,3,2026-03-11T12:25:48.943376Z,elea,0.1.1,ef66ed9,add,f4.bin,add_file_total,8.68575,10485760,,None,blake3
10,3,2026-03-11T12:25:48.943457Z,elea,0.1.1,ef66ed9,add,f2.bin,add_file_total,8.74,10485760,,None,blake3
10,3,2026-03-11T12:25:48.943546Z,elea,0.1.1,ef66ed9,add,,add_total,8.8815,,5,None,blake3
1,21,2026-03-11T12:25:48.982412Z,elea,0.1.1,ef66ed9,hash,f4.bin,hash,0.604042,1048576,,,blake3
1,21,2026-03-11T12:25:48.982431Z,elea,0.1.1,ef66ed9,hash,f2.bin,hash,0.597667,1048576,,,blake3
1,21,2026-03-11T12:25:48.982422Z,elea,0.1.1,ef66ed9,hash,f5.bin,hash,0.6055,1048576,,,blake3
1,21,2026-03-11T12:25:48.982401Z,elea,0.1.1,ef66ed9,hash,f3.bin,hash,0.605542,1048576,,,blake3
1,21,2026-03-11T12:25:48.98244Z,elea,0.1.1,ef66ed9,hash,f1.bin,hash,0.607,1048576,,,blake3
1,21,2026-03-11T12:25:48.984312Z,elea,0.1.1,ef66ed9,add,f4.bin,backend_store,0.43520800000000004,1048576,,None,blake3
1,21,2026-03-11T12:25:48.98434Z,elea,0.1.1,ef66ed9,add,f5.bin,backend_store,0.425375,1048576,,None,blake3
1,21,2026-03-11T12:25:48.984354Z,elea,0.1.1,ef66ed9,add,f2.bin,backend_store,0.466875,1048576,,None,blake3
1,21,2026-03-11T12:25:48.984449Z,elea,0.1.1,ef66ed9,add,f3.bin,backend_store,0.505458,1048576,,None,blake3
1,21,2026-03-11T12:25:48.984488Z,elea,0.1.1,ef66ed9,add,f1.bin,backend_store,0.5230830000000001,1048576,,None,blake3
1,21,2026-03-11T12:25:48.984495Z,elea,0.1.1,ef66ed9,add,f4.bin,add_file_total,2.698125,1048576,,None,blake3
1,21,2026-03-11T12:25:48.98453Z,elea,0.1.1,ef66ed9,add,f5.bin,add_file_total,2.749708,1048576,,None,blake3
1,21,2026-03-11T12:25:48.984571Z,elea,0.1.1,ef66ed9,add,f2.bin,add_file_total,2.7937499999999997,1048576,,None,blake3
1,21,2026-03-11T12:25:48.984606Z,elea,0.1.1,ef66ed9,add,f3.bin,add_file_total,2.849958,1048576,,None,blake3
1,21,2026-03-11T12:25:48.984637Z,elea,0.1.1,ef66ed9,add,f1.bin,add_file_total,2.848792,1048576,,None,blake3
1,21,2026-03-11T12:25:48.9847Z,elea,0.1.1,ef66ed9,add,,add_total,2.983041,,5,None,blake3
10,2,2026-03-11T12:25:49.133562Z,elea,0.1.1,ef66ed9,hash,f5.bin,hash,5.735167000000001,10485760,,,blake3
10,2,2026-03-11T12:25:49.13353Z,elea,0.1.1,ef66ed9,hash,f2.bin,hash,5.7830829999999995,10485760,,,blake3
10,2,2026-03-11T12:25:49.133553Z,elea,0.1.1,ef66ed9,hash,f3.bin,hash,5.79325,10485760,,,blake3
10,2,2026-03-11T12:25:49.133541Z,elea,0.1.1,ef66ed9,hash,f4.bin,hash,5.782458,10485760,,,blake3
10,2,2026-03-11T12:25:49.133616Z,elea,0.1.1,ef66ed9,hash,f1.bin,hash,5.843875,10485760,,,blake3
10,2,2026-03-11T12:25:49.135936Z,elea,0.1.1,ef66ed9,add,f2.bin,backend_store,0.507333,10485760,,None,blake3
10,2,2026-03-11T12:25:49.136045Z,elea,0.1.1,ef66ed9,add,f5.bin,backend_store,0.650667,10485760,,None,blake3
10,2,2026-03-11T12:25:49.136139Z,elea,0.1.1,ef66ed9,add,f2.bin,add_file_total,8.437666,10485760,,None,blake3
10,2,2026-03-11T12:25:49.136153Z,elea,0.1.1,ef66ed9,add,f1.bin,backend_store,0.645417,10485760,,None,blake3
10,2,2026-03-11T12:25:49.136207Z,elea,0.1.1,ef66ed9,add,f3.bin,backend_store,0.7699579999999999,10485760,,None,blake3
10,2,2026-03-11T12:25:49.136242Z,elea,0.1.1,ef66ed9,add,f5.bin,add_file_total,8.478708,10485760,,None,blake3
10,2,2026-03-11T12:25:49.136259Z,elea,0.1.1,ef66ed9,add,f4.bin,backend_store,0.781333,10485760,,None,blake3
10,2,2026-03-11T12:25:49.136302Z,elea,0.1.1,ef66ed9,add,f1.bin,add_file_total,8.576334,10485760,,None,blake3
10,2,2026-03-11T12:25:49.136349Z,elea,0.1.1,ef66ed9,add,f3.bin,add_file_total,8.615083,10485760,,None,blake3
10,2,2026-03-11T12:25:49.136409Z,elea,0.1.1,ef66ed9,add,f4.bin,add_file_total,8.662958999999999,10485760,,None,blake3
10,2,2026-03-11T12:25:49.136469Z,elea,0.1.1,ef66ed9,add,,add_total,8.79625,,5,None,blake3
5,15,2026-03-11T12:25:49.222431Z,elea,0.1.1,ef66ed9,hash,f3.bin,hash,2.967791,5242880,,,blake3
5,15,2026-03-11T12:25:49.222342Z,elea,0.1.1,ef66ed9,hash,f2.bin,hash,2.931834,5242880,,,blake3
5,15,2026-03-11T12:25:49.222328Z,elea,0.1.1,ef66ed9,hash,f1.bin,hash,2.9115,5242880,,,blake3
5,15,2026-03-11T12:25:49.222413Z,elea,0.1.1,ef66ed9,hash,f4.bin,hash,2.982917,5242880,,,blake3
5,15,2026-03-11T12:25:49.222353Z,elea,0.1.1,ef66ed9,hash,f5.bin,hash,2.902959,5242880,,,blake3
5,15,2026-03-11T12:25:49.224317Z,elea,0.1.1,ef66ed9,add,f3.bin,backend_store,0.436917,5242880,,None,blake3
5,15,2026-03-11T12:25:49.22433Z,elea,0.1.1,ef66ed9,add,f2.bin,backend_store,0.430875,5242880,,None,blake3
5,15,2026-03-11T12:25:49.224412Z,elea,0.1.1,ef66ed9,add,f1.bin,backend_store,0.47529099999999996,5242880,,None,blake3
5,15,2026-03-11T12:25:49.224437Z,elea,0.1.1,ef66ed9,add,f4.bin,backend_store,0.477417,5242880,,None,blake3
5,15,2026-03-11T12:25:49.224477Z,elea,0.1.1,ef66ed9,add,f5.bin,backend_store,0.45899999999999996,5242880,,None,blake3
5,15,2026-03-11T12:25:49.224499Z,elea,0.1.1,ef66ed9,add,f3.bin,add_file_total,5.112875,5242880,,None,blake3
5,15,2026-03-11T12:25:49.224654Z,elea,0.1.1,ef66ed9,add,f2.bin,add_file_total,5.295834,5242880,,None,blake3
5,15,2026-03-11T12:25:49.224735Z,elea,0.1.1,ef66ed9,add,f1.bin,add_file_total,5.349708,5242880,,None,blake3
5,15,2026-03-11T12:25:49.224789Z,elea,0.1.1,ef66ed9,add,f4.bin,add_file_total,5.403665999999999,5242880,,None,blake3
5,15,2026-03-11T12:25:49.224843Z,elea,0.1.1,ef66ed9,add,f5.bin,add_file_total,5.458374999999999,5242880,,None,blake3
5,15,2026-03-11T12:25:49.224922Z,elea,0.1.1,ef66ed9,add,,add_total,5.59675,,5,None,blake3
5,14,2026-03-11T12:25:49.31504Z,elea,0.1.1,ef66ed9,hash,f5.bin,hash,2.9122079999999997,5242880,,,blake3
5,14,2026-03-11T12:25:49.315006Z,elea,0.1.1,ef66ed9,hash,f2.bin,hash,2.9190829999999997,5242880,,,blake3
5,14,2026-03-11T12:25:49.315028Z,elea,0.1.1,ef66ed9,hash,f4.bin,hash,2.911084,5242880,,,blake3
5,14,2026-03-11T12:25:49.315067Z,elea,0.1.1,ef66ed9,hash,f3.bin,hash,2.941375,5242880,,,blake3
5,14,2026-03-11T12:25:49.31502Z,elea,0.1.1,ef66ed9,hash,f1.bin,hash,2.921291,5242880,,,blake3
5,14,2026-03-11T12:25:49.317193Z,elea,0.1.1,ef66ed9,add,f3.bin,backend_store,0.469833,5242880,,None,blake3
5,14,2026-03-11T12:25:49.317213Z,elea,0.1.1,ef66ed9,add,f5.bin,backend_store,0.5021249999999999,5242880,,None,blake3
5,14,2026-03-11T12:25:49.317242Z,elea,0.1.1,ef66ed9,add,f4.bin,backend_store,0.47120799999999996,5242880,,None,blake3
5,14,2026-03-11T12:25:49.317309Z,elea,0.1.1,ef66ed9,add,f2.bin,backend_store,0.549458,5242880,,None,blake3
5,14,2026-03-11T12:25:49.317346Z,elea,0.1.1,ef66ed9,add,f1.bin,backend_store,0.550167,5242880,,None,blake3
5,14,2026-03-11T12:25:49.31738Z,elea,0.1.1,ef66ed9,add,f3.bin,add_file_total,5.31125,5242880,,None,blake3
5,14,2026-03-11T12:25:49.317558Z,elea,0.1.1,ef66ed9,add,f5.bin,add_file_total,5.494541000000001,5242880,,None,blake3
5,14,2026-03-11T12:25:49.317639Z,elea,0.1.1,ef66ed9,add,f4.bin,add_file_total,5.575084,5242880,,None,blake3
5,14,2026-03-11T12:25:49.317694Z,elea,0.1.1,ef66ed9,add,f2.bin,add_file_total,5.642334,5242880,,None,blake3
5,14,2026-03-11T12:25:49.31775Z,elea,0.1.1,ef66ed9,add,f1.bin,add_file_total,5.693167,5242880,,None,blake3
5,14,2026-03-11T12:25:49.317806Z,elea,0.1.1,ef66ed9,add,,add_total,5.788791,,5,None,blake3
5,25,2026-03-11T12:25:49.401942Z,elea,0.1.1,ef66ed9,hash,f4.bin,hash,2.9604589999999997,5242880,,,blake3
5,25,2026-03-11T12:25:49.401934Z,elea,0.1.1,ef66ed9,hash,f3.bin,hash,2.9342080000000004,5242880,,,blake3
5,25,2026-03-11T12:25:49.401907Z,elea,0.1.1,ef66ed9,hash,f1.bin,hash,2.927584,5242880,,,blake3
5,25,2026-03-11T12:25:49.401888Z,elea,0.1.1,ef66ed9,hash,f2.bin,hash,2.932208,5242880,,,blake3
5,25,2026-03-11T12:25:49.401923Z,elea,0.1.1,ef66ed9,hash,f5.bin,hash,2.920583,5242880,,,blake3
5,25,2026-03-11T12:25:49.404224Z,elea,0.1.1,ef66ed9,add,f3.bin,backend_store,0.50325,5242880,,None,blake3
5,25,2026-03-11T12:25:49.404236Z,elea,0.1.1,ef66ed9,add,f4.bin,backend_store,0.547125,5242880,,None,blake3
5,25,2026-03-11T12:25:49.404282Z,elea,0.1.1,ef66ed9,add,f1.bin,backend_store,0.54225,5242880,,None,blake3
5,25,2026-03-11T12:25:49.404306Z,elea,0.1.1,ef66ed9,add,f5.bin,backend_store,0.522792,5242880,,None,blake3
5,25,2026-03-11T12:25:49.404316Z,elea,0.1.1,ef66ed9,add,f2.bin,backend_store,0.5446249999999999,5242880,,None,blake3
5,25,2026-03-11T12:25:49.404388Z,elea,0.1.1,ef66ed9,add,f3.bin,add_file_total,5.448084,5242880,,None,blake3
5,25,2026-03-11T12:25:49.404449Z,elea,0.1.1,ef66ed9,add,f4.bin,add_file_total,5.5258329999999996,5242880,,None,blake3
5,25,2026-03-11T12:25:49.404523Z,elea,0.1.1,ef66ed9,add,f1.bin,add_file_total,5.6075420000000005,5242880,,None,blake3
5,25,2026-03-11T12:25:49.404583Z,elea,0.1.1,ef66ed9,add,f2.bin,add_file_total,5.665125,5242880,,None,blake3
5,25,2026-03-11T12:25:49.404637Z,elea,0.1.1,ef66ed9,add,f5.bin,add_file_total,5.711749999999999,5242880,,None,blake3
5,25,2026-03-11T12:25:49.40471Z,elea,0.1.1,ef66ed9,add,,add_total,5.829625,,5,None,blake3
1,6,2026-03-11T12:25:49.441851Z,elea,0.1.1,ef66ed9,hash,f5.bin,hash,0.605541,1048576,,,blake3
1,6,2026-03-11T12:25:49.441843Z,elea,0.1.1,ef66ed9,hash,f3.bin,hash,0.603542,1048576,,,blake3
1,6,2026-03-11T12:25:49.441834Z,elea,0.1.1,ef66ed9,hash,f1.bin,hash,0.612167,1048576,,,blake3
1,6,2026-03-11T12:25:49.441819Z,elea,0.1.1,ef66ed9,hash,f4.bin,hash,0.5995,1048576,,,blake3
1,6,2026-03-11T12:25:49.441812Z,elea,0.1.1,ef66ed9,hash,f2.bin,hash,0.608875,1048576,,,blake3
1,6,2026-03-11T12:25:49.443641Z,elea,0.1.1,ef66ed9,add,f5.bin,backend_store,0.403333,1048576,,None,blake3
1,6,2026-03-11T12:25:49.443752Z,elea,0.1.1,ef66ed9,add,f4.bin,backend_store,0.45658299999999996,1048576,,None,blake3
1,6,2026-03-11T12:25:49.443854Z,elea,0.1.1,ef66ed9,add,f3.bin,backend_store,0.595542,1048576,,None,blake3
1,6,2026-03-11T12:25:49.443864Z,elea,0.1.1,ef66ed9,add,f1.bin,backend_store,0.5876250000000001,1048576,,None,blake3
1,6,2026-03-11T12:25:49.443931Z,elea,0.1.1,ef66ed9,add,f5.bin,add_file_total,2.7399579999999997,1048576,,None,blake3
1,6,2026-03-11T12:25:49.443996Z,elea,0.1.1,ef66ed9,add,f4.bin,add_file_total,2.813333,1048576,,None,blake3
1,6,2026-03-11T12:25:49.444019Z,elea,0.1.1,ef66ed9,add,f2.bin,backend_store,0.582375,1048576,,None,blake3
1,6,2026-03-11T12:25:49.44405Z,elea,0.1.1,ef66ed9,add,f3.bin,add_file_total,2.862625,1048576,,None,blake3
1,6,2026-03-11T12:25:49.444094Z,elea,0.1.1,ef66ed9,add,f1.bin,add_file_total,2.908583,1048576,,None,blake3
1,6,2026-03-11T12:25:49.444201Z,elea,0.1.1,ef66ed9,add,f2.bin,add_file_total,3.03775,1048576,,None,blake3
1,6,2026-03-11T12:25:49.444248Z,elea,0.1.1,ef66ed9,add,,add_total,3.115416,,5,None,blake3
1,13,2026-03-11T12:25:49.482079Z,elea,0.1.1,ef66ed9,hash,f2.bin,hash,0.605417,1048576,,,blake3
1,13,2026-03-11T12:25:49.48207Z,elea,0.1.1,ef66ed9,hash,f3.bin,hash,0.597833,1048576,,,blake3
1,13,2026-03-11T12:25:49.482053Z,elea,0.1.1,ef66ed9,hash,f4.bin,hash,0.60175,1048576,,,blake3
1,13,2026-03-11T12:25:49.482061Z,elea,0.1.1,ef66ed9,hash,f1.bin,hash,0.618584,1048576,,,blake3
1,13,2026-03-11T12:25:49.482047Z,elea,0.1.1,ef66ed9,hash,f5.bin,hash,0.61075,1048576,,,blake3
1,13,2026-03-11T12:25:49.484142Z,elea,0.1.1,ef66ed9,add,f2.bin,backend_store,0.549875,1048576,,None,blake3
1,13,2026-03-11T12:25:49.484218Z,elea,0.1.1,ef66ed9,add,f3.bin,backend_store,0.599917,1048576,,None,blake3
1,13,2026-03-11T12:25:49.484232Z,elea,0.1.1,ef66ed9,add,f4.bin,backend_store,0.582334,1048576,,None,blake3
1,13,2026-03-11T12:25:49.484264Z,elea,0.1.1,ef66ed9,add,f1.bin,backend_store,0.603083,1048576,,None,blake3
1,13,2026-03-11T12:25:49.484287Z,elea,0.1.1,ef66ed9,add,f5.bin,backend_store,0.599417,1048576,,None,blake3
1,13,2026-03-11T12:25:49.484328Z,elea,0.1.1,ef66ed9,add,f2.bin,add_file_total,2.924125,1048576,,None,blake3
1,13,2026-03-11T12:25:49.484391Z,elea,0.1.1,ef66ed9,add,f3.bin,add_file_total,2.988167,1048576,,None,blake3
1,13,2026-03-11T12:25:49.484451Z,elea,0.1.1,ef66ed9,add,f1.bin,add_file_total,3.074083,1048576,,None,blake3
1,13,2026-03-11T12:25:49.484491Z,elea,0.1.1,ef66ed9,add,f4.bin,add_file_total,3.092042,1048576,,None,blake3
1,13,2026-03-11T12:25:49.484537Z,elea,0.1.1,ef66ed9,add,f5.bin,add_file_total,3.142083,1048576,,None,blake3
1,13,2026-03-11T12:25:49.484597Z,elea,0.1.1,ef66ed9,add,,add_total,3.253625,,5,None,blake3
10,17,2026-03-11T12:25:49.63119Z,elea,0.1.1,ef66ed9,hash,f1.bin,hash,5.8797500000000005,10485760,,,blake3
10,17,2026-03-11T12:25:49.631171Z,elea,0.1.1,ef66ed9,hash,f3.bin,hash,5.844459,10485760,,,blake3
10,17,2026-03-11T12:25:49.631181Z,elea,0.1.1,ef66ed9,hash,f5.bin,hash,5.89675,10485760,,,blake3
10,17,2026-03-11T12:25:49.631154Z,elea,0.1.1,ef66ed9,hash,f2.bin,hash,5.848,10485760,,,blake3
10,17,2026-03-11T12:25:49.631136Z,elea,0.1.1,ef66ed9,hash,f4.bin,hash,5.882791,10485760,,,blake3
10,17,2026-03-11T12:25:49.633707Z,elea,0.1.1,ef66ed9,add,f1.bin,backend_store,0.466833,10485760,,None,blake3
10,17,2026-03-11T12:25:49.633752Z,elea,0.1.1,ef66ed9,add,f5.bin,backend_store,0.45683399999999996,10485760,,None,blake3
10,17,2026-03-11T12:25:49.633759Z,elea,0.1.1,ef66ed9,add,f2.bin,backend_store,0.44533300000000003,10485760,,None,blake3
10,17,2026-03-11T12:25:49.633772Z,elea,0.1.1,ef66ed9,add,f3.bin,backend_store,0.511458,10485760,,None,blake3
10,17,2026-03-11T12:25:49.633792Z,elea,0.1.1,ef66ed9,add,f4.bin,backend_store,0.466125,10485760,,None,blake3
10,17,2026-03-11T12:25:49.633879Z,elea,0.1.1,ef66ed9,add,f1.bin,add_file_total,8.656583000000001,10485760,,None,blake3
10,17,2026-03-11T12:25:49.633925Z,elea,0.1.1,ef66ed9,add,f5.bin,add_file_total,8.703624999999999,10485760,,None,blake3
10,17,2026-03-11T12:25:49.633984Z,elea,0.1.1,ef66ed9,add,f2.bin,add_file_total,8.760583,10485760,,None,blake3
10,17,2026-03-11T12:25:49.634032Z,elea,0.1.1,ef66ed9,add,f3.bin,add_file_total,8.806458,10485760,,None,blake3
10,17,2026-03-11T12:25:49.634079Z,elea,0.1.1,ef66ed9,add,f4.bin,add_file_total,8.878291,10485760,,None,blake3
10,17,2026-03-11T12:25:49.63412Z,elea,0.1.1,ef66ed9,add,,add_total,8.95625,,5,None,blake3
5,5,2026-03-11T12:25:49.7204Z,elea,0.1.1,ef66ed9,hash,f4.bin,hash,2.9161669999999997,5242880,,,blake3
5,5,2026-03-11T12:25:49.720343Z,elea,0.1.1,ef66ed9,hash,f5.bin,hash,2.9034999999999997,5242880,,,blake3
5,5,2026-03-11T12:25:49.72039Z,elea,0.1.1,ef66ed9,hash,f2.bin,hash,2.920791,5242880,,,blake3
5,5,2026-03-11T12:25:49.720375Z,elea,0.1.1,ef66ed9,hash,f1.bin,hash,2.925459,5242880,,,blake3
5,5,2026-03-11T12:25:49.72036Z,elea,0.1.1,ef66ed9,hash,f3.bin,hash,2.935834,5242880,,,blake3
5,5,2026-03-11T12:25:49.722647Z,elea,0.1.1,ef66ed9,add,f4.bin,backend_store,0.509875,5242880,,None,blake3
5,5,2026-03-11T12:25:49.722669Z,elea,0.1.1,ef66ed9,add,f2.bin,backend_store,0.481791,5242880,,None,blake3
5,5,2026-03-11T12:25:49.722684Z,elea,0.1.1,ef66ed9,add,f5.bin,backend_store,0.53,5242880,,None,blake3
5,5,2026-03-11T12:25:49.722819Z,elea,0.1.1,ef66ed9,add,f1.bin,backend_store,0.591792,5242880,,None,blake3
5,5,2026-03-11T12:25:49.722826Z,elea,0.1.1,ef66ed9,add,f2.bin,add_file_total,5.451625,5242880,,None,blake3
5,5,2026-03-11T12:25:49.722843Z,elea,0.1.1,ef66ed9,add,f3.bin,backend_store,0.6105830000000001,5242880,,None,blake3
5,5,2026-03-11T12:25:49.722888Z,elea,0.1.1,ef66ed9,add,f4.bin,add_file_total,5.511,5242880,,None,blake3
5,5,2026-03-11T12:25:49.722943Z,elea,0.1.1,ef66ed9,add,f5.bin,add_file_total,5.569042,5242880,,None,blake3
5,5,2026-03-11T12:25:49.722992Z,elea,0.1.1,ef66ed9,add,f1.bin,add_file_total,5.618333,5242880,,None,blake3
5,5,2026-03-11T12:25:49.723038Z,elea,0.1.1,ef66ed9,add,f3.bin,add_file_total,5.684334,5242880,,None,blake3
5,5,2026-03-11T12:25:49.723083Z,elea,0.1.1,ef66ed9,add,,add_total,5.77275,,5,None,blake3
10,11,2026-03-11T12:25:49.870144Z,elea,0.1.1,ef66ed9,hash,f3.bin,hash,5.875542,10485760,,,blake3
10,11,2026-03-11T12:25:49.870055Z,elea,0.1.1,ef66ed9,hash,f2.bin,hash,5.807709,10485760,,,blake3
10,11,2026-03-11T12:25:49.869992Z,elea,0.1.1,ef66ed9,hash,f1.bin,hash,5.767208,10485760,,,blake3
10,11,2026-03-11T12:25:49.870171Z,elea,0.1.1,ef66ed9,hash,f4.bin,hash,5.894792000000001,10485760,,,blake3
10,11,2026-03-11T12:25:49.870161Z,elea,0.1.1,ef66ed9,hash,f5.bin,hash,5.840709,10485760,,,blake3
10,11,2026-03-11T12:25:49.872399Z,elea,0.1.1,ef66ed9,add,f4.bin,backend_store,0.5279170000000001,10485760,,None,blake3
10,11,2026-03-11T12:25:49.872414Z,elea,0.1.1,ef66ed9,add,f1.bin,backend_store,0.5576249999999999,10485760,,None,blake3
10,11,2026-03-11T12:25:49.872434Z,elea,0.1.1,ef66ed9,add,f3.bin,backend_store,0.619125,10485760,,None,blake3
10,11,2026-03-11T12:25:49.872452Z,elea,0.1.1,ef66ed9,add,f5.bin,backend_store,0.549083,10485760,,None,blake3
10,11,2026-03-11T12:25:49.872469Z,elea,0.1.1,ef66ed9,add,f2.bin,backend_store,0.625792,10485760,,None,blake3
10,11,2026-03-11T12:25:49.872587Z,elea,0.1.1,ef66ed9,add,f4.bin,add_file_total,8.382667,10485760,,None,blake3
10,11,2026-03-11T12:25:49.872632Z,elea,0.1.1,ef66ed9,add,f2.bin,add_file_total,8.428958999999999,10485760,,None,blake3
10,11,2026-03-11T12:25:49.87268Z,elea,0.1.1,ef66ed9,add,f3.bin,add_file_total,8.476666000000002,10485760,,None,blake3
10,11,2026-03-11T12:25:49.872748Z,elea,0.1.1,ef66ed9,add,f5.bin,add_file_total,8.542124999999999,10485760,,None,blake3
10,11,2026-03-11T12:25:49.872792Z,elea,0.1.1,ef66ed9,add,f1.bin,add_file_total,8.607291,10485760,,None,blake3
10,11,2026-03-11T12:25:49.87284Z,elea,0.1.1,ef66ed9,add,,add_total,8.684334,,5,None,blake3
50,18,2026-03-11T12:25:50.525865Z,elea,0.1.1,ef66ed9,hash,f1.bin,hash,28.838833,52428800,,,blake3
50,18,2026-03-11T12:25:50.52566Z,elea,0.1.1,ef66ed9,hash,f3.bin,hash,28.608874999999998,52428800,,,blake3
50,18,2026-03-11T12:25:50.525953Z,elea,0.1.1,ef66ed9,hash,f4.bin,hash,28.917541,52428800,,,blake3
50,18,2026-03-11T12:25:50.52597Z,elea,0.1.1,ef66ed9,hash,f2.bin,hash,28.953583000000002,52428800,,,blake3
50,18,2026-03-11T12:25:50.526126Z,elea,0.1.1,ef66ed9,hash,f5.bin,hash,29.114583,52428800,,,blake3
50,18,2026-03-11T12:25:50.528163Z,elea,0.1.1,ef66ed9,add,f1.bin,backend_store,0.592292,52428800,,None,blake3
50,18,2026-03-11T12:25:50.528178Z,elea,0.1.1,ef66ed9,add,f4.bin,backend_store,0.558625,52428800,,None,blake3
50,18,2026-03-11T12:25:50.528206Z,elea,0.1.1,ef66ed9,add,f3.bin,backend_store,0.620417,52428800,,None,blake3
50,18,2026-03-11T12:25:50.528217Z,elea,0.1.1,ef66ed9,add,f5.bin,backend_store,0.547333,52428800,,None,blake3
50,18,2026-03-11T12:25:50.528304Z,elea,0.1.1,ef66ed9,add,f2.bin,backend_store,0.551459,52428800,,None,blake3
50,18,2026-03-11T12:25:50.528367Z,elea,0.1.1,ef66ed9,add,f1.bin,add_file_total,31.378916999999998,52428800,,None,blake3
50,18,2026-03-11T12:25:50.528427Z,elea,0.1.1,ef66ed9,add,f5.bin,add_file_total,31.458541,52428800,,None,blake3
50,18,2026-03-11T12:25:50.528471Z,elea,0.1.1,ef66ed9,add,f2.bin,add_file_total,31.485542,52428800,,None,blake3
50,18,2026-03-11T12:25:50.528534Z,elea,0.1.1,ef66ed9,add,f4.bin,add_file_total,31.544375,52428800,,None,blake3
50,18,2026-03-11T12:25:50.528576Z,elea,0.1.1,ef66ed9,add,f3.bin,add_file_total,31.584,52428800,,None,blake3
50,18,2026-03-11T12:25:50.528648Z,elea,0.1.1,ef66ed9,add,,add_total,31.721832999999997,,5,None,blake3
5,18,2026-03-11T12:25:50.618913Z,elea,0.1.1,ef66ed9,hash,f1.bin,hash,2.9343749999999997,5242880,,,blake3
5,18,2026-03-11T12:25:50.618895Z,elea,0.1.1,ef66ed9,hash,f2.bin,hash,2.923709,5242880,,,blake3
5,18,2026-03-11T12:25:50.618851Z,elea,0.1.1,ef66ed9,hash,f5.bin,hash,2.874708,5242880,,,blake3
5,18,2026-03-11T12:25:50.618868Z,elea,0.1.1,ef66ed9,hash,f4.bin,hash,2.911458,5242880,,,blake3
5,18,2026-03-11T12:25:50.618882Z,elea,0.1.1,ef66ed9,hash,f3.bin,hash,2.918708,5242880,,,blake3
5,18,2026-03-11T12:25:50.621283Z,elea,0.1.1,ef66ed9,add,f2.bin,backend_store,0.510125,5242880,,None,blake3
5,18,2026-03-11T12:25:50.621295Z,elea,0.1.1,ef66ed9,add,f5.bin,backend_store,0.512333,5242880,,None,blake3
5,18,2026-03-11T12:25:50.621303Z,elea,0.1.1,ef66ed9,add,f3.bin,backend_store,0.464833,5242880,,None,blake3
5,18,2026-03-11T12:25:50.621323Z,elea,0.1.1,ef66ed9,add,f1.bin,backend_store,0.58675,5242880,,None,blake3
5,18,2026-03-11T12:25:50.621355Z,elea,0.1.1,ef66ed9,add,f4.bin,backend_store,0.53925,5242880,,None,blake3
5,18,2026-03-11T12:25:50.621465Z,elea,0.1.1,ef66ed9,add,f2.bin,add_file_total,5.558,5242880,,None,blake3
5,18,2026-03-11T12:25:50.621502Z,elea,0.1.1,ef66ed9,add,f1.bin,add_file_total,5.580875,5242880,,None,blake3
5,18,2026-03-11T12:25:50.621547Z,elea,0.1.1,ef66ed9,add,f3.bin,add_file_total,5.630042,5242880,,None,blake3
5,18,2026-03-11T12:25:50.621598Z,elea,0.1.1,ef66ed9,add,f5.bin,add_file_total,5.680167,5242880,,None,blake3
5,18,2026-03-11T12:25:50.621648Z,elea,0.1.1,ef66ed9,add,f4.bin,add_file_total,5.73125,5242880,,None,blake3
5,18,2026-03-11T12:25:50.621712Z,elea,0.1.1,ef66ed9,add,,add_total,5.851083,,5,None,blake3
50,2,2026-03-11T12:25:51.256267Z,elea,0.1.1,ef66ed9,hash,f1.bin,hash,28.830583999999998,52428800,,,blake3
50,2,2026-03-11T12:25:51.256671Z,elea,0.1.1,ef66ed9,hash,f2.bin,hash,29.214416,52428800,,,blake3
50,2,2026-03-11T12:25:51.256031Z,elea,0.1.1,ef66ed9,hash,f5.bin,hash,28.561417,52428800,,,blake3
50,2,2026-03-11T12:25:51.25673Z,elea,0.1.1,ef66ed9,hash,f4.bin,hash,29.247249999999998,52428800,,,blake3
50,2,2026-03-11T12:25:51.256653Z,elea,0.1.1,ef66ed9,hash,f3.bin,hash,29.23075,52428800,,,blake3
50,2,2026-03-11T12:25:51.258533Z,elea,0.1.1,ef66ed9,add,f2.bin,backend_store,0.49933400000000006,52428800,,None,blake3
50,2,2026-03-11T12:25:51.258583Z,elea,0.1.1,ef66ed9,add,f5.bin,backend_store,0.5155,52428800,,None,blake3
50,2,2026-03-11T12:25:51.258597Z,elea,0.1.1,ef66ed9,add,f4.bin,backend_store,0.485667,52428800,,None,blake3
50,2,2026-03-11T12:25:51.258616Z,elea,0.1.1,ef66ed9,add,f1.bin,backend_store,0.592958,52428800,,None,blake3
50,2,2026-03-11T12:25:51.258625Z,elea,0.1.1,ef66ed9,add,f3.bin,backend_store,0.490292,52428800,,None,blake3
50,2,2026-03-11T12:25:51.258743Z,elea,0.1.1,ef66ed9,add,f2.bin,add_file_total,31.34725,52428800,,None,blake3
50,2,2026-03-11T12:25:51.258802Z,elea,0.1.1,ef66ed9,add,f4.bin,add_file_total,31.402333,52428800,,None,blake3
50,2,2026-03-11T12:25:51.258849Z,elea,0.1.1,ef66ed9,add,f1.bin,add_file_total,31.459292,52428800,,None,blake3
50,2,2026-03-11T12:25:51.258893Z,elea,0.1.1,ef66ed9,add,f3.bin,add_file_total,31.516207999999995,52428800,,None,blake3
50,2,2026-03-11T12:25:51.258944Z,elea,0.1.1,ef66ed9,add,f5.bin,add_file_total,31.546083000000003,52428800,,None,blake3
50,2,2026-03-11T12:25:51.259006Z,elea,0.1.1,ef66ed9,add,,add_total,31.670291000000002,,5,None,blake3
1,15,2026-03-11T12:25:51.299892Z,elea,0.1.1,ef66ed9,hash,f1.bin,hash,0.613625,1048576,,,blake3
1,15,2026-03-11T12:25:51.299908Z,elea,0.1.1,ef66ed9,hash,f5.bin,hash,0.604083,1048576,,,blake3
1,15,2026-03-11T12:25:51.299875Z,elea,0.1.1,ef66ed9,hash,f3.bin,hash,0.623375,1048576,,,blake3
1,15,2026-03-11T12:25:51.299883Z,elea,0.1.1,ef66ed9,hash,f4.bin,hash,0.6104580000000001,1048576,,,blake3
1,15,2026-03-11T12:25:51.299901Z,elea,0.1.1,ef66ed9,hash,f2.bin,hash,0.633958,1048576,,,blake3
1,15,2026-03-11T12:25:51.301865Z,elea,0.1.1,ef66ed9,add,f1.bin,backend_store,0.45587500000000003,1048576,,None,blake3
1,15,2026-03-11T12:25:51.301937Z,elea,0.1.1,ef66ed9,add,f5.bin,backend_store,0.509958,1048576,,None,blake3
1,15,2026-03-11T12:25:51.30196Z,elea,0.1.1,ef66ed9,add,f4.bin,backend_store,0.483541,1048576,,None,blake3
1,15,2026-03-11T12:25:51.30197Z,elea,0.1.1,ef66ed9,add,f3.bin,backend_store,0.504959,1048576,,None,blake3
1,15,2026-03-11T12:25:51.302034Z,elea,0.1.1,ef66ed9,add,f1.bin,add_file_total,2.827875,1048576,,None,blake3
1,15,2026-03-11T12:25:51.302052Z,elea,0.1.1,ef66ed9,add,f2.bin,backend_store,0.5463749999999999,1048576,,None,blake3
1,15,2026-03-11T12:25:51.302186Z,elea,0.1.1,ef66ed9,add,f3.bin,add_file_total,2.989792,1048576,,None,blake3
1,15,2026-03-11T12:25:51.302239Z,elea,0.1.1,ef66ed9,add,f4.bin,add_file_total,3.032708,1048576,,None,blake3
1,15,2026-03-11T12:25:51.302279Z,elea,0.1.1,ef66ed9,add,f5.bin,add_file_total,3.051208,1048576,,None,blake3
1,15,2026-03-11T12:25:51.302316Z,elea,0.1.1,ef66ed9,add,f2.bin,add_file_total,3.125083,1048576,,None,blake3
1,15,2026-03-11T12:25:51.302364Z,elea,0.1.1,ef66ed9,add,,add_total,3.229375,,5,None,blake3
5,22,2026-03-11T12:25:51.388866Z,elea,0.1.1,ef66ed9,hash,f4.bin,hash,2.888,5242880,,,blake3
5,22,2026-03-11T12:25:51.388839Z,elea,0.1.1,ef66ed9,hash,f5.bin,hash,2.884584,5242880,,,blake3
5,22,2026-03-11T12:25:51.388879Z,elea,0.1.1,ef66ed9,hash,f1.bin,hash,2.885583,5242880,,,blake3
5,22,2026-03-11T12:25:51.388896Z,elea,0.1.1,ef66ed9,hash,f3.bin,hash,2.884125,5242880,,,blake3
5,22,2026-03-11T12:25:51.388906Z,elea,0.1.1,ef66ed9,hash,f2.bin,hash,2.911125,5242880,,,blake3
5,22,2026-03-11T12:25:51.391293Z,elea,0.1.1,ef66ed9,add,f4.bin,backend_store,0.480583,5242880,,None,blake3
5,22,2026-03-11T12:25:51.391343Z,elea,0.1.1,ef66ed9,add,f5.bin,backend_store,0.514208,5242880,,None,blake3
5,22,2026-03-11T12:25:51.391348Z,elea,0.1.1,ef66ed9,add,f1.bin,backend_store,0.49125,5242880,,None,blake3
5,22,2026-03-11T12:25:51.39142Z,elea,0.1.1,ef66ed9,add,f3.bin,backend_store,0.527625,5242880,,None,blake3
5,22,2026-03-11T12:25:51.391433Z,elea,0.1.1,ef66ed9,add,f2.bin,backend_store,0.520833,5242880,,None,blake3
5,22,2026-03-11T12:25:51.391458Z,elea,0.1.1,ef66ed9,add,f4.bin,add_file_total,5.541957999999999,5242880,,None,blake3
5,22,2026-03-11T12:25:51.391541Z,elea,0.1.1,ef66ed9,add,f5.bin,add_file_total,5.634417,5242880,,None,blake3
5,22,2026-03-11T12:25:51.391594Z,elea,0.1.1,ef66ed9,add,f1.bin,add_file_total,5.6601669999999995,5242880,,None,blake3
5,22,2026-03-11T12:25:51.391644Z,elea,0.1.1,ef66ed9,add,f3.bin,add_file_total,5.734833,5242880,,None,blake3
5,22,2026-03-11T12:25:51.391687Z,elea,0.1.1,ef66ed9,add,f2.bin,add_file_total,5.746042,5242880,,None,blake3
5,22,2026-03-11T12:25:51.391756Z,elea,0.1.1,ef66ed9,add,,add_total,5.890417,,5,None,blake3
1,17,2026-03-11T12:25:51.4295Z,elea,0.1.1,ef66ed9,hash,f2.bin,hash,0.614042,1048576,,,blake3
1,17,2026-03-11T12:25:51.429524Z,elea,0.1.1,ef66ed9,hash,f5.bin,hash,0.610375,1048576,,,blake3
1,17,2026-03-11T12:25:51.429514Z,elea,0.1.1,ef66ed9,hash,f3.bin,hash,0.6357090000000001,1048576,,,blake3
1,17,2026-03-11T12:25:51.429489Z,elea,0.1.1,ef66ed9,hash,f4.bin,hash,0.6239169999999999,1048576,,,blake3
1,17,2026-03-11T12:25:51.429467Z,elea,0.1.1,ef66ed9,hash,f1.bin,hash,0.611958,1048576,,,blake3
1,17,2026-03-11T12:25:51.431599Z,elea,0.1.1,ef66ed9,add,f3.bin,backend_store,0.42874999999999996,1048576,,None,blake3
1,17,2026-03-11T12:25:51.431681Z,elea,0.1.1,ef66ed9,add,f2.bin,backend_store,0.549833,1048576,,None,blake3
1,17,2026-03-11T12:25:51.431698Z,elea,0.1.1,ef66ed9,add,f4.bin,backend_store,0.48674999999999996,1048576,,None,blake3
1,17,2026-03-11T12:25:51.43172Z,elea,0.1.1,ef66ed9,add,f1.bin,backend_store,0.49083299999999996,1048576,,None,blake3
1,17,2026-03-11T12:25:51.431802Z,elea,0.1.1,ef66ed9,add,f3.bin,add_file_total,2.950958,1048576,,None,blake3
1,17,2026-03-11T12:25:51.431826Z,elea,0.1.1,ef66ed9,add,f5.bin,backend_store,0.6799590000000001,1048576,,None,blake3
1,17,2026-03-11T12:25:51.431912Z,elea,0.1.1,ef66ed9,add,f2.bin,add_file_total,3.05925,1048576,,None,blake3
1,17,2026-03-11T12:25:51.431951Z,elea,0.1.1,ef66ed9,add,f4.bin,add_file_total,3.101292,1048576,,None,blake3
1,17,2026-03-11T12:25:51.431985Z,elea,0.1.1,ef66ed9,add,f1.bin,add_file_total,3.164708,1048576,,None,blake3
1,17,2026-03-11T12:25:51.432017Z,elea,0.1.1,ef66ed9,add,f5.bin,add_file_total,3.1549590000000003,1048576,,None,blake3
1,17,2026-03-11T12:25:51.432062Z,elea,0.1.1,ef66ed9,add,,add_total,3.284584,,5,None,blake3
50,11,2026-03-11T12:25:52.076956Z,elea,0.1.1,ef66ed9,hash,f2.bin,hash,29.136166000000003,52428800,,,blake3
50,11,2026-03-11T12:25:52.076945Z,elea,0.1.1,ef66ed9,hash,f5.bin,hash,29.062625,52428800,,,blake3
50,11,2026-03-11T12:25:52.076698Z,elea,0.1.1,ef66ed9,hash,f1.bin,hash,28.848791,52428800,,,blake3
50,11,2026-03-11T12:25:52.076899Z,elea,0.1.1,ef66ed9,hash,f3.bin,hash,29.071666999999998,52428800,,,blake3
50,11,2026-03-11T12:25:52.07687Z,elea,0.1.1,ef66ed9,hash,f4.bin,hash,29.003749999999997,52428800,,,blake3
50,11,2026-03-11T12:25:52.079454Z,elea,0.1.1,ef66ed9,add,f2.bin,backend_store,0.503917,52428800,,None,blake3
50,11,2026-03-11T12:25:52.079472Z,elea,0.1.1,ef66ed9,add,f3.bin,backend_store,0.45079199999999997,52428800,,None,blake3
50,11,2026-03-11T12:25:52.079502Z,elea,0.1.1,ef66ed9,add,f1.bin,backend_store,0.525,52428800,,None,blake3
50,11,2026-03-11T12:25:52.07952Z,elea,0.1.1,ef66ed9,add,f4.bin,backend_store,0.454625,52428800,,None,blake3
50,11,2026-03-11T12:25:52.079589Z,elea,0.1.1,ef66ed9,add,f5.bin,backend_store,0.5768340000000001,52428800,,None,blake3
50,11,2026-03-11T12:25:52.079699Z,elea,0.1.1,ef66ed9,add,f2.bin,add_file_total,31.92425,52428800,,None,blake3
50,11,2026-03-11T12:25:52.079749Z,elea,0.1.1,ef66ed9,add,f4.bin,add_file_total,31.94525,52428800,,None,blake3
50,11,2026-03-11T12:25:52.079794Z,elea,0.1.1,ef66ed9,add,f1.bin,add_file_total,31.994750000000003,52428800,,None,blake3
50,11,2026-03-11T12:25:52.079847Z,elea,0.1.1,ef66ed9,add,f3.bin,add_file_total,32.050375,52428800,,None,blake3
50,11,2026-03-11T12:25:52.079895Z,elea,0.1.1,ef66ed9,add,f5.bin,add_file_total,32.091792,52428800,,None,blake3
50,11,2026-03-11T12:25:52.079955Z,elea,0.1.1,ef66ed9,add,,add_total,32.214333999999994,,5,None,blake3
50,14,2026-03-11T12:25:52.728822Z,elea,0.1.1,ef66ed9,hash,f1.bin,hash,29.169667,52428800,,,blake3
50,14,2026-03-11T12:25:52.728643Z,elea,0.1.1,ef66ed9,hash,f5.bin,hash,28.956458,52428800,,,blake3
50,14,2026-03-11T12:25:52.728845Z,elea,0.1.1,ef66ed9,hash,f3.bin,hash,29.170749999999998,52428800,,,blake3
50,14,2026-03-11T12:25:52.728339Z,elea,0.1.1,ef66ed9,hash,f4.bin,hash,28.674834,52428800,,,blake3
50,14,2026-03-11T12:25:52.728854Z,elea,0.1.1,ef66ed9,hash,f2.bin,hash,29.158917,52428800,,,blake3
50,14,2026-03-11T12:25:52.730909Z,elea,0.1.1,ef66ed9,add,f5.bin,backend_store,0.502708,52428800,,None,blake3
50,14,2026-03-11T12:25:52.730932Z,elea,0.1.1,ef66ed9,add,f4.bin,backend_store,0.452625,52428800,,None,blake3
50,14,2026-03-11T12:25:52.73096Z,elea,0.1.1,ef66ed9,add,f1.bin,backend_store,0.5722919999999999,52428800,,None,blake3
50,14,2026-03-11T12:25:52.731002Z,elea,0.1.1,ef66ed9,add,f3.bin,backend_store,0.563166,52428800,,None,blake3
50,14,2026-03-11T12:25:52.731028Z,elea,0.1.1,ef66ed9,add,f2.bin,backend_store,0.5255839999999999,52428800,,None,blake3
50,14,2026-03-11T12:25:52.731121Z,elea,0.1.1,ef66ed9,add,f5.bin,add_file_total,31.475625,52428800,,None,blake3
50,14,2026-03-11T12:25:52.731162Z,elea,0.1.1,ef66ed9,add,f4.bin,add_file_total,31.51975,52428800,,None,blake3
50,14,2026-03-11T12:25:52.731202Z,elea,0.1.1,ef66ed9,add,f1.bin,add_file_total,31.588832999999997,52428800,,None,blake3
50,14,2026-03-11T12:25:52.731241Z,elea,0.1.1,ef66ed9,add,f3.bin,add_file_total,31.597624999999997,52428800,,None,blake3
50,14,2026-03-11T12:25:52.731274Z,elea,0.1.1,ef66ed9,add,f2.bin,add_file_total,31.625584,52428800,,None,blake3
50,14,2026-03-11T12:25:52.731327Z,elea,0.1.1,ef66ed9,add,,add_total,31.748417,,5,None,blake3
50,22,2026-03-11T12:25:53.377759Z,elea,0.1.1,ef66ed9,hash,f5.bin,hash,28.923375,52428800,,,blake3
50,22,2026-03-11T12:25:53.377545Z,elea,0.1.1,ef66ed9,hash,f3.bin,hash,28.661042000000002,52428800,,,blake3
50,22,2026-03-11T12:25:53.37763Z,elea,0.1.1,ef66ed9,hash,f4.bin,hash,28.764292,52428800,,,blake3
50,22,2026-03-11T12:25:53.37778Z,elea,0.1.1,ef66ed9,hash,f2.bin,hash,28.931667,52428800,,,blake3
50,22,2026-03-11T12:25:53.377746Z,elea,0.1.1,ef66ed9,hash,f1.bin,hash,28.922832999999997,52428800,,,blake3
50,22,2026-03-11T12:25:53.380069Z,elea,0.1.1,ef66ed9,add,f5.bin,backend_store,0.581584,52428800,,None,blake3
50,22,2026-03-11T12:25:53.380082Z,elea,0.1.1,ef66ed9,add,f4.bin,backend_store,0.550667,52428800,,None,blake3
50,22,2026-03-11T12:25:53.380108Z,elea,0.1.1,ef66ed9,add,f3.bin,backend_store,0.60375,52428800,,None,blake3
50,22,2026-03-11T12:25:53.380126Z,elea,0.1.1,ef66ed9,add,f2.bin,backend_store,0.53725,52428800,,None,blake3
50,22,2026-03-11T12:25:53.380133Z,elea,0.1.1,ef66ed9,add,f1.bin,backend_store,0.535916,52428800,,None,blake3
50,22,2026-03-11T12:25:53.380269Z,elea,0.1.1,ef66ed9,add,f5.bin,add_file_total,31.456708,52428800,,None,blake3
50,22,2026-03-11T12:25:53.38031Z,elea,0.1.1,ef66ed9,add,f4.bin,add_file_total,31.500833999999998,52428800,,None,blake3
50,22,2026-03-11T12:25:53.380361Z,elea,0.1.1,ef66ed9,add,f3.bin,add_file_total,31.542959000000003,52428800,,None,blake3
50,22,2026-03-11T12:25:53.380409Z,elea,0.1.1,ef66ed9,add,f2.bin,add_file_total,31.600250000000003,52428800,,None,blake3
50,22,2026-03-11T12:25:53.38046Z,elea,0.1.1,ef66ed9,add,f1.bin,add_file_total,31.672959,52428800,,None,blake3
50,22,2026-03-11T12:25:53.380508Z,elea,0.1.1,ef66ed9,add,,add_total,31.759833,,5,None,blake3
50,20,2026-03-11T12:25:54.024056Z,elea,0.1.1,ef66ed9,hash,f1.bin,hash,28.948332999999998,52428800,,,blake3
50,20,2026-03-11T12:25:54.024273Z,elea,0.1.1,ef66ed9,hash,f2.bin,hash,29.176416,52428800,,,blake3
50,20,2026-03-11T12:25:54.024097Z,elea,0.1.1,ef66ed9,hash,f4.bin,hash,28.979541,52428800,,,blake3
50,20,2026-03-11T12:25:54.024402Z,elea,0.1.1,ef66ed9,hash,f3.bin,hash,29.266959,52428800,,,blake3
50,20,2026-03-11T12:25:54.024011Z,elea,0.1.1,ef66ed9,hash,f5.bin,hash,28.907625,52428800,,,blake3
50,20,2026-03-11T12:25:54.026383Z,elea,0.1.1,ef66ed9,add,f2.bin,backend_store,0.452167,52428800,,None,blake3
50,20,2026-03-11T12:25:54.026519Z,elea,0.1.1,ef66ed9,add,f1.bin,backend_store,0.6034999999999999,52428800,,None,blake3
50,20,2026-03-11T12:25:54.026568Z,elea,0.1.1,ef66ed9,add,f3.bin,backend_store,0.566042,52428800,,None,blake3
50,20,2026-03-11T12:25:54.026586Z,elea,0.1.1,ef66ed9,add,f2.bin,add_file_total,31.505,52428800,,None,blake3
50,20,2026-03-11T12:25:54.026603Z,elea,0.1.1,ef66ed9,add,f4.bin,backend_store,0.639541,52428800,,None,blake3
50,20,2026-03-11T12:25:54.026719Z,elea,0.1.1,ef66ed9,add,f5.bin,backend_store,0.571417,52428800,,None,blake3
50,20,2026-03-11T12:25:54.026731Z,elea,0.1.1,ef66ed9,add,f1.bin,add_file_total,31.630417,52428800,,None,blake3
50,20,2026-03-11T12:25:54.026765Z,elea,0.1.1,ef66ed9,add,f3.bin,add_file_total,31.658667,52428800,,None,blake3
50,20,2026-03-11T12:25:54.026828Z,elea,0.1.1,ef66ed9,add,f4.bin,add_file_total,31.744750000000003,52428800,,None,blake3
50,20,2026-03-11T12:25:54.026872Z,elea,0.1.1,ef66ed9,add,f5.bin,add_file_total,31.817917,52428800,,None,blake3
50,20,2026-03-11T12:25:54.026916Z,elea,0.1.1,ef66ed9,add,,add_total,31.903792,,5,None,blake3
50,4,2026-03-11T12:25:54.675185Z,elea,0.1.1,ef66ed9,hash,f1.bin,hash,28.875,52428800,,,blake3
50,4,2026-03-11T12:25:54.675152Z,elea,0.1.1,ef66ed9,hash,f5.bin,hash,28.812208,52428800,,,blake3
50,4,2026-03-11T12:25:54.675125Z,elea,0.1.1,ef66ed9,hash,f3.bin,hash,28.79475,52428800,,,blake3
50,4,2026-03-11T12:25:54.675289Z,elea,0.1.1,ef66ed9,hash,f2.bin,hash,28.935875,52428800,,,blake3
50,4,2026-03-11T12:25:54.675164Z,elea,0.1.1,ef66ed9,hash,f4.bin,hash,28.779666,52428800,,,blake3
50,4,2026-03-11T12:25:54.677524Z,elea,0.1.1,ef66ed9,add,f3.bin,backend_store,0.456875,52428800,,None,blake3
50,4,2026-03-11T12:25:54.677595Z,elea,0.1.1,ef66ed9,add,f1.bin,backend_store,0.5754999999999999,52428800,,None,blake3
50,4,2026-03-11T12:25:54.677673Z,elea,0.1.1,ef66ed9,add,f2.bin,backend_store,0.5708329999999999,52428800,,None,blake3
50,4,2026-03-11T12:25:54.677715Z,elea,0.1.1,ef66ed9,add,f5.bin,backend_store,0.672583,52428800,,None,blake3
50,4,2026-03-11T12:25:54.677872Z,elea,0.1.1,ef66ed9,add,f3.bin,add_file_total,31.596708,52428800,,None,blake3
50,4,2026-03-11T12:25:54.677908Z,elea,0.1.1,ef66ed9,add,f4.bin,backend_store,0.669791,52428800,,None,blake3
50,4,2026-03-11T12:25:54.677941Z,elea,0.1.1,ef66ed9,add,f1.bin,add_file_total,31.666167,52428800,,None,blake3
50,4,2026-03-11T12:25:54.677984Z,elea,0.1.1,ef66ed9,add,f2.bin,add_file_total,31.698625,52428800,,None,blake3
50,4,2026-03-11T12:25:54.678037Z,elea,0.1.1,ef66ed9,add,f5.bin,add_file_total,31.751875,52428800,,None,blake3
50,4,2026-03-11T12:25:54.678111Z,elea,0.1.1,ef66ed9,add,f4.bin,add_file_total,31.763208000000002,52428800,,None,blake3
50,4,2026-03-11T12:25:54.678197Z,elea,0.1.1,ef66ed9,add,,add_total,31.981334,,5,None,blake3
10,21,2026-03-11T12:25:54.829514Z,elea,0.1.1,ef66ed9,hash,f1.bin,hash,5.843125000000001,10485760,,,blake3
10,21,2026-03-11T12:25:54.829447Z,elea,0.1.1,ef66ed9,hash,f5.bin,hash,5.76225,10485760,,,blake3
10,21,2026-03-11T12:25:54.829557Z,elea,0.1.1,ef66ed9,hash,f4.bin,hash,5.850542,10485760,,,blake3
10,21,2026-03-11T12:25:54.829568Z,elea,0.1.1,ef66ed9,hash,f2.bin,hash,5.814458,10485760,,,blake3
10,21,2026-03-11T12:25:54.829532Z,elea,0.1.1,ef66ed9,hash,f3.bin,hash,5.808084,10485760,,,blake3
10,21,2026-03-11T12:25:54.831924Z,elea,0.1.1,ef66ed9,add,f1.bin,backend_store,0.5689169999999999,10485760,,None,blake3
10,21,2026-03-11T12:25:54.831941Z,elea,0.1.1,ef66ed9,add,f5.bin,backend_store,0.562833,10485760,,None,blake3
10,21,2026-03-11T12:25:54.831964Z,elea,0.1.1,ef66ed9,add,f3.bin,backend_store,0.499333,10485760,,None,blake3
10,21,2026-03-11T12:25:54.831978Z,elea,0.1.1,ef66ed9,add,f4.bin,backend_store,0.5714579999999999,10485760,,None,blake3
10,21,2026-03-11T12:25:54.831984Z,elea,0.1.1,ef66ed9,add,f2.bin,backend_store,0.553,10485760,,None,blake3
10,21,2026-03-11T12:25:54.832106Z,elea,0.1.1,ef66ed9,add,f1.bin,add_file_total,8.469834,10485760,,None,blake3
10,21,2026-03-11T12:25:54.832151Z,elea,0.1.1,ef66ed9,add,f5.bin,add_file_total,8.485833999999999,10485760,,None,blake3
10,21,2026-03-11T12:25:54.832191Z,elea,0.1.1,ef66ed9,add,f3.bin,add_file_total,8.525916,10485760,,None,blake3
10,21,2026-03-11T12:25:54.832228Z,elea,0.1.1,ef66ed9,add,f4.bin,add_file_total,8.563375,10485760,,None,blake3
10,21,2026-03-11T12:25:54.832266Z,elea,0.1.1,ef66ed9,add,f2.bin,add_file_total,8.595500000000001,10485760,,None,blake3
10,21,2026-03-11T12:25:54.832316Z,elea,0.1.1,ef66ed9,add,,add_total,8.707292,,5,None,blake3
5,2,2026-03-11T12:25:54.919483Z,elea,0.1.1,ef66ed9,hash,f4.bin,hash,2.98175,5242880,,,blake3
5,2,2026-03-11T12:25:54.919436Z,elea,0.1.1,ef66ed9,hash,f1.bin,hash,2.933708,5242880,,,blake3
5,2,2026-03-11T12:25:54.919468Z,elea,0.1.1,ef66ed9,hash,f3.bin,hash,2.9994169999999998,5242880,,,blake3
5,2,2026-03-11T12:25:54.919448Z,elea,0.1.1,ef66ed9,hash,f2.bin,hash,2.950125,5242880,,,blake3
5,2,2026-03-11T12:25:54.919366Z,elea,0.1.1,ef66ed9,hash,f5.bin,hash,2.8965,5242880,,,blake3
5,2,2026-03-11T12:25:54.92166Z,elea,0.1.1,ef66ed9,add,f1.bin,backend_store,0.480333,5242880,,None,blake3
5,2,2026-03-11T12:25:54.921699Z,elea,0.1.1,ef66ed9,add,f4.bin,backend_store,0.5281669999999999,5242880,,None,blake3
5,2,2026-03-11T12:25:54.921741Z,elea,0.1.1,ef66ed9,add,f5.bin,backend_store,0.46891700000000003,5242880,,None,blake3
5,2,2026-03-11T12:25:54.921747Z,elea,0.1.1,ef66ed9,add,f3.bin,backend_store,0.5193329999999999,5242880,,None,blake3
5,2,2026-03-11T12:25:54.921869Z,elea,0.1.1,ef66ed9,add,f1.bin,add_file_total,5.4370829999999994,5242880,,None,blake3
5,2,2026-03-11T12:25:54.921877Z,elea,0.1.1,ef66ed9,add,f2.bin,backend_store,0.54225,5242880,,None,blake3
5,2,2026-03-11T12:25:54.921927Z,elea,0.1.1,ef66ed9,add,f4.bin,add_file_total,5.492625,5242880,,None,blake3
5,2,2026-03-11T12:25:54.921984Z,elea,0.1.1,ef66ed9,add,f3.bin,add_file_total,5.564417000000001,5242880,,None,blake3
5,2,2026-03-11T12:25:54.922033Z,elea,0.1.1,ef66ed9,add,f5.bin,add_file_total,5.6095,5242880,,None,blake3
5,2,2026-03-11T12:25:54.922083Z,elea,0.1.1,ef66ed9,add,f2.bin,add_file_total,5.654209000000001,5242880,,None,blake3
5,2,2026-03-11T12:25:54.922151Z,elea,0.1.1,ef66ed9,add,,add_total,5.770665999999999,,5,None,blake3
10,6,2026-03-11T12:25:55.072015Z,elea,0.1.1,ef66ed9,hash,f1.bin,hash,5.780208,10485760,,,blake3
10,6,2026-03-11T12:25:55.072053Z,elea,0.1.1,ef66ed9,hash,f4.bin,hash,5.836334,10485760,,,blake3
10,6,2026-03-11T12:25:55.072079Z,elea,0.1.1,ef66ed9,hash,f3.bin,hash,5.888791,10485760,,,blake3
10,6,2026-03-11T12:25:55.072071Z,elea,0.1.1,ef66ed9,hash,f5.bin,hash,5.846457999999999,10485760,,,blake3
10,6,2026-03-11T12:25:55.07203Z,elea,0.1.1,ef66ed9,hash,f2.bin,hash,5.79075,10485760,,,blake3
10,6,2026-03-11T12:25:55.074447Z,elea,0.1.1,ef66ed9,add,f1.bin,backend_store,0.529209,10485760,,None,blake3
10,6,2026-03-11T12:25:55.074505Z,elea,0.1.1,ef66ed9,add,f4.bin,backend_store,0.5757909999999999,10485760,,None,blake3
10,6,2026-03-11T12:25:55.074638Z,elea,0.1.1,ef66ed9,add,f3.bin,backend_store,0.5992919999999999,10485760,,None,blake3
10,6,2026-03-11T12:25:55.074659Z,elea,0.1.1,ef66ed9,add,f1.bin,add_file_total,8.490625,10485760,,None,blake3
10,6,2026-03-11T12:25:55.074669Z,elea,0.1.1,ef66ed9,add,f5.bin,backend_store,0.615209,10485760,,None,blake3
10,6,2026-03-11T12:25:55.074742Z,elea,0.1.1,ef66ed9,add,f2.bin,backend_store,0.641375,10485760,,None,blake3
10,6,2026-03-11T12:25:55.07478Z,elea,0.1.1,ef66ed9,add,f4.bin,add_file_total,8.611167,10485760,,None,blake3
10,6,2026-03-11T12:25:55.074848Z,elea,0.1.1,ef66ed9,add,f3.bin,add_file_total,8.694833000000001,10485760,,None,blake3
10,6,2026-03-11T12:25:55.074907Z,elea,0.1.1,ef66ed9,add,f5.bin,add_file_total,8.721834,10485760,,None,blake3
10,6,2026-03-11T12:25:55.074958Z,elea,0.1.1,ef66ed9,add,f2.bin,add_file_total,8.790083000000001,10485760,,None,blake3
10,6,2026-03-11T12:25:55.075019Z,elea,0.1.1,ef66ed9,add,,add_total,8.89525,,5,None,blake3
10,16,2026-03-11T12:25:55.228681Z,elea,0.1.1,ef66ed9,hash,f4.bin,hash,5.926333,10485760,,,blake3
10,16,2026-03-11T12:25:55.228642Z,elea,0.1.1,ef66ed9,hash,f5.bin,hash,5.853834,10485760,,,blake3
10,16,2026-03-11T12:25:55.228612Z,elea,0.1.1,ef66ed9,hash,f1.bin,hash,5.883042,10485760,,,blake3
10,16,2026-03-11T12:25:55.228695Z,elea,0.1.1,ef66ed9,hash,f2.bin,hash,5.939667,10485760,,,blake3
10,16,2026-03-11T12:25:55.228665Z,elea,0.1.1,ef66ed9,hash,f3.bin,hash,5.878208,10485760,,,blake3
10,16,2026-03-11T12:25:55.230836Z,elea,0.1.1,ef66ed9,add,f4.bin,backend_store,0.487916,10485760,,None,blake3
10,16,2026-03-11T12:25:55.230848Z,elea,0.1.1,ef66ed9,add,f5.bin,backend_store,0.46825,10485760,,None,blake3
10,16,2026-03-11T12:25:55.23092Z,elea,0.1.1,ef66ed9,add,f3.bin,backend_store,0.486083,10485760,,None,blake3
10,16,2026-03-11T12:25:55.230931Z,elea,0.1.1,ef66ed9,add,f2.bin,backend_store,0.509,10485760,,None,blake3
10,16,2026-03-11T12:25:55.230953Z,elea,0.1.1,ef66ed9,add,f1.bin,backend_store,0.551083,10485760,,None,blake3
10,16,2026-03-11T12:25:55.231029Z,elea,0.1.1,ef66ed9,add,f4.bin,add_file_total,8.354166999999999,10485760,,None,blake3
10,16,2026-03-11T12:25:55.231077Z,elea,0.1.1,ef66ed9,add,f5.bin,add_file_total,8.34175,10485760,,None,blake3
10,16,2026-03-11T12:25:55.231145Z,elea,0.1.1,ef66ed9,add,f3.bin,add_file_total,8.409875000000001,10485760,,None,blake3
10,16,2026-03-11T12:25:55.23119Z,elea,0.1.1,ef66ed9,add,f2.bin,add_file_total,8.495125,10485760,,None,blake3
10,16,2026-03-11T12:25:55.231235Z,elea,0.1.1,ef66ed9,add,f1.bin,add_file_total,8.524833000000001,10485760,,None,blake3
10,16,2026-03-11T12:25:55.23131Z,elea,0.1.1,ef66ed9,add,,add_total,8.671083,,5,None,blake3
10,5,2026-03-11T12:25:55.381745Z,elea,0.1.1,ef66ed9,hash,f2.bin,hash,5.857,10485760,,,blake3
10,5,2026-03-11T12:25:55.381707Z,elea,0.1.1,ef66ed9,hash,f3.bin,hash,5.795541,10485760,,,blake3
10,5,2026-03-11T12:25:55.381659Z,elea,0.1.1,ef66ed9,hash,f5.bin,hash,5.734,10485760,,,blake3
10,5,2026-03-11T12:25:55.381715Z,elea,0.1.1,ef66ed9,hash,f1.bin,hash,5.774042,10485760,,,blake3
10,5,2026-03-11T12:25:55.381779Z,elea,0.1.1,ef66ed9,hash,f4.bin,hash,5.824417,10485760,,,blake3
10,5,2026-03-11T12:25:55.383904Z,elea,0.1.1,ef66ed9,add,f2.bin,backend_store,0.5016660000000001,10485760,,None,blake3
10,5,2026-03-11T12:25:55.383945Z,elea,0.1.1,ef66ed9,add,f3.bin,backend_store,0.531042,10485760,,None,blake3
10,5,2026-03-11T12:25:55.383962Z,elea,0.1.1,ef66ed9,add,f4.bin,backend_store,0.474667,10485760,,None,blake3
10,5,2026-03-11T12:25:55.38397Z,elea,0.1.1,ef66ed9,add,f5.bin,backend_store,0.5410830000000001,10485760,,None,blake3
10,5,2026-03-11T12:25:55.383995Z,elea,0.1.1,ef66ed9,add,f1.bin,backend_store,0.534083,10485760,,None,blake3
10,5,2026-03-11T12:25:55.384162Z,elea,0.1.1,ef66ed9,add,f2.bin,add_file_total,8.303875,10485760,,None,blake3
10,5,2026-03-11T12:25:55.384222Z,elea,0.1.1,ef66ed9,add,f3.bin,add_file_total,8.349083,10485760,,None,blake3
10,5,2026-03-11T12:25:55.384274Z,elea,0.1.1,ef66ed9,add,f4.bin,add_file_total,8.395334,10485760,,None,blake3
10,5,2026-03-11T12:25:55.384325Z,elea,0.1.1,ef66ed9,add,f1.bin,add_file_total,8.447833,10485760,,None,blake3
10,5,2026-03-11T12:25:55.384371Z,elea,0.1.1,ef66ed9,add,f5.bin,add_file_total,8.497582999999999,10485760,,None,blake3
10,5,2026-03-11T12:25:55.384431Z,elea,0.1.1,ef66ed9,add,,add_total,8.603917000000001,,5,None,blake3
5,21,2026-03-11T12:25:55.472927Z,elea,0.1.1,ef66ed9,hash,f2.bin,hash,2.99525,5242880,,,blake3
5,21,2026-03-11T12:25:55.472919Z,elea,0.1.1,ef66ed9,hash,f1.bin,hash,2.920125,5242880,,,blake3
5,21,2026-03-11T12:25:55.47294Z,elea,0.1.1,ef66ed9,hash,f3.bin,hash,2.986917,5242880,,,blake3
5,21,2026-03-11T12:25:55.472947Z,elea,0.1.1,ef66ed9,hash,f5.bin,hash,2.972125,5242880,,,blake3
5,21,2026-03-11T12:25:55.472897Z,elea,0.1.1,ef66ed9,hash,f4.bin,hash,2.895917,5242880,,,blake3
5,21,2026-03-11T12:25:55.475668Z,elea,0.1.1,ef66ed9,add,f3.bin,backend_store,0.458125,5242880,,None,blake3
5,21,2026-03-11T12:25:55.475675Z,elea,0.1.1,ef66ed9,add,f2.bin,backend_store,0.521083,5242880,,None,blake3
5,21,2026-03-11T12:25:55.475698Z,elea,0.1.1,ef66ed9,add,f1.bin,backend_store,0.526542,5242880,,None,blake3
5,21,2026-03-11T12:25:55.475748Z,elea,0.1.1,ef66ed9,add,f4.bin,backend_store,0.4915,5242880,,None,blake3
5,21,2026-03-11T12:25:55.475815Z,elea,0.1.1,ef66ed9,add,f5.bin,backend_store,0.5525410000000001,5242880,,None,blake3
5,21,2026-03-11T12:25:55.475876Z,elea,0.1.1,ef66ed9,add,f3.bin,add_file_total,5.99475,5242880,,None,blake3
5,21,2026-03-11T12:25:55.475924Z,elea,0.1.1,ef66ed9,add,f1.bin,add_file_total,6.031,5242880,,None,blake3
5,21,2026-03-11T12:25:55.475953Z,elea,0.1.1,ef66ed9,add,f5.bin,add_file_total,6.067584,5242880,,None,blake3
5,21,2026-03-11T12:25:55.475989Z,elea,0.1.1,ef66ed9,add,f4.bin,add_file_total,6.029167,5242880,,None,blake3
5,21,2026-03-11T12:25:55.47602Z,elea,0.1.1,ef66ed9,add,f2.bin,add_file_total,6.13775,5242880,,None,blake3
5,21,2026-03-11T12:25:55.47607Z,elea,0.1.1,ef66ed9,add,,add_total,6.2304580000000005,,5,None,blake3
50,1,2026-03-11T12:25:56.14169Z,elea,0.1.1,ef66ed9,hash,f2.bin,hash,28.835209,52428800,,,blake3
50,1,2026-03-11T12:25:56.142011Z,elea,0.1.1,ef66ed9,hash,f5.bin,hash,29.036708,52428800,,,blake3
50,1,2026-03-11T12:25:56.142051Z,elea,0.1.1,ef66ed9,hash,f3.bin,hash,29.190709,52428800,,,blake3
50,1,2026-03-11T12:25:56.141978Z,elea,0.1.1,ef66ed9,hash,f1.bin,hash,29.099916,52428800,,,blake3
50,1,2026-03-11T12:25:56.141602Z,elea,0.1.1,ef66ed9,hash,f4.bin,hash,28.699625,52428800,,,blake3
50,1,2026-03-11T12:25:56.144355Z,elea,0.1.1,ef66ed9,add,f5.bin,backend_store,0.5311250000000001,52428800,,None,blake3
50,1,2026-03-11T12:25:56.144377Z,elea,0.1.1,ef66ed9,add,f2.bin,backend_store,0.574458,52428800,,None,blake3
50,1,2026-03-11T12:25:56.144382Z,elea,0.1.1,ef66ed9,add,f3.bin,backend_store,0.527041,52428800,,None,blake3
50,1,2026-03-11T12:25:56.144411Z,elea,0.1.1,ef66ed9,add,f4.bin,backend_store,0.49054100000000006,52428800,,None,blake3
50,1,2026-03-11T12:25:56.144444Z,elea,0.1.1,ef66ed9,add,f1.bin,backend_store,0.533,52428800,,None,blake3
50,1,2026-03-11T12:25:56.14456Z,elea,0.1.1,ef66ed9,add,f5.bin,add_file_total,31.7145,52428800,,None,blake3
50,1,2026-03-11T12:25:56.144624Z,elea,0.1.1,ef66ed9,add,f2.bin,add_file_total,31.807125,52428800,,None,blake3
50,1,2026-03-11T12:25:56.144681Z,elea,0.1.1,ef66ed9,add,f3.bin,add_file_total,31.834792,52428800,,None,blake3
50,1,2026-03-11T12:25:56.144727Z,elea,0.1.1,ef66ed9,add,f4.bin,add_file_total,31.877750000000002,52428800,,None,blake3
50,1,2026-03-11T12:25:56.14477Z,elea,0.1.1,ef66ed9,add,f1.bin,add_file_total,31.927916,52428800,,None,blake3
50,1,2026-03-11T12:25:56.144829Z,elea,0.1.1,ef66ed9,add,,add_total,32.039166,,5,None,blake3
10,15,2026-03-11T12:25:56.304905Z,elea,0.1.1,ef66ed9,hash,f1.bin,hash,5.929583,10485760,,,blake3
10,15,2026-03-11T12:25:56.30494Z,elea,0.1.1,ef66ed9,hash,f2.bin,hash,5.904791,10485760,,,blake3
10,15,2026-03-11T12:25:56.304863Z,elea,0.1.1,ef66ed9,hash,f3.bin,hash,5.838165999999999,10485760,,,blake3
10,15,2026-03-11T12:25:56.30495Z,elea,0.1.1,ef66ed9,hash,f4.bin,hash,5.953958,10485760,,,blake3
10,15,2026-03-11T12:25:56.304841Z,elea,0.1.1,ef66ed9,hash,f5.bin,hash,5.864958,10485760,,,blake3
10,15,2026-03-11T12:25:56.306764Z,elea,0.1.1,ef66ed9,add,f1.bin,backend_store,0.46775,10485760,,None,blake3
10,15,2026-03-11T12:25:56.306839Z,elea,0.1.1,ef66ed9,add,f4.bin,backend_store,0.458125,10485760,,None,blake3
10,15,2026-03-11T12:25:56.306907Z,elea,0.1.1,ef66ed9,add,f2.bin,backend_store,0.587042,10485760,,None,blake3
10,15,2026-03-11T12:25:56.306934Z,elea,0.1.1,ef66ed9,add,f3.bin,backend_store,0.581333,10485760,,None,blake3
10,15,2026-03-11T12:25:56.307012Z,elea,0.1.1,ef66ed9,add,f5.bin,backend_store,0.563584,10485760,,None,blake3
10,15,2026-03-11T12:25:56.307022Z,elea,0.1.1,ef66ed9,add,f1.bin,add_file_total,8.056042,10485760,,None,blake3
10,15,2026-03-11T12:25:56.30711Z,elea,0.1.1,ef66ed9,add,f4.bin,add_file_total,8.155084,10485760,,None,blake3
10,15,2026-03-11T12:25:56.307159Z,elea,0.1.1,ef66ed9,add,f2.bin,add_file_total,8.152917,10485760,,None,blake3
10,15,2026-03-11T12:25:56.307209Z,elea,0.1.1,ef66ed9,add,f3.bin,add_file_total,8.261083000000001,10485760,,None,blake3
10,15,2026-03-11T12:25:56.30727Z,elea,0.1.1,ef66ed9,add,f5.bin,add_file_total,8.333167000000001,10485760,,None,blake3
10,15,2026-03-11T12:25:56.307324Z,elea,0.1.1,ef66ed9,add,,add_total,8.433667,,5,None,blake3
2,5,2026-03-11T12:25:56.358393Z,elea,0.1.1,ef66ed9,hash,f1.bin,hash,1.233792,2097152,,,blake3
2,5,2026-03-11T12:25:56.358374Z,elea,0.1.1,ef66ed9,hash,f4.bin,hash,1.17825,2097152,,,blake3
2,5,2026-03-11T12:25:56.358345Z,elea,0.1.1,ef66ed9,hash,f3.bin,hash,1.180459,2097152,,,blake3
2,5,2026-03-11T12:25:56.358384Z,elea,0.1.1,ef66ed9,hash,f2.bin,hash,1.187083,2097152,,,blake3
2,5,2026-03-11T12:25:56.358339Z,elea,0.1.1,ef66ed9,hash,f5.bin,hash,1.163292,2097152,,,blake3
2,5,2026-03-11T12:25:56.360045Z,elea,0.1.1,ef66ed9,add,f1.bin,backend_store,0.370417,2097152,,None,blake3
2,5,2026-03-11T12:25:56.360202Z,elea,0.1.1,ef66ed9,add,f1.bin,add_file_total,3.0837909999999997,2097152,,None,blake3
2,5,2026-03-11T12:25:56.360217Z,elea,0.1.1,ef66ed9,add,f3.bin,backend_store,0.503875,2097152,,None,blake3
2,5,2026-03-11T12:25:56.360225Z,elea,0.1.1,ef66ed9,add,f5.bin,backend_store,0.45645800000000003,2097152,,None,blake3
2,5,2026-03-11T12:25:56.360232Z,elea,0.1.1,ef66ed9,add,f2.bin,backend_store,0.494917,2097152,,None,blake3
2,5,2026-03-11T12:25:56.360253Z,elea,0.1.1,ef66ed9,add,f4.bin,backend_store,0.5549160000000001,2097152,,None,blake3
2,5,2026-03-11T12:25:56.360369Z,elea,0.1.1,ef66ed9,add,f3.bin,add_file_total,3.254375,2097152,,None,blake3
2,5,2026-03-11T12:25:56.360452Z,elea,0.1.1,ef66ed9,add,f2.bin,add_file_total,3.332916,2097152,,None,blake3
2,5,2026-03-11T12:25:56.360495Z,elea,0.1.1,ef66ed9,add,f4.bin,add_file_total,3.382041,2097152,,None,blake3
2,5,2026-03-11T12:25:56.360524Z,elea,0.1.1,ef66ed9,add,f5.bin,add_file_total,3.4064170000000003,2097152,,None,blake3
2,5,2026-03-11T12:25:56.360579Z,elea,0.1.1,ef66ed9,add,,add_total,3.519958,,5,None,blake3
2,16,2026-03-11T12:25:56.421718Z,elea,0.1.1,ef66ed9,hash,f4.bin,hash,1.207042,2097152,,,blake3
2,16,2026-03-11T12:25:56.42169Z,elea,0.1.1,ef66ed9,hash,f1.bin,hash,1.192417,2097152,,,blake3
2,16,2026-03-11T12:25:56.421766Z,elea,0.1.1,ef66ed9,hash,f2.bin,hash,1.241583,2097152,,,blake3
2,16,2026-03-11T12:25:56.421727Z,elea,0.1.1,ef66ed9,hash,f5.bin,hash,1.190792,2097152,,,blake3
2,16,2026-03-11T12:25:56.421708Z,elea,0.1.1,ef66ed9,hash,f3.bin,hash,1.1920410000000001,2097152,,,blake3
2,16,2026-03-11T12:25:56.424083Z,elea,0.1.1,ef66ed9,add,f1.bin,backend_store,0.532834,2097152,,None,blake3
2,16,2026-03-11T12:25:56.424124Z,elea,0.1.1,ef66ed9,add,f4.bin,backend_store,0.603542,2097152,,None,blake3
2,16,2026-03-11T12:25:56.424135Z,elea,0.1.1,ef66ed9,add,f3.bin,backend_store,0.513667,2097152,,None,blake3
2,16,2026-03-11T12:25:56.424155Z,elea,0.1.1,ef66ed9,add,f2.bin,backend_store,0.5838749999999999,2097152,,None,blake3
2,16,2026-03-11T12:25:56.42417Z,elea,0.1.1,ef66ed9,add,f5.bin,backend_store,0.5724159999999999,2097152,,None,blake3
2,16,2026-03-11T12:25:56.4243Z,elea,0.1.1,ef66ed9,add,f1.bin,add_file_total,3.818166,2097152,,None,blake3
2,16,2026-03-11T12:25:56.424333Z,elea,0.1.1,ef66ed9,add,f3.bin,add_file_total,3.846208,2097152,,None,blake3
2,16,2026-03-11T12:25:56.42438Z,elea,0.1.1,ef66ed9,add,f2.bin,add_file_total,3.893333,2097152,,None,blake3
2,16,2026-03-11T12:25:56.424422Z,elea,0.1.1,ef66ed9,add,f4.bin,add_file_total,3.9361659999999996,2097152,,None,blake3
2,16,2026-03-11T12:25:56.424467Z,elea,0.1.1,ef66ed9,add,f5.bin,add_file_total,3.981084,2097152,,None,blake3
2,16,2026-03-11T12:25:56.424543Z,elea,0.1.1,ef66ed9,add,,add_total,4.1142080000000005,,5,None,blake3
1,11,2026-03-11T12:25:56.461313Z,elea,0.1.1,ef66ed9,hash,f1.bin,hash,0.7244579999999999,1048576,,,blake3
1,11,2026-03-11T12:25:56.461199Z,elea,0.1.1,ef66ed9,hash,f5.bin,hash,0.597209,1048576,,,blake3
1,11,2026-03-11T12:25:56.46121Z,elea,0.1.1,ef66ed9,hash,f4.bin,hash,0.600916,1048576,,,blake3
1,11,2026-03-11T12:25:56.46141Z,elea,0.1.1,ef66ed9,hash,f2.bin,hash,0.7745,1048576,,,blake3
1,11,2026-03-11T12:25:56.461183Z,elea,0.1.1,ef66ed9,hash,f3.bin,hash,0.604208,1048576,,,blake3
1,11,2026-03-11T12:25:56.463162Z,elea,0.1.1,ef66ed9,add,f1.bin,backend_store,0.716709,1048576,,None,blake3
1,11,2026-03-11T12:25:56.463168Z,elea,0.1.1,ef66ed9,add,f5.bin,backend_store,0.703458,1048576,,None,blake3
1,11,2026-03-11T12:25:56.463347Z,elea,0.1.1,ef66ed9,add,f4.bin,backend_store,0.8492919999999999,1048576,,None,blake3
1,11,2026-03-11T12:25:56.463354Z,elea,0.1.1,ef66ed9,add,f3.bin,backend_store,0.721,1048576,,None,blake3
1,11,2026-03-11T12:25:56.463362Z,elea,0.1.1,ef66ed9,add,f2.bin,backend_store,0.751166,1048576,,None,blake3
1,11,2026-03-11T12:25:56.463373Z,elea,0.1.1,ef66ed9,add,f5.bin,add_file_total,2.813958,1048576,,None,blake3
1,11,2026-03-11T12:25:56.463427Z,elea,0.1.1,ef66ed9,add,f1.bin,add_file_total,2.8682920000000003,1048576,,None,blake3
1,11,2026-03-11T12:25:56.463558Z,elea,0.1.1,ef66ed9,add,f4.bin,add_file_total,2.960166,1048576,,None,blake3
1,11,2026-03-11T12:25:56.463593Z,elea,0.1.1,ef66ed9,add,f2.bin,add_file_total,3.031084,1048576,,None,blake3
1,11,2026-03-11T12:25:56.463626Z,elea,0.1.1,ef66ed9,add,f3.bin,add_file_total,3.0829999999999997,1048576,,None,blake3
1,11,2026-03-11T12:25:56.463679Z,elea,0.1.1,ef66ed9,add,,add_total,3.1697499999999996,,5,None,blake3
50,25,2026-03-11T12:25:57.103898Z,elea,0.1.1,ef66ed9,hash,f1.bin,hash,29.243083,52428800,,,blake3
50,25,2026-03-11T12:25:57.103939Z,elea,0.1.1,ef66ed9,hash,f3.bin,hash,29.231791,52428800,,,blake3
50,25,2026-03-11T12:25:57.103921Z,elea,0.1.1,ef66ed9,hash,f5.bin,hash,29.227458000000002,52428800,,,blake3
50,25,2026-03-11T12:25:57.103867Z,elea,0.1.1,ef66ed9,hash,f4.bin,hash,29.150291,52428800,,,blake3
50,25,2026-03-11T12:25:57.103997Z,elea,0.1.1,ef66ed9,hash,f2.bin,hash,29.34725,52428800,,,blake3
50,25,2026-03-11T12:25:57.106454Z,elea,0.1.1,ef66ed9,add,f1.bin,backend_store,0.48325,52428800,,None,blake3
50,25,2026-03-11T12:25:57.106467Z,elea,0.1.1,ef66ed9,add,f3.bin,backend_store,0.45845800000000003,52428800,,None,blake3
50,25,2026-03-11T12:25:57.10668Z,elea,0.1.1,ef66ed9,add,f5.bin,backend_store,0.645416,52428800,,None,blake3
50,25,2026-03-11T12:25:57.106695Z,elea,0.1.1,ef66ed9,add,f1.bin,add_file_total,32.046791,52428800,,None,blake3
50,25,2026-03-11T12:25:57.106703Z,elea,0.1.1,ef66ed9,add,f2.bin,backend_store,0.614416,52428800,,None,blake3
50,25,2026-03-11T12:25:57.10672Z,elea,0.1.1,ef66ed9,add,f4.bin,backend_store,0.6757500000000001,52428800,,None,blake3
50,25,2026-03-11T12:25:57.106739Z,elea,0.1.1,ef66ed9,add,f3.bin,add_file_total,32.084416,52428800,,None,blake3
50,25,2026-03-11T12:25:57.106833Z,elea,0.1.1,ef66ed9,add,f5.bin,add_file_total,32.200375,52428800,,None,blake3
50,25,2026-03-11T12:25:57.106869Z,elea,0.1.1,ef66ed9,add,f2.bin,add_file_total,32.26325,52428800,,None,blake3
50,25,2026-03-11T12:25:57.106903Z,elea,0.1.1,ef66ed9,add,f4.bin,add_file_total,32.254458,52428800,,None,blake3
50,25,2026-03-11T12:25:57.106956Z,elea,0.1.1,ef66ed9,add,,add_total,32.400958,,5,None,blake3
50,7,2026-03-11T12:25:57.774205Z,elea,0.1.1,ef66ed9,hash,f4.bin,hash,29.650792,52428800,,,blake3
50,7,2026-03-11T12:25:57.774331Z,elea,0.1.1,ef66ed9,hash,f1.bin,hash,29.828459000000002,52428800,,,blake3
50,7,2026-03-11T12:25:57.774189Z,elea,0.1.1,ef66ed9,hash,f2.bin,hash,29.614834,52428800,,,blake3
50,7,2026-03-11T12:25:57.774565Z,elea,0.1.1,ef66ed9,hash,f3.bin,hash,30.011375,52428800,,,blake3
50,7,2026-03-11T12:25:57.773729Z,elea,0.1.1,ef66ed9,hash,f5.bin,hash,29.20775,52428800,,,blake3
50,7,2026-03-11T12:25:57.77637Z,elea,0.1.1,ef66ed9,add,f4.bin,backend_store,0.560416,52428800,,None,blake3
50,7,2026-03-11T12:25:57.776379Z,elea,0.1.1,ef66ed9,add,f1.bin,backend_store,0.543125,52428800,,None,blake3
50,7,2026-03-11T12:25:57.776409Z,elea,0.1.1,ef66ed9,add,f2.bin,backend_store,0.554542,52428800,,None,blake3
50,7,2026-03-11T12:25:57.776492Z,elea,0.1.1,ef66ed9,add,f3.bin,backend_store,0.5968749999999999,52428800,,None,blake3
50,7,2026-03-11T12:25:57.776597Z,elea,0.1.1,ef66ed9,add,f4.bin,add_file_total,32.147417,52428800,,None,blake3
50,7,2026-03-11T12:25:57.776632Z,elea,0.1.1,ef66ed9,add,f5.bin,backend_store,0.615166,52428800,,None,blake3
50,7,2026-03-11T12:25:57.776658Z,elea,0.1.1,ef66ed9,add,f2.bin,add_file_total,32.200708,52428800,,None,blake3
50,7,2026-03-11T12:25:57.776716Z,elea,0.1.1,ef66ed9,add,f1.bin,add_file_total,32.273083,52428800,,None,blake3
50,7,2026-03-11T12:25:57.776773Z,elea,0.1.1,ef66ed9,add,f3.bin,add_file_total,32.323291,52428800,,None,blake3
50,7,2026-03-11T12:25:57.77684Z,elea,0.1.1,ef66ed9,add,f5.bin,add_file_total,32.39375,52428800,,None,blake3
50,7,2026-03-11T12:25:57.776909Z,elea,0.1.1,ef66ed9,add,,add_total,32.527708000000004,,5,None,blake3
50,15,2026-03-11T12:25:58.448734Z,elea,0.1.1,ef66ed9,hash,f1.bin,hash,29.227041,52428800,,,blake3
50,15,2026-03-11T12:25:58.448457Z,elea,0.1.1,ef66ed9,hash,f2.bin,hash,28.981416,52428800,,,blake3
50,15,2026-03-11T12:25:58.448677Z,elea,0.1.1,ef66ed9,hash,f5.bin,hash,29.197584,52428800,,,blake3
50,15,2026-03-11T12:25:58.448562Z,elea,0.1.1,ef66ed9,hash,f4.bin,hash,29.070375,52428800,,,blake3
50,15,2026-03-11T12:25:58.448757Z,elea,0.1.1,ef66ed9,hash,f3.bin,hash,29.231333000000003,52428800,,,blake3
50,15,2026-03-11T12:25:58.451014Z,elea,0.1.1,ef66ed9,add,f1.bin,backend_store,0.466042,52428800,,None,blake3
50,15,2026-03-11T12:25:58.451039Z,elea,0.1.1,ef66ed9,add,f2.bin,backend_store,0.47812499999999997,52428800,,None,blake3
50,15,2026-03-11T12:25:58.451082Z,elea,0.1.1,ef66ed9,add,f5.bin,backend_store,0.48995799999999995,52428800,,None,blake3
50,15,2026-03-11T12:25:58.451125Z,elea,0.1.1,ef66ed9,add,f3.bin,backend_store,0.444167,52428800,,None,blake3
50,15,2026-03-11T12:25:58.451185Z,elea,0.1.1,ef66ed9,add,f1.bin,add_file_total,31.724458,52428800,,None,blake3
50,15,2026-03-11T12:25:58.451228Z,elea,0.1.1,ef66ed9,add,f4.bin,backend_store,0.600709,52428800,,None,blake3
50,15,2026-03-11T12:25:58.451322Z,elea,0.1.1,ef66ed9,add,f2.bin,add_file_total,31.8875,52428800,,None,blake3
50,15,2026-03-11T12:25:58.451388Z,elea,0.1.1,ef66ed9,add,f5.bin,add_file_total,31.927667,52428800,,None,blake3
50,15,2026-03-11T12:25:58.451437Z,elea,0.1.1,ef66ed9,add,f3.bin,add_file_total,31.97125,52428800,,None,blake3
50,15,2026-03-11T12:25:58.451497Z,elea,0.1.1,ef66ed9,add,f4.bin,add_file_total,32.031833000000006,52428800,,None,blake3
50,15,2026-03-11T12:25:58.451584Z,elea,0.1.1,ef66ed9,add,,add_total,32.176708999999995,,5,None,blake3
2,10,2026-03-11T12:25:58.506102Z,elea,0.1.1,ef66ed9,hash,f1.bin,hash,1.188833,2097152,,,blake3
2,10,2026-03-11T12:25:58.506093Z,elea,0.1.1,ef66ed9,hash,f3.bin,hash,1.186583,2097152,,,blake3
2,10,2026-03-11T12:25:58.506082Z,elea,0.1.1,ef66ed9,hash,f2.bin,hash,1.184708,2097152,,,blake3
2,10,2026-03-11T12:25:58.506069Z,elea,0.1.1,ef66ed9,hash,f4.bin,hash,1.1962089999999999,2097152,,,blake3
2,10,2026-03-11T12:25:58.506055Z,elea,0.1.1,ef66ed9,hash,f5.bin,hash,1.171167,2097152,,,blake3
2,10,2026-03-11T12:25:58.507972Z,elea,0.1.1,ef66ed9,add,f2.bin,backend_store,0.453458,2097152,,None,blake3
2,10,2026-03-11T12:25:58.508116Z,elea,0.1.1,ef66ed9,add,f1.bin,backend_store,0.6170420000000001,2097152,,None,blake3
2,10,2026-03-11T12:25:58.508126Z,elea,0.1.1,ef66ed9,add,f3.bin,backend_store,0.572833,2097152,,None,blake3
2,10,2026-03-11T12:25:58.508138Z,elea,0.1.1,ef66ed9,add,f2.bin,add_file_total,3.285,2097152,,None,blake3
2,10,2026-03-11T12:25:58.508153Z,elea,0.1.1,ef66ed9,add,f4.bin,backend_store,0.586167,2097152,,None,blake3
2,10,2026-03-11T12:25:58.50818Z,elea,0.1.1,ef66ed9,add,f5.bin,backend_store,0.5707909999999999,2097152,,None,blake3
2,10,2026-03-11T12:25:58.508311Z,elea,0.1.1,ef66ed9,add,f3.bin,add_file_total,3.453125,2097152,,None,blake3
2,10,2026-03-11T12:25:58.508348Z,elea,0.1.1,ef66ed9,add,f1.bin,add_file_total,3.4906249999999996,2097152,,None,blake3
2,10,2026-03-11T12:25:58.50839Z,elea,0.1.1,ef66ed9,add,f4.bin,add_file_total,3.551917,2097152,,None,blake3
2,10,2026-03-11T12:25:58.508429Z,elea,0.1.1,ef66ed9,add,f5.bin,add_file_total,3.578334,2097152,,None,blake3
2,10,2026-03-11T12:25:58.508484Z,elea,0.1.1,ef66ed9,add,,add_total,3.6857080000000004,,5,None,blake3
1,12,2026-03-11T12:25:58.546354Z,elea,0.1.1,ef66ed9,hash,f2.bin,hash,0.629458,1048576,,,blake3
1,12,2026-03-11T12:25:58.546313Z,elea,0.1.1,ef66ed9,hash,f4.bin,hash,0.6377499999999999,1048576,,,blake3
1,12,2026-03-11T12:25:58.546362Z,elea,0.1.1,ef66ed9,hash,f1.bin,hash,0.615583,1048576,,,blake3
1,12,2026-03-11T12:25:58.546342Z,elea,0.1.1,ef66ed9,hash,f3.bin,hash,0.641875,1048576,,,blake3
1,12,2026-03-11T12:25:58.546327Z,elea,0.1.1,ef66ed9,hash,f5.bin,hash,0.628375,1048576,,,blake3
1,12,2026-03-11T12:25:58.54846Z,elea,0.1.1,ef66ed9,add,f2.bin,backend_store,0.424208,1048576,,None,blake3
1,12,2026-03-11T12:25:58.548562Z,elea,0.1.1,ef66ed9,add,f3.bin,backend_store,0.4605,1048576,,None,blake3
1,12,2026-03-11T12:25:58.548688Z,elea,0.1.1,ef66ed9,add,f1.bin,backend_store,0.610417,1048576,,None,blake3
1,12,2026-03-11T12:25:58.548694Z,elea,0.1.1,ef66ed9,add,f2.bin,add_file_total,3.023291,1048576,,None,blake3
1,12,2026-03-11T12:25:58.5487Z,elea,0.1.1,ef66ed9,add,f4.bin,backend_store,0.644834,1048576,,None,blake3
1,12,2026-03-11T12:25:58.548725Z,elea,0.1.1,ef66ed9,add,f3.bin,add_file_total,3.09,1048576,,None,blake3
1,12,2026-03-11T12:25:58.548862Z,elea,0.1.1,ef66ed9,add,f1.bin,add_file_total,3.2036249999999997,1048576,,None,blake3
1,12,2026-03-11T12:25:58.548873Z,elea,0.1.1,ef66ed9,add,f5.bin,backend_store,0.6498330000000001,1048576,,None,blake3
1,12,2026-03-11T12:25:58.548899Z,elea,0.1.1,ef66ed9,add,f4.bin,add_file_total,3.26925,1048576,,None,blake3
1,12,2026-03-11T12:25:58.549015Z,elea,0.1.1,ef66ed9,add,f5.bin,add_file_total,3.380458,1048576,,None,blake3
1,12,2026-03-11T12:25:58.549074Z,elea,0.1.1,ef66ed9,add,,add_total,3.4942089999999997,,5,None,blake3
2,8,2026-03-11T12:25:58.600831Z,elea,0.1.1,ef66ed9,hash,f5.bin,hash,1.188542,2097152,,,blake3
2,8,2026-03-11T12:25:58.600843Z,elea,0.1.1,ef66ed9,hash,f3.bin,hash,1.1900000000000002,2097152,,,blake3
2,8,2026-03-11T12:25:58.600868Z,elea,0.1.1,ef66ed9,hash,f1.bin,hash,1.2006670000000002,2097152,,,blake3
2,8,2026-03-11T12:25:58.600859Z,elea,0.1.1,ef66ed9,hash,f2.bin,hash,1.186708,2097152,,,blake3
2,8,2026-03-11T12:25:58.600819Z,elea,0.1.1,ef66ed9,hash,f4.bin,hash,1.1915,2097152,,,blake3
2,8,2026-03-11T12:25:58.602988Z,elea,0.1.1,ef66ed9,add,f5.bin,backend_store,0.489334,2097152,,None,blake3
2,8,2026-03-11T12:25:58.603032Z,elea,0.1.1,ef66ed9,add,f1.bin,backend_store,0.474125,2097152,,None,blake3
2,8,2026-03-11T12:25:58.603038Z,elea,0.1.1,ef66ed9,add,f2.bin,backend_store,0.449625,2097152,,None,blake3
2,8,2026-03-11T12:25:58.603051Z,elea,0.1.1,ef66ed9,add,f3.bin,backend_store,0.522542,2097152,,None,blake3
2,8,2026-03-11T12:25:58.603115Z,elea,0.1.1,ef66ed9,add,f4.bin,backend_store,0.526084,2097152,,None,blake3
2,8,2026-03-11T12:25:58.603143Z,elea,0.1.1,ef66ed9,add,f5.bin,add_file_total,3.5148330000000003,2097152,,None,blake3
2,8,2026-03-11T12:25:58.603207Z,elea,0.1.1,ef66ed9,add,f1.bin,add_file_total,3.588291,2097152,,None,blake3
2,8,2026-03-11T12:25:58.603243Z,elea,0.1.1,ef66ed9,add,f2.bin,add_file_total,3.6293330000000004,2097152,,None,blake3
2,8,2026-03-11T12:25:58.603276Z,elea,0.1.1,ef66ed9,add,f3.bin,add_file_total,3.6630830000000003,2097152,,None,blake3
2,8,2026-03-11T12:25:58.60331Z,elea,0.1.1,ef66ed9,add,f4.bin,add_file_total,3.723583,2097152,,None,blake3
2,8,2026-03-11T12:25:58.603358Z,elea,0.1.1,ef66ed9,add,,add_total,3.816375,,5,None,blake3
5,13,2026-03-11T12:25:58.723287Z,elea,0.1.1,ef66ed9,hash,f4.bin,hash,2.915834,5242880,,,blake3
5,13,2026-03-11T12:25:58.723254Z,elea,0.1.1,ef66ed9,hash,f3.bin,hash,2.9260829999999998,5242880,,,blake3
5,13,2026-03-11T12:25:58.723301Z,elea,0.1.1,ef66ed9,hash,f5.bin,hash,2.892667,5242880,,,blake3
5,13,2026-03-11T12:25:58.723312Z,elea,0.1.1,ef66ed9,hash,f1.bin,hash,2.934,5242880,,,blake3
5,13,2026-03-11T12:25:58.723277Z,elea,0.1.1,ef66ed9,hash,f2.bin,hash,2.929958,5242880,,,blake3
5,13,2026-03-11T12:25:58.725358Z,elea,0.1.1,ef66ed9,add,f4.bin,backend_store,0.41516600000000004,5242880,,None,blake3
5,13,2026-03-11T12:25:58.7254Z,elea,0.1.1,ef66ed9,add,f5.bin,backend_store,0.419583,5242880,,None,blake3
5,13,2026-03-11T12:25:58.725537Z,elea,0.1.1,ef66ed9,add,f4.bin,add_file_total,5.2225,5242880,,None,blake3
5,13,2026-03-11T12:25:58.725586Z,elea,0.1.1,ef66ed9,add,f2.bin,backend_store,0.5455409999999999,5242880,,None,blake3
5,13,2026-03-11T12:25:58.725596Z,elea,0.1.1,ef66ed9,add,f1.bin,backend_store,0.569959,5242880,,None,blake3
5,13,2026-03-11T12:25:58.725601Z,elea,0.1.1,ef66ed9,add,f5.bin,add_file_total,5.284583,5242880,,None,blake3
5,13,2026-03-11T12:25:58.725676Z,elea,0.1.1,ef66ed9,add,f3.bin,backend_store,0.696041,5242880,,None,blake3
5,13,2026-03-11T12:25:58.725759Z,elea,0.1.1,ef66ed9,add,f2.bin,add_file_total,5.435791,5242880,,None,blake3
5,13,2026-03-11T12:25:58.725827Z,elea,0.1.1,ef66ed9,add,f1.bin,add_file_total,5.510875,5242880,,None,blake3
5,13,2026-03-11T12:25:58.725945Z,elea,0.1.1,ef66ed9,add,f3.bin,add_file_total,5.65625,5242880,,None,blake3
5,13,2026-03-11T12:25:58.726023Z,elea,0.1.1,ef66ed9,add,,add_total,5.75925,,5,None,blake3
1,20,2026-03-11T12:25:58.763915Z,elea,0.1.1,ef66ed9,hash,f5.bin,hash,0.621583,1048576,,,blake3
1,20,2026-03-11T12:25:58.763934Z,elea,0.1.1,ef66ed9,hash,f3.bin,hash,0.63975,1048576,,,blake3
1,20,2026-03-11T12:25:58.763923Z,elea,0.1.1,ef66ed9,hash,f4.bin,hash,0.6517499999999999,1048576,,,blake3
1,20,2026-03-11T12:25:58.763944Z,elea,0.1.1,ef66ed9,hash,f2.bin,hash,0.647667,1048576,,,blake3
1,20,2026-03-11T12:25:58.763896Z,elea,0.1.1,ef66ed9,hash,f1.bin,hash,0.6425,1048576,,,blake3
1,20,2026-03-11T12:25:58.766052Z,elea,0.1.1,ef66ed9,add,f3.bin,backend_store,0.422,1048576,,None,blake3
1,20,2026-03-11T12:25:58.766095Z,elea,0.1.1,ef66ed9,add,f5.bin,backend_store,0.482458,1048576,,None,blake3
1,20,2026-03-11T12:25:58.766174Z,elea,0.1.1,ef66ed9,add,f4.bin,backend_store,0.5018330000000001,1048576,,None,blake3
1,20,2026-03-11T12:25:58.766207Z,elea,0.1.1,ef66ed9,add,f2.bin,backend_store,0.49,1048576,,None,blake3
1,20,2026-03-11T12:25:58.766226Z,elea,0.1.1,ef66ed9,add,f1.bin,backend_store,0.49512500000000004,1048576,,None,blake3
1,20,2026-03-11T12:25:58.766236Z,elea,0.1.1,ef66ed9,add,f3.bin,add_file_total,2.995625,1048576,,None,blake3
1,20,2026-03-11T12:25:58.766302Z,elea,0.1.1,ef66ed9,add,f5.bin,add_file_total,3.042125,1048576,,None,blake3
1,20,2026-03-11T12:25:58.766385Z,elea,0.1.1,ef66ed9,add,f4.bin,add_file_total,3.1433329999999997,1048576,,None,blake3
1,20,2026-03-11T12:25:58.766418Z,elea,0.1.1,ef66ed9,add,f2.bin,add_file_total,3.173041,1048576,,None,blake3
1,20,2026-03-11T12:25:58.766455Z,elea,0.1.1,ef66ed9,add,f1.bin,add_file_total,3.2439169999999997,1048576,,None,blake3
1,20,2026-03-11T12:25:58.7665Z,elea,0.1.1,ef66ed9,add,,add_total,3.327083,,5,None,blake3
5,12,2026-03-11T12:25:58.857182Z,elea,0.1.1,ef66ed9,hash,f4.bin,hash,2.9420409999999997,5242880,,,blake3
5,12,2026-03-11T12:25:58.857121Z,elea,0.1.1,ef66ed9,hash,f1.bin,hash,2.926916,5242880,,,blake3
5,12,2026-03-11T12:25:58.857139Z,elea,0.1.1,ef66ed9,hash,f3.bin,hash,2.924958,5242880,,,blake3
5,12,2026-03-11T12:25:58.857175Z,elea,0.1.1,ef66ed9,hash,f2.bin,hash,2.919959,5242880,,,blake3
5,12,2026-03-11T12:25:58.857128Z,elea,0.1.1,ef66ed9,hash,f5.bin,hash,2.930209,5242880,,,blake3
5,12,2026-03-11T12:25:58.859403Z,elea,0.1.1,ef66ed9,add,f1.bin,backend_store,0.523834,5242880,,None,blake3
5,12,2026-03-11T12:25:58.859417Z,elea,0.1.1,ef66ed9,add,f3.bin,backend_store,0.5165000000000001,5242880,,None,blake3
5,12,2026-03-11T12:25:58.859437Z,elea,0.1.1,ef66ed9,add,f4.bin,backend_store,0.568833,5242880,,None,blake3
5,12,2026-03-11T12:25:58.859457Z,elea,0.1.1,ef66ed9,add,f2.bin,backend_store,0.506209,5242880,,None,blake3
5,12,2026-03-11T12:25:58.859469Z,elea,0.1.1,ef66ed9,add,f5.bin,backend_store,0.506375,5242880,,None,blake3
5,12,2026-03-11T12:25:58.859596Z,elea,0.1.1,ef66ed9,add,f1.bin,add_file_total,5.441666000000001,5242880,,None,blake3
5,12,2026-03-11T12:25:58.859631Z,elea,0.1.1,ef66ed9,add,f2.bin,add_file_total,5.453791000000001,5242880,,None,blake3
5,12,2026-03-11T12:25:58.859679Z,elea,0.1.1,ef66ed9,add,f4.bin,add_file_total,5.505375,5242880,,None,blake3
5,12,2026-03-11T12:25:58.859727Z,elea,0.1.1,ef66ed9,add,f3.bin,add_file_total,5.553917,5242880,,None,blake3
5,12,2026-03-11T12:25:58.859766Z,elea,0.1.1,ef66ed9,add,f5.bin,add_file_total,5.586542,5242880,,None,blake3
5,12,2026-03-11T12:25:58.859843Z,elea,0.1.1,ef66ed9,add,,add_total,5.72575,,5,None,blake3
50,3,2026-03-11T12:25:59.506804Z,elea,0.1.1,ef66ed9,hash,f4.bin,hash,29.150292,52428800,,,blake3
50,3,2026-03-11T12:25:59.506336Z,elea,0.1.1,ef66ed9,hash,f3.bin,hash,28.636958,52428800,,,blake3
50,3,2026-03-11T12:25:59.506769Z,elea,0.1.1,ef66ed9,hash,f1.bin,hash,29.108083,52428800,,,blake3
50,3,2026-03-11T12:25:59.506661Z,elea,0.1.1,ef66ed9,hash,f5.bin,hash,28.982833,52428800,,,blake3
50,3,2026-03-11T12:25:59.506638Z,elea,0.1.1,ef66ed9,hash,f2.bin,hash,28.924792,52428800,,,blake3
50,3,2026-03-11T12:25:59.508875Z,elea,0.1.1,ef66ed9,add,f3.bin,backend_store,0.5754170000000001,52428800,,None,blake3
50,3,2026-03-11T12:25:59.508898Z,elea,0.1.1,ef66ed9,add,f4.bin,backend_store,0.617208,52428800,,None,blake3
50,3,2026-03-11T12:25:59.508917Z,elea,0.1.1,ef66ed9,add,f5.bin,backend_store,0.559917,52428800,,None,blake3
50,3,2026-03-11T12:25:59.508928Z,elea,0.1.1,ef66ed9,add,f2.bin,backend_store,0.550875,52428800,,None,blake3
50,3,2026-03-11T12:25:59.508961Z,elea,0.1.1,ef66ed9,add,f1.bin,backend_store,0.649625,52428800,,None,blake3
50,3,2026-03-11T12:25:59.509078Z,elea,0.1.1,ef66ed9,add,f3.bin,add_file_total,31.425959000000002,52428800,,None,blake3
50,3,2026-03-11T12:25:59.509152Z,elea,0.1.1,ef66ed9,add,f4.bin,add_file_total,31.529124999999997,52428800,,None,blake3
50,3,2026-03-11T12:25:59.509208Z,elea,0.1.1,ef66ed9,add,f5.bin,add_file_total,31.557916999999996,52428800,,None,blake3
50,3,2026-03-11T12:25:59.509259Z,elea,0.1.1,ef66ed9,add,f1.bin,add_file_total,31.614125,52428800,,None,blake3
50,3,2026-03-11T12:25:59.509304Z,elea,0.1.1,ef66ed9,add,f2.bin,add_file_total,31.637292,52428800,,None,blake3
50,3,2026-03-11T12:25:59.50937Z,elea,0.1.1,ef66ed9,add,,add_total,31.787792000000003,,5,None,blake3
10,14,2026-03-11T12:25:59.662523Z,elea,0.1.1,ef66ed9,hash,f2.bin,hash,5.835834,10485760,,,blake3
10,14,2026-03-11T12:25:59.662592Z,elea,0.1.1,ef66ed9,hash,f4.bin,hash,5.857209,10485760,,,blake3
10,14,2026-03-11T12:25:59.662565Z,elea,0.1.1,ef66ed9,hash,f3.bin,hash,5.8885,10485760,,,blake3
10,14,2026-03-11T12:25:59.662545Z,elea,0.1.1,ef66ed9,hash,f5.bin,hash,5.844333,10485760,,,blake3
10,14,2026-03-11T12:25:59.662578Z,elea,0.1.1,ef66ed9,hash,f1.bin,hash,5.8412500000000005,10485760,,,blake3
10,14,2026-03-11T12:25:59.664883Z,elea,0.1.1,ef66ed9,add,f2.bin,backend_store,0.483625,10485760,,None,blake3
10,14,2026-03-11T12:25:59.664898Z,elea,0.1.1,ef66ed9,add,f4.bin,backend_store,0.48070799999999997,10485760,,None,blake3
10,14,2026-03-11T12:25:59.664904Z,elea,0.1.1,ef66ed9,add,f3.bin,backend_store,0.453959,10485760,,None,blake3
10,14,2026-03-11T12:25:59.664935Z,elea,0.1.1,ef66ed9,add,f5.bin,backend_store,0.453084,10485760,,None,blake3
10,14,2026-03-11T12:25:59.664953Z,elea,0.1.1,ef66ed9,add,f1.bin,backend_store,0.455,10485760,,None,blake3
10,14,2026-03-11T12:25:59.665058Z,elea,0.1.1,ef66ed9,add,f2.bin,add_file_total,8.387125000000001,10485760,,None,blake3
10,14,2026-03-11T12:25:59.665089Z,elea,0.1.1,ef66ed9,add,f4.bin,add_file_total,8.422333,10485760,,None,blake3
10,14,2026-03-11T12:25:59.66512Z,elea,0.1.1,ef66ed9,add,f3.bin,add_file_total,8.48625,10485760,,None,blake3
10,14,2026-03-11T12:25:59.665147Z,elea,0.1.1,ef66ed9,add,f5.bin,add_file_total,8.482333,10485760,,None,blake3
10,14,2026-03-11T12:25:59.665177Z,elea,0.1.1,ef66ed9,add,f1.bin,add_file_total,8.513042,10485760,,None,blake3
10,14,2026-03-11T12:25:59.665226Z,elea,0.1.1,ef66ed9,add,,add_total,8.625499999999999,,5,None,blake3
2,23,2026-03-11T12:25:59.715099Z,elea,0.1.1,ef66ed9,hash,f4.bin,hash,1.176042,2097152,,,blake3
2,23,2026-03-11T12:25:59.715087Z,elea,0.1.1,ef66ed9,hash,f3.bin,hash,1.195958,2097152,,,blake3
2,23,2026-03-11T12:25:59.715079Z,elea,0.1.1,ef66ed9,hash,f1.bin,hash,1.177791,2097152,,,blake3
2,23,2026-03-11T12:25:59.715107Z,elea,0.1.1,ef66ed9,hash,f2.bin,hash,1.189084,2097152,,,blake3
2,23,2026-03-11T12:25:59.715069Z,elea,0.1.1,ef66ed9,hash,f5.bin,hash,1.177167,2097152,,,blake3
2,23,2026-03-11T12:25:59.716979Z,elea,0.1.1,ef66ed9,add,f4.bin,backend_store,0.40975,2097152,,None,blake3
2,23,2026-03-11T12:25:59.717018Z,elea,0.1.1,ef66ed9,add,f1.bin,backend_store,0.40700000000000003,2097152,,None,blake3
2,23,2026-03-11T12:25:59.717043Z,elea,0.1.1,ef66ed9,add,f2.bin,backend_store,0.42475,2097152,,None,blake3
2,23,2026-03-11T12:25:59.717145Z,elea,0.1.1,ef66ed9,add,f5.bin,backend_store,0.497833,2097152,,None,blake3
2,23,2026-03-11T12:25:59.717161Z,elea,0.1.1,ef66ed9,add,f3.bin,backend_store,0.564083,2097152,,None,blake3
2,23,2026-03-11T12:25:59.717209Z,elea,0.1.1,ef66ed9,add,f4.bin,add_file_total,3.347292,2097152,,None,blake3
2,23,2026-03-11T12:25:59.717271Z,elea,0.1.1,ef66ed9,add,f1.bin,add_file_total,3.4118749999999998,2097152,,None,blake3
2,23,2026-03-11T12:25:59.717302Z,elea,0.1.1,ef66ed9,add,f5.bin,add_file_total,3.447708,2097152,,None,blake3
2,23,2026-03-11T12:25:59.71734Z,elea,0.1.1,ef66ed9,add,f2.bin,add_file_total,3.487792,2097152,,None,blake3
2,23,2026-03-11T12:25:59.717375Z,elea,0.1.1,ef66ed9,add,f3.bin,add_file_total,3.544334,2097152,,None,blake3
2,23,2026-03-11T12:25:59.717416Z,elea,0.1.1,ef66ed9,add,,add_total,3.613292,,5,None,blake3
50,5,2026-03-11T12:26:00.364105Z,elea,0.1.1,ef66ed9,hash,f5.bin,hash,29.005125,52428800,,,blake3
50,5,2026-03-11T12:26:00.364043Z,elea,0.1.1,ef66ed9,hash,f1.bin,hash,28.920667,52428800,,,blake3
50,5,2026-03-11T12:26:00.364075Z,elea,0.1.1,ef66ed9,hash,f3.bin,hash,28.933042,52428800,,,blake3
50,5,2026-03-11T12:26:00.364065Z,elea,0.1.1,ef66ed9,hash,f4.bin,hash,28.915667,52428800,,,blake3
50,5,2026-03-11T12:26:00.364188Z,elea,0.1.1,ef66ed9,hash,f2.bin,hash,29.09575,52428800,,,blake3
50,5,2026-03-11T12:26:00.366547Z,elea,0.1.1,ef66ed9,add,f5.bin,backend_store,0.451042,52428800,,None,blake3
50,5,2026-03-11T12:26:00.366639Z,elea,0.1.1,ef66ed9,add,f3.bin,backend_store,0.47404100000000005,52428800,,None,blake3
50,5,2026-03-11T12:26:00.36666Z,elea,0.1.1,ef66ed9,add,f4.bin,backend_store,0.48062499999999997,52428800,,None,blake3
50,5,2026-03-11T12:26:00.366672Z,elea,0.1.1,ef66ed9,add,f2.bin,backend_store,0.475042,52428800,,None,blake3
50,5,2026-03-11T12:26:00.3667Z,elea,0.1.1,ef66ed9,add,f1.bin,backend_store,0.57475,52428800,,None,blake3
50,5,2026-03-11T12:26:00.366714Z,elea,0.1.1,ef66ed9,add,f5.bin,add_file_total,31.629499999999997,52428800,,None,blake3
50,5,2026-03-11T12:26:00.366808Z,elea,0.1.1,ef66ed9,add,f3.bin,add_file_total,31.702250000000003,52428800,,None,blake3
50,5,2026-03-11T12:26:00.366862Z,elea,0.1.1,ef66ed9,add,f4.bin,add_file_total,31.782042000000004,52428800,,None,blake3
50,5,2026-03-11T12:26:00.366913Z,elea,0.1.1,ef66ed9,add,f2.bin,add_file_total,31.851833000000003,52428800,,None,blake3
50,5,2026-03-11T12:26:00.366956Z,elea,0.1.1,ef66ed9,add,f1.bin,add_file_total,31.870707999999997,52428800,,None,blake3
50,5,2026-03-11T12:26:00.367017Z,elea,0.1.1,ef66ed9,add,,add_total,32.012875,,5,None,blake3
1,4,2026-03-11T12:26:00.406518Z,elea,0.1.1,ef66ed9,hash,f1.bin,hash,0.625166,1048576,,,blake3
1,4,2026-03-11T12:26:00.406494Z,elea,0.1.1,ef66ed9,hash,f5.bin,hash,0.601167,1048576,,,blake3
1,4,2026-03-11T12:26:00.406476Z,elea,0.1.1,ef66ed9,hash,f4.bin,hash,0.5990420000000001,1048576,,,blake3
1,4,2026-03-11T12:26:00.406486Z,elea,0.1.1,ef66ed9,hash,f3.bin,hash,0.604166,1048576,,,blake3
1,4,2026-03-11T12:26:00.406467Z,elea,0.1.1,ef66ed9,hash,f2.bin,hash,0.609042,1048576,,,blake3
1,4,2026-03-11T12:26:00.408168Z,elea,0.1.1,ef66ed9,add,f1.bin,backend_store,0.449708,1048576,,None,blake3
1,4,2026-03-11T12:26:00.408193Z,elea,0.1.1,ef66ed9,add,f4.bin,backend_store,0.425083,1048576,,None,blake3
1,4,2026-03-11T12:26:00.408212Z,elea,0.1.1,ef66ed9,add,f5.bin,backend_store,0.47362499999999996,1048576,,None,blake3
1,4,2026-03-11T12:26:00.408217Z,elea,0.1.1,ef66ed9,add,f3.bin,backend_store,0.430458,1048576,,None,blake3
1,4,2026-03-11T12:26:00.408256Z,elea,0.1.1,ef66ed9,add,f2.bin,backend_store,0.43029100000000003,1048576,,None,blake3
1,4,2026-03-11T12:26:00.408318Z,elea,0.1.1,ef66ed9,add,f1.bin,add_file_total,2.485459,1048576,,None,blake3
1,4,2026-03-11T12:26:00.408361Z,elea,0.1.1,ef66ed9,add,f4.bin,add_file_total,2.533667,1048576,,None,blake3
1,4,2026-03-11T12:26:00.408399Z,elea,0.1.1,ef66ed9,add,f3.bin,add_file_total,2.5769170000000003,1048576,,None,blake3
1,4,2026-03-11T12:26:00.408428Z,elea,0.1.1,ef66ed9,add,f5.bin,add_file_total,2.598875,1048576,,None,blake3
1,4,2026-03-11T12:26:00.408461Z,elea,0.1.1,ef66ed9,add,f2.bin,add_file_total,2.641417,1048576,,None,blake3
1,4,2026-03-11T12:26:00.408522Z,elea,0.1.1,ef66ed9,add,,add_total,2.746375,,5,None,blake3
2,14,2026-03-11T12:26:00.456323Z,elea,0.1.1,ef66ed9,hash,f4.bin,hash,1.1809159999999999,2097152,,,blake3
2,14,2026-03-11T12:26:00.456332Z,elea,0.1.1,ef66ed9,hash,f5.bin,hash,1.1785,2097152,,,blake3
2,14,2026-03-11T12:26:00.456314Z,elea,0.1.1,ef66ed9,hash,f2.bin,hash,1.178042,2097152,,,blake3
2,14,2026-03-11T12:26:00.456339Z,elea,0.1.1,ef66ed9,hash,f3.bin,hash,1.185541,2097152,,,blake3
2,14,2026-03-11T12:26:00.456307Z,elea,0.1.1,ef66ed9,hash,f1.bin,hash,1.191541,2097152,,,blake3
2,14,2026-03-11T12:26:00.458286Z,elea,0.1.1,ef66ed9,add,f5.bin,backend_store,0.48304199999999997,2097152,,None,blake3
2,14,2026-03-11T12:26:00.458318Z,elea,0.1.1,ef66ed9,add,f2.bin,backend_store,0.503,2097152,,None,blake3
2,14,2026-03-11T12:26:00.45839Z,elea,0.1.1,ef66ed9,add,f4.bin,backend_store,0.6156659999999999,2097152,,None,blake3
2,14,2026-03-11T12:26:00.45845Z,elea,0.1.1,ef66ed9,add,f5.bin,add_file_total,3.3645419999999997,2097152,,None,blake3
2,14,2026-03-11T12:26:00.458496Z,elea,0.1.1,ef66ed9,add,f2.bin,add_file_total,3.409166,2097152,,None,blake3
2,14,2026-03-11T12:26:00.45852Z,elea,0.1.1,ef66ed9,add,f1.bin,backend_store,0.566917,2097152,,None,blake3
2,14,2026-03-11T12:26:00.458534Z,elea,0.1.1,ef66ed9,add,f4.bin,add_file_total,3.449833,2097152,,None,blake3
2,14,2026-03-11T12:26:00.458563Z,elea,0.1.1,ef66ed9,add,f3.bin,backend_store,0.628875,2097152,,None,blake3
2,14,2026-03-11T12:26:00.458661Z,elea,0.1.1,ef66ed9,add,f1.bin,add_file_total,3.583875,2097152,,None,blake3
2,14,2026-03-11T12:26:00.458723Z,elea,0.1.1,ef66ed9,add,f3.bin,add_file_total,3.636625,2097152,,None,blake3
2,14,2026-03-11T12:26:00.45881Z,elea,0.1.1,ef66ed9,add,,add_total,3.7839169999999998,,5,None,blake3
2,3,2026-03-11T12:26:00.507285Z,elea,0.1.1,ef66ed9,hash,f2.bin,hash,1.1858330000000001,2097152,,,blake3
2,3,2026-03-11T12:26:00.507293Z,elea,0.1.1,ef66ed9,hash,f4.bin,hash,1.178375,2097152,,,blake3
2,3,2026-03-11T12:26:00.507266Z,elea,0.1.1,ef66ed9,hash,f5.bin,hash,1.176583,2097152,,,blake3
2,3,2026-03-11T12:26:00.507276Z,elea,0.1.1,ef66ed9,hash,f3.bin,hash,1.1875,2097152,,,blake3
2,3,2026-03-11T12:26:00.507257Z,elea,0.1.1,ef66ed9,hash,f1.bin,hash,1.192,2097152,,,blake3
2,3,2026-03-11T12:26:00.509049Z,elea,0.1.1,ef66ed9,add,f2.bin,backend_store,0.458333,2097152,,None,blake3
2,3,2026-03-11T12:26:00.509116Z,elea,0.1.1,ef66ed9,add,f4.bin,backend_store,0.489458,2097152,,None,blake3
2,3,2026-03-11T12:26:00.509172Z,elea,0.1.1,ef66ed9,add,f1.bin,backend_store,0.4975,2097152,,None,blake3
2,3,2026-03-11T12:26:00.509181Z,elea,0.1.1,ef66ed9,add,f5.bin,backend_store,0.5682079999999999,2097152,,None,blake3
2,3,2026-03-11T12:26:00.509194Z,elea,0.1.1,ef66ed9,add,f2.bin,add_file_total,3.154333,2097152,,None,blake3
2,3,2026-03-11T12:26:00.509266Z,elea,0.1.1,ef66ed9,add,f4.bin,add_file_total,3.2229170000000003,2097152,,None,blake3
2,3,2026-03-11T12:26:00.509302Z,elea,0.1.1,ef66ed9,add,f3.bin,backend_store,0.652625,2097152,,None,blake3
2,3,2026-03-11T12:26:00.509345Z,elea,0.1.1,ef66ed9,add,f1.bin,add_file_total,3.321667,2097152,,None,blake3
2,3,2026-03-11T12:26:00.509377Z,elea,0.1.1,ef66ed9,add,f5.bin,add_file_total,3.337208,2097152,,None,blake3
2,3,2026-03-11T12:26:00.509416Z,elea,0.1.1,ef66ed9,add,f3.bin,add_file_total,3.377166,2097152,,None,blake3
2,3,2026-03-11T12:26:00.509461Z,elea,0.1.1,ef66ed9,add,,add_total,3.475791,,5,None,blake3
5,10,2026-03-11T12:26:00.59478Z,elea,0.1.1,ef66ed9,hash,f1.bin,hash,2.925292,5242880,,,blake3
5,10,2026-03-11T12:26:00.59476Z,elea,0.1.1,ef66ed9,hash,f4.bin,hash,2.919792,5242880,,,blake3
5,10,2026-03-11T12:26:00.59479Z,elea,0.1.1,ef66ed9,hash,f5.bin,hash,2.952708,5242880,,,blake3
5,10,2026-03-11T12:26:00.594724Z,elea,0.1.1,ef66ed9,hash,f3.bin,hash,2.9438329999999997,5242880,,,blake3
5,10,2026-03-11T12:26:00.594744Z,elea,0.1.1,ef66ed9,hash,f2.bin,hash,2.941666,5242880,,,blake3
5,10,2026-03-11T12:26:00.596944Z,elea,0.1.1,ef66ed9,add,f4.bin,backend_store,0.6217090000000001,5242880,,None,blake3
5,10,2026-03-11T12:26:00.596988Z,elea,0.1.1,ef66ed9,add,f1.bin,backend_store,0.683375,5242880,,None,blake3
5,10,2026-03-11T12:26:00.597016Z,elea,0.1.1,ef66ed9,add,f5.bin,backend_store,0.660875,5242880,,None,blake3
5,10,2026-03-11T12:26:00.597096Z,elea,0.1.1,ef66ed9,add,f4.bin,add_file_total,5.327167,5242880,,None,blake3
5,10,2026-03-11T12:26:00.597165Z,elea,0.1.1,ef66ed9,add,f1.bin,add_file_total,5.39625,5242880,,None,blake3
5,10,2026-03-11T12:26:00.597198Z,elea,0.1.1,ef66ed9,add,f2.bin,backend_store,0.755833,5242880,,None,blake3
5,10,2026-03-11T12:26:00.597215Z,elea,0.1.1,ef66ed9,add,f5.bin,add_file_total,5.470834,5242880,,None,blake3
5,10,2026-03-11T12:26:00.597238Z,elea,0.1.1,ef66ed9,add,f3.bin,backend_store,0.823916,5242880,,None,blake3
5,10,2026-03-11T12:26:00.597348Z,elea,0.1.1,ef66ed9,add,f2.bin,add_file_total,5.601,5242880,,None,blake3
5,10,2026-03-11T12:26:00.597415Z,elea,0.1.1,ef66ed9,add,f3.bin,add_file_total,5.674583,5242880,,None,blake3
5,10,2026-03-11T12:26:00.597483Z,elea,0.1.1,ef66ed9,add,,add_total,5.7867500000000005,,5,None,blake3
1,23,2026-03-11T12:26:00.636195Z,elea,0.1.1,ef66ed9,hash,f1.bin,hash,0.618583,1048576,,,blake3
1,23,2026-03-11T12:26:00.63624Z,elea,0.1.1,ef66ed9,hash,f2.bin,hash,0.655209,1048576,,,blake3
1,23,2026-03-11T12:26:00.636171Z,elea,0.1.1,ef66ed9,hash,f5.bin,hash,0.6213329999999999,1048576,,,blake3
1,23,2026-03-11T12:26:00.636188Z,elea,0.1.1,ef66ed9,hash,f3.bin,hash,0.62275,1048576,,,blake3
1,23,2026-03-11T12:26:00.636216Z,elea,0.1.1,ef66ed9,hash,f4.bin,hash,0.65825,1048576,,,blake3
1,23,2026-03-11T12:26:00.638247Z,elea,0.1.1,ef66ed9,add,f1.bin,backend_store,0.511041,1048576,,None,blake3
1,23,2026-03-11T12:26:00.638338Z,elea,0.1.1,ef66ed9,add,f5.bin,backend_store,0.5673330000000001,1048576,,None,blake3
1,23,2026-03-11T12:26:00.638352Z,elea,0.1.1,ef66ed9,add,f4.bin,backend_store,0.537917,1048576,,None,blake3
1,23,2026-03-11T12:26:00.638386Z,elea,0.1.1,ef66ed9,add,f2.bin,backend_store,0.607625,1048576,,None,blake3
1,23,2026-03-11T12:26:00.6384Z,elea,0.1.1,ef66ed9,add,f3.bin,backend_store,0.583334,1048576,,None,blake3
1,23,2026-03-11T12:26:00.638408Z,elea,0.1.1,ef66ed9,add,f1.bin,add_file_total,2.863416,1048576,,None,blake3
1,23,2026-03-11T12:26:00.638468Z,elea,0.1.1,ef66ed9,add,f5.bin,add_file_total,2.9546669999999997,1048576,,None,blake3
1,23,2026-03-11T12:26:00.638514Z,elea,0.1.1,ef66ed9,add,f4.bin,add_file_total,2.9710840000000003,1048576,,None,blake3
1,23,2026-03-11T12:26:00.638559Z,elea,0.1.1,ef66ed9,add,f3.bin,add_file_total,3.018166,1048576,,None,blake3
1,23,2026-03-11T12:26:00.638584Z,elea,0.1.1,ef66ed9,add,f2.bin,add_file_total,3.040167,1048576,,None,blake3
1,23,2026-03-11T12:26:00.638629Z,elea,0.1.1,ef66ed9,add,,add_total,3.1597079999999997,,5,None,blake3
2,18,2026-03-11T12:26:00.686119Z,elea,0.1.1,ef66ed9,hash,f3.bin,hash,1.182458,2097152,,,blake3
2,18,2026-03-11T12:26:00.686106Z,elea,0.1.1,ef66ed9,hash,f5.bin,hash,1.185917,2097152,,,blake3
2,18,2026-03-11T12:26:00.686183Z,elea,0.1.1,ef66ed9,hash,f1.bin,hash,1.253625,2097152,,,blake3
2,18,2026-03-11T12:26:00.686138Z,elea,0.1.1,ef66ed9,hash,f4.bin,hash,1.183667,2097152,,,blake3
2,18,2026-03-11T12:26:00.6862Z,elea,0.1.1,ef66ed9,hash,f2.bin,hash,1.2545410000000001,2097152,,,blake3
2,18,2026-03-11T12:26:00.687978Z,elea,0.1.1,ef66ed9,add,f3.bin,backend_store,0.485584,2097152,,None,blake3
2,18,2026-03-11T12:26:00.688016Z,elea,0.1.1,ef66ed9,add,f5.bin,backend_store,0.5019589999999999,2097152,,None,blake3
2,18,2026-03-11T12:26:00.688035Z,elea,0.1.1,ef66ed9,add,f4.bin,backend_store,0.486834,2097152,,None,blake3
2,18,2026-03-11T12:26:00.688049Z,elea,0.1.1,ef66ed9,add,f2.bin,backend_store,0.504792,2097152,,None,blake3
2,18,2026-03-11T12:26:00.688057Z,elea,0.1.1,ef66ed9,add,f1.bin,backend_store,0.48183299999999996,2097152,,None,blake3
2,18,2026-03-11T12:26:00.688132Z,elea,0.1.1,ef66ed9,add,f3.bin,add_file_total,3.233542,2097152,,None,blake3
2,18,2026-03-11T12:26:00.688192Z,elea,0.1.1,ef66ed9,add,f5.bin,add_file_total,3.309833,2097152,,None,blake3
2,18,2026-03-11T12:26:00.688233Z,elea,0.1.1,ef66ed9,add,f4.bin,add_file_total,3.334291,2097152,,None,blake3
2,18,2026-03-11T12:26:00.688266Z,elea,0.1.1,ef66ed9,add,f1.bin,add_file_total,3.368792,2097152,,None,blake3
2,18,2026-03-11T12:26:00.688294Z,elea,0.1.1,ef66ed9,add,f2.bin,add_file_total,3.396083,2097152,,None,blake3
2,18,2026-03-11T12:26:00.688343Z,elea,0.1.1,ef66ed9,add,,add_total,3.498042,,5,None,blake3
2,4,2026-03-11T12:26:00.735605Z,elea,0.1.1,ef66ed9,hash,f4.bin,hash,1.1702080000000001,2097152,,,blake3
2,4,2026-03-11T12:26:00.735574Z,elea,0.1.1,ef66ed9,hash,f5.bin,hash,1.1631250000000002,2097152,,,blake3
2,4,2026-03-11T12:26:00.735597Z,elea,0.1.1,ef66ed9,hash,f2.bin,hash,1.1709159999999998,2097152,,,blake3
2,4,2026-03-11T12:26:00.735619Z,elea,0.1.1,ef66ed9,hash,f1.bin,hash,1.174458,2097152,,,blake3
2,4,2026-03-11T12:26:00.735589Z,elea,0.1.1,ef66ed9,hash,f3.bin,hash,1.1715,2097152,,,blake3
2,4,2026-03-11T12:26:00.737405Z,elea,0.1.1,ef66ed9,add,f4.bin,backend_store,0.478084,2097152,,None,blake3
2,4,2026-03-11T12:26:00.737412Z,elea,0.1.1,ef66ed9,add,f2.bin,backend_store,0.438708,2097152,,None,blake3
2,4,2026-03-11T12:26:00.737419Z,elea,0.1.1,ef66ed9,add,f5.bin,backend_store,0.47887500000000005,2097152,,None,blake3
2,4,2026-03-11T12:26:00.737454Z,elea,0.1.1,ef66ed9,add,f1.bin,backend_store,0.45199999999999996,2097152,,None,blake3
2,4,2026-03-11T12:26:00.737518Z,elea,0.1.1,ef66ed9,add,f3.bin,backend_store,0.5042920000000001,2097152,,None,blake3
2,4,2026-03-11T12:26:00.737605Z,elea,0.1.1,ef66ed9,add,f2.bin,add_file_total,3.2112909999999997,2097152,,None,blake3
2,4,2026-03-11T12:26:00.737643Z,elea,0.1.1,ef66ed9,add,f5.bin,add_file_total,3.277,2097152,,None,blake3
2,4,2026-03-11T12:26:00.73768Z,elea,0.1.1,ef66ed9,add,f1.bin,add_file_total,3.283375,2097152,,None,blake3
2,4,2026-03-11T12:26:00.737711Z,elea,0.1.1,ef66ed9,add,f4.bin,add_file_total,3.319833,2097152,,None,blake3
2,4,2026-03-11T12:26:00.737737Z,elea,0.1.1,ef66ed9,add,f3.bin,add_file_total,3.35175,2097152,,None,blake3
2,4,2026-03-11T12:26:00.737781Z,elea,0.1.1,ef66ed9,add,,add_total,3.454708,,5,None,blake3
5,9,2026-03-11T12:26:00.82016Z,elea,0.1.1,ef66ed9,hash,f3.bin,hash,2.910291,5242880,,,blake3
5,9,2026-03-11T12:26:00.820128Z,elea,0.1.1,ef66ed9,hash,f5.bin,hash,2.895959,5242880,,,blake3
5,9,2026-03-11T12:26:00.820182Z,elea,0.1.1,ef66ed9,hash,f2.bin,hash,2.938875,5242880,,,blake3
5,9,2026-03-11T12:26:00.820172Z,elea,0.1.1,ef66ed9,hash,f1.bin,hash,2.935958,5242880,,,blake3
5,9,2026-03-11T12:26:00.820148Z,elea,0.1.1,ef66ed9,hash,f4.bin,hash,2.9242909999999998,5242880,,,blake3
5,9,2026-03-11T12:26:00.822266Z,elea,0.1.1,ef66ed9,add,f3.bin,backend_store,0.410084,5242880,,None,blake3
5,9,2026-03-11T12:26:00.822279Z,elea,0.1.1,ef66ed9,add,f2.bin,backend_store,0.36000000000000004,5242880,,None,blake3
5,9,2026-03-11T12:26:00.822377Z,elea,0.1.1,ef66ed9,add,f5.bin,backend_store,0.508291,5242880,,None,blake3
5,9,2026-03-11T12:26:00.822415Z,elea,0.1.1,ef66ed9,add,f4.bin,backend_store,0.46779200000000004,5242880,,None,blake3
5,9,2026-03-11T12:26:00.822432Z,elea,0.1.1,ef66ed9,add,f1.bin,backend_store,0.508625,5242880,,None,blake3
5,9,2026-03-11T12:26:00.822461Z,elea,0.1.1,ef66ed9,add,f3.bin,add_file_total,5.284542,5242880,,None,blake3
5,9,2026-03-11T12:26:00.822504Z,elea,0.1.1,ef66ed9,add,f2.bin,add_file_total,5.333792000000001,5242880,,None,blake3
5,9,2026-03-11T12:26:00.822555Z,elea,0.1.1,ef66ed9,add,f5.bin,add_file_total,5.385083,5242880,,None,blake3
5,9,2026-03-11T12:26:00.822595Z,elea,0.1.1,ef66ed9,add,f4.bin,add_file_total,5.431709,5242880,,None,blake3
5,9,2026-03-11T12:26:00.822639Z,elea,0.1.1,ef66ed9,add,f1.bin,add_file_total,5.475833000000001,5242880,,None,blake3
5,9,2026-03-11T12:26:00.822687Z,elea,0.1.1,ef66ed9,add,,add_total,5.5683750000000005,,5,None,blake3
2,13,2026-03-11T12:26:00.872037Z,elea,0.1.1,ef66ed9,hash,f1.bin,hash,1.175208,2097152,,,blake3
2,13,2026-03-11T12:26:00.872048Z,elea,0.1.1,ef66ed9,hash,f2.bin,hash,1.1633749999999998,2097152,,,blake3
2,13,2026-03-11T12:26:00.87201Z,elea,0.1.1,ef66ed9,hash,f5.bin,hash,1.187792,2097152,,,blake3
2,13,2026-03-11T12:26:00.872018Z,elea,0.1.1,ef66ed9,hash,f3.bin,hash,1.184916,2097152,,,blake3
2,13,2026-03-11T12:26:00.872029Z,elea,0.1.1,ef66ed9,hash,f4.bin,hash,1.1986670000000001,2097152,,,blake3
2,13,2026-03-11T12:26:00.874049Z,elea,0.1.1,ef66ed9,add,f1.bin,backend_store,0.502834,2097152,,None,blake3
2,13,2026-03-11T12:26:00.874057Z,elea,0.1.1,ef66ed9,add,f2.bin,backend_store,0.500459,2097152,,None,blake3
2,13,2026-03-11T12:26:00.87413Z,elea,0.1.1,ef66ed9,add,f5.bin,backend_store,0.542875,2097152,,None,blake3
2,13,2026-03-11T12:26:00.874224Z,elea,0.1.1,ef66ed9,add,f2.bin,add_file_total,3.413708,2097152,,None,blake3
2,13,2026-03-11T12:26:00.874262Z,elea,0.1.1,ef66ed9,add,f3.bin,backend_store,0.560167,2097152,,None,blake3
2,13,2026-03-11T12:26:00.874275Z,elea,0.1.1,ef66ed9,add,f4.bin,backend_store,0.555667,2097152,,None,blake3
2,13,2026-03-11T12:26:00.874281Z,elea,0.1.1,ef66ed9,add,f1.bin,add_file_total,3.476916,2097152,,None,blake3
2,13,2026-03-11T12:26:00.874312Z,elea,0.1.1,ef66ed9,add,f5.bin,add_file_total,3.517625,2097152,,None,blake3
2,13,2026-03-11T12:26:00.874418Z,elea,0.1.1,ef66ed9,add,f3.bin,add_file_total,3.625208,2097152,,None,blake3
2,13,2026-03-11T12:26:00.874449Z,elea,0.1.1,ef66ed9,add,f4.bin,add_file_total,3.676416,2097152,,None,blake3
2,13,2026-03-11T12:26:00.874488Z,elea,0.1.1,ef66ed9,add,,add_total,3.7490840000000003,,5,None,blake3
2,9,2026-03-11T12:26:00.923526Z,elea,0.1.1,ef66ed9,hash,f4.bin,hash,1.191916,2097152,,,blake3
2,9,2026-03-11T12:26:00.923535Z,elea,0.1.1,ef66ed9,hash,f3.bin,hash,1.183667,2097152,,,blake3
2,9,2026-03-11T12:26:00.923542Z,elea,0.1.1,ef66ed9,hash,f1.bin,hash,1.201542,2097152,,,blake3
2,9,2026-03-11T12:26:00.923519Z,elea,0.1.1,ef66ed9,hash,f5.bin,hash,1.174416,2097152,,,blake3
2,9,2026-03-11T12:26:00.923511Z,elea,0.1.1,ef66ed9,hash,f2.bin,hash,1.190834,2097152,,,blake3
2,9,2026-03-11T12:26:00.925571Z,elea,0.1.1,ef66ed9,add,f3.bin,backend_store,0.5055,2097152,,None,blake3
2,9,2026-03-11T12:26:00.925593Z,elea,0.1.1,ef66ed9,add,f1.bin,backend_store,0.5025000000000001,2097152,,None,blake3
2,9,2026-03-11T12:26:00.925625Z,elea,0.1.1,ef66ed9,add,f4.bin,backend_store,0.574708,2097152,,None,blake3
2,9,2026-03-11T12:26:00.925635Z,elea,0.1.1,ef66ed9,add,f2.bin,backend_store,0.499625,2097152,,None,blake3
2,9,2026-03-11T12:26:00.925654Z,elea,0.1.1,ef66ed9,add,f5.bin,backend_store,0.546542,2097152,,None,blake3
2,9,2026-03-11T12:26:00.925734Z,elea,0.1.1,ef66ed9,add,f3.bin,add_file_total,3.448417,2097152,,None,blake3
2,9,2026-03-11T12:26:00.92578Z,elea,0.1.1,ef66ed9,add,f2.bin,add_file_total,3.49525,2097152,,None,blake3
2,9,2026-03-11T12:26:00.925818Z,elea,0.1.1,ef66ed9,add,f1.bin,add_file_total,3.555167,2097152,,None,blake3
2,9,2026-03-11T12:26:00.925851Z,elea,0.1.1,ef66ed9,add,f4.bin,add_file_total,3.56475,2097152,,None,blake3
2,9,2026-03-11T12:26:00.925882Z,elea,0.1.1,ef66ed9,add,f5.bin,add_file_total,3.590833,2097152,,None,blake3
2,9,2026-03-11T12:26:00.925934Z,elea,0.1.1,ef66ed9,add,,add_total,3.7039590000000002,,5,None,blake3
10,4,2026-03-11T12:26:01.074801Z,elea,0.1.1,ef66ed9,hash,f3.bin,hash,5.766041,10485760,,,blake3
10,4,2026-03-11T12:26:01.074845Z,elea,0.1.1,ef66ed9,hash,f2.bin,hash,5.840375,10485760,,,blake3
10,4,2026-03-11T12:26:01.074821Z,elea,0.1.1,ef66ed9,hash,f1.bin,hash,5.831792,10485760,,,blake3
10,4,2026-03-11T12:26:01.074811Z,elea,0.1.1,ef66ed9,hash,f5.bin,hash,5.822375,10485760,,,blake3
10,4,2026-03-11T12:26:01.074781Z,elea,0.1.1,ef66ed9,hash,f4.bin,hash,5.782084,10485760,,,blake3
10,4,2026-03-11T12:26:01.077145Z,elea,0.1.1,ef66ed9,add,f3.bin,backend_store,0.526083,10485760,,None,blake3
10,4,2026-03-11T12:26:01.077169Z,elea,0.1.1,ef66ed9,add,f1.bin,backend_store,0.49583299999999997,10485760,,None,blake3
10,4,2026-03-11T12:26:01.077207Z,elea,0.1.1,ef66ed9,add,f2.bin,backend_store,0.563333,10485760,,None,blake3
10,4,2026-03-11T12:26:01.07723Z,elea,0.1.1,ef66ed9,add,f5.bin,backend_store,0.540458,10485760,,None,blake3
10,4,2026-03-11T12:26:01.077269Z,elea,0.1.1,ef66ed9,add,f4.bin,backend_store,0.49270800000000003,10485760,,None,blake3
10,4,2026-03-11T12:26:01.077361Z,elea,0.1.1,ef66ed9,add,f3.bin,add_file_total,8.401250000000001,10485760,,None,blake3
10,4,2026-03-11T12:26:01.077392Z,elea,0.1.1,ef66ed9,add,f5.bin,add_file_total,8.437042,10485760,,None,blake3
10,4,2026-03-11T12:26:01.077437Z,elea,0.1.1,ef66ed9,add,f2.bin,add_file_total,8.476667,10485760,,None,blake3
10,4,2026-03-11T12:26:01.077478Z,elea,0.1.1,ef66ed9,add,f1.bin,add_file_total,8.544915999999999,10485760,,None,blake3
10,4,2026-03-11T12:26:01.077524Z,elea,0.1.1,ef66ed9,add,f4.bin,add_file_total,8.566832999999999,10485760,,None,blake3
10,4,2026-03-11T12:26:01.077596Z,elea,0.1.1,ef66ed9,add,,add_total,8.69825,,5,None,blake3
5,20,2026-03-11T12:26:01.166119Z,elea,0.1.1,ef66ed9,hash,f1.bin,hash,2.90325,5242880,,,blake3
5,20,2026-03-11T12:26:01.166093Z,elea,0.1.1,ef66ed9,hash,f2.bin,hash,2.8937500000000003,5242880,,,blake3
5,20,2026-03-11T12:26:01.166085Z,elea,0.1.1,ef66ed9,hash,f4.bin,hash,2.90875,5242880,,,blake3
5,20,2026-03-11T12:26:01.16607Z,elea,0.1.1,ef66ed9,hash,f5.bin,hash,2.8852499999999996,5242880,,,blake3
5,20,2026-03-11T12:26:01.16611Z,elea,0.1.1,ef66ed9,hash,f3.bin,hash,2.908125,5242880,,,blake3
5,20,2026-03-11T12:26:01.168329Z,elea,0.1.1,ef66ed9,add,f4.bin,backend_store,0.489917,5242880,,None,blake3
5,20,2026-03-11T12:26:01.168359Z,elea,0.1.1,ef66ed9,add,f1.bin,backend_store,0.5585,5242880,,None,blake3
5,20,2026-03-11T12:26:01.168367Z,elea,0.1.1,ef66ed9,add,f5.bin,backend_store,0.48579199999999995,5242880,,None,blake3
5,20,2026-03-11T12:26:01.168378Z,elea,0.1.1,ef66ed9,add,f2.bin,backend_store,0.5491670000000001,5242880,,None,blake3
5,20,2026-03-11T12:26:01.168389Z,elea,0.1.1,ef66ed9,add,f3.bin,backend_store,0.484,5242880,,None,blake3
5,20,2026-03-11T12:26:01.168509Z,elea,0.1.1,ef66ed9,add,f4.bin,add_file_total,5.3745,5242880,,None,blake3
5,20,2026-03-11T12:26:01.168545Z,elea,0.1.1,ef66ed9,add,f1.bin,add_file_total,5.403084,5242880,,None,blake3
5,20,2026-03-11T12:26:01.168579Z,elea,0.1.1,ef66ed9,add,f2.bin,add_file_total,5.44025,5242880,,None,blake3
5,20,2026-03-11T12:26:01.168613Z,elea,0.1.1,ef66ed9,add,f3.bin,add_file_total,5.473292,5242880,,None,blake3
5,20,2026-03-11T12:26:01.168642Z,elea,0.1.1,ef66ed9,add,f5.bin,add_file_total,5.509958,5242880,,None,blake3
5,20,2026-03-11T12:26:01.168686Z,elea,0.1.1,ef66ed9,add,,add_total,5.596959,,5,None,blake3
2,11,2026-03-11T12:26:01.215751Z,elea,0.1.1,ef66ed9,hash,f3.bin,hash,1.1675,2097152,,,blake3
2,11,2026-03-11T12:26:01.215786Z,elea,0.1.1,ef66ed9,hash,f5.bin,hash,1.2214159999999998,2097152,,,blake3
2,11,2026-03-11T12:26:01.215744Z,elea,0.1.1,ef66ed9,hash,f4.bin,hash,1.164291,2097152,,,blake3
2,11,2026-03-11T12:26:01.21577Z,elea,0.1.1,ef66ed9,hash,f1.bin,hash,1.179208,2097152,,,blake3
2,11,2026-03-11T12:26:01.215735Z,elea,0.1.1,ef66ed9,hash,f2.bin,hash,1.177209,2097152,,,blake3
2,11,2026-03-11T12:26:01.217546Z,elea,0.1.1,ef66ed9,add,f1.bin,backend_store,0.362458,2097152,,None,blake3
2,11,2026-03-11T12:26:01.217612Z,elea,0.1.1,ef66ed9,add,f4.bin,backend_store,0.40558299999999997,2097152,,None,blake3
2,11,2026-03-11T12:26:01.217679Z,elea,0.1.1,ef66ed9,add,f5.bin,backend_store,0.449084,2097152,,None,blake3
2,11,2026-03-11T12:26:01.217712Z,elea,0.1.1,ef66ed9,add,f1.bin,add_file_total,3.174917,2097152,,None,blake3
2,11,2026-03-11T12:26:01.217721Z,elea,0.1.1,ef66ed9,add,f2.bin,backend_store,0.472042,2097152,,None,blake3
2,11,2026-03-11T12:26:01.21773Z,elea,0.1.1,ef66ed9,add,f3.bin,backend_store,0.530209,2097152,,None,blake3
2,11,2026-03-11T12:26:01.217749Z,elea,0.1.1,ef66ed9,add,f4.bin,add_file_total,3.218709,2097152,,None,blake3
2,11,2026-03-11T12:26:01.217816Z,elea,0.1.1,ef66ed9,add,f5.bin,add_file_total,3.298625,2097152,,None,blake3
2,11,2026-03-11T12:26:01.217847Z,elea,0.1.1,ef66ed9,add,f2.bin,add_file_total,3.3335,2097152,,None,blake3
2,11,2026-03-11T12:26:01.217876Z,elea,0.1.1,ef66ed9,add,f3.bin,add_file_total,3.346209,2097152,,None,blake3
2,11,2026-03-11T12:26:01.217923Z,elea,0.1.1,ef66ed9,add,,add_total,3.456375,,5,None,blake3
10,20,2026-03-11T12:26:01.365612Z,elea,0.1.1,ef66ed9,hash,f4.bin,hash,5.7903329999999995,10485760,,,blake3
10,20,2026-03-11T12:26:01.365527Z,elea,0.1.1,ef66ed9,hash,f2.bin,hash,5.669709,10485760,,,blake3
10,20,2026-03-11T12:26:01.365658Z,elea,0.1.1,ef66ed9,hash,f1.bin,hash,5.822500000000001,10485760,,,blake3
10,20,2026-03-11T12:26:01.365553Z,elea,0.1.1,ef66ed9,hash,f5.bin,hash,5.751292,10485760,,,blake3
10,20,2026-03-11T12:26:01.365624Z,elea,0.1.1,ef66ed9,hash,f3.bin,hash,5.837292,10485760,,,blake3
10,20,2026-03-11T12:26:01.36788Z,elea,0.1.1,ef66ed9,add,f4.bin,backend_store,0.545791,10485760,,None,blake3
10,20,2026-03-11T12:26:01.367938Z,elea,0.1.1,ef66ed9,add,f3.bin,backend_store,0.520541,10485760,,None,blake3
10,20,2026-03-11T12:26:01.367951Z,elea,0.1.1,ef66ed9,add,f2.bin,backend_store,0.567334,10485760,,None,blake3
10,20,2026-03-11T12:26:01.367963Z,elea,0.1.1,ef66ed9,add,f5.bin,backend_store,0.481583,10485760,,None,blake3
10,20,2026-03-11T12:26:01.367977Z,elea,0.1.1,ef66ed9,add,f1.bin,backend_store,0.5772499999999999,10485760,,None,blake3
10,20,2026-03-11T12:26:01.368033Z,elea,0.1.1,ef66ed9,add,f4.bin,add_file_total,8.26525,10485760,,None,blake3
10,20,2026-03-11T12:26:01.368111Z,elea,0.1.1,ef66ed9,add,f3.bin,add_file_total,8.364334,10485760,,None,blake3
10,20,2026-03-11T12:26:01.368176Z,elea,0.1.1,ef66ed9,add,f1.bin,add_file_total,8.402166000000001,10485760,,None,blake3
10,20,2026-03-11T12:26:01.368223Z,elea,0.1.1,ef66ed9,add,f2.bin,add_file_total,8.43125,10485760,,None,blake3
10,20,2026-03-11T12:26:01.36827Z,elea,0.1.1,ef66ed9,add,f5.bin,add_file_total,8.50225,10485760,,None,blake3
10,20,2026-03-11T12:26:01.368341Z,elea,0.1.1,ef66ed9,add,,add_total,8.637417,,5,None,blake3
1,25,2026-03-11T12:26:01.404743Z,elea,0.1.1,ef66ed9,hash,f2.bin,hash,0.605291,1048576,,,blake3
1,25,2026-03-11T12:26:01.404768Z,elea,0.1.1,ef66ed9,hash,f3.bin,hash,0.612583,1048576,,,blake3
1,25,2026-03-11T12:26:01.404728Z,elea,0.1.1,ef66ed9,hash,f5.bin,hash,0.6095,1048576,,,blake3
1,25,2026-03-11T12:26:01.404761Z,elea,0.1.1,ef66ed9,hash,f1.bin,hash,0.6055,1048576,,,blake3
1,25,2026-03-11T12:26:01.404751Z,elea,0.1.1,ef66ed9,hash,f4.bin,hash,0.600208,1048576,,,blake3
1,25,2026-03-11T12:26:01.406776Z,elea,0.1.1,ef66ed9,add,f3.bin,backend_store,0.513666,1048576,,None,blake3
1,25,2026-03-11T12:26:01.406781Z,elea,0.1.1,ef66ed9,add,f5.bin,backend_store,0.49370800000000004,1048576,,None,blake3
1,25,2026-03-11T12:26:01.40679Z,elea,0.1.1,ef66ed9,add,f2.bin,backend_store,0.540083,1048576,,None,blake3
1,25,2026-03-11T12:26:01.406799Z,elea,0.1.1,ef66ed9,add,f1.bin,backend_store,0.486958,1048576,,None,blake3
1,25,2026-03-11T12:26:01.406819Z,elea,0.1.1,ef66ed9,add,f4.bin,backend_store,0.48104199999999997,1048576,,None,blake3
1,25,2026-03-11T12:26:01.406948Z,elea,0.1.1,ef66ed9,add,f3.bin,add_file_total,2.841459,1048576,,None,blake3
1,25,2026-03-11T12:26:01.406987Z,elea,0.1.1,ef66ed9,add,f2.bin,add_file_total,2.8752500000000003,1048576,,None,blake3
1,25,2026-03-11T12:26:01.407019Z,elea,0.1.1,ef66ed9,add,f5.bin,add_file_total,2.940833,1048576,,None,blake3
1,25,2026-03-11T12:26:01.407053Z,elea,0.1.1,ef66ed9,add,f1.bin,add_file_total,2.948417,1048576,,None,blake3
1,25,2026-03-11T12:26:01.407081Z,elea,0.1.1,ef66ed9,add,f4.bin,add_file_total,2.964792,1048576,,None,blake3
1,25,2026-03-11T12:26:01.407128Z,elea,0.1.1,ef66ed9,add,,add_total,3.086416,,5,None,blake3
5,11,2026-03-11T12:26:01.490442Z,elea,0.1.1,ef66ed9,hash,f3.bin,hash,2.9298330000000004,5242880,,,blake3
5,11,2026-03-11T12:26:01.490432Z,elea,0.1.1,ef66ed9,hash,f2.bin,hash,2.910917,5242880,,,blake3
5,11,2026-03-11T12:26:01.490395Z,elea,0.1.1,ef66ed9,hash,f1.bin,hash,2.919333,5242880,,,blake3
5,11,2026-03-11T12:26:01.490417Z,elea,0.1.1,ef66ed9,hash,f5.bin,hash,2.8914169999999997,5242880,,,blake3
5,11,2026-03-11T12:26:01.490449Z,elea,0.1.1,ef66ed9,hash,f4.bin,hash,2.900459,5242880,,,blake3
5,11,2026-03-11T12:26:01.492569Z,elea,0.1.1,ef66ed9,add,f2.bin,backend_store,0.373375,5242880,,None,blake3
5,11,2026-03-11T12:26:01.492652Z,elea,0.1.1,ef66ed9,add,f1.bin,backend_store,0.432167,5242880,,None,blake3
5,11,2026-03-11T12:26:01.492706Z,elea,0.1.1,ef66ed9,add,f3.bin,backend_store,0.5273749999999999,5242880,,None,blake3
5,11,2026-03-11T12:26:01.492717Z,elea,0.1.1,ef66ed9,add,f2.bin,add_file_total,5.286458,5242880,,None,blake3
5,11,2026-03-11T12:26:01.492725Z,elea,0.1.1,ef66ed9,add,f5.bin,backend_store,0.46712499999999996,5242880,,None,blake3
5,11,2026-03-11T12:26:01.492737Z,elea,0.1.1,ef66ed9,add,f4.bin,backend_store,0.461542,5242880,,None,blake3
5,11,2026-03-11T12:26:01.49279Z,elea,0.1.1,ef66ed9,add,f1.bin,add_file_total,5.368875,5242880,,None,blake3
5,11,2026-03-11T12:26:01.492858Z,elea,0.1.1,ef66ed9,add,f3.bin,add_file_total,5.4316249999999995,5242880,,None,blake3
5,11,2026-03-11T12:26:01.492888Z,elea,0.1.1,ef66ed9,add,f4.bin,add_file_total,5.4581669999999995,5242880,,None,blake3
5,11,2026-03-11T12:26:01.492915Z,elea,0.1.1,ef66ed9,add,f5.bin,add_file_total,5.484834,5242880,,None,blake3
5,11,2026-03-11T12:26:01.492969Z,elea,0.1.1,ef66ed9,add,,add_total,5.588834,,5,None,blake3
50,12,2026-03-11T12:26:02.126505Z,elea,0.1.1,ef66ed9,hash,f1.bin,hash,28.969708999999998,52428800,,,blake3
50,12,2026-03-11T12:26:02.12635Z,elea,0.1.1,ef66ed9,hash,f2.bin,hash,28.835916,52428800,,,blake3
50,12,2026-03-11T12:26:02.126362Z,elea,0.1.1,ef66ed9,hash,f5.bin,hash,28.814083,52428800,,,blake3
50,12,2026-03-11T12:26:02.126408Z,elea,0.1.1,ef66ed9,hash,f3.bin,hash,28.904417000000002,52428800,,,blake3
50,12,2026-03-11T12:26:02.126161Z,elea,0.1.1,ef66ed9,hash,f4.bin,hash,28.627834,52428800,,,blake3
50,12,2026-03-11T12:26:02.128738Z,elea,0.1.1,ef66ed9,add,f1.bin,backend_store,0.677583,52428800,,None,blake3
50,12,2026-03-11T12:26:02.128767Z,elea,0.1.1,ef66ed9,add,f2.bin,backend_store,0.705917,52428800,,None,blake3
50,12,2026-03-11T12:26:02.128785Z,elea,0.1.1,ef66ed9,add,f4.bin,backend_store,0.627709,52428800,,None,blake3
50,12,2026-03-11T12:26:02.129Z,elea,0.1.1,ef66ed9,add,f5.bin,backend_store,0.8704160000000001,52428800,,None,blake3
50,12,2026-03-11T12:26:02.129028Z,elea,0.1.1,ef66ed9,add,f1.bin,add_file_total,31.534708000000002,52428800,,None,blake3
50,12,2026-03-11T12:26:02.129048Z,elea,0.1.1,ef66ed9,add,f3.bin,backend_store,0.933333,52428800,,None,blake3
50,12,2026-03-11T12:26:02.12909Z,elea,0.1.1,ef66ed9,add,f2.bin,add_file_total,31.578833,52428800,,None,blake3
50,12,2026-03-11T12:26:02.129142Z,elea,0.1.1,ef66ed9,add,f4.bin,add_file_total,31.645125000000004,52428800,,None,blake3
50,12,2026-03-11T12:26:02.129195Z,elea,0.1.1,ef66ed9,add,f5.bin,add_file_total,31.702958000000002,52428800,,None,blake3
50,12,2026-03-11T12:26:02.129243Z,elea,0.1.1,ef66ed9,add,f3.bin,add_file_total,31.776917,52428800,,None,blake3
50,12,2026-03-11T12:26:02.129293Z,elea,0.1.1,ef66ed9,add,,add_total,31.855957999999998,,5,None,blake3
10,9,2026-03-11T12:26:02.281437Z,elea,0.1.1,ef66ed9,hash,f1.bin,hash,5.672583,10485760,,,blake3
10,9,2026-03-11T12:26:02.281425Z,elea,0.1.1,ef66ed9,hash,f5.bin,hash,5.727042,10485760,,,blake3
10,9,2026-03-11T12:26:02.281474Z,elea,0.1.1,ef66ed9,hash,f3.bin,hash,5.725917,10485760,,,blake3
10,9,2026-03-11T12:26:02.281484Z,elea,0.1.1,ef66ed9,hash,f4.bin,hash,5.727083,10485760,,,blake3
10,9,2026-03-11T12:26:02.281458Z,elea,0.1.1,ef66ed9,hash,f2.bin,hash,5.742458,10485760,,,blake3
10,9,2026-03-11T12:26:02.283474Z,elea,0.1.1,ef66ed9,add,f1.bin,backend_store,0.43675,10485760,,None,blake3
10,9,2026-03-11T12:26:02.283558Z,elea,0.1.1,ef66ed9,add,f3.bin,backend_store,0.460042,10485760,,None,blake3
10,9,2026-03-11T12:26:02.28357Z,elea,0.1.1,ef66ed9,add,f5.bin,backend_store,0.501708,10485760,,None,blake3
10,9,2026-03-11T12:26:02.283593Z,elea,0.1.1,ef66ed9,add,f2.bin,backend_store,0.422333,10485760,,None,blake3
10,9,2026-03-11T12:26:02.283629Z,elea,0.1.1,ef66ed9,add,f4.bin,backend_store,0.494458,10485760,,None,blake3
10,9,2026-03-11T12:26:02.28365Z,elea,0.1.1,ef66ed9,add,f1.bin,add_file_total,7.954167,10485760,,None,blake3
10,9,2026-03-11T12:26:02.283722Z,elea,0.1.1,ef66ed9,add,f3.bin,add_file_total,8.041958,10485760,,None,blake3
10,9,2026-03-11T12:26:02.283774Z,elea,0.1.1,ef66ed9,add,f2.bin,add_file_total,8.096625,10485760,,None,blake3
10,9,2026-03-11T12:26:02.283829Z,elea,0.1.1,ef66ed9,add,f5.bin,add_file_total,8.171917,10485760,,None,blake3
10,9,2026-03-11T12:26:02.283868Z,elea,0.1.1,ef66ed9,add,f4.bin,add_file_total,8.185292,10485760,,None,blake3
10,9,2026-03-11T12:26:02.28392Z,elea,0.1.1,ef66ed9,add,,add_total,8.296167,,5,None,blake3
10,23,2026-03-11T12:26:02.431458Z,elea,0.1.1,ef66ed9,hash,f2.bin,hash,5.843875,10485760,,,blake3
10,23,2026-03-11T12:26:02.431409Z,elea,0.1.1,ef66ed9,hash,f4.bin,hash,5.824292,10485760,,,blake3
10,23,2026-03-11T12:26:02.431329Z,elea,0.1.1,ef66ed9,hash,f5.bin,hash,5.749167,10485760,,,blake3
10,23,2026-03-11T12:26:02.431393Z,elea,0.1.1,ef66ed9,hash,f1.bin,hash,5.841209,10485760,,,blake3
10,23,2026-03-11T12:26:02.431298Z,elea,0.1.1,ef66ed9,hash,f3.bin,hash,5.7010000000000005,10485760,,,blake3
10,23,2026-03-11T12:26:02.433853Z,elea,0.1.1,ef66ed9,add,f2.bin,backend_store,0.504791,10485760,,None,blake3
10,23,2026-03-11T12:26:02.43391Z,elea,0.1.1,ef66ed9,add,f4.bin,backend_store,0.549083,10485760,,None,blake3
10,23,2026-03-11T12:26:02.433919Z,elea,0.1.1,ef66ed9,add,f5.bin,backend_store,0.5241659999999999,10485760,,None,blake3
10,23,2026-03-11T12:26:02.433944Z,elea,0.1.1,ef66ed9,add,f1.bin,backend_store,0.511333,10485760,,None,blake3
10,23,2026-03-11T12:26:02.433963Z,elea,0.1.1,ef66ed9,add,f3.bin,backend_store,0.514125,10485760,,None,blake3
10,23,2026-03-11T12:26:02.434068Z,elea,0.1.1,ef66ed9,add,f2.bin,add_file_total,8.535792,10485760,,None,blake3
10,23,2026-03-11T12:26:02.434103Z,elea,0.1.1,ef66ed9,add,f4.bin,add_file_total,8.576167000000002,10485760,,None,blake3
10,23,2026-03-11T12:26:02.434132Z,elea,0.1.1,ef66ed9,add,f5.bin,add_file_total,8.60125,10485760,,None,blake3
10,23,2026-03-11T12:26:02.434162Z,elea,0.1.1,ef66ed9,add,f1.bin,add_file_total,8.652459,10485760,,None,blake3
10,23,2026-03-11T12:26:02.434192Z,elea,0.1.1,ef66ed9,add,f3.bin,add_file_total,8.659666,10485760,,None,blake3
10,23,2026-03-11T12:26:02.434243Z,elea,0.1.1,ef66ed9,add,,add_total,8.776708,,5,None,blake3
1,3,2026-03-11T12:26:02.469788Z,elea,0.1.1,ef66ed9,hash,f3.bin,hash,0.610875,1048576,,,blake3
1,3,2026-03-11T12:26:02.469779Z,elea,0.1.1,ef66ed9,hash,f5.bin,hash,0.609417,1048576,,,blake3
1,3,2026-03-11T12:26:02.469763Z,elea,0.1.1,ef66ed9,hash,f2.bin,hash,0.613458,1048576,,,blake3
1,3,2026-03-11T12:26:02.469749Z,elea,0.1.1,ef66ed9,hash,f4.bin,hash,0.625709,1048576,,,blake3
1,3,2026-03-11T12:26:02.469798Z,elea,0.1.1,ef66ed9,hash,f1.bin,hash,0.611708,1048576,,,blake3
1,3,2026-03-11T12:26:02.471765Z,elea,0.1.1,ef66ed9,add,f3.bin,backend_store,0.466583,1048576,,None,blake3
1,3,2026-03-11T12:26:02.47183Z,elea,0.1.1,ef66ed9,add,f2.bin,backend_store,0.499166,1048576,,None,blake3
1,3,2026-03-11T12:26:02.471852Z,elea,0.1.1,ef66ed9,add,f5.bin,backend_store,0.534833,1048576,,None,blake3
1,3,2026-03-11T12:26:02.4719Z,elea,0.1.1,ef66ed9,add,f4.bin,backend_store,0.52125,1048576,,None,blake3
1,3,2026-03-11T12:26:02.471907Z,elea,0.1.1,ef66ed9,add,f1.bin,backend_store,0.5265,1048576,,None,blake3
1,3,2026-03-11T12:26:02.471927Z,elea,0.1.1,ef66ed9,add,f3.bin,add_file_total,2.817,1048576,,None,blake3
1,3,2026-03-11T12:26:02.471964Z,elea,0.1.1,ef66ed9,add,f2.bin,add_file_total,2.848041,1048576,,None,blake3
1,3,2026-03-11T12:26:02.472011Z,elea,0.1.1,ef66ed9,add,f5.bin,add_file_total,2.9255,1048576,,None,blake3
1,3,2026-03-11T12:26:02.472039Z,elea,0.1.1,ef66ed9,add,f4.bin,add_file_total,2.955583,1048576,,None,blake3
1,3,2026-03-11T12:26:02.472066Z,elea,0.1.1,ef66ed9,add,f1.bin,add_file_total,2.936,1048576,,None,blake3
1,3,2026-03-11T12:26:02.472122Z,elea,0.1.1,ef66ed9,add,,add_total,3.0869999999999997,,5,None,blake3
1,10,2026-03-11T12:26:02.506639Z,elea,0.1.1,ef66ed9,hash,f4.bin,hash,0.59875,1048576,,,blake3
1,10,2026-03-11T12:26:02.506622Z,elea,0.1.1,ef66ed9,hash,f1.bin,hash,0.606833,1048576,,,blake3
1,10,2026-03-11T12:26:02.506614Z,elea,0.1.1,ef66ed9,hash,f3.bin,hash,0.604042,1048576,,,blake3
1,10,2026-03-11T12:26:02.506631Z,elea,0.1.1,ef66ed9,hash,f2.bin,hash,0.600333,1048576,,,blake3
1,10,2026-03-11T12:26:02.506605Z,elea,0.1.1,ef66ed9,hash,f5.bin,hash,0.609209,1048576,,,blake3
1,10,2026-03-11T12:26:02.508525Z,elea,0.1.1,ef66ed9,add,f4.bin,backend_store,0.40904199999999996,1048576,,None,blake3
1,10,2026-03-11T12:26:02.508621Z,elea,0.1.1,ef66ed9,add,f3.bin,backend_store,0.452042,1048576,,None,blake3
1,10,2026-03-11T12:26:02.508622Z,elea,0.1.1,ef66ed9,add,f2.bin,backend_store,0.44175,1048576,,None,blake3
1,10,2026-03-11T12:26:02.508664Z,elea,0.1.1,ef66ed9,add,f5.bin,backend_store,0.45441699999999996,1048576,,None,blake3
1,10,2026-03-11T12:26:02.508686Z,elea,0.1.1,ef66ed9,add,f1.bin,backend_store,0.5521659999999999,1048576,,None,blake3
1,10,2026-03-11T12:26:02.508747Z,elea,0.1.1,ef66ed9,add,f4.bin,add_file_total,2.758,1048576,,None,blake3
1,10,2026-03-11T12:26:02.5088Z,elea,0.1.1,ef66ed9,add,f3.bin,add_file_total,2.823875,1048576,,None,blake3
1,10,2026-03-11T12:26:02.50883Z,elea,0.1.1,ef66ed9,add,f2.bin,add_file_total,2.8495,1048576,,None,blake3
1,10,2026-03-11T12:26:02.508861Z,elea,0.1.1,ef66ed9,add,f5.bin,add_file_total,2.905792,1048576,,None,blake3
1,10,2026-03-11T12:26:02.508888Z,elea,0.1.1,ef66ed9,add,f1.bin,add_file_total,2.90825,1048576,,None,blake3
1,10,2026-03-11T12:26:02.508937Z,elea,0.1.1,ef66ed9,add,,add_total,3.014167,,5,None,blake3
2,2,2026-03-11T12:26:02.555117Z,elea,0.1.1,ef66ed9,hash,f3.bin,hash,1.175333,2097152,,,blake3
2,2,2026-03-11T12:26:02.555149Z,elea,0.1.1,ef66ed9,hash,f1.bin,hash,1.180333,2097152,,,blake3
2,2,2026-03-11T12:26:02.555118Z,elea,0.1.1,ef66ed9,hash,f5.bin,hash,1.176583,2097152,,,blake3
2,2,2026-03-11T12:26:02.555131Z,elea,0.1.1,ef66ed9,hash,f2.bin,hash,1.186708,2097152,,,blake3
2,2,2026-03-11T12:26:02.555141Z,elea,0.1.1,ef66ed9,hash,f4.bin,hash,1.1713330000000002,2097152,,,blake3
2,2,2026-03-11T12:26:02.557115Z,elea,0.1.1,ef66ed9,add,f3.bin,backend_store,0.5330419999999999,2097152,,None,blake3
2,2,2026-03-11T12:26:02.557132Z,elea,0.1.1,ef66ed9,add,f5.bin,backend_store,0.51625,2097152,,None,blake3
2,2,2026-03-11T12:26:02.557154Z,elea,0.1.1,ef66ed9,add,f2.bin,backend_store,0.512667,2097152,,None,blake3
2,2,2026-03-11T12:26:02.557176Z,elea,0.1.1,ef66ed9,add,f1.bin,backend_store,0.582041,2097152,,None,blake3
2,2,2026-03-11T12:26:02.557189Z,elea,0.1.1,ef66ed9,add,f4.bin,backend_store,0.521875,2097152,,None,blake3
2,2,2026-03-11T12:26:02.557266Z,elea,0.1.1,ef66ed9,add,f3.bin,add_file_total,3.356333,2097152,,None,blake3
2,2,2026-03-11T12:26:02.557299Z,elea,0.1.1,ef66ed9,add,f5.bin,add_file_total,3.397,2097152,,None,blake3
2,2,2026-03-11T12:26:02.557329Z,elea,0.1.1,ef66ed9,add,f2.bin,add_file_total,3.443167,2097152,,None,blake3
2,2,2026-03-11T12:26:02.557358Z,elea,0.1.1,ef66ed9,add,f1.bin,add_file_total,3.4472080000000003,2097152,,None,blake3
2,2,2026-03-11T12:26:02.557386Z,elea,0.1.1,ef66ed9,add,f4.bin,add_file_total,3.473292,2097152,,None,blake3
2,2,2026-03-11T12:26:02.55744Z,elea,0.1.1,ef66ed9,add,,add_total,3.586792,,5,None,blake3
10,12,2026-03-11T12:26:02.70286Z,elea,0.1.1,ef66ed9,hash,f4.bin,hash,5.860875,10485760,,,blake3
10,12,2026-03-11T12:26:02.702886Z,elea,0.1.1,ef66ed9,hash,f1.bin,hash,5.907417,10485760,,,blake3
10,12,2026-03-11T12:26:02.702773Z,elea,0.1.1,ef66ed9,hash,f3.bin,hash,5.799708,10485760,,,blake3
10,12,2026-03-11T12:26:02.70284Z,elea,0.1.1,ef66ed9,hash,f5.bin,hash,5.849458,10485760,,,blake3
10,12,2026-03-11T12:26:02.70282Z,elea,0.1.1,ef66ed9,hash,f2.bin,hash,5.811542,10485760,,,blake3
10,12,2026-03-11T12:26:02.704851Z,elea,0.1.1,ef66ed9,add,f4.bin,backend_store,0.39575,10485760,,None,blake3
10,12,2026-03-11T12:26:02.704866Z,elea,0.1.1,ef66ed9,add,f1.bin,backend_store,0.395166,10485760,,None,blake3
10,12,2026-03-11T12:26:02.705008Z,elea,0.1.1,ef66ed9,add,f3.bin,backend_store,0.5105,10485760,,None,blake3
10,12,2026-03-11T12:26:02.70502Z,elea,0.1.1,ef66ed9,add,f5.bin,backend_store,0.429625,10485760,,None,blake3
10,12,2026-03-11T12:26:02.705046Z,elea,0.1.1,ef66ed9,add,f1.bin,add_file_total,8.095458,10485760,,None,blake3
10,12,2026-03-11T12:26:02.705104Z,elea,0.1.1,ef66ed9,add,f2.bin,backend_store,0.453917,10485760,,None,blake3
10,12,2026-03-11T12:26:02.705143Z,elea,0.1.1,ef66ed9,add,f4.bin,add_file_total,8.147124999999999,10485760,,None,blake3
10,12,2026-03-11T12:26:02.705156Z,elea,0.1.1,ef66ed9,add,f5.bin,add_file_total,8.205167,10485760,,None,blake3
10,12,2026-03-11T12:26:02.705196Z,elea,0.1.1,ef66ed9,add,f3.bin,add_file_total,8.258792,10485760,,None,blake3
10,12,2026-03-11T12:26:02.70523Z,elea,0.1.1,ef66ed9,add,f2.bin,add_file_total,8.275667,10485760,,None,blake3
10,12,2026-03-11T12:26:02.705292Z,elea,0.1.1,ef66ed9,add,,add_total,8.393834,,5,None,blake3
10,13,2026-03-11T12:26:02.852172Z,elea,0.1.1,ef66ed9,hash,f4.bin,hash,5.808375,10485760,,,blake3
10,13,2026-03-11T12:26:02.852205Z,elea,0.1.1,ef66ed9,hash,f2.bin,hash,5.826625,10485760,,,blake3
10,13,2026-03-11T12:26:02.852101Z,elea,0.1.1,ef66ed9,hash,f5.bin,hash,5.746,10485760,,,blake3
10,13,2026-03-11T12:26:02.852379Z,elea,0.1.1,ef66ed9,hash,f3.bin,hash,6.009041,10485760,,,blake3
10,13,2026-03-11T12:26:02.852181Z,elea,0.1.1,ef66ed9,hash,f1.bin,hash,5.7845830000000005,10485760,,,blake3
10,13,2026-03-11T12:26:02.854432Z,elea,0.1.1,ef66ed9,add,f4.bin,backend_store,0.47800000000000004,10485760,,None,blake3
10,13,2026-03-11T12:26:02.85445Z,elea,0.1.1,ef66ed9,add,f2.bin,backend_store,0.482375,10485760,,None,blake3
10,13,2026-03-11T12:26:02.854465Z,elea,0.1.1,ef66ed9,add,f3.bin,backend_store,0.43274999999999997,10485760,,None,blake3
10,13,2026-03-11T12:26:02.854476Z,elea,0.1.1,ef66ed9,add,f1.bin,backend_store,0.42329100000000003,10485760,,None,blake3
10,13,2026-03-11T12:26:02.854525Z,elea,0.1.1,ef66ed9,add,f5.bin,backend_store,0.5034580000000001,10485760,,None,blake3
10,13,2026-03-11T12:26:02.854623Z,elea,0.1.1,ef66ed9,add,f2.bin,add_file_total,8.286833,10485760,,None,blake3
10,13,2026-03-11T12:26:02.854692Z,elea,0.1.1,ef66ed9,add,f3.bin,add_file_total,8.357583,10485760,,None,blake3
10,13,2026-03-11T12:26:02.854743Z,elea,0.1.1,ef66ed9,add,f4.bin,add_file_total,8.403792000000001,10485760,,None,blake3
10,13,2026-03-11T12:26:02.854784Z,elea,0.1.1,ef66ed9,add,f5.bin,add_file_total,8.468791,10485760,,None,blake3
10,13,2026-03-11T12:26:02.854817Z,elea,0.1.1,ef66ed9,add,f1.bin,add_file_total,8.482,10485760,,None,blake3
10,13,2026-03-11T12:26:02.854887Z,elea,0.1.1,ef66ed9,add,,add_total,8.596875,,5,None,blake3
50,17,2026-03-11T12:26:03.492977Z,elea,0.1.1,ef66ed9,hash,f3.bin,hash,28.763834,52428800,,,blake3
50,17,2026-03-11T12:26:03.492888Z,elea,0.1.1,ef66ed9,hash,f1.bin,hash,28.690333,52428800,,,blake3
50,17,2026-03-11T12:26:03.493416Z,elea,0.1.1,ef66ed9,hash,f2.bin,hash,29.214791,52428800,,,blake3
50,17,2026-03-11T12:26:03.493261Z,elea,0.1.1,ef66ed9,hash,f4.bin,hash,29.08825,52428800,,,blake3
50,17,2026-03-11T12:26:03.493237Z,elea,0.1.1,ef66ed9,hash,f5.bin,hash,29.047292,52428800,,,blake3
50,17,2026-03-11T12:26:03.495396Z,elea,0.1.1,ef66ed9,add,f1.bin,backend_store,0.49854200000000004,52428800,,None,blake3
50,17,2026-03-11T12:26:03.49543Z,elea,0.1.1,ef66ed9,add,f2.bin,backend_store,0.4922079999999999,52428800,,None,blake3
50,17,2026-03-11T12:26:03.495446Z,elea,0.1.1,ef66ed9,add,f3.bin,backend_store,0.5655840000000001,52428800,,None,blake3
50,17,2026-03-11T12:26:03.495485Z,elea,0.1.1,ef66ed9,add,f4.bin,backend_store,0.514125,52428800,,None,blake3
50,17,2026-03-11T12:26:03.495499Z,elea,0.1.1,ef66ed9,add,f5.bin,backend_store,0.521792,52428800,,None,blake3
50,17,2026-03-11T12:26:03.495559Z,elea,0.1.1,ef66ed9,add,f1.bin,add_file_total,31.403374999999997,52428800,,None,blake3
50,17,2026-03-11T12:26:03.49561Z,elea,0.1.1,ef66ed9,add,f2.bin,add_file_total,31.449291,52428800,,None,blake3
50,17,2026-03-11T12:26:03.495651Z,elea,0.1.1,ef66ed9,add,f3.bin,add_file_total,31.490208999999997,52428800,,None,blake3
50,17,2026-03-11T12:26:03.495692Z,elea,0.1.1,ef66ed9,add,f4.bin,add_file_total,31.559042,52428800,,None,blake3
50,17,2026-03-11T12:26:03.495739Z,elea,0.1.1,ef66ed9,add,f5.bin,add_file_total,31.585666,52428800,,None,blake3
50,17,2026-03-11T12:26:03.495803Z,elea,0.1.1,ef66ed9,add,,add_total,31.699458,,5,None,blake3
50,23,2026-03-11T12:26:04.17101Z,elea,0.1.1,ef66ed9,hash,f3.bin,hash,29.316459,52428800,,,blake3
50,23,2026-03-11T12:26:04.170948Z,elea,0.1.1,ef66ed9,hash,f2.bin,hash,29.245125,52428800,,,blake3
50,23,2026-03-11T12:26:04.171118Z,elea,0.1.1,ef66ed9,hash,f4.bin,hash,29.389499999999998,52428800,,,blake3
50,23,2026-03-11T12:26:04.170809Z,elea,0.1.1,ef66ed9,hash,f1.bin,hash,29.117957999999998,52428800,,,blake3
50,23,2026-03-11T12:26:04.170884Z,elea,0.1.1,ef66ed9,hash,f5.bin,hash,29.166458,52428800,,,blake3
50,23,2026-03-11T12:26:04.173408Z,elea,0.1.1,ef66ed9,add,f1.bin,backend_store,0.484834,52428800,,None,blake3
50,23,2026-03-11T12:26:04.173425Z,elea,0.1.1,ef66ed9,add,f3.bin,backend_store,0.568708,52428800,,None,blake3
50,23,2026-03-11T12:26:04.173439Z,elea,0.1.1,ef66ed9,add,f2.bin,backend_store,0.552416,52428800,,None,blake3
50,23,2026-03-11T12:26:04.17346Z,elea,0.1.1,ef66ed9,add,f4.bin,backend_store,0.5479999999999999,52428800,,None,blake3
50,23,2026-03-11T12:26:04.173469Z,elea,0.1.1,ef66ed9,add,f5.bin,backend_store,0.47,52428800,,None,blake3
50,23,2026-03-11T12:26:04.173617Z,elea,0.1.1,ef66ed9,add,f1.bin,add_file_total,31.975000000000005,52428800,,None,blake3
50,23,2026-03-11T12:26:04.173714Z,elea,0.1.1,ef66ed9,add,f3.bin,add_file_total,32.058959,52428800,,None,blake3
50,23,2026-03-11T12:26:04.173775Z,elea,0.1.1,ef66ed9,add,f5.bin,add_file_total,32.117292,52428800,,None,blake3
50,23,2026-03-11T12:26:04.173824Z,elea,0.1.1,ef66ed9,add,f2.bin,add_file_total,32.1695,52428800,,None,blake3
50,23,2026-03-11T12:26:04.173871Z,elea,0.1.1,ef66ed9,add,f4.bin,add_file_total,32.210457999999996,52428800,,None,blake3
50,23,2026-03-11T12:26:04.173951Z,elea,0.1.1,ef66ed9,add,,add_total,32.336999999999996,,5,None,blake3
10,10,2026-03-11T12:26:04.355318Z,elea,0.1.1,ef66ed9,hash,f3.bin,hash,5.901125,10485760,,,blake3
10,10,2026-03-11T12:26:04.355235Z,elea,0.1.1,ef66ed9,hash,f2.bin,hash,5.909249999999999,10485760,,,blake3
10,10,2026-03-11T12:26:04.355188Z,elea,0.1.1,ef66ed9,hash,f4.bin,hash,5.878417000000001,10485760,,,blake3
10,10,2026-03-11T12:26:04.355287Z,elea,0.1.1,ef66ed9,hash,f5.bin,hash,5.878417000000001,10485760,,,blake3
10,10,2026-03-11T12:26:04.355223Z,elea,0.1.1,ef66ed9,hash,f1.bin,hash,5.901415999999999,10485760,,,blake3
10,10,2026-03-11T12:26:04.357703Z,elea,0.1.1,ef66ed9,add,f4.bin,backend_store,0.498417,10485760,,None,blake3
10,10,2026-03-11T12:26:04.357717Z,elea,0.1.1,ef66ed9,add,f1.bin,backend_store,0.451083,10485760,,None,blake3
10,10,2026-03-11T12:26:04.357734Z,elea,0.1.1,ef66ed9,add,f3.bin,backend_store,0.578292,10485760,,None,blake3
10,10,2026-03-11T12:26:04.35775Z,elea,0.1.1,ef66ed9,add,f2.bin,backend_store,0.5745830000000001,10485760,,None,blake3
10,10,2026-03-11T12:26:04.35778Z,elea,0.1.1,ef66ed9,add,f5.bin,backend_store,0.5245,10485760,,None,blake3
10,10,2026-03-11T12:26:04.35788Z,elea,0.1.1,ef66ed9,add,f1.bin,add_file_total,8.622875,10485760,,None,blake3
10,10,2026-03-11T12:26:04.357915Z,elea,0.1.1,ef66ed9,add,f4.bin,add_file_total,8.664333,10485760,,None,blake3
10,10,2026-03-11T12:26:04.35795Z,elea,0.1.1,ef66ed9,add,f3.bin,add_file_total,8.711125000000001,10485760,,None,blake3
10,10,2026-03-11T12:26:04.357984Z,elea,0.1.1,ef66ed9,add,f5.bin,add_file_total,8.730542000000002,10485760,,None,blake3
10,10,2026-03-11T12:26:04.358016Z,elea,0.1.1,ef66ed9,add,f2.bin,add_file_total,8.78225,10485760,,None,blake3
10,10,2026-03-11T12:26:04.358075Z,elea,0.1.1,ef66ed9,add,,add_total,8.888083,,5,None,blake3
5,19,2026-03-11T12:26:04.455453Z,elea,0.1.1,ef66ed9,hash,f3.bin,hash,2.996709,5242880,,,blake3
5,19,2026-03-11T12:26:04.455414Z,elea,0.1.1,ef66ed9,hash,f2.bin,hash,2.961958,5242880,,,blake3
5,19,2026-03-11T12:26:04.455467Z,elea,0.1.1,ef66ed9,hash,f4.bin,hash,2.955208,5242880,,,blake3
5,19,2026-03-11T12:26:04.455435Z,elea,0.1.1,ef66ed9,hash,f1.bin,hash,2.9417079999999998,5242880,,,blake3
5,19,2026-03-11T12:26:04.455375Z,elea,0.1.1,ef66ed9,hash,f5.bin,hash,2.944417,5242880,,,blake3
5,19,2026-03-11T12:26:04.457752Z,elea,0.1.1,ef66ed9,add,f3.bin,backend_store,0.5494169999999999,5242880,,None,blake3
5,19,2026-03-11T12:26:04.457797Z,elea,0.1.1,ef66ed9,add,f2.bin,backend_store,0.565916,5242880,,None,blake3
5,19,2026-03-11T12:26:04.457813Z,elea,0.1.1,ef66ed9,add,f4.bin,backend_store,0.531833,5242880,,None,blake3
5,19,2026-03-11T12:26:04.457874Z,elea,0.1.1,ef66ed9,add,f1.bin,backend_store,0.584084,5242880,,None,blake3
5,19,2026-03-11T12:26:04.457897Z,elea,0.1.1,ef66ed9,add,f5.bin,backend_store,0.5101669999999999,5242880,,None,blake3
5,19,2026-03-11T12:26:04.458045Z,elea,0.1.1,ef66ed9,add,f3.bin,add_file_total,5.672125,5242880,,None,blake3
5,19,2026-03-11T12:26:04.458099Z,elea,0.1.1,ef66ed9,add,f2.bin,add_file_total,5.681959,5242880,,None,blake3
5,19,2026-03-11T12:26:04.458155Z,elea,0.1.1,ef66ed9,add,f4.bin,add_file_total,5.758958,5242880,,None,blake3
5,19,2026-03-11T12:26:04.458211Z,elea,0.1.1,ef66ed9,add,f1.bin,add_file_total,5.803292,5242880,,None,blake3
5,19,2026-03-11T12:26:04.458248Z,elea,0.1.1,ef66ed9,add,f5.bin,add_file_total,5.852709,5242880,,None,blake3
5,19,2026-03-11T12:26:04.458298Z,elea,0.1.1,ef66ed9,add,,add_total,5.96725,,5,None,blake3
1,24,2026-03-11T12:26:04.501092Z,elea,0.1.1,ef66ed9,hash,f4.bin,hash,0.63075,1048576,,,blake3
1,24,2026-03-11T12:26:04.501084Z,elea,0.1.1,ef66ed9,hash,f5.bin,hash,0.602,1048576,,,blake3
1,24,2026-03-11T12:26:04.501071Z,elea,0.1.1,ef66ed9,hash,f2.bin,hash,0.6157079999999999,1048576,,,blake3
1,24,2026-03-11T12:26:04.5011Z,elea,0.1.1,ef66ed9,hash,f3.bin,hash,0.6433749999999999,1048576,,,blake3
1,24,2026-03-11T12:26:04.501055Z,elea,0.1.1,ef66ed9,hash,f1.bin,hash,0.633,1048576,,,blake3
1,24,2026-03-11T12:26:04.5031Z,elea,0.1.1,ef66ed9,add,f4.bin,backend_store,0.5460419999999999,1048576,,None,blake3
1,24,2026-03-11T12:26:04.503202Z,elea,0.1.1,ef66ed9,add,f5.bin,backend_store,0.6091249999999999,1048576,,None,blake3
1,24,2026-03-11T12:26:04.503242Z,elea,0.1.1,ef66ed9,add,f2.bin,backend_store,0.615208,1048576,,None,blake3
1,24,2026-03-11T12:26:04.503273Z,elea,0.1.1,ef66ed9,add,f1.bin,backend_store,0.599875,1048576,,None,blake3
1,24,2026-03-11T12:26:04.50329Z,elea,0.1.1,ef66ed9,add,f4.bin,add_file_total,2.871667,1048576,,None,blake3
1,24,2026-03-11T12:26:04.503311Z,elea,0.1.1,ef66ed9,add,f3.bin,backend_store,0.650583,1048576,,None,blake3
1,24,2026-03-11T12:26:04.503372Z,elea,0.1.1,ef66ed9,add,f5.bin,add_file_total,2.9465,1048576,,None,blake3
1,24,2026-03-11T12:26:04.503464Z,elea,0.1.1,ef66ed9,add,f2.bin,add_file_total,3.0515,1048576,,None,blake3
1,24,2026-03-11T12:26:04.503507Z,elea,0.1.1,ef66ed9,add,f1.bin,add_file_total,3.127375,1048576,,None,blake3
1,24,2026-03-11T12:26:04.503538Z,elea,0.1.1,ef66ed9,add,f3.bin,add_file_total,3.122291,1048576,,None,blake3
1,24,2026-03-11T12:26:04.503594Z,elea,0.1.1,ef66ed9,add,,add_total,3.249209,,5,None,blake3
10,24,2026-03-11T12:26:04.663434Z,elea,0.1.1,ef66ed9,hash,f5.bin,hash,5.847792,10485760,,,blake3
10,24,2026-03-11T12:26:04.663459Z,elea,0.1.1,ef66ed9,hash,f4.bin,hash,5.890542,10485760,,,blake3
10,24,2026-03-11T12:26:04.663354Z,elea,0.1.1,ef66ed9,hash,f1.bin,hash,5.792000000000001,10485760,,,blake3
10,24,2026-03-11T12:26:04.663491Z,elea,0.1.1,ef66ed9,hash,f2.bin,hash,5.855792,10485760,,,blake3
10,24,2026-03-11T12:26:04.663474Z,elea,0.1.1,ef66ed9,hash,f3.bin,hash,5.8735,10485760,,,blake3
10,24,2026-03-11T12:26:04.66579Z,elea,0.1.1,ef66ed9,add,f5.bin,backend_store,0.6480830000000001,10485760,,None,blake3
10,24,2026-03-11T12:26:04.665817Z,elea,0.1.1,ef66ed9,add,f4.bin,backend_store,0.672458,10485760,,None,blake3
10,24,2026-03-11T12:26:04.665827Z,elea,0.1.1,ef66ed9,add,f2.bin,backend_store,0.616,10485760,,None,blake3
10,24,2026-03-11T12:26:04.665849Z,elea,0.1.1,ef66ed9,add,f1.bin,backend_store,0.671625,10485760,,None,blake3
10,24,2026-03-11T12:26:04.665986Z,elea,0.1.1,ef66ed9,add,f5.bin,add_file_total,8.4415,10485760,,None,blake3
10,24,2026-03-11T12:26:04.666008Z,elea,0.1.1,ef66ed9,add,f3.bin,backend_store,0.628375,10485760,,None,blake3
10,24,2026-03-11T12:26:04.666026Z,elea,0.1.1,ef66ed9,add,f4.bin,add_file_total,8.474041,10485760,,None,blake3
10,24,2026-03-11T12:26:04.666059Z,elea,0.1.1,ef66ed9,add,f2.bin,add_file_total,8.516542,10485760,,None,blake3
10,24,2026-03-11T12:26:04.666087Z,elea,0.1.1,ef66ed9,add,f1.bin,add_file_total,8.568,10485760,,None,blake3
10,24,2026-03-11T12:26:04.666124Z,elea,0.1.1,ef66ed9,add,f3.bin,add_file_total,8.579625,10485760,,None,blake3
10,24,2026-03-11T12:26:04.666171Z,elea,0.1.1,ef66ed9,add,,add_total,8.68,,5,None,blake3
2,6,2026-03-11T12:26:04.721087Z,elea,0.1.1,ef66ed9,hash,f5.bin,hash,1.182542,2097152,,,blake3
2,6,2026-03-11T12:26:04.721078Z,elea,0.1.1,ef66ed9,hash,f2.bin,hash,1.182875,2097152,,,blake3
2,6,2026-03-11T12:26:04.721068Z,elea,0.1.1,ef66ed9,hash,f4.bin,hash,1.189875,2097152,,,blake3
2,6,2026-03-11T12:26:04.721116Z,elea,0.1.1,ef66ed9,hash,f3.bin,hash,1.196625,2097152,,,blake3
2,6,2026-03-11T12:26:04.721095Z,elea,0.1.1,ef66ed9,hash,f1.bin,hash,1.182084,2097152,,,blake3
2,6,2026-03-11T12:26:04.723252Z,elea,0.1.1,ef66ed9,add,f2.bin,backend_store,0.5886669999999999,2097152,,None,blake3
2,6,2026-03-11T12:26:04.723418Z,elea,0.1.1,ef66ed9,add,f2.bin,add_file_total,3.5664580000000004,2097152,,None,blake3
2,6,2026-03-11T12:26:04.723469Z,elea,0.1.1,ef66ed9,add,f5.bin,backend_store,0.816041,2097152,,None,blake3
2,6,2026-03-11T12:26:04.723497Z,elea,0.1.1,ef66ed9,add,f3.bin,backend_store,0.7690410000000001,2097152,,None,blake3
2,6,2026-03-11T12:26:04.723516Z,elea,0.1.1,ef66ed9,add,f4.bin,backend_store,0.8350000000000001,2097152,,None,blake3
2,6,2026-03-11T12:26:04.723546Z,elea,0.1.1,ef66ed9,add,f1.bin,backend_store,0.8095,2097152,,None,blake3
2,6,2026-03-11T12:26:04.723652Z,elea,0.1.1,ef66ed9,add,f5.bin,add_file_total,3.8010420000000003,2097152,,None,blake3
2,6,2026-03-11T12:26:04.72371Z,elea,0.1.1,ef66ed9,add,f3.bin,add_file_total,3.842041,2097152,,None,blake3
2,6,2026-03-11T12:26:04.723737Z,elea,0.1.1,ef66ed9,add,f1.bin,add_file_total,3.8827499999999997,2097152,,None,blake3
2,6,2026-03-11T12:26:04.723783Z,elea,0.1.1,ef66ed9,add,f4.bin,add_file_total,3.9512080000000003,2097152,,None,blake3
2,6,2026-03-11T12:26:04.723837Z,elea,0.1.1,ef66ed9,add,,add_total,4.047584,,5,None,blake3
5,4,2026-03-11T12:26:04.817019Z,elea,0.1.1,ef66ed9,hash,f3.bin,hash,3.287416,5242880,,,blake3
5,4,2026-03-11T12:26:04.816839Z,elea,0.1.1,ef66ed9,hash,f1.bin,hash,3.073916,5242880,,,blake3
5,4,2026-03-11T12:26:04.816705Z,elea,0.1.1,ef66ed9,hash,f4.bin,hash,2.971,5242880,,,blake3
5,4,2026-03-11T12:26:04.817167Z,elea,0.1.1,ef66ed9,hash,f2.bin,hash,3.3174580000000002,5242880,,,blake3
5,4,2026-03-11T12:26:04.817418Z,elea,0.1.1,ef66ed9,hash,f5.bin,hash,3.6371659999999997,5242880,,,blake3
5,4,2026-03-11T12:26:04.819178Z,elea,0.1.1,ef66ed9,add,f3.bin,backend_store,0.555458,5242880,,None,blake3
5,4,2026-03-11T12:26:04.81924Z,elea,0.1.1,ef66ed9,add,f4.bin,backend_store,0.551625,5242880,,None,blake3
5,4,2026-03-11T12:26:04.819316Z,elea,0.1.1,ef66ed9,add,f1.bin,backend_store,0.675083,5242880,,None,blake3
5,4,2026-03-11T12:26:04.819362Z,elea,0.1.1,ef66ed9,add,f2.bin,backend_store,0.593708,5242880,,None,blake3
5,4,2026-03-11T12:26:04.819375Z,elea,0.1.1,ef66ed9,add,f5.bin,backend_store,0.629,5242880,,None,blake3
5,4,2026-03-11T12:26:04.819396Z,elea,0.1.1,ef66ed9,add,f3.bin,add_file_total,5.714124999999999,5242880,,None,blake3
5,4,2026-03-11T12:26:04.819534Z,elea,0.1.1,ef66ed9,add,f4.bin,add_file_total,5.808083000000001,5242880,,None,blake3
5,4,2026-03-11T12:26:04.819574Z,elea,0.1.1,ef66ed9,add,f1.bin,add_file_total,5.874916,5242880,,None,blake3
5,4,2026-03-11T12:26:04.819618Z,elea,0.1.1,ef66ed9,add,f2.bin,add_file_total,5.806334,5242880,,None,blake3
5,4,2026-03-11T12:26:04.819657Z,elea,0.1.1,ef66ed9,add,f5.bin,add_file_total,5.93925,5242880,,None,blake3
5,4,2026-03-11T12:26:04.819771Z,elea,0.1.1,ef66ed9,add,,add_total,6.100958,,5,None,blake3
2,19,2026-03-11T12:26:04.87367Z,elea,0.1.1,ef66ed9,hash,f2.bin,hash,1.183,2097152,,,blake3
2,19,2026-03-11T12:26:04.873648Z,elea,0.1.1,ef66ed9,hash,f4.bin,hash,1.189125,2097152,,,blake3
2,19,2026-03-11T12:26:04.873657Z,elea,0.1.1,ef66ed9,hash,f1.bin,hash,1.179208,2097152,,,blake3
2,19,2026-03-11T12:26:04.873685Z,elea,0.1.1,ef66ed9,hash,f3.bin,hash,1.1843750000000002,2097152,,,blake3
2,19,2026-03-11T12:26:04.87364Z,elea,0.1.1,ef66ed9,hash,f5.bin,hash,1.170417,2097152,,,blake3
2,19,2026-03-11T12:26:04.875643Z,elea,0.1.1,ef66ed9,add,f2.bin,backend_store,0.47558300000000003,2097152,,None,blake3
2,19,2026-03-11T12:26:04.87565Z,elea,0.1.1,ef66ed9,add,f4.bin,backend_store,0.461041,2097152,,None,blake3
2,19,2026-03-11T12:26:04.875683Z,elea,0.1.1,ef66ed9,add,f1.bin,backend_store,0.4625,2097152,,None,blake3
2,19,2026-03-11T12:26:04.875703Z,elea,0.1.1,ef66ed9,add,f5.bin,backend_store,0.44558400000000004,2097152,,None,blake3
2,19,2026-03-11T12:26:04.875779Z,elea,0.1.1,ef66ed9,add,f3.bin,backend_store,0.5273329999999999,2097152,,None,blake3
2,19,2026-03-11T12:26:04.875816Z,elea,0.1.1,ef66ed9,add,f2.bin,add_file_total,3.372792,2097152,,None,blake3
2,19,2026-03-11T12:26:04.875852Z,elea,0.1.1,ef66ed9,add,f1.bin,add_file_total,3.410333,2097152,,None,blake3
2,19,2026-03-11T12:26:04.875885Z,elea,0.1.1,ef66ed9,add,f5.bin,add_file_total,3.445333,2097152,,None,blake3
2,19,2026-03-11T12:26:04.87592Z,elea,0.1.1,ef66ed9,add,f4.bin,add_file_total,3.4944580000000003,2097152,,None,blake3
2,19,2026-03-11T12:26:04.87595Z,elea,0.1.1,ef66ed9,add,f3.bin,add_file_total,3.50225,2097152,,None,blake3
2,19,2026-03-11T12:26:04.876Z,elea,0.1.1,ef66ed9,add,,add_total,3.61275,,5,None,blake3
1,8,2026-03-11T12:26:04.915077Z,elea,0.1.1,ef66ed9,hash,f2.bin,hash,0.6844169999999999,1048576,,,blake3
1,8,2026-03-11T12:26:04.914985Z,elea,0.1.1,ef66ed9,hash,f4.bin,hash,0.612584,1048576,,,blake3
1,8,2026-03-11T12:26:04.915027Z,elea,0.1.1,ef66ed9,hash,f1.bin,hash,0.7022079999999999,1048576,,,blake3
1,8,2026-03-11T12:26:04.915054Z,elea,0.1.1,ef66ed9,hash,f3.bin,hash,0.673,1048576,,,blake3
1,8,2026-03-11T12:26:04.915189Z,elea,0.1.1,ef66ed9,hash,f5.bin,hash,0.771709,1048576,,,blake3
1,8,2026-03-11T12:26:04.917074Z,elea,0.1.1,ef66ed9,add,f2.bin,backend_store,0.478167,1048576,,None,blake3
1,8,2026-03-11T12:26:04.917083Z,elea,0.1.1,ef66ed9,add,f4.bin,backend_store,0.46070900000000004,1048576,,None,blake3
1,8,2026-03-11T12:26:04.917108Z,elea,0.1.1,ef66ed9,add,f1.bin,backend_store,0.46745899999999996,1048576,,None,blake3
1,8,2026-03-11T12:26:04.917129Z,elea,0.1.1,ef66ed9,add,f3.bin,backend_store,0.463666,1048576,,None,blake3
1,8,2026-03-11T12:26:04.917265Z,elea,0.1.1,ef66ed9,add,f4.bin,add_file_total,2.9703749999999998,1048576,,None,blake3
1,8,2026-03-11T12:26:04.917308Z,elea,0.1.1,ef66ed9,add,f5.bin,backend_store,0.533167,1048576,,None,blake3
1,8,2026-03-11T12:26:04.91732Z,elea,0.1.1,ef66ed9,add,f2.bin,add_file_total,2.987416,1048576,,None,blake3
1,8,2026-03-11T12:26:04.91736Z,elea,0.1.1,ef66ed9,add,f1.bin,add_file_total,3.0739579999999997,1048576,,None,blake3
1,8,2026-03-11T12:26:04.917421Z,elea,0.1.1,ef66ed9,add,f3.bin,add_file_total,3.129208,1048576,,None,blake3
1,8,2026-03-11T12:26:04.917496Z,elea,0.1.1,ef66ed9,add,f5.bin,add_file_total,3.1371670000000003,1048576,,None,blake3
1,8,2026-03-11T12:26:04.917559Z,elea,0.1.1,ef66ed9,add,,add_total,3.3140840000000003,,5,None,blake3
5,23,2026-03-11T12:26:05.014402Z,elea,0.1.1,ef66ed9,hash,f2.bin,hash,3.027542,5242880,,,blake3
5,23,2026-03-11T12:26:05.014393Z,elea,0.1.1,ef66ed9,hash,f4.bin,hash,2.965792,5242880,,,blake3
5,23,2026-03-11T12:26:05.014371Z,elea,0.1.1,ef66ed9,hash,f5.bin,hash,2.989959,5242880,,,blake3
5,23,2026-03-11T12:26:05.014379Z,elea,0.1.1,ef66ed9,hash,f1.bin,hash,2.981916,5242880,,,blake3
5,23,2026-03-11T12:26:05.014478Z,elea,0.1.1,ef66ed9,hash,f3.bin,hash,3.1171670000000002,5242880,,,blake3
5,23,2026-03-11T12:26:05.0169Z,elea,0.1.1,ef66ed9,add,f2.bin,backend_store,0.5008750000000001,5242880,,None,blake3
5,23,2026-03-11T12:26:05.016923Z,elea,0.1.1,ef66ed9,add,f4.bin,backend_store,0.501708,5242880,,None,blake3
5,23,2026-03-11T12:26:05.016959Z,elea,0.1.1,ef66ed9,add,f5.bin,backend_store,0.498333,5242880,,None,blake3
5,23,2026-03-11T12:26:05.017003Z,elea,0.1.1,ef66ed9,add,f1.bin,backend_store,0.513583,5242880,,None,blake3
5,23,2026-03-11T12:26:05.01703Z,elea,0.1.1,ef66ed9,add,f3.bin,backend_store,0.512416,5242880,,None,blake3
5,23,2026-03-11T12:26:05.017059Z,elea,0.1.1,ef66ed9,add,f2.bin,add_file_total,5.746583,5242880,,None,blake3
5,23,2026-03-11T12:26:05.017126Z,elea,0.1.1,ef66ed9,add,f4.bin,add_file_total,5.756708,5242880,,None,blake3
5,23,2026-03-11T12:26:05.017183Z,elea,0.1.1,ef66ed9,add,f5.bin,add_file_total,5.841083,5242880,,None,blake3
5,23,2026-03-11T12:26:05.017254Z,elea,0.1.1,ef66ed9,add,f1.bin,add_file_total,5.881041,5242880,,None,blake3
5,23,2026-03-11T12:26:05.017296Z,elea,0.1.1,ef66ed9,add,f3.bin,add_file_total,5.957166,5242880,,None,blake3
5,23,2026-03-11T12:26:05.017376Z,elea,0.1.1,ef66ed9,add,,add_total,6.09925,,5,None,blake3
2,7,2026-03-11T12:26:05.07269Z,elea,0.1.1,ef66ed9,hash,f2.bin,hash,1.1956250000000002,2097152,,,blake3
2,7,2026-03-11T12:26:05.072649Z,elea,0.1.1,ef66ed9,hash,f3.bin,hash,1.185125,2097152,,,blake3
2,7,2026-03-11T12:26:05.072661Z,elea,0.1.1,ef66ed9,hash,f1.bin,hash,1.187834,2097152,,,blake3
2,7,2026-03-11T12:26:05.072701Z,elea,0.1.1,ef66ed9,hash,f4.bin,hash,1.212167,2097152,,,blake3
2,7,2026-03-11T12:26:05.072634Z,elea,0.1.1,ef66ed9,hash,f5.bin,hash,1.1800000000000002,2097152,,,blake3
2,7,2026-03-11T12:26:05.074615Z,elea,0.1.1,ef66ed9,add,f2.bin,backend_store,0.483083,2097152,,None,blake3
2,7,2026-03-11T12:26:05.074633Z,elea,0.1.1,ef66ed9,add,f3.bin,backend_store,0.486958,2097152,,None,blake3
2,7,2026-03-11T12:26:05.074679Z,elea,0.1.1,ef66ed9,add,f1.bin,backend_store,0.504584,2097152,,None,blake3
2,7,2026-03-11T12:26:05.074712Z,elea,0.1.1,ef66ed9,add,f4.bin,backend_store,0.508958,2097152,,None,blake3
2,7,2026-03-11T12:26:05.074775Z,elea,0.1.1,ef66ed9,add,f2.bin,add_file_total,3.3392500000000003,2097152,,None,blake3
2,7,2026-03-11T12:26:05.074824Z,elea,0.1.1,ef66ed9,add,f1.bin,add_file_total,3.3935419999999996,2097152,,None,blake3
2,7,2026-03-11T12:26:05.074867Z,elea,0.1.1,ef66ed9,add,f3.bin,add_file_total,3.4377079999999998,2097152,,None,blake3
2,7,2026-03-11T12:26:05.074884Z,elea,0.1.1,ef66ed9,add,f5.bin,backend_store,0.5875830000000001,2097152,,None,blake3
2,7,2026-03-11T12:26:05.074905Z,elea,0.1.1,ef66ed9,add,f4.bin,add_file_total,3.470833,2097152,,None,blake3
2,7,2026-03-11T12:26:05.075033Z,elea,0.1.1,ef66ed9,add,f5.bin,add_file_total,3.6127920000000002,2097152,,None,blake3
2,7,2026-03-11T12:26:05.075094Z,elea,0.1.1,ef66ed9,add,,add_total,3.706667,,5,None,blake3
50,21,2026-03-11T12:26:05.760072Z,elea,0.1.1,ef66ed9,hash,f5.bin,hash,29.285,52428800,,,blake3
50,21,2026-03-11T12:26:05.760565Z,elea,0.1.1,ef66ed9,hash,f3.bin,hash,29.78425,52428800,,,blake3
50,21,2026-03-11T12:26:05.760213Z,elea,0.1.1,ef66ed9,hash,f1.bin,hash,29.452583,52428800,,,blake3
50,21,2026-03-11T12:26:05.760139Z,elea,0.1.1,ef66ed9,hash,f2.bin,hash,29.397875,52428800,,,blake3
50,21,2026-03-11T12:26:05.759978Z,elea,0.1.1,ef66ed9,hash,f4.bin,hash,29.239625,52428800,,,blake3
50,21,2026-03-11T12:26:05.769302Z,elea,0.1.1,ef66ed9,add,f5.bin,backend_store,4.211792,52428800,,None,blake3
50,21,2026-03-11T12:26:05.769329Z,elea,0.1.1,ef66ed9,add,f2.bin,backend_store,4.1425,52428800,,None,blake3
50,21,2026-03-11T12:26:05.769364Z,elea,0.1.1,ef66ed9,add,f3.bin,backend_store,4.233,52428800,,None,blake3
50,21,2026-03-11T12:26:05.769379Z,elea,0.1.1,ef66ed9,add,f1.bin,backend_store,4.174375,52428800,,None,blake3
50,21,2026-03-11T12:26:05.76941Z,elea,0.1.1,ef66ed9,add,f4.bin,backend_store,4.214665999999999,52428800,,None,blake3
50,21,2026-03-11T12:26:05.769668Z,elea,0.1.1,ef66ed9,add,f5.bin,add_file_total,38.933625,52428800,,None,blake3
50,21,2026-03-11T12:26:05.769715Z,elea,0.1.1,ef66ed9,add,f2.bin,add_file_total,39.018208,52428800,,None,blake3
50,21,2026-03-11T12:26:05.76977Z,elea,0.1.1,ef66ed9,add,f3.bin,add_file_total,39.068083,52428800,,None,blake3
50,21,2026-03-11T12:26:05.769821Z,elea,0.1.1,ef66ed9,add,f4.bin,add_file_total,39.128166,52428800,,None,blake3
50,21,2026-03-11T12:26:05.769862Z,elea,0.1.1,ef66ed9,add,f1.bin,add_file_total,39.131584,52428800,,None,blake3
50,21,2026-03-11T12:26:05.769914Z,elea,0.1.1,ef66ed9,add,,add_total,39.26725,,5,None,blake3
50,8,2026-03-11T12:26:06.484467Z,elea,0.1.1,ef66ed9,hash,f4.bin,hash,29.1545,52428800,,,blake3
50,8,2026-03-11T12:26:06.484266Z,elea,0.1.1,ef66ed9,hash,f2.bin,hash,28.961458,52428800,,,blake3
50,8,2026-03-11T12:26:06.484474Z,elea,0.1.1,ef66ed9,hash,f1.bin,hash,29.153666,52428800,,,blake3
50,8,2026-03-11T12:26:06.484365Z,elea,0.1.1,ef66ed9,hash,f3.bin,hash,29.086166,52428800,,,blake3
50,8,2026-03-11T12:26:06.4846Z,elea,0.1.1,ef66ed9,hash,f5.bin,hash,29.320375,52428800,,,blake3
50,8,2026-03-11T12:26:06.486862Z,elea,0.1.1,ef66ed9,add,f4.bin,backend_store,0.485542,52428800,,None,blake3
50,8,2026-03-11T12:26:06.487022Z,elea,0.1.1,ef66ed9,add,f2.bin,backend_store,0.590709,52428800,,None,blake3
50,8,2026-03-11T12:26:06.487044Z,elea,0.1.1,ef66ed9,add,f4.bin,add_file_total,31.793541,52428800,,None,blake3
50,8,2026-03-11T12:26:06.487053Z,elea,0.1.1,ef66ed9,add,f5.bin,backend_store,0.5422089999999999,52428800,,None,blake3
50,8,2026-03-11T12:26:06.487097Z,elea,0.1.1,ef66ed9,add,f1.bin,backend_store,0.6271249999999999,52428800,,None,blake3
50,8,2026-03-11T12:26:06.487103Z,elea,0.1.1,ef66ed9,add,f3.bin,backend_store,0.620917,52428800,,None,blake3
50,8,2026-03-11T12:26:06.487278Z,elea,0.1.1,ef66ed9,add,f2.bin,add_file_total,32.006666,52428800,,None,blake3
50,8,2026-03-11T12:26:06.487326Z,elea,0.1.1,ef66ed9,add,f1.bin,add_file_total,32.076708,52428800,,None,blake3
50,8,2026-03-11T12:26:06.487375Z,elea,0.1.1,ef66ed9,add,f5.bin,add_file_total,32.145334,52428800,,None,blake3
50,8,2026-03-11T12:26:06.487412Z,elea,0.1.1,ef66ed9,add,f3.bin,add_file_total,32.162292,52428800,,None,blake3
50,8,2026-03-11T12:26:06.487479Z,elea,0.1.1,ef66ed9,add,,add_total,32.292083,,5,None,blake3
50,19,2026-03-11T12:26:07.179092Z,elea,0.1.1,ef66ed9,hash,f3.bin,hash,28.889167,52428800,,,blake3
50,19,2026-03-11T12:26:07.17924Z,elea,0.1.1,ef66ed9,hash,f1.bin,hash,29.088292000000003,52428800,,,blake3
50,19,2026-03-11T12:26:07.179016Z,elea,0.1.1,ef66ed9,hash,f2.bin,hash,28.821458,52428800,,,blake3
50,19,2026-03-11T12:26:07.179116Z,elea,0.1.1,ef66ed9,hash,f4.bin,hash,28.980083,52428800,,,blake3
50,19,2026-03-11T12:26:07.17897Z,elea,0.1.1,ef66ed9,hash,f5.bin,hash,28.787332999999997,52428800,,,blake3
50,19,2026-03-11T12:26:07.181793Z,elea,0.1.1,ef66ed9,add,f1.bin,backend_store,0.478375,52428800,,None,blake3
50,19,2026-03-11T12:26:07.18192Z,elea,0.1.1,ef66ed9,add,f3.bin,backend_store,0.6245839999999999,52428800,,None,blake3
50,19,2026-03-11T12:26:07.181968Z,elea,0.1.1,ef66ed9,add,f1.bin,add_file_total,31.850542,52428800,,None,blake3
50,19,2026-03-11T12:26:07.182086Z,elea,0.1.1,ef66ed9,add,f3.bin,add_file_total,31.962583000000002,52428800,,None,blake3
50,19,2026-03-11T12:26:07.182132Z,elea,0.1.1,ef66ed9,add,f2.bin,backend_store,0.782709,52428800,,None,blake3
50,19,2026-03-11T12:26:07.182146Z,elea,0.1.1,ef66ed9,add,f5.bin,backend_store,0.655834,52428800,,None,blake3
50,19,2026-03-11T12:26:07.182161Z,elea,0.1.1,ef66ed9,add,f4.bin,backend_store,0.653,52428800,,None,blake3
50,19,2026-03-11T12:26:07.182331Z,elea,0.1.1,ef66ed9,add,f2.bin,add_file_total,32.211667,52428800,,None,blake3
50,19,2026-03-11T12:26:07.182364Z,elea,0.1.1,ef66ed9,add,f5.bin,add_file_total,32.245749999999994,52428800,,None,blake3
50,19,2026-03-11T12:26:07.182393Z,elea,0.1.1,ef66ed9,add,f4.bin,add_file_total,32.298292,52428800,,None,blake3
50,19,2026-03-11T12:26:07.182434Z,elea,0.1.1,ef66ed9,add,,add_total,32.377625,,5,None,blake3
2,22,2026-03-11T12:26:07.238721Z,elea,0.1.1,ef66ed9,hash,f1.bin,hash,1.214584,2097152,,,blake3
2,22,2026-03-11T12:26:07.238697Z,elea,0.1.1,ef66ed9,hash,f5.bin,hash,1.22275,2097152,,,blake3
2,22,2026-03-11T12:26:07.238704Z,elea,0.1.1,ef66ed9,hash,f3.bin,hash,1.2495,2097152,,,blake3
2,22,2026-03-11T12:26:07.23873Z,elea,0.1.1,ef66ed9,hash,f2.bin,hash,1.194708,2097152,,,blake3
2,22,2026-03-11T12:26:07.238713Z,elea,0.1.1,ef66ed9,hash,f4.bin,hash,1.224208,2097152,,,blake3
2,22,2026-03-11T12:26:07.240848Z,elea,0.1.1,ef66ed9,add,f5.bin,backend_store,0.487292,2097152,,None,blake3
2,22,2026-03-11T12:26:07.240942Z,elea,0.1.1,ef66ed9,add,f2.bin,backend_store,0.546833,2097152,,None,blake3
2,22,2026-03-11T12:26:07.240957Z,elea,0.1.1,ef66ed9,add,f3.bin,backend_store,0.574083,2097152,,None,blake3
2,22,2026-03-11T12:26:07.241051Z,elea,0.1.1,ef66ed9,add,f1.bin,backend_store,0.689584,2097152,,None,blake3
2,22,2026-03-11T12:26:07.241057Z,elea,0.1.1,ef66ed9,add,f4.bin,backend_store,0.5703750000000001,2097152,,None,blake3
2,22,2026-03-11T12:26:07.241107Z,elea,0.1.1,ef66ed9,add,f5.bin,add_file_total,3.728875,2097152,,None,blake3
2,22,2026-03-11T12:26:07.241137Z,elea,0.1.1,ef66ed9,add,f2.bin,add_file_total,3.7628340000000002,2097152,,None,blake3
2,22,2026-03-11T12:26:07.241177Z,elea,0.1.1,ef66ed9,add,f3.bin,add_file_total,3.8080000000000003,2097152,,None,blake3
2,22,2026-03-11T12:26:07.241216Z,elea,0.1.1,ef66ed9,add,f4.bin,add_file_total,3.846708,2097152,,None,blake3
2,22,2026-03-11T12:26:07.241247Z,elea,0.1.1,ef66ed9,add,f1.bin,add_file_total,3.878083,2097152,,None,blake3
2,22,2026-03-11T12:26:07.241293Z,elea,0.1.1,ef66ed9,add,,add_total,4.002375,,5,None,blake3
10,7,2026-03-11T12:26:07.409996Z,elea,0.1.1,ef66ed9,hash,f2.bin,hash,6.669375,10485760,,,blake3
10,7,2026-03-11T12:26:07.409852Z,elea,0.1.1,ef66ed9,hash,f3.bin,hash,6.5380840000000005,10485760,,,blake3
10,7,2026-03-11T12:26:07.410431Z,elea,0.1.1,ef66ed9,hash,f1.bin,hash,7.078292,10485760,,,blake3
10,7,2026-03-11T12:26:07.41046Z,elea,0.1.1,ef66ed9,hash,f4.bin,hash,7.095916,10485760,,,blake3
10,7,2026-03-11T12:26:07.409886Z,elea,0.1.1,ef66ed9,hash,f5.bin,hash,6.594708000000001,10485760,,,blake3
10,7,2026-03-11T12:26:07.412342Z,elea,0.1.1,ef66ed9,add,f1.bin,backend_store,0.57,10485760,,None,blake3
10,7,2026-03-11T12:26:07.41238Z,elea,0.1.1,ef66ed9,add,f3.bin,backend_store,0.6350830000000001,10485760,,None,blake3
10,7,2026-03-11T12:26:07.41244Z,elea,0.1.1,ef66ed9,add,f2.bin,backend_store,0.71575,10485760,,None,blake3
10,7,2026-03-11T12:26:07.412489Z,elea,0.1.1,ef66ed9,add,f4.bin,backend_store,0.651792,10485760,,None,blake3
10,7,2026-03-11T12:26:07.412543Z,elea,0.1.1,ef66ed9,add,f5.bin,backend_store,0.687792,10485760,,None,blake3
10,7,2026-03-11T12:26:07.412608Z,elea,0.1.1,ef66ed9,add,f1.bin,add_file_total,9.339083,10485760,,None,blake3
10,7,2026-03-11T12:26:07.412665Z,elea,0.1.1,ef66ed9,add,f3.bin,add_file_total,9.396292,10485760,,None,blake3
10,7,2026-03-11T12:26:07.412719Z,elea,0.1.1,ef66ed9,add,f2.bin,add_file_total,9.452625,10485760,,None,blake3
10,7,2026-03-11T12:26:07.412776Z,elea,0.1.1,ef66ed9,add,f4.bin,add_file_total,9.492708,10485760,,None,blake3
10,7,2026-03-11T12:26:07.412803Z,elea,0.1.1,ef66ed9,add,f5.bin,add_file_total,9.548791,10485760,,None,blake3
10,7,2026-03-11T12:26:07.412916Z,elea,0.1.1,ef66ed9,add,,add_total,9.705208,,5,None,blake3
50,6,2026-03-11T12:26:08.092631Z,elea,0.1.1,ef66ed9,hash,f5.bin,hash,29.45325,52428800,,,blake3
50,6,2026-03-11T12:26:08.092559Z,elea,0.1.1,ef66ed9,hash,f1.bin,hash,29.360875,52428800,,,blake3
50,6,2026-03-11T12:26:08.092648Z,elea,0.1.1,ef66ed9,hash,f4.bin,hash,29.437667,52428800,,,blake3
50,6,2026-03-11T12:26:08.092532Z,elea,0.1.1,ef66ed9,hash,f2.bin,hash,29.397875,52428800,,,blake3
50,6,2026-03-11T12:26:08.092502Z,elea,0.1.1,ef66ed9,hash,f3.bin,hash,29.311042,52428800,,,blake3
50,6,2026-03-11T12:26:08.095001Z,elea,0.1.1,ef66ed9,add,f1.bin,backend_store,0.574125,52428800,,None,blake3
50,6,2026-03-11T12:26:08.095073Z,elea,0.1.1,ef66ed9,add,f4.bin,backend_store,0.628917,52428800,,None,blake3
50,6,2026-03-11T12:26:08.095143Z,elea,0.1.1,ef66ed9,add,f5.bin,backend_store,0.733333,52428800,,None,blake3
50,6,2026-03-11T12:26:08.09522Z,elea,0.1.1,ef66ed9,add,f3.bin,backend_store,0.699542,52428800,,None,blake3
50,6,2026-03-11T12:26:08.095238Z,elea,0.1.1,ef66ed9,add,f1.bin,add_file_total,32.087709,52428800,,None,blake3
50,6,2026-03-11T12:26:08.095247Z,elea,0.1.1,ef66ed9,add,f2.bin,backend_store,0.737542,52428800,,None,blake3
50,6,2026-03-11T12:26:08.095292Z,elea,0.1.1,ef66ed9,add,f4.bin,add_file_total,32.122875,52428800,,None,blake3
50,6,2026-03-11T12:26:08.095357Z,elea,0.1.1,ef66ed9,add,f5.bin,add_file_total,32.25375,52428800,,None,blake3
50,6,2026-03-11T12:26:08.095378Z,elea,0.1.1,ef66ed9,add,f3.bin,add_file_total,32.208083,52428800,,None,blake3
50,6,2026-03-11T12:26:08.095408Z,elea,0.1.1,ef66ed9,add,f2.bin,add_file_total,32.322041000000006,52428800,,None,blake3
50,6,2026-03-11T12:26:08.09546Z,elea,0.1.1,ef66ed9,add,,add_total,32.4095,,5,None,blake3
5,7,2026-03-11T12:26:08.191259Z,elea,0.1.1,ef66ed9,hash,f3.bin,hash,2.922541,5242880,,,blake3
5,7,2026-03-11T12:26:08.191215Z,elea,0.1.1,ef66ed9,hash,f2.bin,hash,2.921042,5242880,,,blake3
5,7,2026-03-11T12:26:08.19125Z,elea,0.1.1,ef66ed9,hash,f4.bin,hash,2.925333,5242880,,,blake3
5,7,2026-03-11T12:26:08.191228Z,elea,0.1.1,ef66ed9,hash,f5.bin,hash,2.9090420000000003,5242880,,,blake3
5,7,2026-03-11T12:26:08.191365Z,elea,0.1.1,ef66ed9,hash,f1.bin,hash,3.057083,5242880,,,blake3
5,7,2026-03-11T12:26:08.193558Z,elea,0.1.1,ef66ed9,add,f3.bin,backend_store,0.542292,5242880,,None,blake3
5,7,2026-03-11T12:26:08.193675Z,elea,0.1.1,ef66ed9,add,f2.bin,backend_store,0.600542,5242880,,None,blake3
5,7,2026-03-11T12:26:08.193749Z,elea,0.1.1,ef66ed9,add,f3.bin,add_file_total,5.475417,5242880,,None,blake3
5,7,2026-03-11T12:26:08.19377Z,elea,0.1.1,ef66ed9,add,f4.bin,backend_store,0.712417,5242880,,None,blake3
5,7,2026-03-11T12:26:08.19383Z,elea,0.1.1,ef66ed9,add,f5.bin,backend_store,0.687292,5242880,,None,blake3
5,7,2026-03-11T12:26:08.193859Z,elea,0.1.1,ef66ed9,add,f1.bin,backend_store,0.672625,5242880,,None,blake3
5,7,2026-03-11T12:26:08.193869Z,elea,0.1.1,ef66ed9,add,f2.bin,add_file_total,5.6221250000000005,5242880,,None,blake3
5,7,2026-03-11T12:26:08.193969Z,elea,0.1.1,ef66ed9,add,f4.bin,add_file_total,5.692791,5242880,,None,blake3
5,7,2026-03-11T12:26:08.194023Z,elea,0.1.1,ef66ed9,add,f5.bin,add_file_total,5.749667,5242880,,None,blake3
5,7,2026-03-11T12:26:08.194102Z,elea,0.1.1,ef66ed9,add,f1.bin,add_file_total,5.8294999999999995,5242880,,None,blake3
5,7,2026-03-11T12:26:08.194155Z,elea,0.1.1,ef66ed9,add,,add_total,5.945958,,5,None,blake3
1,14,2026-03-11T12:26:08.23332Z,elea,0.1.1,ef66ed9,hash,f4.bin,hash,0.608875,1048576,,,blake3
1,14,2026-03-11T12:26:08.233341Z,elea,0.1.1,ef66ed9,hash,f3.bin,hash,0.618417,1048576,,,blake3
1,14,2026-03-11T12:26:08.233328Z,elea,0.1.1,ef66ed9,hash,f5.bin,hash,0.616958,1048576,,,blake3
1,14,2026-03-11T12:26:08.233357Z,elea,0.1.1,ef66ed9,hash,f1.bin,hash,0.621458,1048576,,,blake3
1,14,2026-03-11T12:26:08.233311Z,elea,0.1.1,ef66ed9,hash,f2.bin,hash,0.619208,1048576,,,blake3
1,14,2026-03-11T12:26:08.235398Z,elea,0.1.1,ef66ed9,add,f4.bin,backend_store,0.579416,1048576,,None,blake3
1,14,2026-03-11T12:26:08.235458Z,elea,0.1.1,ef66ed9,add,f5.bin,backend_store,0.526375,1048576,,None,blake3
1,14,2026-03-11T12:26:08.23547Z,elea,0.1.1,ef66ed9,add,f1.bin,backend_store,0.5745,1048576,,None,blake3
1,14,2026-03-11T12:26:08.235476Z,elea,0.1.1,ef66ed9,add,f3.bin,backend_store,0.6231249999999999,1048576,,None,blake3
1,14,2026-03-11T12:26:08.235488Z,elea,0.1.1,ef66ed9,add,f2.bin,backend_store,0.5279590000000001,1048576,,None,blake3
1,14,2026-03-11T12:26:08.235588Z,elea,0.1.1,ef66ed9,add,f4.bin,add_file_total,2.913708,1048576,,None,blake3
1,14,2026-03-11T12:26:08.235679Z,elea,0.1.1,ef66ed9,add,f5.bin,add_file_total,3.000375,1048576,,None,blake3
1,14,2026-03-11T12:26:08.235711Z,elea,0.1.1,ef66ed9,add,f2.bin,add_file_total,3.0560829999999997,1048576,,None,blake3
1,14,2026-03-11T12:26:08.235753Z,elea,0.1.1,ef66ed9,add,f3.bin,add_file_total,3.072584,1048576,,None,blake3
1,14,2026-03-11T12:26:08.235786Z,elea,0.1.1,ef66ed9,add,f1.bin,add_file_total,3.1042919999999996,1048576,,None,blake3
1,14,2026-03-11T12:26:08.235846Z,elea,0.1.1,ef66ed9,add,,add_total,3.223875,,5,None,blake3
10,8,2026-03-11T12:26:08.393209Z,elea,0.1.1,ef66ed9,hash,f3.bin,hash,5.825375,10485760,,,blake3
10,8,2026-03-11T12:26:08.393263Z,elea,0.1.1,ef66ed9,hash,f4.bin,hash,5.870167,10485760,,,blake3
10,8,2026-03-11T12:26:08.393222Z,elea,0.1.1,ef66ed9,hash,f5.bin,hash,5.8435,10485760,,,blake3
10,8,2026-03-11T12:26:08.393026Z,elea,0.1.1,ef66ed9,hash,f1.bin,hash,5.6856670000000005,10485760,,,blake3
10,8,2026-03-11T12:26:08.393192Z,elea,0.1.1,ef66ed9,hash,f2.bin,hash,5.864291,10485760,,,blake3
10,8,2026-03-11T12:26:08.395227Z,elea,0.1.1,ef66ed9,add,f3.bin,backend_store,0.496916,10485760,,None,blake3
10,8,2026-03-11T12:26:08.395355Z,elea,0.1.1,ef66ed9,add,f5.bin,backend_store,0.581917,10485760,,None,blake3
10,8,2026-03-11T12:26:08.395387Z,elea,0.1.1,ef66ed9,add,f4.bin,backend_store,0.6182909999999999,10485760,,None,blake3
10,8,2026-03-11T12:26:08.395428Z,elea,0.1.1,ef66ed9,add,f1.bin,backend_store,0.599333,10485760,,None,blake3
10,8,2026-03-11T12:26:08.395437Z,elea,0.1.1,ef66ed9,add,f2.bin,backend_store,0.6142920000000001,10485760,,None,blake3
10,8,2026-03-11T12:26:08.395479Z,elea,0.1.1,ef66ed9,add,f3.bin,add_file_total,8.168125,10485760,,None,blake3
10,8,2026-03-11T12:26:08.395563Z,elea,0.1.1,ef66ed9,add,f5.bin,add_file_total,8.241333,10485760,,None,blake3
10,8,2026-03-11T12:26:08.395607Z,elea,0.1.1,ef66ed9,add,f4.bin,add_file_total,8.295292,10485760,,None,blake3
10,8,2026-03-11T12:26:08.395648Z,elea,0.1.1,ef66ed9,add,f1.bin,add_file_total,8.342959,10485760,,None,blake3
10,8,2026-03-11T12:26:08.395681Z,elea,0.1.1,ef66ed9,add,f2.bin,add_file_total,8.402583,10485760,,None,blake3
10,8,2026-03-11T12:26:08.395722Z,elea,0.1.1,ef66ed9,add,,add_total,8.468125,,5,None,blake3
