size_mb,rep,timestamp,user,dvs_version,git_commit,command,file,step,duration_ms,file_size_bytes,num_files,compression,hash_algorithm
10,22,2026-03-11T12:24:33.650843Z,elea,0.1.1,ef66ed9,hash,f3.bin,hash,6.063583,10485760,,,blake3
10,22,2026-03-11T12:24:33.650812Z,elea,0.1.1,ef66ed9,hash,f5.bin,hash,6.061209,10485760,,,blake3
10,22,2026-03-11T12:24:33.650896Z,elea,0.1.1,ef66ed9,hash,f2.bin,hash,6.069917,10485760,,,blake3
10,22,2026-03-11T12:24:33.650666Z,elea,0.1.1,ef66ed9,hash,f4.bin,hash,5.8931249999999995,10485760,,,blake3
10,22,2026-03-11T12:24:33.650883Z,elea,0.1.1,ef66ed9,hash,f1.bin,hash,6.0892919999999995,10485760,,,blake3
10,22,2026-03-11T12:24:33.679669Z,elea,0.1.1,ef66ed9,add,f3.bin,backend_store,27.367625,10485760,,Zstd,blake3
10,22,2026-03-11T12:24:33.679755Z,elea,0.1.1,ef66ed9,add,f2.bin,backend_store,27.403459,10485760,,Zstd,blake3
10,22,2026-03-11T12:24:33.679785Z,elea,0.1.1,ef66ed9,add,f5.bin,backend_store,27.469625,10485760,,Zstd,blake3
10,22,2026-03-11T12:24:33.679914Z,elea,0.1.1,ef66ed9,add,f4.bin,backend_store,27.488542000000002,10485760,,Zstd,blake3
10,22,2026-03-11T12:24:33.679954Z,elea,0.1.1,ef66ed9,add,f3.bin,add_file_total,35.211458,10485760,,Zstd,blake3
10,22,2026-03-11T12:24:33.68017Z,elea,0.1.1,ef66ed9,add,f1.bin,backend_store,27.782166,10485760,,Zstd,blake3
10,22,2026-03-11T12:24:33.68032Z,elea,0.1.1,ef66ed9,add,f5.bin,add_file_total,35.599375,10485760,,Zstd,blake3
10,22,2026-03-11T12:24:33.680563Z,elea,0.1.1,ef66ed9,add,f2.bin,add_file_total,35.795667,10485760,,Zstd,blake3
10,22,2026-03-11T12:24:33.680605Z,elea,0.1.1,ef66ed9,add,f4.bin,add_file_total,35.854084,10485760,,Zstd,blake3
10,22,2026-03-11T12:24:33.680653Z,elea,0.1.1,ef66ed9,add,f1.bin,add_file_total,35.897290999999996,10485760,,Zstd,blake3
10,22,2026-03-11T12:24:33.680772Z,elea,0.1.1,ef66ed9,add,,add_total,36.077292,,5,Zstd,blake3
2,15,2026-03-11T12:24:33.732309Z,elea,0.1.1,ef66ed9,hash,f3.bin,hash,1.169875,2097152,,,blake3
2,15,2026-03-11T12:24:33.732411Z,elea,0.1.1,ef66ed9,hash,f2.bin,hash,1.316209,2097152,,,blake3
2,15,2026-03-11T12:24:33.732289Z,elea,0.1.1,ef66ed9,hash,f4.bin,hash,1.1707079999999999,2097152,,,blake3
2,15,2026-03-11T12:24:33.7323Z,elea,0.1.1,ef66ed9,hash,f5.bin,hash,1.1802080000000001,2097152,,,blake3
2,15,2026-03-11T12:24:33.732316Z,elea,0.1.1,ef66ed9,hash,f1.bin,hash,1.182917,2097152,,,blake3
2,15,2026-03-11T12:24:33.739739Z,elea,0.1.1,ef66ed9,add,f3.bin,backend_store,5.862792000000001,2097152,,Zstd,blake3
2,15,2026-03-11T12:24:33.739769Z,elea,0.1.1,ef66ed9,add,f2.bin,backend_store,5.882167,2097152,,Zstd,blake3
2,15,2026-03-11T12:24:33.739813Z,elea,0.1.1,ef66ed9,add,f5.bin,backend_store,5.88175,2097152,,Zstd,blake3
2,15,2026-03-11T12:24:33.73982Z,elea,0.1.1,ef66ed9,add,f4.bin,backend_store,5.913792,2097152,,Zstd,blake3
2,15,2026-03-11T12:24:33.74Z,elea,0.1.1,ef66ed9,add,f2.bin,add_file_total,8.937083,2097152,,Zstd,blake3
2,15,2026-03-11T12:24:33.74003Z,elea,0.1.1,ef66ed9,add,f1.bin,backend_store,6.07575,2097152,,Zstd,blake3
2,15,2026-03-11T12:24:33.740579Z,elea,0.1.1,ef66ed9,add,f3.bin,add_file_total,9.492875,2097152,,Zstd,blake3
2,15,2026-03-11T12:24:33.740629Z,elea,0.1.1,ef66ed9,add,f4.bin,add_file_total,9.545917,2097152,,Zstd,blake3
2,15,2026-03-11T12:24:33.740665Z,elea,0.1.1,ef66ed9,add,f5.bin,add_file_total,9.590417,2097152,,Zstd,blake3
2,15,2026-03-11T12:24:33.740703Z,elea,0.1.1,ef66ed9,add,f1.bin,add_file_total,9.619333000000001,2097152,,Zstd,blake3
2,15,2026-03-11T12:24:33.74075Z,elea,0.1.1,ef66ed9,add,,add_total,9.725833999999999,,5,Zstd,blake3
2,13,2026-03-11T12:24:33.787482Z,elea,0.1.1,ef66ed9,hash,f3.bin,hash,1.1762910000000002,2097152,,,blake3
2,13,2026-03-11T12:24:33.787496Z,elea,0.1.1,ef66ed9,hash,f5.bin,hash,1.1729170000000002,2097152,,,blake3
2,13,2026-03-11T12:24:33.787475Z,elea,0.1.1,ef66ed9,hash,f4.bin,hash,1.159541,2097152,,,blake3
2,13,2026-03-11T12:24:33.787457Z,elea,0.1.1,ef66ed9,hash,f2.bin,hash,1.169958,2097152,,,blake3
2,13,2026-03-11T12:24:33.787468Z,elea,0.1.1,ef66ed9,hash,f1.bin,hash,1.171,2097152,,,blake3
2,13,2026-03-11T12:24:33.794297Z,elea,0.1.1,ef66ed9,add,f3.bin,backend_store,5.30625,2097152,,Zstd,blake3
2,13,2026-03-11T12:24:33.794426Z,elea,0.1.1,ef66ed9,add,f4.bin,backend_store,5.420915999999999,2097152,,Zstd,blake3
2,13,2026-03-11T12:24:33.794452Z,elea,0.1.1,ef66ed9,add,f3.bin,add_file_total,8.181459,2097152,,Zstd,blake3
2,13,2026-03-11T12:24:33.794504Z,elea,0.1.1,ef66ed9,add,f2.bin,backend_store,5.446375,2097152,,Zstd,blake3
2,13,2026-03-11T12:24:33.794548Z,elea,0.1.1,ef66ed9,add,f5.bin,backend_store,5.511334,2097152,,Zstd,blake3
2,13,2026-03-11T12:24:33.794572Z,elea,0.1.1,ef66ed9,add,f1.bin,backend_store,5.5014590000000005,2097152,,Zstd,blake3
2,13,2026-03-11T12:24:33.795195Z,elea,0.1.1,ef66ed9,add,f4.bin,add_file_total,8.922125,2097152,,Zstd,blake3
2,13,2026-03-11T12:24:33.795237Z,elea,0.1.1,ef66ed9,add,f2.bin,add_file_total,8.981791,2097152,,Zstd,blake3
2,13,2026-03-11T12:24:33.795271Z,elea,0.1.1,ef66ed9,add,f5.bin,add_file_total,8.997458,2097152,,Zstd,blake3
2,13,2026-03-11T12:24:33.795311Z,elea,0.1.1,ef66ed9,add,f1.bin,add_file_total,9.043875,2097152,,Zstd,blake3
2,13,2026-03-11T12:24:33.795359Z,elea,0.1.1,ef66ed9,add,,add_total,9.133666999999999,,5,Zstd,blake3
50,24,2026-03-11T12:24:34.430587Z,elea,0.1.1,ef66ed9,hash,f4.bin,hash,28.961750000000002,52428800,,,blake3
50,24,2026-03-11T12:24:34.430963Z,elea,0.1.1,ef66ed9,hash,f5.bin,hash,29.317916999999998,52428800,,,blake3
50,24,2026-03-11T12:24:34.430642Z,elea,0.1.1,ef66ed9,hash,f1.bin,hash,29.039667,52428800,,,blake3
50,24,2026-03-11T12:24:34.430623Z,elea,0.1.1,ef66ed9,hash,f3.bin,hash,28.989082999999997,52428800,,,blake3
50,24,2026-03-11T12:24:34.430609Z,elea,0.1.1,ef66ed9,hash,f2.bin,hash,28.984958000000002,52428800,,,blake3
50,24,2026-03-11T12:24:34.566903Z,elea,0.1.1,ef66ed9,add,f4.bin,backend_store,134.449,52428800,,Zstd,blake3
50,24,2026-03-11T12:24:34.567179Z,elea,0.1.1,ef66ed9,add,f4.bin,add_file_total,165.583167,52428800,,Zstd,blake3
50,24,2026-03-11T12:24:34.567564Z,elea,0.1.1,ef66ed9,add,f3.bin,backend_store,135.03375,52428800,,Zstd,blake3
50,24,2026-03-11T12:24:34.567768Z,elea,0.1.1,ef66ed9,add,f3.bin,add_file_total,166.170291,52428800,,Zstd,blake3
50,24,2026-03-11T12:24:34.568702Z,elea,0.1.1,ef66ed9,add,f1.bin,backend_store,136.20195800000002,52428800,,Zstd,blake3
50,24,2026-03-11T12:24:34.568927Z,elea,0.1.1,ef66ed9,add,f1.bin,add_file_total,167.361917,52428800,,Zstd,blake3
50,24,2026-03-11T12:24:34.569168Z,elea,0.1.1,ef66ed9,add,f2.bin,backend_store,136.59954199999999,52428800,,Zstd,blake3
50,24,2026-03-11T12:24:34.56932Z,elea,0.1.1,ef66ed9,add,f2.bin,add_file_total,167.72525,52428800,,Zstd,blake3
50,24,2026-03-11T12:24:34.569582Z,elea,0.1.1,ef66ed9,add,f5.bin,backend_store,137.118417,52428800,,Zstd,blake3
50,24,2026-03-11T12:24:34.569706Z,elea,0.1.1,ef66ed9,add,f5.bin,add_file_total,168.1095,52428800,,Zstd,blake3
50,24,2026-03-11T12:24:34.569762Z,elea,0.1.1,ef66ed9,add,,add_total,168.221125,,5,Zstd,blake3
2,1,2026-03-11T12:24:34.620768Z,elea,0.1.1,ef66ed9,hash,f5.bin,hash,1.240375,2097152,,,blake3
2,1,2026-03-11T12:24:34.620742Z,elea,0.1.1,ef66ed9,hash,f1.bin,hash,1.214166,2097152,,,blake3
2,1,2026-03-11T12:24:34.620757Z,elea,0.1.1,ef66ed9,hash,f3.bin,hash,1.207416,2097152,,,blake3
2,1,2026-03-11T12:24:34.620789Z,elea,0.1.1,ef66ed9,hash,f2.bin,hash,1.199708,2097152,,,blake3
2,1,2026-03-11T12:24:34.620781Z,elea,0.1.1,ef66ed9,hash,f4.bin,hash,1.189792,2097152,,,blake3
2,1,2026-03-11T12:24:34.627781Z,elea,0.1.1,ef66ed9,add,f5.bin,backend_store,5.390292,2097152,,Zstd,blake3
2,1,2026-03-11T12:24:34.627825Z,elea,0.1.1,ef66ed9,add,f2.bin,backend_store,5.376791,2097152,,Zstd,blake3
2,1,2026-03-11T12:24:34.627891Z,elea,0.1.1,ef66ed9,add,f4.bin,backend_store,5.428125,2097152,,Zstd,blake3
2,1,2026-03-11T12:24:34.627963Z,elea,0.1.1,ef66ed9,add,f5.bin,add_file_total,8.477916,2097152,,Zstd,blake3
2,1,2026-03-11T12:24:34.628025Z,elea,0.1.1,ef66ed9,add,f3.bin,backend_store,5.598375,2097152,,Zstd,blake3
2,1,2026-03-11T12:24:34.628039Z,elea,0.1.1,ef66ed9,add,f1.bin,backend_store,5.642166,2097152,,Zstd,blake3
2,1,2026-03-11T12:24:34.628669Z,elea,0.1.1,ef66ed9,add,f2.bin,add_file_total,9.178042000000001,2097152,,Zstd,blake3
2,1,2026-03-11T12:24:34.628713Z,elea,0.1.1,ef66ed9,add,f4.bin,add_file_total,9.221542,2097152,,Zstd,blake3
2,1,2026-03-11T12:24:34.628754Z,elea,0.1.1,ef66ed9,add,f3.bin,add_file_total,9.264583,2097152,,Zstd,blake3
2,1,2026-03-11T12:24:34.62879Z,elea,0.1.1,ef66ed9,add,f1.bin,add_file_total,9.309916999999999,2097152,,Zstd,blake3
2,1,2026-03-11T12:24:34.628843Z,elea,0.1.1,ef66ed9,add,,add_total,9.403375,,5,Zstd,blake3
10,10,2026-03-11T12:24:34.778185Z,elea,0.1.1,ef66ed9,hash,f2.bin,hash,5.966791,10485760,,,blake3
10,10,2026-03-11T12:24:34.778292Z,elea,0.1.1,ef66ed9,hash,f1.bin,hash,5.97,10485760,,,blake3
10,10,2026-03-11T12:24:34.778131Z,elea,0.1.1,ef66ed9,hash,f3.bin,hash,5.852,10485760,,,blake3
10,10,2026-03-11T12:24:34.778063Z,elea,0.1.1,ef66ed9,hash,f4.bin,hash,5.827625,10485760,,,blake3
10,10,2026-03-11T12:24:34.77815Z,elea,0.1.1,ef66ed9,hash,f5.bin,hash,5.844125,10485760,,,blake3
10,10,2026-03-11T12:24:34.810377Z,elea,0.1.1,ef66ed9,add,f2.bin,backend_store,30.710792,10485760,,Zstd,blake3
10,10,2026-03-11T12:24:34.810652Z,elea,0.1.1,ef66ed9,add,f2.bin,add_file_total,38.467917,10485760,,Zstd,blake3
10,10,2026-03-11T12:24:34.810732Z,elea,0.1.1,ef66ed9,add,f5.bin,backend_store,30.975792,10485760,,Zstd,blake3
10,10,2026-03-11T12:24:34.810862Z,elea,0.1.1,ef66ed9,add,f5.bin,add_file_total,38.644166,10485760,,Zstd,blake3
10,10,2026-03-11T12:24:34.810868Z,elea,0.1.1,ef66ed9,add,f3.bin,backend_store,31.172042,10485760,,Zstd,blake3
10,10,2026-03-11T12:24:34.810941Z,elea,0.1.1,ef66ed9,add,f4.bin,backend_store,31.213334,10485760,,Zstd,blake3
10,10,2026-03-11T12:24:34.810978Z,elea,0.1.1,ef66ed9,add,f1.bin,backend_store,31.300292,10485760,,Zstd,blake3
10,10,2026-03-11T12:24:34.81148Z,elea,0.1.1,ef66ed9,add,f3.bin,add_file_total,39.271292,10485760,,Zstd,blake3
10,10,2026-03-11T12:24:34.811531Z,elea,0.1.1,ef66ed9,add,f4.bin,add_file_total,39.343708,10485760,,Zstd,blake3
10,10,2026-03-11T12:24:34.811578Z,elea,0.1.1,ef66ed9,add,f1.bin,add_file_total,39.284583,10485760,,Zstd,blake3
10,10,2026-03-11T12:24:34.81164Z,elea,0.1.1,ef66ed9,add,,add_total,39.483208999999995,,5,Zstd,blake3
1,15,2026-03-11T12:24:34.848272Z,elea,0.1.1,ef66ed9,hash,f5.bin,hash,0.614875,1048576,,,blake3
1,15,2026-03-11T12:24:34.848263Z,elea,0.1.1,ef66ed9,hash,f3.bin,hash,0.612542,1048576,,,blake3
1,15,2026-03-11T12:24:34.848249Z,elea,0.1.1,ef66ed9,hash,f2.bin,hash,0.617,1048576,,,blake3
1,15,2026-03-11T12:24:34.848239Z,elea,0.1.1,ef66ed9,hash,f4.bin,hash,0.615958,1048576,,,blake3
1,15,2026-03-11T12:24:34.848287Z,elea,0.1.1,ef66ed9,hash,f1.bin,hash,0.6464580000000001,1048576,,,blake3
1,15,2026-03-11T12:24:34.852801Z,elea,0.1.1,ef66ed9,add,f2.bin,backend_store,3.0868330000000004,1048576,,Zstd,blake3
1,15,2026-03-11T12:24:34.852933Z,elea,0.1.1,ef66ed9,add,f4.bin,backend_store,3.199709,1048576,,Zstd,blake3
1,15,2026-03-11T12:24:34.852956Z,elea,0.1.1,ef66ed9,add,f2.bin,add_file_total,5.351416,1048576,,Zstd,blake3
1,15,2026-03-11T12:24:34.853002Z,elea,0.1.1,ef66ed9,add,f5.bin,backend_store,3.334125,1048576,,Zstd,blake3
1,15,2026-03-11T12:24:34.85303Z,elea,0.1.1,ef66ed9,add,f3.bin,backend_store,3.344459,1048576,,Zstd,blake3
1,15,2026-03-11T12:24:34.853041Z,elea,0.1.1,ef66ed9,add,f1.bin,backend_store,3.284458,1048576,,Zstd,blake3
1,15,2026-03-11T12:24:34.853276Z,elea,0.1.1,ef66ed9,add,f4.bin,add_file_total,5.688625,1048576,,Zstd,blake3
1,15,2026-03-11T12:24:34.853319Z,elea,0.1.1,ef66ed9,add,f5.bin,add_file_total,5.710500000000001,1048576,,Zstd,blake3
1,15,2026-03-11T12:24:34.853353Z,elea,0.1.1,ef66ed9,add,f3.bin,add_file_total,5.745584,1048576,,Zstd,blake3
1,15,2026-03-11T12:24:34.853386Z,elea,0.1.1,ef66ed9,add,f1.bin,add_file_total,5.7798750000000005,1048576,,Zstd,blake3
1,15,2026-03-11T12:24:34.853439Z,elea,0.1.1,ef66ed9,add,,add_total,5.887542,,5,Zstd,blake3
50,4,2026-03-11T12:24:35.488136Z,elea,0.1.1,ef66ed9,hash,f4.bin,hash,28.980334,52428800,,,blake3
50,4,2026-03-11T12:24:35.487947Z,elea,0.1.1,ef66ed9,hash,f3.bin,hash,28.835292,52428800,,,blake3
50,4,2026-03-11T12:24:35.48796Z,elea,0.1.1,ef66ed9,hash,f1.bin,hash,28.803124999999998,52428800,,,blake3
50,4,2026-03-11T12:24:35.488247Z,elea,0.1.1,ef66ed9,hash,f5.bin,hash,29.12675,52428800,,,blake3
50,4,2026-03-11T12:24:35.487825Z,elea,0.1.1,ef66ed9,hash,f2.bin,hash,28.725959,52428800,,,blake3
50,4,2026-03-11T12:24:35.620656Z,elea,0.1.1,ef66ed9,add,f3.bin,backend_store,130.41649999999998,52428800,,Zstd,blake3
50,4,2026-03-11T12:24:35.620883Z,elea,0.1.1,ef66ed9,add,f3.bin,add_file_total,161.79825,52428800,,Zstd,blake3
50,4,2026-03-11T12:24:35.62121Z,elea,0.1.1,ef66ed9,add,f5.bin,backend_store,130.915292,52428800,,Zstd,blake3
50,4,2026-03-11T12:24:35.621377Z,elea,0.1.1,ef66ed9,add,f5.bin,add_file_total,162.290708,52428800,,Zstd,blake3
50,4,2026-03-11T12:24:35.621696Z,elea,0.1.1,ef66ed9,add,f4.bin,backend_store,131.480875,52428800,,Zstd,blake3
50,4,2026-03-11T12:24:35.621862Z,elea,0.1.1,ef66ed9,add,f4.bin,add_file_total,162.771208,52428800,,Zstd,blake3
50,4,2026-03-11T12:24:35.622288Z,elea,0.1.1,ef66ed9,add,f2.bin,backend_store,131.94787499999998,52428800,,Zstd,blake3
50,4,2026-03-11T12:24:35.622432Z,elea,0.1.1,ef66ed9,add,f2.bin,add_file_total,163.376542,52428800,,Zstd,blake3
50,4,2026-03-11T12:24:35.62253Z,elea,0.1.1,ef66ed9,add,f1.bin,backend_store,132.24629199999998,52428800,,Zstd,blake3
50,4,2026-03-11T12:24:35.622662Z,elea,0.1.1,ef66ed9,add,f1.bin,add_file_total,163.57583300000002,52428800,,Zstd,blake3
50,4,2026-03-11T12:24:35.622728Z,elea,0.1.1,ef66ed9,add,,add_total,163.698667,,5,Zstd,blake3
5,4,2026-03-11T12:24:35.711987Z,elea,0.1.1,ef66ed9,hash,f5.bin,hash,2.870042,5242880,,,blake3
5,4,2026-03-11T12:24:35.712018Z,elea,0.1.1,ef66ed9,hash,f2.bin,hash,2.907542,5242880,,,blake3
5,4,2026-03-11T12:24:35.711996Z,elea,0.1.1,ef66ed9,hash,f1.bin,hash,2.891541,5242880,,,blake3
5,4,2026-03-11T12:24:35.711925Z,elea,0.1.1,ef66ed9,hash,f4.bin,hash,2.841708,5242880,,,blake3
5,4,2026-03-11T12:24:35.711972Z,elea,0.1.1,ef66ed9,hash,f3.bin,hash,2.892334,5242880,,,blake3
5,4,2026-03-11T12:24:35.726379Z,elea,0.1.1,ef66ed9,add,f5.bin,backend_store,12.618208000000001,5242880,,Zstd,blake3
5,4,2026-03-11T12:24:35.726436Z,elea,0.1.1,ef66ed9,add,f2.bin,backend_store,12.641417,5242880,,Zstd,blake3
5,4,2026-03-11T12:24:35.726472Z,elea,0.1.1,ef66ed9,add,f4.bin,backend_store,12.643709,5242880,,Zstd,blake3
5,4,2026-03-11T12:24:35.726605Z,elea,0.1.1,ef66ed9,add,f5.bin,add_file_total,17.563125,5242880,,Zstd,blake3
5,4,2026-03-11T12:24:35.726707Z,elea,0.1.1,ef66ed9,add,f1.bin,backend_store,12.908875,5242880,,Zstd,blake3
5,4,2026-03-11T12:24:35.726757Z,elea,0.1.1,ef66ed9,add,f3.bin,backend_store,12.896167,5242880,,Zstd,blake3
5,4,2026-03-11T12:24:35.728702Z,elea,0.1.1,ef66ed9,add,f2.bin,add_file_total,19.656459,5242880,,Zstd,blake3
5,4,2026-03-11T12:24:35.72883Z,elea,0.1.1,ef66ed9,add,f4.bin,add_file_total,19.792625,5242880,,Zstd,blake3
5,4,2026-03-11T12:24:35.728869Z,elea,0.1.1,ef66ed9,add,f1.bin,add_file_total,19.829290999999998,5242880,,Zstd,blake3
5,4,2026-03-11T12:24:35.728902Z,elea,0.1.1,ef66ed9,add,f3.bin,add_file_total,19.867958,5242880,,Zstd,blake3
5,4,2026-03-11T12:24:35.728961Z,elea,0.1.1,ef66ed9,add,,add_total,19.972875000000002,,5,Zstd,blake3
10,3,2026-03-11T12:24:35.875274Z,elea,0.1.1,ef66ed9,hash,f2.bin,hash,5.7987079999999995,10485760,,,blake3
10,3,2026-03-11T12:24:35.875255Z,elea,0.1.1,ef66ed9,hash,f4.bin,hash,5.778917,10485760,,,blake3
10,3,2026-03-11T12:24:35.875293Z,elea,0.1.1,ef66ed9,hash,f1.bin,hash,5.801125,10485760,,,blake3
10,3,2026-03-11T12:24:35.875228Z,elea,0.1.1,ef66ed9,hash,f3.bin,hash,5.802,10485760,,,blake3
10,3,2026-03-11T12:24:35.875265Z,elea,0.1.1,ef66ed9,hash,f5.bin,hash,5.823875,10485760,,,blake3
10,3,2026-03-11T12:24:35.903265Z,elea,0.1.1,ef66ed9,add,f5.bin,backend_store,26.453666000000002,10485760,,Zstd,blake3
10,3,2026-03-11T12:24:35.903342Z,elea,0.1.1,ef66ed9,add,f2.bin,backend_store,26.6325,10485760,,Zstd,blake3
10,3,2026-03-11T12:24:35.903491Z,elea,0.1.1,ef66ed9,add,f5.bin,add_file_total,34.080332999999996,10485760,,Zstd,blake3
10,3,2026-03-11T12:24:35.903617Z,elea,0.1.1,ef66ed9,add,f2.bin,add_file_total,34.202916,10485760,,Zstd,blake3
10,3,2026-03-11T12:24:35.903836Z,elea,0.1.1,ef66ed9,add,f4.bin,backend_store,27.097292,10485760,,Zstd,blake3
10,3,2026-03-11T12:24:35.903845Z,elea,0.1.1,ef66ed9,add,f3.bin,backend_store,27.062292000000003,10485760,,Zstd,blake3
10,3,2026-03-11T12:24:35.90387Z,elea,0.1.1,ef66ed9,add,f1.bin,backend_store,27.119291999999998,10485760,,Zstd,blake3
10,3,2026-03-11T12:24:35.903966Z,elea,0.1.1,ef66ed9,add,f4.bin,add_file_total,34.555041,10485760,,Zstd,blake3
10,3,2026-03-11T12:24:35.90443Z,elea,0.1.1,ef66ed9,add,f1.bin,add_file_total,35.014375,10485760,,Zstd,blake3
10,3,2026-03-11T12:24:35.904484Z,elea,0.1.1,ef66ed9,add,f3.bin,add_file_total,35.095208,10485760,,Zstd,blake3
10,3,2026-03-11T12:24:35.904539Z,elea,0.1.1,ef66ed9,add,,add_total,35.175166,,5,Zstd,blake3
2,22,2026-03-11T12:24:35.964837Z,elea,0.1.1,ef66ed9,hash,f2.bin,hash,1.206334,2097152,,,blake3
2,22,2026-03-11T12:24:35.96491Z,elea,0.1.1,ef66ed9,hash,f5.bin,hash,1.247042,2097152,,,blake3
2,22,2026-03-11T12:24:35.96492Z,elea,0.1.1,ef66ed9,hash,f3.bin,hash,1.226375,2097152,,,blake3
2,22,2026-03-11T12:24:35.96493Z,elea,0.1.1,ef66ed9,hash,f1.bin,hash,1.25675,2097152,,,blake3
2,22,2026-03-11T12:24:35.964875Z,elea,0.1.1,ef66ed9,hash,f4.bin,hash,1.205916,2097152,,,blake3
2,22,2026-03-11T12:24:35.972576Z,elea,0.1.1,ef66ed9,add,f3.bin,backend_store,6.004583,2097152,,Zstd,blake3
2,22,2026-03-11T12:24:35.972597Z,elea,0.1.1,ef66ed9,add,f4.bin,backend_store,5.9604159999999995,2097152,,Zstd,blake3
2,22,2026-03-11T12:24:35.972621Z,elea,0.1.1,ef66ed9,add,f1.bin,backend_store,6.023959,2097152,,Zstd,blake3
2,22,2026-03-11T12:24:35.972703Z,elea,0.1.1,ef66ed9,add,f2.bin,backend_store,6.16075,2097152,,Zstd,blake3
2,22,2026-03-11T12:24:35.97277Z,elea,0.1.1,ef66ed9,add,f3.bin,add_file_total,9.155999999999999,2097152,,Zstd,blake3
2,22,2026-03-11T12:24:35.972806Z,elea,0.1.1,ef66ed9,add,f5.bin,backend_store,6.2515410000000005,2097152,,Zstd,blake3
2,22,2026-03-11T12:24:35.973508Z,elea,0.1.1,ef66ed9,add,f4.bin,add_file_total,9.894958,2097152,,Zstd,blake3
2,22,2026-03-11T12:24:35.973562Z,elea,0.1.1,ef66ed9,add,f1.bin,add_file_total,9.950542,2097152,,Zstd,blake3
2,22,2026-03-11T12:24:35.973602Z,elea,0.1.1,ef66ed9,add,f2.bin,add_file_total,10.005500000000001,2097152,,Zstd,blake3
2,22,2026-03-11T12:24:35.973651Z,elea,0.1.1,ef66ed9,add,f5.bin,add_file_total,10.038959,2097152,,Zstd,blake3
2,22,2026-03-11T12:24:35.973705Z,elea,0.1.1,ef66ed9,add,,add_total,10.149750000000001,,5,Zstd,blake3
1,18,2026-03-11T12:24:36.010449Z,elea,0.1.1,ef66ed9,hash,f3.bin,hash,0.601375,1048576,,,blake3
1,18,2026-03-11T12:24:36.010423Z,elea,0.1.1,ef66ed9,hash,f1.bin,hash,0.61,1048576,,,blake3
1,18,2026-03-11T12:24:36.010441Z,elea,0.1.1,ef66ed9,hash,f2.bin,hash,0.603083,1048576,,,blake3
1,18,2026-03-11T12:24:36.010432Z,elea,0.1.1,ef66ed9,hash,f5.bin,hash,0.5940420000000001,1048576,,,blake3
1,18,2026-03-11T12:24:36.010415Z,elea,0.1.1,ef66ed9,hash,f4.bin,hash,0.599541,1048576,,,blake3
1,18,2026-03-11T12:24:36.014877Z,elea,0.1.1,ef66ed9,add,f3.bin,backend_store,3.12875,1048576,,Zstd,blake3
1,18,2026-03-11T12:24:36.014899Z,elea,0.1.1,ef66ed9,add,f4.bin,backend_store,3.0638330000000003,1048576,,Zstd,blake3
1,18,2026-03-11T12:24:36.015002Z,elea,0.1.1,ef66ed9,add,f1.bin,backend_store,3.233542,1048576,,Zstd,blake3
1,18,2026-03-11T12:24:36.015036Z,elea,0.1.1,ef66ed9,add,f5.bin,backend_store,3.207042,1048576,,Zstd,blake3
1,18,2026-03-11T12:24:36.015047Z,elea,0.1.1,ef66ed9,add,f2.bin,backend_store,3.240542,1048576,,Zstd,blake3
1,18,2026-03-11T12:24:36.015085Z,elea,0.1.1,ef66ed9,add,f4.bin,add_file_total,5.302667,1048576,,Zstd,blake3
1,18,2026-03-11T12:24:36.015296Z,elea,0.1.1,ef66ed9,add,f3.bin,add_file_total,5.507709,1048576,,Zstd,blake3
1,18,2026-03-11T12:24:36.015328Z,elea,0.1.1,ef66ed9,add,f1.bin,add_file_total,5.563292,1048576,,Zstd,blake3
1,18,2026-03-11T12:24:36.01537Z,elea,0.1.1,ef66ed9,add,f5.bin,add_file_total,5.58375,1048576,,Zstd,blake3
1,18,2026-03-11T12:24:36.01541Z,elea,0.1.1,ef66ed9,add,f2.bin,add_file_total,5.623875,1048576,,Zstd,blake3
1,18,2026-03-11T12:24:36.015473Z,elea,0.1.1,ef66ed9,add,,add_total,5.738583,,5,Zstd,blake3
5,7,2026-03-11T12:24:36.101919Z,elea,0.1.1,ef66ed9,hash,f2.bin,hash,3.016375,5242880,,,blake3
5,7,2026-03-11T12:24:36.101847Z,elea,0.1.1,ef66ed9,hash,f3.bin,hash,2.9584170000000003,5242880,,,blake3
5,7,2026-03-11T12:24:36.101867Z,elea,0.1.1,ef66ed9,hash,f4.bin,hash,2.915584,5242880,,,blake3
5,7,2026-03-11T12:24:36.101882Z,elea,0.1.1,ef66ed9,hash,f1.bin,hash,2.964667,5242880,,,blake3
5,7,2026-03-11T12:24:36.101929Z,elea,0.1.1,ef66ed9,hash,f5.bin,hash,2.983958,5242880,,,blake3
5,7,2026-03-11T12:24:36.12095Z,elea,0.1.1,ef66ed9,add,f3.bin,backend_store,17.4845,5242880,,Zstd,blake3
5,7,2026-03-11T12:24:36.120962Z,elea,0.1.1,ef66ed9,add,f2.bin,backend_store,17.516375,5242880,,Zstd,blake3
5,7,2026-03-11T12:24:36.121014Z,elea,0.1.1,ef66ed9,add,f4.bin,backend_store,17.518042,5242880,,Zstd,blake3
5,7,2026-03-11T12:24:36.121158Z,elea,0.1.1,ef66ed9,add,f2.bin,add_file_total,22.296125,5242880,,Zstd,blake3
5,7,2026-03-11T12:24:36.12118Z,elea,0.1.1,ef66ed9,add,f5.bin,backend_store,17.633,5242880,,Zstd,blake3
5,7,2026-03-11T12:24:36.121205Z,elea,0.1.1,ef66ed9,add,f1.bin,backend_store,17.682375,5242880,,Zstd,blake3
5,7,2026-03-11T12:24:36.123413Z,elea,0.1.1,ef66ed9,add,f3.bin,add_file_total,24.567083,5242880,,Zstd,blake3
5,7,2026-03-11T12:24:36.123459Z,elea,0.1.1,ef66ed9,add,f4.bin,add_file_total,24.593459000000003,5242880,,Zstd,blake3
5,7,2026-03-11T12:24:36.123504Z,elea,0.1.1,ef66ed9,add,f5.bin,add_file_total,24.640667,5242880,,Zstd,blake3
5,7,2026-03-11T12:24:36.123542Z,elea,0.1.1,ef66ed9,add,f1.bin,add_file_total,24.678958,5242880,,Zstd,blake3
5,7,2026-03-11T12:24:36.123598Z,elea,0.1.1,ef66ed9,add,,add_total,24.790625,,5,Zstd,blake3
2,5,2026-03-11T12:24:36.171729Z,elea,0.1.1,ef66ed9,hash,f3.bin,hash,1.180625,2097152,,,blake3
2,5,2026-03-11T12:24:36.171747Z,elea,0.1.1,ef66ed9,hash,f1.bin,hash,1.2043329999999999,2097152,,,blake3
2,5,2026-03-11T12:24:36.171717Z,elea,0.1.1,ef66ed9,hash,f2.bin,hash,1.199,2097152,,,blake3
2,5,2026-03-11T12:24:36.171739Z,elea,0.1.1,ef66ed9,hash,f5.bin,hash,1.17725,2097152,,,blake3
2,5,2026-03-11T12:24:36.171707Z,elea,0.1.1,ef66ed9,hash,f4.bin,hash,1.1949580000000002,2097152,,,blake3
2,5,2026-03-11T12:24:36.179295Z,elea,0.1.1,ef66ed9,add,f1.bin,backend_store,6.1372919999999995,2097152,,Zstd,blake3
2,5,2026-03-11T12:24:36.179354Z,elea,0.1.1,ef66ed9,add,f2.bin,backend_store,6.146917,2097152,,Zstd,blake3
2,5,2026-03-11T12:24:36.179362Z,elea,0.1.1,ef66ed9,add,f3.bin,backend_store,6.20925,2097152,,Zstd,blake3
2,5,2026-03-11T12:24:36.179392Z,elea,0.1.1,ef66ed9,add,f4.bin,backend_store,6.094375,2097152,,Zstd,blake3
2,5,2026-03-11T12:24:36.179434Z,elea,0.1.1,ef66ed9,add,f5.bin,backend_store,6.2118340000000005,2097152,,Zstd,blake3
2,5,2026-03-11T12:24:36.179483Z,elea,0.1.1,ef66ed9,add,f1.bin,add_file_total,9.01975,2097152,,Zstd,blake3
2,5,2026-03-11T12:24:36.18024Z,elea,0.1.1,ef66ed9,add,f3.bin,add_file_total,9.776417,2097152,,Zstd,blake3
2,5,2026-03-11T12:24:36.18029Z,elea,0.1.1,ef66ed9,add,f2.bin,add_file_total,9.830458,2097152,,Zstd,blake3
2,5,2026-03-11T12:24:36.180328Z,elea,0.1.1,ef66ed9,add,f5.bin,add_file_total,9.869792,2097152,,Zstd,blake3
2,5,2026-03-11T12:24:36.180369Z,elea,0.1.1,ef66ed9,add,f4.bin,add_file_total,9.912458,2097152,,Zstd,blake3
2,5,2026-03-11T12:24:36.180426Z,elea,0.1.1,ef66ed9,add,,add_total,10.01425,,5,Zstd,blake3
50,12,2026-03-11T12:24:36.811454Z,elea,0.1.1,ef66ed9,hash,f3.bin,hash,29.430167,52428800,,,blake3
50,12,2026-03-11T12:24:36.81075Z,elea,0.1.1,ef66ed9,hash,f5.bin,hash,28.703917,52428800,,,blake3
50,12,2026-03-11T12:24:36.8109Z,elea,0.1.1,ef66ed9,hash,f4.bin,hash,28.889000000000003,52428800,,,blake3
50,12,2026-03-11T12:24:36.81134Z,elea,0.1.1,ef66ed9,hash,f2.bin,hash,29.279083,52428800,,,blake3
50,12,2026-03-11T12:24:36.811214Z,elea,0.1.1,ef66ed9,hash,f1.bin,hash,29.133334,52428800,,,blake3
50,12,2026-03-11T12:24:36.95151Z,elea,0.1.1,ef66ed9,add,f1.bin,backend_store,138.7445,52428800,,Zstd,blake3
50,12,2026-03-11T12:24:36.951578Z,elea,0.1.1,ef66ed9,add,f3.bin,backend_store,138.93625,52428800,,Zstd,blake3
50,12,2026-03-11T12:24:36.953943Z,elea,0.1.1,ef66ed9,add,f2.bin,backend_store,141.207833,52428800,,Zstd,blake3
50,12,2026-03-11T12:24:36.954593Z,elea,0.1.1,ef66ed9,add,f4.bin,backend_store,141.899458,52428800,,Zstd,blake3
50,12,2026-03-11T12:24:36.954689Z,elea,0.1.1,ef66ed9,add,f1.bin,add_file_total,172.69120800000002,52428800,,Zstd,blake3
50,12,2026-03-11T12:24:36.954729Z,elea,0.1.1,ef66ed9,add,f5.bin,backend_store,142.073,52428800,,Zstd,blake3
50,12,2026-03-11T12:24:36.954876Z,elea,0.1.1,ef66ed9,add,f3.bin,add_file_total,172.881042,52428800,,Zstd,blake3
50,12,2026-03-11T12:24:36.954932Z,elea,0.1.1,ef66ed9,add,f2.bin,add_file_total,172.932084,52428800,,Zstd,blake3
50,12,2026-03-11T12:24:36.954986Z,elea,0.1.1,ef66ed9,add,f4.bin,add_file_total,173.012292,52428800,,Zstd,blake3
50,12,2026-03-11T12:24:36.955048Z,elea,0.1.1,ef66ed9,add,f5.bin,add_file_total,173.05166699999998,52428800,,Zstd,blake3
50,12,2026-03-11T12:24:36.955116Z,elea,0.1.1,ef66ed9,add,,add_total,173.165458,,5,Zstd,blake3
10,1,2026-03-11T12:24:37.125546Z,elea,0.1.1,ef66ed9,hash,f1.bin,hash,5.8155,10485760,,,blake3
10,1,2026-03-11T12:24:37.125492Z,elea,0.1.1,ef66ed9,hash,f5.bin,hash,5.743917000000001,10485760,,,blake3
10,1,2026-03-11T12:24:37.125519Z,elea,0.1.1,ef66ed9,hash,f2.bin,hash,5.809917,10485760,,,blake3
10,1,2026-03-11T12:24:37.125505Z,elea,0.1.1,ef66ed9,hash,f3.bin,hash,5.789833000000001,10485760,,,blake3
10,1,2026-03-11T12:24:37.125557Z,elea,0.1.1,ef66ed9,hash,f4.bin,hash,5.794584,10485760,,,blake3
10,1,2026-03-11T12:24:37.153604Z,elea,0.1.1,ef66ed9,add,f5.bin,backend_store,26.199666999999998,10485760,,Zstd,blake3
10,1,2026-03-11T12:24:37.153698Z,elea,0.1.1,ef66ed9,add,f4.bin,backend_store,26.225833,10485760,,Zstd,blake3
10,1,2026-03-11T12:24:37.153844Z,elea,0.1.1,ef66ed9,add,f5.bin,add_file_total,34.156833999999996,10485760,,Zstd,blake3
10,1,2026-03-11T12:24:37.153909Z,elea,0.1.1,ef66ed9,add,f4.bin,add_file_total,34.21925,10485760,,Zstd,blake3
10,1,2026-03-11T12:24:37.154126Z,elea,0.1.1,ef66ed9,add,f3.bin,backend_store,26.680166000000003,10485760,,Zstd,blake3
10,1,2026-03-11T12:24:37.154221Z,elea,0.1.1,ef66ed9,add,f2.bin,backend_store,26.811667,10485760,,Zstd,blake3
10,1,2026-03-11T12:24:37.154254Z,elea,0.1.1,ef66ed9,add,f3.bin,add_file_total,34.59075,10485760,,Zstd,blake3
10,1,2026-03-11T12:24:37.154328Z,elea,0.1.1,ef66ed9,add,f1.bin,backend_store,26.961166000000002,10485760,,Zstd,blake3
10,1,2026-03-11T12:24:37.154701Z,elea,0.1.1,ef66ed9,add,f2.bin,add_file_total,35.006750000000004,10485760,,Zstd,blake3
10,1,2026-03-11T12:24:37.154745Z,elea,0.1.1,ef66ed9,add,f1.bin,add_file_total,35.059041,10485760,,Zstd,blake3
10,1,2026-03-11T12:24:37.154818Z,elea,0.1.1,ef66ed9,add,,add_total,35.178000000000004,,5,Zstd,blake3
50,8,2026-03-11T12:24:37.805673Z,elea,0.1.1,ef66ed9,hash,f1.bin,hash,28.980999999999998,52428800,,,blake3
50,8,2026-03-11T12:24:37.806083Z,elea,0.1.1,ef66ed9,hash,f4.bin,hash,29.362625,52428800,,,blake3
50,8,2026-03-11T12:24:37.806054Z,elea,0.1.1,ef66ed9,hash,f5.bin,hash,29.324458,52428800,,,blake3
50,8,2026-03-11T12:24:37.805818Z,elea,0.1.1,ef66ed9,hash,f3.bin,hash,29.101583,52428800,,,blake3
50,8,2026-03-11T12:24:37.805847Z,elea,0.1.1,ef66ed9,hash,f2.bin,hash,29.147125,52428800,,,blake3
50,8,2026-03-11T12:24:37.94135Z,elea,0.1.1,ef66ed9,add,f4.bin,backend_store,133.464959,52428800,,Zstd,blake3
50,8,2026-03-11T12:24:37.941576Z,elea,0.1.1,ef66ed9,add,f4.bin,add_file_total,164.89958299999998,52428800,,Zstd,blake3
50,8,2026-03-11T12:24:37.941651Z,elea,0.1.1,ef66ed9,add,f1.bin,backend_store,133.785084,52428800,,Zstd,blake3
50,8,2026-03-11T12:24:37.941822Z,elea,0.1.1,ef66ed9,add,f1.bin,add_file_total,165.166709,52428800,,Zstd,blake3
50,8,2026-03-11T12:24:37.942485Z,elea,0.1.1,ef66ed9,add,f5.bin,backend_store,134.577625,52428800,,Zstd,blake3
50,8,2026-03-11T12:24:37.942643Z,elea,0.1.1,ef66ed9,add,f5.bin,add_file_total,165.96745800000002,52428800,,Zstd,blake3
50,8,2026-03-11T12:24:37.942811Z,elea,0.1.1,ef66ed9,add,f3.bin,backend_store,134.86854200000002,52428800,,Zstd,blake3
50,8,2026-03-11T12:24:37.94293Z,elea,0.1.1,ef66ed9,add,f3.bin,add_file_total,166.253917,52428800,,Zstd,blake3
50,8,2026-03-11T12:24:37.943339Z,elea,0.1.1,ef66ed9,add,f2.bin,backend_store,135.372792,52428800,,Zstd,blake3
50,8,2026-03-11T12:24:37.943463Z,elea,0.1.1,ef66ed9,add,f2.bin,add_file_total,166.789042,52428800,,Zstd,blake3
50,8,2026-03-11T12:24:37.943523Z,elea,0.1.1,ef66ed9,add,,add_total,166.889958,,5,Zstd,blake3
50,22,2026-03-11T12:24:38.585535Z,elea,0.1.1,ef66ed9,hash,f5.bin,hash,29.090709,52428800,,,blake3
50,22,2026-03-11T12:24:38.585706Z,elea,0.1.1,ef66ed9,hash,f2.bin,hash,29.239916,52428800,,,blake3
50,22,2026-03-11T12:24:38.585501Z,elea,0.1.1,ef66ed9,hash,f1.bin,hash,29.016834,52428800,,,blake3
50,22,2026-03-11T12:24:38.585519Z,elea,0.1.1,ef66ed9,hash,f4.bin,hash,29.070417000000003,52428800,,,blake3
50,22,2026-03-11T12:24:38.585282Z,elea,0.1.1,ef66ed9,hash,f3.bin,hash,28.867458,52428800,,,blake3
50,22,2026-03-11T12:24:38.730427Z,elea,0.1.1,ef66ed9,add,f4.bin,backend_store,143.210542,52428800,,Zstd,blake3
50,22,2026-03-11T12:24:38.730708Z,elea,0.1.1,ef66ed9,add,f4.bin,add_file_total,174.29625000000001,52428800,,Zstd,blake3
50,22,2026-03-11T12:24:38.731224Z,elea,0.1.1,ef66ed9,add,f1.bin,backend_store,144.044834,52428800,,Zstd,blake3
50,22,2026-03-11T12:24:38.731381Z,elea,0.1.1,ef66ed9,add,f1.bin,add_file_total,174.989958,52428800,,Zstd,blake3
50,22,2026-03-11T12:24:38.731728Z,elea,0.1.1,ef66ed9,add,f5.bin,backend_store,144.58874999999998,52428800,,Zstd,blake3
50,22,2026-03-11T12:24:38.731899Z,elea,0.1.1,ef66ed9,add,f5.bin,add_file_total,175.507958,52428800,,Zstd,blake3
50,22,2026-03-11T12:24:38.732126Z,elea,0.1.1,ef66ed9,add,f2.bin,backend_store,144.977958,52428800,,Zstd,blake3
50,22,2026-03-11T12:24:38.73226Z,elea,0.1.1,ef66ed9,add,f2.bin,add_file_total,175.867667,52428800,,Zstd,blake3
50,22,2026-03-11T12:24:38.732519Z,elea,0.1.1,ef66ed9,add,f3.bin,backend_store,145.269167,52428800,,Zstd,blake3
50,22,2026-03-11T12:24:38.732647Z,elea,0.1.1,ef66ed9,add,f3.bin,add_file_total,176.277875,52428800,,Zstd,blake3
50,22,2026-03-11T12:24:38.732704Z,elea,0.1.1,ef66ed9,add,,add_total,176.368042,,5,Zstd,blake3
5,17,2026-03-11T12:24:38.823433Z,elea,0.1.1,ef66ed9,hash,f3.bin,hash,2.956209,5242880,,,blake3
5,17,2026-03-11T12:24:38.823404Z,elea,0.1.1,ef66ed9,hash,f4.bin,hash,2.938625,5242880,,,blake3
5,17,2026-03-11T12:24:38.823396Z,elea,0.1.1,ef66ed9,hash,f5.bin,hash,2.9094160000000002,5242880,,,blake3
5,17,2026-03-11T12:24:38.823366Z,elea,0.1.1,ef66ed9,hash,f2.bin,hash,2.863667,5242880,,,blake3
5,17,2026-03-11T12:24:38.823412Z,elea,0.1.1,ef66ed9,hash,f1.bin,hash,2.918959,5242880,,,blake3
5,17,2026-03-11T12:24:38.839447Z,elea,0.1.1,ef66ed9,add,f3.bin,backend_store,13.998541,5242880,,Zstd,blake3
5,17,2026-03-11T12:24:38.839451Z,elea,0.1.1,ef66ed9,add,f1.bin,backend_store,13.9195,5242880,,Zstd,blake3
5,17,2026-03-11T12:24:38.83966Z,elea,0.1.1,ef66ed9,add,f3.bin,add_file_total,19.221583,5242880,,Zstd,blake3
5,17,2026-03-11T12:24:38.839693Z,elea,0.1.1,ef66ed9,add,f4.bin,backend_store,14.230166,5242880,,Zstd,blake3
5,17,2026-03-11T12:24:38.839703Z,elea,0.1.1,ef66ed9,add,f2.bin,backend_store,14.188167,5242880,,Zstd,blake3
5,17,2026-03-11T12:24:38.839766Z,elea,0.1.1,ef66ed9,add,f5.bin,backend_store,14.273791,5242880,,Zstd,blake3
5,17,2026-03-11T12:24:38.842074Z,elea,0.1.1,ef66ed9,add,f1.bin,add_file_total,21.628125,5242880,,Zstd,blake3
5,17,2026-03-11T12:24:38.842132Z,elea,0.1.1,ef66ed9,add,f2.bin,add_file_total,21.683125,5242880,,Zstd,blake3
5,17,2026-03-11T12:24:38.842198Z,elea,0.1.1,ef66ed9,add,f4.bin,add_file_total,21.762417,5242880,,Zstd,blake3
5,17,2026-03-11T12:24:38.842247Z,elea,0.1.1,ef66ed9,add,f5.bin,add_file_total,21.801042,5242880,,Zstd,blake3
5,17,2026-03-11T12:24:38.842305Z,elea,0.1.1,ef66ed9,add,,add_total,21.902166,,5,Zstd,blake3
10,13,2026-03-11T12:24:38.992629Z,elea,0.1.1,ef66ed9,hash,f5.bin,hash,5.698792,10485760,,,blake3
10,13,2026-03-11T12:24:38.992689Z,elea,0.1.1,ef66ed9,hash,f4.bin,hash,5.785,10485760,,,blake3
10,13,2026-03-11T12:24:38.99266Z,elea,0.1.1,ef66ed9,hash,f1.bin,hash,5.787083,10485760,,,blake3
10,13,2026-03-11T12:24:38.992678Z,elea,0.1.1,ef66ed9,hash,f2.bin,hash,5.772167,10485760,,,blake3
10,13,2026-03-11T12:24:38.99246Z,elea,0.1.1,ef66ed9,hash,f3.bin,hash,5.518959000000001,10485760,,,blake3
10,13,2026-03-11T12:24:39.020118Z,elea,0.1.1,ef66ed9,add,f5.bin,backend_store,25.697917,10485760,,Zstd,blake3
10,13,2026-03-11T12:24:39.020141Z,elea,0.1.1,ef66ed9,add,f1.bin,backend_store,25.689292,10485760,,Zstd,blake3
10,13,2026-03-11T12:24:39.020204Z,elea,0.1.1,ef66ed9,add,f4.bin,backend_store,25.784667000000002,10485760,,Zstd,blake3
10,13,2026-03-11T12:24:39.020338Z,elea,0.1.1,ef66ed9,add,f1.bin,add_file_total,33.503333000000005,10485760,,Zstd,blake3
10,13,2026-03-11T12:24:39.020593Z,elea,0.1.1,ef66ed9,add,f5.bin,add_file_total,33.734416,10485760,,Zstd,blake3
10,13,2026-03-11T12:24:39.020615Z,elea,0.1.1,ef66ed9,add,f2.bin,backend_store,26.130083,10485760,,Zstd,blake3
10,13,2026-03-11T12:24:39.020638Z,elea,0.1.1,ef66ed9,add,f3.bin,backend_store,26.09875,10485760,,Zstd,blake3
10,13,2026-03-11T12:24:39.020919Z,elea,0.1.1,ef66ed9,add,f4.bin,add_file_total,34.062041,10485760,,Zstd,blake3
10,13,2026-03-11T12:24:39.021057Z,elea,0.1.1,ef66ed9,add,f2.bin,add_file_total,34.201333,10485760,,Zstd,blake3
10,13,2026-03-11T12:24:39.021099Z,elea,0.1.1,ef66ed9,add,f3.bin,add_file_total,34.240708000000005,10485760,,Zstd,blake3
10,13,2026-03-11T12:24:39.021173Z,elea,0.1.1,ef66ed9,add,,add_total,34.363125000000004,,5,Zstd,blake3
2,10,2026-03-11T12:24:39.07056Z,elea,0.1.1,ef66ed9,hash,f4.bin,hash,1.210334,2097152,,,blake3
2,10,2026-03-11T12:24:39.070568Z,elea,0.1.1,ef66ed9,hash,f1.bin,hash,1.232625,2097152,,,blake3
2,10,2026-03-11T12:24:39.070531Z,elea,0.1.1,ef66ed9,hash,f5.bin,hash,1.185125,2097152,,,blake3
2,10,2026-03-11T12:24:39.070552Z,elea,0.1.1,ef66ed9,hash,f2.bin,hash,1.17075,2097152,,,blake3
2,10,2026-03-11T12:24:39.070503Z,elea,0.1.1,ef66ed9,hash,f3.bin,hash,1.194625,2097152,,,blake3
2,10,2026-03-11T12:24:39.077114Z,elea,0.1.1,ef66ed9,add,f4.bin,backend_store,5.170958,2097152,,Zstd,blake3
2,10,2026-03-11T12:24:39.077342Z,elea,0.1.1,ef66ed9,add,f4.bin,add_file_total,8.050625,2097152,,Zstd,blake3
2,10,2026-03-11T12:24:39.077429Z,elea,0.1.1,ef66ed9,add,f3.bin,backend_store,5.418292,2097152,,Zstd,blake3
2,10,2026-03-11T12:24:39.077476Z,elea,0.1.1,ef66ed9,add,f1.bin,backend_store,5.522917,2097152,,Zstd,blake3
2,10,2026-03-11T12:24:39.077586Z,elea,0.1.1,ef66ed9,add,f5.bin,backend_store,5.614208,2097152,,Zstd,blake3
2,10,2026-03-11T12:24:39.077608Z,elea,0.1.1,ef66ed9,add,f2.bin,backend_store,5.603167,2097152,,Zstd,blake3
2,10,2026-03-11T12:24:39.077625Z,elea,0.1.1,ef66ed9,add,f3.bin,add_file_total,8.354458000000001,2097152,,Zstd,blake3
2,10,2026-03-11T12:24:39.078174Z,elea,0.1.1,ef66ed9,add,f1.bin,add_file_total,8.914208,2097152,,Zstd,blake3
2,10,2026-03-11T12:24:39.078213Z,elea,0.1.1,ef66ed9,add,f5.bin,add_file_total,8.916083,2097152,,Zstd,blake3
2,10,2026-03-11T12:24:39.078244Z,elea,0.1.1,ef66ed9,add,f2.bin,add_file_total,8.946458,2097152,,Zstd,blake3
2,10,2026-03-11T12:24:39.078301Z,elea,0.1.1,ef66ed9,add,,add_total,9.081334,,5,Zstd,blake3
1,2,2026-03-11T12:24:39.114462Z,elea,0.1.1,ef66ed9,hash,f4.bin,hash,0.601375,1048576,,,blake3
1,2,2026-03-11T12:24:39.114495Z,elea,0.1.1,ef66ed9,hash,f2.bin,hash,0.602417,1048576,,,blake3
1,2,2026-03-11T12:24:39.114487Z,elea,0.1.1,ef66ed9,hash,f1.bin,hash,0.605542,1048576,,,blake3
1,2,2026-03-11T12:24:39.114461Z,elea,0.1.1,ef66ed9,hash,f5.bin,hash,0.6025419999999999,1048576,,,blake3
1,2,2026-03-11T12:24:39.114469Z,elea,0.1.1,ef66ed9,hash,f3.bin,hash,0.5982500000000001,1048576,,,blake3
1,2,2026-03-11T12:24:39.119012Z,elea,0.1.1,ef66ed9,add,f2.bin,backend_store,3.116709,1048576,,Zstd,blake3
1,2,2026-03-11T12:24:39.119037Z,elea,0.1.1,ef66ed9,add,f4.bin,backend_store,3.155291,1048576,,Zstd,blake3
1,2,2026-03-11T12:24:39.11906Z,elea,0.1.1,ef66ed9,add,f5.bin,backend_store,3.110625,1048576,,Zstd,blake3
1,2,2026-03-11T12:24:39.119111Z,elea,0.1.1,ef66ed9,add,f3.bin,backend_store,3.141792,1048576,,Zstd,blake3
1,2,2026-03-11T12:24:39.119175Z,elea,0.1.1,ef66ed9,add,f2.bin,add_file_total,5.346583,1048576,,Zstd,blake3
1,2,2026-03-11T12:24:39.119201Z,elea,0.1.1,ef66ed9,add,f1.bin,backend_store,3.2797910000000003,1048576,,Zstd,blake3
1,2,2026-03-11T12:24:39.11942Z,elea,0.1.1,ef66ed9,add,f5.bin,add_file_total,5.598833,1048576,,Zstd,blake3
1,2,2026-03-11T12:24:39.119464Z,elea,0.1.1,ef66ed9,add,f4.bin,add_file_total,5.645167000000001,1048576,,Zstd,blake3
1,2,2026-03-11T12:24:39.119502Z,elea,0.1.1,ef66ed9,add,f3.bin,add_file_total,5.6745,1048576,,Zstd,blake3
1,2,2026-03-11T12:24:39.119542Z,elea,0.1.1,ef66ed9,add,f1.bin,add_file_total,5.713875,1048576,,Zstd,blake3
1,2,2026-03-11T12:24:39.119608Z,elea,0.1.1,ef66ed9,add,,add_total,5.843583000000001,,5,Zstd,blake3
5,12,2026-03-11T12:24:39.204971Z,elea,0.1.1,ef66ed9,hash,f1.bin,hash,3.0122500000000003,5242880,,,blake3
5,12,2026-03-11T12:24:39.204846Z,elea,0.1.1,ef66ed9,hash,f5.bin,hash,2.896208,5242880,,,blake3
5,12,2026-03-11T12:24:39.204918Z,elea,0.1.1,ef66ed9,hash,f4.bin,hash,2.950292,5242880,,,blake3
5,12,2026-03-11T12:24:39.204983Z,elea,0.1.1,ef66ed9,hash,f3.bin,hash,2.994084,5242880,,,blake3
5,12,2026-03-11T12:24:39.204942Z,elea,0.1.1,ef66ed9,hash,f2.bin,hash,2.956458,5242880,,,blake3
5,12,2026-03-11T12:24:39.229696Z,elea,0.1.1,ef66ed9,add,f1.bin,backend_store,22.9785,5242880,,Zstd,blake3
5,12,2026-03-11T12:24:39.229907Z,elea,0.1.1,ef66ed9,add,f5.bin,backend_store,23.178833,5242880,,Zstd,blake3
5,12,2026-03-11T12:24:39.230021Z,elea,0.1.1,ef66ed9,add,f4.bin,backend_store,23.259249999999998,5242880,,Zstd,blake3
5,12,2026-03-11T12:24:39.230129Z,elea,0.1.1,ef66ed9,add,f3.bin,backend_store,23.351750000000003,5242880,,Zstd,blake3
5,12,2026-03-11T12:24:39.230284Z,elea,0.1.1,ef66ed9,add,f1.bin,add_file_total,28.365333,5242880,,Zstd,blake3
5,12,2026-03-11T12:24:39.230562Z,elea,0.1.1,ef66ed9,add,f2.bin,backend_store,23.756417,5242880,,Zstd,blake3
5,12,2026-03-11T12:24:39.231849Z,elea,0.1.1,ef66ed9,add,f4.bin,add_file_total,29.924042,5242880,,Zstd,blake3
5,12,2026-03-11T12:24:39.231938Z,elea,0.1.1,ef66ed9,add,f5.bin,add_file_total,30.025541,5242880,,Zstd,blake3
5,12,2026-03-11T12:24:39.232049Z,elea,0.1.1,ef66ed9,add,f3.bin,add_file_total,30.12575,5242880,,Zstd,blake3
5,12,2026-03-11T12:24:39.23215Z,elea,0.1.1,ef66ed9,add,f2.bin,add_file_total,30.225125,5242880,,Zstd,blake3
5,12,2026-03-11T12:24:39.232283Z,elea,0.1.1,ef66ed9,add,,add_total,30.402958,,5,Zstd,blake3
50,14,2026-03-11T12:24:39.903091Z,elea,0.1.1,ef66ed9,hash,f3.bin,hash,28.918416999999998,52428800,,,blake3
50,14,2026-03-11T12:24:39.903457Z,elea,0.1.1,ef66ed9,hash,f1.bin,hash,29.269584000000002,52428800,,,blake3
50,14,2026-03-11T12:24:39.903637Z,elea,0.1.1,ef66ed9,hash,f4.bin,hash,29.427875,52428800,,,blake3
50,14,2026-03-11T12:24:39.903407Z,elea,0.1.1,ef66ed9,hash,f2.bin,hash,29.229374999999997,52428800,,,blake3
50,14,2026-03-11T12:24:39.902923Z,elea,0.1.1,ef66ed9,hash,f5.bin,hash,28.717125,52428800,,,blake3
50,14,2026-03-11T12:24:40.045986Z,elea,0.1.1,ef66ed9,add,f3.bin,backend_store,141.09425000000002,52428800,,Zstd,blake3
50,14,2026-03-11T12:24:40.046227Z,elea,0.1.1,ef66ed9,add,f2.bin,backend_store,141.259083,52428800,,Zstd,blake3
50,14,2026-03-11T12:24:40.046845Z,elea,0.1.1,ef66ed9,add,f1.bin,backend_store,141.940584,52428800,,Zstd,blake3
50,14,2026-03-11T12:24:40.047105Z,elea,0.1.1,ef66ed9,add,f5.bin,backend_store,142.10662499999998,52428800,,Zstd,blake3
50,14,2026-03-11T12:24:40.047417Z,elea,0.1.1,ef66ed9,add,f4.bin,backend_store,142.473041,52428800,,Zstd,blake3
50,14,2026-03-11T12:24:40.049698Z,elea,0.1.1,ef66ed9,add,f3.bin,add_file_total,175.56912499999999,52428800,,Zstd,blake3
50,14,2026-03-11T12:24:40.049748Z,elea,0.1.1,ef66ed9,add,f2.bin,add_file_total,175.595625,52428800,,Zstd,blake3
50,14,2026-03-11T12:24:40.049782Z,elea,0.1.1,ef66ed9,add,f1.bin,add_file_total,175.6255,52428800,,Zstd,blake3
50,14,2026-03-11T12:24:40.049814Z,elea,0.1.1,ef66ed9,add,f5.bin,add_file_total,175.65675,52428800,,Zstd,blake3
50,14,2026-03-11T12:24:40.049847Z,elea,0.1.1,ef66ed9,add,f4.bin,add_file_total,175.68204200000002,52428800,,Zstd,blake3
50,14,2026-03-11T12:24:40.049909Z,elea,0.1.1,ef66ed9,add,,add_total,175.81354199999998,,5,Zstd,blake3
5,3,2026-03-11T12:24:40.153981Z,elea,0.1.1,ef66ed9,hash,f5.bin,hash,2.956709,5242880,,,blake3
5,3,2026-03-11T12:24:40.153972Z,elea,0.1.1,ef66ed9,hash,f1.bin,hash,2.969625,5242880,,,blake3
5,3,2026-03-11T12:24:40.153943Z,elea,0.1.1,ef66ed9,hash,f4.bin,hash,2.9576670000000003,5242880,,,blake3
5,3,2026-03-11T12:24:40.153868Z,elea,0.1.1,ef66ed9,hash,f2.bin,hash,2.915875,5242880,,,blake3
5,3,2026-03-11T12:24:40.153923Z,elea,0.1.1,ef66ed9,hash,f3.bin,hash,2.953209,5242880,,,blake3
5,3,2026-03-11T12:24:40.170024Z,elea,0.1.1,ef66ed9,add,f1.bin,backend_store,14.010791,5242880,,Zstd,blake3
5,3,2026-03-11T12:24:40.170043Z,elea,0.1.1,ef66ed9,add,f3.bin,backend_store,13.885166,5242880,,Zstd,blake3
5,3,2026-03-11T12:24:40.170188Z,elea,0.1.1,ef66ed9,add,f5.bin,backend_store,14.194167,5242880,,Zstd,blake3
5,3,2026-03-11T12:24:40.170282Z,elea,0.1.1,ef66ed9,add,f1.bin,add_file_total,19.350958000000002,5242880,,Zstd,blake3
5,3,2026-03-11T12:24:40.170371Z,elea,0.1.1,ef66ed9,add,f2.bin,backend_store,14.305708000000001,5242880,,Zstd,blake3
5,3,2026-03-11T12:24:40.170442Z,elea,0.1.1,ef66ed9,add,f4.bin,backend_store,14.415249999999999,5242880,,Zstd,blake3
5,3,2026-03-11T12:24:40.172251Z,elea,0.1.1,ef66ed9,add,f3.bin,add_file_total,21.322792,5242880,,Zstd,blake3
5,3,2026-03-11T12:24:40.172423Z,elea,0.1.1,ef66ed9,add,f5.bin,add_file_total,21.491708000000003,5242880,,Zstd,blake3
5,3,2026-03-11T12:24:40.172463Z,elea,0.1.1,ef66ed9,add,f2.bin,add_file_total,21.556042,5242880,,Zstd,blake3
5,3,2026-03-11T12:24:40.172495Z,elea,0.1.1,ef66ed9,add,f4.bin,add_file_total,21.566,5242880,,Zstd,blake3
5,3,2026-03-11T12:24:40.17256Z,elea,0.1.1,ef66ed9,add,,add_total,21.688583,,5,Zstd,blake3
50,7,2026-03-11T12:24:40.814682Z,elea,0.1.1,ef66ed9,hash,f4.bin,hash,29.344917000000002,52428800,,,blake3
50,7,2026-03-11T12:24:40.814097Z,elea,0.1.1,ef66ed9,hash,f5.bin,hash,28.785166,52428800,,,blake3
50,7,2026-03-11T12:24:40.814513Z,elea,0.1.1,ef66ed9,hash,f2.bin,hash,29.220416999999998,52428800,,,blake3
50,7,2026-03-11T12:24:40.814335Z,elea,0.1.1,ef66ed9,hash,f3.bin,hash,29.03625,52428800,,,blake3
50,7,2026-03-11T12:24:40.814565Z,elea,0.1.1,ef66ed9,hash,f1.bin,hash,29.243374999999997,52428800,,,blake3
50,7,2026-03-11T12:24:40.969454Z,elea,0.1.1,ef66ed9,add,f1.bin,backend_store,153.28395799999998,52428800,,Zstd,blake3
50,7,2026-03-11T12:24:40.969735Z,elea,0.1.1,ef66ed9,add,f1.bin,add_file_total,184.44945900000002,52428800,,Zstd,blake3
50,7,2026-03-11T12:24:40.97019Z,elea,0.1.1,ef66ed9,add,f5.bin,backend_store,154.09912500000002,52428800,,Zstd,blake3
50,7,2026-03-11T12:24:40.970383Z,elea,0.1.1,ef66ed9,add,f5.bin,add_file_total,185.108125,52428800,,Zstd,blake3
50,7,2026-03-11T12:24:40.970428Z,elea,0.1.1,ef66ed9,add,f4.bin,backend_store,154.3795,52428800,,Zstd,blake3
50,7,2026-03-11T12:24:40.970571Z,elea,0.1.1,ef66ed9,add,f4.bin,add_file_total,185.29175,52428800,,Zstd,blake3
50,7,2026-03-11T12:24:40.970826Z,elea,0.1.1,ef66ed9,add,f2.bin,backend_store,154.722291,52428800,,Zstd,blake3
50,7,2026-03-11T12:24:40.970973Z,elea,0.1.1,ef66ed9,add,f2.bin,add_file_total,185.719583,52428800,,Zstd,blake3
50,7,2026-03-11T12:24:40.971298Z,elea,0.1.1,ef66ed9,add,f3.bin,backend_store,155.148209,52428800,,Zstd,blake3
50,7,2026-03-11T12:24:40.971443Z,elea,0.1.1,ef66ed9,add,f3.bin,add_file_total,186.169,52428800,,Zstd,blake3
50,7,2026-03-11T12:24:40.97151Z,elea,0.1.1,ef66ed9,add,,add_total,186.28245900000002,,5,Zstd,blake3
5,2,2026-03-11T12:24:41.060772Z,elea,0.1.1,ef66ed9,hash,f4.bin,hash,2.924875,5242880,,,blake3
5,2,2026-03-11T12:24:41.060783Z,elea,0.1.1,ef66ed9,hash,f1.bin,hash,2.914459,5242880,,,blake3
5,2,2026-03-11T12:24:41.0608Z,elea,0.1.1,ef66ed9,hash,f2.bin,hash,2.9369169999999998,5242880,,,blake3
5,2,2026-03-11T12:24:41.060816Z,elea,0.1.1,ef66ed9,hash,f3.bin,hash,2.923667,5242880,,,blake3
5,2,2026-03-11T12:24:41.060764Z,elea,0.1.1,ef66ed9,hash,f5.bin,hash,2.909875,5242880,,,blake3
5,2,2026-03-11T12:24:41.075674Z,elea,0.1.1,ef66ed9,add,f4.bin,backend_store,13.150417,5242880,,Zstd,blake3
5,2,2026-03-11T12:24:41.075901Z,elea,0.1.1,ef66ed9,add,f5.bin,backend_store,13.300584,5242880,,Zstd,blake3
5,2,2026-03-11T12:24:41.075983Z,elea,0.1.1,ef66ed9,add,f4.bin,add_file_total,18.174584,5242880,,Zstd,blake3
5,2,2026-03-11T12:24:41.076033Z,elea,0.1.1,ef66ed9,add,f3.bin,backend_store,13.461084,5242880,,Zstd,blake3
5,2,2026-03-11T12:24:41.076063Z,elea,0.1.1,ef66ed9,add,f2.bin,backend_store,13.500584,5242880,,Zstd,blake3
5,2,2026-03-11T12:24:41.076112Z,elea,0.1.1,ef66ed9,add,f1.bin,backend_store,13.584375,5242880,,Zstd,blake3
5,2,2026-03-11T12:24:41.077994Z,elea,0.1.1,ef66ed9,add,f5.bin,add_file_total,20.179624999999998,5242880,,Zstd,blake3
5,2,2026-03-11T12:24:41.078306Z,elea,0.1.1,ef66ed9,add,f3.bin,add_file_total,20.486250000000002,5242880,,Zstd,blake3
5,2,2026-03-11T12:24:41.078353Z,elea,0.1.1,ef66ed9,add,f2.bin,add_file_total,20.535500000000003,5242880,,Zstd,blake3
5,2,2026-03-11T12:24:41.078402Z,elea,0.1.1,ef66ed9,add,f1.bin,add_file_total,20.584208,5242880,,Zstd,blake3
5,2,2026-03-11T12:24:41.078457Z,elea,0.1.1,ef66ed9,add,,add_total,20.684957999999998,,5,Zstd,blake3
1,25,2026-03-11T12:24:41.115386Z,elea,0.1.1,ef66ed9,hash,f2.bin,hash,0.6010829999999999,1048576,,,blake3
1,25,2026-03-11T12:24:41.115395Z,elea,0.1.1,ef66ed9,hash,f5.bin,hash,0.593334,1048576,,,blake3
1,25,2026-03-11T12:24:41.115368Z,elea,0.1.1,ef66ed9,hash,f1.bin,hash,0.603,1048576,,,blake3
1,25,2026-03-11T12:24:41.115403Z,elea,0.1.1,ef66ed9,hash,f3.bin,hash,0.596708,1048576,,,blake3
1,25,2026-03-11T12:24:41.115375Z,elea,0.1.1,ef66ed9,hash,f4.bin,hash,0.593167,1048576,,,blake3
1,25,2026-03-11T12:24:41.120032Z,elea,0.1.1,ef66ed9,add,f5.bin,backend_store,3.2303330000000003,1048576,,Zstd,blake3
1,25,2026-03-11T12:24:41.120071Z,elea,0.1.1,ef66ed9,add,f1.bin,backend_store,3.243583,1048576,,Zstd,blake3
1,25,2026-03-11T12:24:41.12015Z,elea,0.1.1,ef66ed9,add,f3.bin,backend_store,3.310292,1048576,,Zstd,blake3
1,25,2026-03-11T12:24:41.12023Z,elea,0.1.1,ef66ed9,add,f5.bin,add_file_total,5.484208,1048576,,Zstd,blake3
1,25,2026-03-11T12:24:41.120274Z,elea,0.1.1,ef66ed9,add,f2.bin,backend_store,3.494959,1048576,,Zstd,blake3
1,25,2026-03-11T12:24:41.120303Z,elea,0.1.1,ef66ed9,add,f4.bin,backend_store,3.435833,1048576,,Zstd,blake3
1,25,2026-03-11T12:24:41.120449Z,elea,0.1.1,ef66ed9,add,f1.bin,add_file_total,5.7198329999999995,1048576,,Zstd,blake3
1,25,2026-03-11T12:24:41.120491Z,elea,0.1.1,ef66ed9,add,f3.bin,add_file_total,5.745,1048576,,Zstd,blake3
1,25,2026-03-11T12:24:41.120541Z,elea,0.1.1,ef66ed9,add,f2.bin,add_file_total,5.796208,1048576,,Zstd,blake3
1,25,2026-03-11T12:24:41.12058Z,elea,0.1.1,ef66ed9,add,f4.bin,add_file_total,5.838417000000001,1048576,,Zstd,blake3
1,25,2026-03-11T12:24:41.120632Z,elea,0.1.1,ef66ed9,add,,add_total,5.937459,,5,Zstd,blake3
10,11,2026-03-11T12:24:41.265353Z,elea,0.1.1,ef66ed9,hash,f1.bin,hash,5.78475,10485760,,,blake3
10,11,2026-03-11T12:24:41.26534Z,elea,0.1.1,ef66ed9,hash,f5.bin,hash,5.775041,10485760,,,blake3
10,11,2026-03-11T12:24:41.265378Z,elea,0.1.1,ef66ed9,hash,f4.bin,hash,5.780792,10485760,,,blake3
10,11,2026-03-11T12:24:41.265402Z,elea,0.1.1,ef66ed9,hash,f3.bin,hash,5.814625,10485760,,,blake3
10,11,2026-03-11T12:24:41.26541Z,elea,0.1.1,ef66ed9,hash,f2.bin,hash,5.832916,10485760,,,blake3
10,11,2026-03-11T12:24:41.295254Z,elea,0.1.1,ef66ed9,add,f1.bin,backend_store,28.235334,10485760,,Zstd,blake3
10,11,2026-03-11T12:24:41.295483Z,elea,0.1.1,ef66ed9,add,f1.bin,add_file_total,35.942459,10485760,,Zstd,blake3
10,11,2026-03-11T12:24:41.295579Z,elea,0.1.1,ef66ed9,add,f5.bin,backend_store,28.531958,10485760,,Zstd,blake3
10,11,2026-03-11T12:24:41.295595Z,elea,0.1.1,ef66ed9,add,f4.bin,backend_store,28.541542,10485760,,Zstd,blake3
10,11,2026-03-11T12:24:41.295774Z,elea,0.1.1,ef66ed9,add,f2.bin,backend_store,28.664583,10485760,,Zstd,blake3
10,11,2026-03-11T12:24:41.295893Z,elea,0.1.1,ef66ed9,add,f5.bin,add_file_total,36.36475,10485760,,Zstd,blake3
10,11,2026-03-11T12:24:41.295907Z,elea,0.1.1,ef66ed9,add,f3.bin,backend_store,28.810208,10485760,,Zstd,blake3
10,11,2026-03-11T12:24:41.29633Z,elea,0.1.1,ef66ed9,add,f4.bin,add_file_total,36.784334,10485760,,Zstd,blake3
10,11,2026-03-11T12:24:41.296381Z,elea,0.1.1,ef66ed9,add,f2.bin,add_file_total,36.836375,10485760,,Zstd,blake3
10,11,2026-03-11T12:24:41.29643Z,elea,0.1.1,ef66ed9,add,f3.bin,add_file_total,36.883375,10485760,,Zstd,blake3
10,11,2026-03-11T12:24:41.296489Z,elea,0.1.1,ef66ed9,add,,add_total,36.989875,,5,Zstd,blake3
10,15,2026-03-11T12:24:41.443122Z,elea,0.1.1,ef66ed9,hash,f3.bin,hash,5.797499999999999,10485760,,,blake3
10,15,2026-03-11T12:24:41.443103Z,elea,0.1.1,ef66ed9,hash,f2.bin,hash,5.836666,10485760,,,blake3
10,15,2026-03-11T12:24:41.443068Z,elea,0.1.1,ef66ed9,hash,f5.bin,hash,5.79275,10485760,,,blake3
10,15,2026-03-11T12:24:41.443137Z,elea,0.1.1,ef66ed9,hash,f1.bin,hash,5.845625,10485760,,,blake3
10,15,2026-03-11T12:24:41.443115Z,elea,0.1.1,ef66ed9,hash,f4.bin,hash,5.818458000000001,10485760,,,blake3
10,15,2026-03-11T12:24:41.470918Z,elea,0.1.1,ef66ed9,add,f2.bin,backend_store,26.284083,10485760,,Zstd,blake3
10,15,2026-03-11T12:24:41.471193Z,elea,0.1.1,ef66ed9,add,f2.bin,add_file_total,33.964708,10485760,,Zstd,blake3
10,15,2026-03-11T12:24:41.471279Z,elea,0.1.1,ef66ed9,add,f4.bin,backend_store,26.571041,10485760,,Zstd,blake3
10,15,2026-03-11T12:24:41.471314Z,elea,0.1.1,ef66ed9,add,f5.bin,backend_store,26.66,10485760,,Zstd,blake3
10,15,2026-03-11T12:24:41.471363Z,elea,0.1.1,ef66ed9,add,f1.bin,backend_store,26.679042,10485760,,Zstd,blake3
10,15,2026-03-11T12:24:41.471424Z,elea,0.1.1,ef66ed9,add,f3.bin,backend_store,26.809834000000002,10485760,,Zstd,blake3
10,15,2026-03-11T12:24:41.471701Z,elea,0.1.1,ef66ed9,add,f4.bin,add_file_total,34.445584000000004,10485760,,Zstd,blake3
10,15,2026-03-11T12:24:41.472025Z,elea,0.1.1,ef66ed9,add,f5.bin,add_file_total,34.776208000000004,10485760,,Zstd,blake3
10,15,2026-03-11T12:24:41.472129Z,elea,0.1.1,ef66ed9,add,f1.bin,add_file_total,34.875709,10485760,,Zstd,blake3
10,15,2026-03-11T12:24:41.472163Z,elea,0.1.1,ef66ed9,add,f3.bin,add_file_total,34.907000000000004,10485760,,Zstd,blake3
10,15,2026-03-11T12:24:41.472241Z,elea,0.1.1,ef66ed9,add,,add_total,35.045,,5,Zstd,blake3
5,13,2026-03-11T12:24:41.55683Z,elea,0.1.1,ef66ed9,hash,f5.bin,hash,2.8773750000000002,5242880,,,blake3
5,13,2026-03-11T12:24:41.556841Z,elea,0.1.1,ef66ed9,hash,f1.bin,hash,2.937542,5242880,,,blake3
5,13,2026-03-11T12:24:41.556813Z,elea,0.1.1,ef66ed9,hash,f3.bin,hash,2.92675,5242880,,,blake3
5,13,2026-03-11T12:24:41.556818Z,elea,0.1.1,ef66ed9,hash,f4.bin,hash,2.906834,5242880,,,blake3
5,13,2026-03-11T12:24:41.556876Z,elea,0.1.1,ef66ed9,hash,f2.bin,hash,2.927459,5242880,,,blake3
5,13,2026-03-11T12:24:41.571863Z,elea,0.1.1,ef66ed9,add,f5.bin,backend_store,13.296917,5242880,,Zstd,blake3
5,13,2026-03-11T12:24:41.571927Z,elea,0.1.1,ef66ed9,add,f2.bin,backend_store,13.28875,5242880,,Zstd,blake3
5,13,2026-03-11T12:24:41.571943Z,elea,0.1.1,ef66ed9,add,f3.bin,backend_store,13.338417,5242880,,Zstd,blake3
5,13,2026-03-11T12:24:41.572009Z,elea,0.1.1,ef66ed9,add,f1.bin,backend_store,13.422167,5242880,,Zstd,blake3
5,13,2026-03-11T12:24:41.572038Z,elea,0.1.1,ef66ed9,add,f4.bin,backend_store,13.409374999999999,5242880,,Zstd,blake3
5,13,2026-03-11T12:24:41.57209Z,elea,0.1.1,ef66ed9,add,f5.bin,add_file_total,18.228292,5242880,,Zstd,blake3
5,13,2026-03-11T12:24:41.573188Z,elea,0.1.1,ef66ed9,add,f2.bin,add_file_total,19.32325,5242880,,Zstd,blake3
5,13,2026-03-11T12:24:41.573675Z,elea,0.1.1,ef66ed9,add,f3.bin,add_file_total,19.832124999999998,5242880,,Zstd,blake3
5,13,2026-03-11T12:24:41.57407Z,elea,0.1.1,ef66ed9,add,f4.bin,add_file_total,20.212709,5242880,,Zstd,blake3
5,13,2026-03-11T12:24:41.574428Z,elea,0.1.1,ef66ed9,add,f1.bin,add_file_total,20.565834000000002,5242880,,Zstd,blake3
5,13,2026-03-11T12:24:41.574498Z,elea,0.1.1,ef66ed9,add,,add_total,20.682167,,5,Zstd,blake3
2,4,2026-03-11T12:24:41.62217Z,elea,0.1.1,ef66ed9,hash,f2.bin,hash,1.176458,2097152,,,blake3
2,4,2026-03-11T12:24:41.622195Z,elea,0.1.1,ef66ed9,hash,f3.bin,hash,1.1727079999999999,2097152,,,blake3
2,4,2026-03-11T12:24:41.622187Z,elea,0.1.1,ef66ed9,hash,f5.bin,hash,1.1733749999999998,2097152,,,blake3
2,4,2026-03-11T12:24:41.622177Z,elea,0.1.1,ef66ed9,hash,f4.bin,hash,1.16675,2097152,,,blake3
2,4,2026-03-11T12:24:41.622161Z,elea,0.1.1,ef66ed9,hash,f1.bin,hash,1.185417,2097152,,,blake3
2,4,2026-03-11T12:24:41.629544Z,elea,0.1.1,ef66ed9,add,f3.bin,backend_store,5.7423329999999995,2097152,,Zstd,blake3
2,4,2026-03-11T12:24:41.629578Z,elea,0.1.1,ef66ed9,add,f4.bin,backend_store,5.743334,2097152,,Zstd,blake3
2,4,2026-03-11T12:24:41.629592Z,elea,0.1.1,ef66ed9,add,f1.bin,backend_store,5.734625,2097152,,Zstd,blake3
2,4,2026-03-11T12:24:41.629662Z,elea,0.1.1,ef66ed9,add,f5.bin,backend_store,5.852,2097152,,Zstd,blake3
2,4,2026-03-11T12:24:41.629733Z,elea,0.1.1,ef66ed9,add,f3.bin,add_file_total,8.77825,2097152,,Zstd,blake3
2,4,2026-03-11T12:24:41.629776Z,elea,0.1.1,ef66ed9,add,f2.bin,backend_store,5.990375,2097152,,Zstd,blake3
2,4,2026-03-11T12:24:41.630438Z,elea,0.1.1,ef66ed9,add,f4.bin,add_file_total,9.478917,2097152,,Zstd,blake3
2,4,2026-03-11T12:24:41.630475Z,elea,0.1.1,ef66ed9,add,f1.bin,add_file_total,9.536584000000001,2097152,,Zstd,blake3
2,4,2026-03-11T12:24:41.630502Z,elea,0.1.1,ef66ed9,add,f5.bin,add_file_total,9.543332999999999,2097152,,Zstd,blake3
2,4,2026-03-11T12:24:41.630533Z,elea,0.1.1,ef66ed9,add,f2.bin,add_file_total,9.578332999999999,2097152,,Zstd,blake3
2,4,2026-03-11T12:24:41.630578Z,elea,0.1.1,ef66ed9,add,,add_total,9.676,,5,Zstd,blake3
2,8,2026-03-11T12:24:41.681179Z,elea,0.1.1,ef66ed9,hash,f5.bin,hash,1.167084,2097152,,,blake3
2,8,2026-03-11T12:24:41.681171Z,elea,0.1.1,ef66ed9,hash,f2.bin,hash,1.1722499999999998,2097152,,,blake3
2,8,2026-03-11T12:24:41.681186Z,elea,0.1.1,ef66ed9,hash,f1.bin,hash,1.192125,2097152,,,blake3
2,8,2026-03-11T12:24:41.681151Z,elea,0.1.1,ef66ed9,hash,f3.bin,hash,1.185167,2097152,,,blake3
2,8,2026-03-11T12:24:41.681161Z,elea,0.1.1,ef66ed9,hash,f4.bin,hash,1.175209,2097152,,,blake3
2,8,2026-03-11T12:24:41.688615Z,elea,0.1.1,ef66ed9,add,f5.bin,backend_store,5.989583,2097152,,Zstd,blake3
2,8,2026-03-11T12:24:41.688809Z,elea,0.1.1,ef66ed9,add,f1.bin,backend_store,6.149958,2097152,,Zstd,blake3
2,8,2026-03-11T12:24:41.688829Z,elea,0.1.1,ef66ed9,add,f5.bin,add_file_total,8.873292,2097152,,Zstd,blake3
2,8,2026-03-11T12:24:41.68896Z,elea,0.1.1,ef66ed9,add,f1.bin,add_file_total,9.005542,2097152,,Zstd,blake3
2,8,2026-03-11T12:24:41.688994Z,elea,0.1.1,ef66ed9,add,f2.bin,backend_store,6.356625,2097152,,Zstd,blake3
2,8,2026-03-11T12:24:41.689013Z,elea,0.1.1,ef66ed9,add,f4.bin,backend_store,6.306917,2097152,,Zstd,blake3
2,8,2026-03-11T12:24:41.689046Z,elea,0.1.1,ef66ed9,add,f3.bin,backend_store,6.364583,2097152,,Zstd,blake3
2,8,2026-03-11T12:24:41.689538Z,elea,0.1.1,ef66ed9,add,f2.bin,add_file_total,9.584083,2097152,,Zstd,blake3
2,8,2026-03-11T12:24:41.689582Z,elea,0.1.1,ef66ed9,add,f4.bin,add_file_total,9.628375,2097152,,Zstd,blake3
2,8,2026-03-11T12:24:41.689619Z,elea,0.1.1,ef66ed9,add,f3.bin,add_file_total,9.690249999999999,2097152,,Zstd,blake3
2,8,2026-03-11T12:24:41.689672Z,elea,0.1.1,ef66ed9,add,,add_total,9.766416,,5,Zstd,blake3
1,4,2026-03-11T12:24:41.726094Z,elea,0.1.1,ef66ed9,hash,f5.bin,hash,0.5960829999999999,1048576,,,blake3
1,4,2026-03-11T12:24:41.726112Z,elea,0.1.1,ef66ed9,hash,f2.bin,hash,0.598875,1048576,,,blake3
1,4,2026-03-11T12:24:41.726105Z,elea,0.1.1,ef66ed9,hash,f4.bin,hash,0.5942080000000001,1048576,,,blake3
1,4,2026-03-11T12:24:41.726175Z,elea,0.1.1,ef66ed9,hash,f1.bin,hash,0.6900419999999999,1048576,,,blake3
1,4,2026-03-11T12:24:41.72612Z,elea,0.1.1,ef66ed9,hash,f3.bin,hash,0.5982080000000001,1048576,,,blake3
1,4,2026-03-11T12:24:41.730545Z,elea,0.1.1,ef66ed9,add,f2.bin,backend_store,2.854042,1048576,,Zstd,blake3
1,4,2026-03-11T12:24:41.730598Z,elea,0.1.1,ef66ed9,add,f5.bin,backend_store,2.916417,1048576,,Zstd,blake3
1,4,2026-03-11T12:24:41.730682Z,elea,0.1.1,ef66ed9,add,f4.bin,backend_store,2.96675,1048576,,Zstd,blake3
1,4,2026-03-11T12:24:41.730714Z,elea,0.1.1,ef66ed9,add,f1.bin,backend_store,2.972583,1048576,,Zstd,blake3
1,4,2026-03-11T12:24:41.730727Z,elea,0.1.1,ef66ed9,add,f2.bin,add_file_total,5.254166000000001,1048576,,Zstd,blake3
1,4,2026-03-11T12:24:41.730777Z,elea,0.1.1,ef66ed9,add,f3.bin,backend_store,3.02425,1048576,,Zstd,blake3
1,4,2026-03-11T12:24:41.730943Z,elea,0.1.1,ef66ed9,add,f5.bin,add_file_total,5.473040999999999,1048576,,Zstd,blake3
1,4,2026-03-11T12:24:41.730998Z,elea,0.1.1,ef66ed9,add,f4.bin,add_file_total,5.5265,1048576,,Zstd,blake3
1,4,2026-03-11T12:24:41.731034Z,elea,0.1.1,ef66ed9,add,f1.bin,add_file_total,5.57925,1048576,,Zstd,blake3
1,4,2026-03-11T12:24:41.731058Z,elea,0.1.1,ef66ed9,add,f3.bin,add_file_total,5.58625,1048576,,Zstd,blake3
1,4,2026-03-11T12:24:41.731122Z,elea,0.1.1,ef66ed9,add,,add_total,5.707417,,5,Zstd,blake3
1,19,2026-03-11T12:24:41.768392Z,elea,0.1.1,ef66ed9,hash,f1.bin,hash,0.616708,1048576,,,blake3
1,19,2026-03-11T12:24:41.76841Z,elea,0.1.1,ef66ed9,hash,f3.bin,hash,0.661042,1048576,,,blake3
1,19,2026-03-11T12:24:41.768404Z,elea,0.1.1,ef66ed9,hash,f5.bin,hash,0.590625,1048576,,,blake3
1,19,2026-03-11T12:24:41.768383Z,elea,0.1.1,ef66ed9,hash,f2.bin,hash,0.605167,1048576,,,blake3
1,19,2026-03-11T12:24:41.768374Z,elea,0.1.1,ef66ed9,hash,f4.bin,hash,0.6015,1048576,,,blake3
1,19,2026-03-11T12:24:41.772899Z,elea,0.1.1,ef66ed9,add,f2.bin,backend_store,2.961125,1048576,,Zstd,blake3
1,19,2026-03-11T12:24:41.772917Z,elea,0.1.1,ef66ed9,add,f3.bin,backend_store,3.023666,1048576,,Zstd,blake3
1,19,2026-03-11T12:24:41.772941Z,elea,0.1.1,ef66ed9,add,f5.bin,backend_store,3.012292,1048576,,Zstd,blake3
1,19,2026-03-11T12:24:41.772974Z,elea,0.1.1,ef66ed9,add,f1.bin,backend_store,3.089208,1048576,,Zstd,blake3
1,19,2026-03-11T12:24:41.773062Z,elea,0.1.1,ef66ed9,add,f2.bin,add_file_total,5.32375,1048576,,Zstd,blake3
1,19,2026-03-11T12:24:41.773092Z,elea,0.1.1,ef66ed9,add,f4.bin,backend_store,3.1298329999999996,1048576,,Zstd,blake3
1,19,2026-03-11T12:24:41.773338Z,elea,0.1.1,ef66ed9,add,f3.bin,add_file_total,5.617833,1048576,,Zstd,blake3
1,19,2026-03-11T12:24:41.773383Z,elea,0.1.1,ef66ed9,add,f5.bin,add_file_total,5.6446250000000004,1048576,,Zstd,blake3
1,19,2026-03-11T12:24:41.773417Z,elea,0.1.1,ef66ed9,add,f1.bin,add_file_total,5.688584,1048576,,Zstd,blake3
1,19,2026-03-11T12:24:41.773463Z,elea,0.1.1,ef66ed9,add,f4.bin,add_file_total,5.727666999999999,1048576,,Zstd,blake3
1,19,2026-03-11T12:24:41.773516Z,elea,0.1.1,ef66ed9,add,,add_total,5.844125,,5,Zstd,blake3
1,21,2026-03-11T12:24:41.809696Z,elea,0.1.1,ef66ed9,hash,f2.bin,hash,0.6030420000000001,1048576,,,blake3
1,21,2026-03-11T12:24:41.809704Z,elea,0.1.1,ef66ed9,hash,f1.bin,hash,0.620583,1048576,,,blake3
1,21,2026-03-11T12:24:41.809688Z,elea,0.1.1,ef66ed9,hash,f4.bin,hash,0.614833,1048576,,,blake3
1,21,2026-03-11T12:24:41.809676Z,elea,0.1.1,ef66ed9,hash,f5.bin,hash,0.6054590000000001,1048576,,,blake3
1,21,2026-03-11T12:24:41.809669Z,elea,0.1.1,ef66ed9,hash,f3.bin,hash,0.6142920000000001,1048576,,,blake3
1,21,2026-03-11T12:24:41.814095Z,elea,0.1.1,ef66ed9,add,f4.bin,backend_store,2.922,1048576,,Zstd,blake3
1,21,2026-03-11T12:24:41.814097Z,elea,0.1.1,ef66ed9,add,f2.bin,backend_store,2.9697080000000002,1048576,,Zstd,blake3
1,21,2026-03-11T12:24:41.814107Z,elea,0.1.1,ef66ed9,add,f3.bin,backend_store,2.906958,1048576,,Zstd,blake3
1,21,2026-03-11T12:24:41.814129Z,elea,0.1.1,ef66ed9,add,f1.bin,backend_store,2.993,1048576,,Zstd,blake3
1,21,2026-03-11T12:24:41.814153Z,elea,0.1.1,ef66ed9,add,f5.bin,backend_store,2.9658330000000004,1048576,,Zstd,blake3
1,21,2026-03-11T12:24:41.814289Z,elea,0.1.1,ef66ed9,add,f4.bin,add_file_total,5.252708,1048576,,Zstd,blake3
1,21,2026-03-11T12:24:41.81447Z,elea,0.1.1,ef66ed9,add,f1.bin,add_file_total,5.436459,1048576,,Zstd,blake3
1,21,2026-03-11T12:24:41.814495Z,elea,0.1.1,ef66ed9,add,f3.bin,add_file_total,5.479666,1048576,,Zstd,blake3
1,21,2026-03-11T12:24:41.814531Z,elea,0.1.1,ef66ed9,add,f2.bin,add_file_total,5.496583,1048576,,Zstd,blake3
1,21,2026-03-11T12:24:41.814559Z,elea,0.1.1,ef66ed9,add,f5.bin,add_file_total,5.52625,1048576,,Zstd,blake3
1,21,2026-03-11T12:24:41.814614Z,elea,0.1.1,ef66ed9,add,,add_total,5.641292,,5,Zstd,blake3
1,5,2026-03-11T12:24:41.852578Z,elea,0.1.1,ef66ed9,hash,f2.bin,hash,0.623875,1048576,,,blake3
1,5,2026-03-11T12:24:41.852568Z,elea,0.1.1,ef66ed9,hash,f4.bin,hash,0.608333,1048576,,,blake3
1,5,2026-03-11T12:24:41.852536Z,elea,0.1.1,ef66ed9,hash,f1.bin,hash,0.601292,1048576,,,blake3
1,5,2026-03-11T12:24:41.852528Z,elea,0.1.1,ef66ed9,hash,f5.bin,hash,0.606625,1048576,,,blake3
1,5,2026-03-11T12:24:41.852557Z,elea,0.1.1,ef66ed9,hash,f3.bin,hash,0.615042,1048576,,,blake3
1,5,2026-03-11T12:24:41.856922Z,elea,0.1.1,ef66ed9,add,f4.bin,backend_store,2.996583,1048576,,Zstd,blake3
1,5,2026-03-11T12:24:41.857072Z,elea,0.1.1,ef66ed9,add,f4.bin,add_file_total,5.169458,1048576,,Zstd,blake3
1,5,2026-03-11T12:24:41.857125Z,elea,0.1.1,ef66ed9,add,f3.bin,backend_store,3.1405830000000003,1048576,,Zstd,blake3
1,5,2026-03-11T12:24:41.857157Z,elea,0.1.1,ef66ed9,add,f1.bin,backend_store,3.209,1048576,,Zstd,blake3
1,5,2026-03-11T12:24:41.857172Z,elea,0.1.1,ef66ed9,add,f2.bin,backend_store,3.2621249999999997,1048576,,Zstd,blake3
1,5,2026-03-11T12:24:41.857187Z,elea,0.1.1,ef66ed9,add,f5.bin,backend_store,3.225208,1048576,,Zstd,blake3
1,5,2026-03-11T12:24:41.857453Z,elea,0.1.1,ef66ed9,add,f3.bin,add_file_total,5.55175,1048576,,Zstd,blake3
1,5,2026-03-11T12:24:41.857484Z,elea,0.1.1,ef66ed9,add,f1.bin,add_file_total,5.587416,1048576,,Zstd,blake3
1,5,2026-03-11T12:24:41.857521Z,elea,0.1.1,ef66ed9,add,f2.bin,add_file_total,5.617208000000001,1048576,,Zstd,blake3
1,5,2026-03-11T12:24:41.857547Z,elea,0.1.1,ef66ed9,add,f5.bin,add_file_total,5.661708,1048576,,Zstd,blake3
1,5,2026-03-11T12:24:41.857592Z,elea,0.1.1,ef66ed9,add,,add_total,5.74475,,5,Zstd,blake3
1,8,2026-03-11T12:24:41.892112Z,elea,0.1.1,ef66ed9,hash,f1.bin,hash,0.602166,1048576,,,blake3
1,8,2026-03-11T12:24:41.892103Z,elea,0.1.1,ef66ed9,hash,f5.bin,hash,0.593166,1048576,,,blake3
1,8,2026-03-11T12:24:41.892072Z,elea,0.1.1,ef66ed9,hash,f4.bin,hash,0.594958,1048576,,,blake3
1,8,2026-03-11T12:24:41.892119Z,elea,0.1.1,ef66ed9,hash,f2.bin,hash,0.598125,1048576,,,blake3
1,8,2026-03-11T12:24:41.892093Z,elea,0.1.1,ef66ed9,hash,f3.bin,hash,0.6059169999999999,1048576,,,blake3
1,8,2026-03-11T12:24:41.896178Z,elea,0.1.1,ef66ed9,add,f1.bin,backend_store,2.7229170000000003,1048576,,Zstd,blake3
1,8,2026-03-11T12:24:41.896203Z,elea,0.1.1,ef66ed9,add,f5.bin,backend_store,2.738875,1048576,,Zstd,blake3
1,8,2026-03-11T12:24:41.896282Z,elea,0.1.1,ef66ed9,add,f3.bin,backend_store,2.760875,1048576,,Zstd,blake3
1,8,2026-03-11T12:24:41.896349Z,elea,0.1.1,ef66ed9,add,f2.bin,backend_store,2.833542,1048576,,Zstd,blake3
1,8,2026-03-11T12:24:41.89636Z,elea,0.1.1,ef66ed9,add,f1.bin,add_file_total,4.886749999999999,1048576,,Zstd,blake3
1,8,2026-03-11T12:24:41.896471Z,elea,0.1.1,ef66ed9,add,f4.bin,backend_store,2.976333,1048576,,Zstd,blake3
1,8,2026-03-11T12:24:41.896505Z,elea,0.1.1,ef66ed9,add,f5.bin,add_file_total,5.043917,1048576,,Zstd,blake3
1,8,2026-03-11T12:24:41.896601Z,elea,0.1.1,ef66ed9,add,f3.bin,add_file_total,5.1465,1048576,,Zstd,blake3
1,8,2026-03-11T12:24:41.896634Z,elea,0.1.1,ef66ed9,add,f2.bin,add_file_total,5.175917,1048576,,Zstd,blake3
1,8,2026-03-11T12:24:41.896665Z,elea,0.1.1,ef66ed9,add,f4.bin,add_file_total,5.2215,1048576,,Zstd,blake3
1,8,2026-03-11T12:24:41.896704Z,elea,0.1.1,ef66ed9,add,,add_total,5.290958,,5,Zstd,blake3
5,8,2026-03-11T12:24:41.984831Z,elea,0.1.1,ef66ed9,hash,f4.bin,hash,2.907459,5242880,,,blake3
5,8,2026-03-11T12:24:41.984853Z,elea,0.1.1,ef66ed9,hash,f1.bin,hash,2.922916,5242880,,,blake3
5,8,2026-03-11T12:24:41.984843Z,elea,0.1.1,ef66ed9,hash,f3.bin,hash,2.959917,5242880,,,blake3
5,8,2026-03-11T12:24:41.984807Z,elea,0.1.1,ef66ed9,hash,f5.bin,hash,2.916458,5242880,,,blake3
5,8,2026-03-11T12:24:41.985027Z,elea,0.1.1,ef66ed9,hash,f2.bin,hash,3.130959,5242880,,,blake3
5,8,2026-03-11T12:24:42.003983Z,elea,0.1.1,ef66ed9,add,f3.bin,backend_store,17.469708,5242880,,Zstd,blake3
5,8,2026-03-11T12:24:42.004017Z,elea,0.1.1,ef66ed9,add,f2.bin,backend_store,17.467083000000002,5242880,,Zstd,blake3
5,8,2026-03-11T12:24:42.004101Z,elea,0.1.1,ef66ed9,add,f1.bin,backend_store,17.600334,5242880,,Zstd,blake3
5,8,2026-03-11T12:24:42.004112Z,elea,0.1.1,ef66ed9,add,f4.bin,backend_store,17.634875,5242880,,Zstd,blake3
5,8,2026-03-11T12:24:42.004185Z,elea,0.1.1,ef66ed9,add,f3.bin,add_file_total,22.344833,5242880,,Zstd,blake3
5,8,2026-03-11T12:24:42.004195Z,elea,0.1.1,ef66ed9,add,f5.bin,backend_store,17.651333,5242880,,Zstd,blake3
5,8,2026-03-11T12:24:42.006678Z,elea,0.1.1,ef66ed9,add,f2.bin,add_file_total,24.831791,5242880,,Zstd,blake3
5,8,2026-03-11T12:24:42.006733Z,elea,0.1.1,ef66ed9,add,f4.bin,add_file_total,24.879083,5242880,,Zstd,blake3
5,8,2026-03-11T12:24:42.006785Z,elea,0.1.1,ef66ed9,add,f1.bin,add_file_total,24.937666,5242880,,Zstd,blake3
5,8,2026-03-11T12:24:42.006831Z,elea,0.1.1,ef66ed9,add,f5.bin,add_file_total,24.986542,5242880,,Zstd,blake3
5,8,2026-03-11T12:24:42.006903Z,elea,0.1.1,ef66ed9,add,,add_total,25.089,,5,Zstd,blake3
5,22,2026-03-11T12:24:42.093486Z,elea,0.1.1,ef66ed9,hash,f5.bin,hash,2.887625,5242880,,,blake3
5,22,2026-03-11T12:24:42.093472Z,elea,0.1.1,ef66ed9,hash,f2.bin,hash,2.921459,5242880,,,blake3
5,22,2026-03-11T12:24:42.093497Z,elea,0.1.1,ef66ed9,hash,f4.bin,hash,2.937459,5242880,,,blake3
5,22,2026-03-11T12:24:42.093455Z,elea,0.1.1,ef66ed9,hash,f1.bin,hash,2.93175,5242880,,,blake3
5,22,2026-03-11T12:24:42.093513Z,elea,0.1.1,ef66ed9,hash,f3.bin,hash,2.928834,5242880,,,blake3
5,22,2026-03-11T12:24:42.10748Z,elea,0.1.1,ef66ed9,add,f2.bin,backend_store,12.309334,5242880,,Zstd,blake3
5,22,2026-03-11T12:24:42.107573Z,elea,0.1.1,ef66ed9,add,f4.bin,backend_store,12.3835,5242880,,Zstd,blake3
5,22,2026-03-11T12:24:42.107633Z,elea,0.1.1,ef66ed9,add,f3.bin,backend_store,12.388917,5242880,,Zstd,blake3
5,22,2026-03-11T12:24:42.10773Z,elea,0.1.1,ef66ed9,add,f2.bin,add_file_total,17.226959,5242880,,Zstd,blake3
5,22,2026-03-11T12:24:42.107855Z,elea,0.1.1,ef66ed9,add,f1.bin,backend_store,12.632375,5242880,,Zstd,blake3
5,22,2026-03-11T12:24:42.107912Z,elea,0.1.1,ef66ed9,add,f5.bin,backend_store,12.764208,5242880,,Zstd,blake3
5,22,2026-03-11T12:24:42.109704Z,elea,0.1.1,ef66ed9,add,f4.bin,add_file_total,19.204124999999998,5242880,,Zstd,blake3
5,22,2026-03-11T12:24:42.109977Z,elea,0.1.1,ef66ed9,add,f3.bin,add_file_total,19.476375,5242880,,Zstd,blake3
5,22,2026-03-11T12:24:42.110105Z,elea,0.1.1,ef66ed9,add,f1.bin,add_file_total,19.628125,5242880,,Zstd,blake3
5,22,2026-03-11T12:24:42.110148Z,elea,0.1.1,ef66ed9,add,f5.bin,add_file_total,19.649292,5242880,,Zstd,blake3
5,22,2026-03-11T12:24:42.110214Z,elea,0.1.1,ef66ed9,add,,add_total,19.766542,,5,Zstd,blake3
2,23,2026-03-11T12:24:42.158201Z,elea,0.1.1,ef66ed9,hash,f2.bin,hash,1.200333,2097152,,,blake3
2,23,2026-03-11T12:24:42.158215Z,elea,0.1.1,ef66ed9,hash,f4.bin,hash,1.174584,2097152,,,blake3
2,23,2026-03-11T12:24:42.158176Z,elea,0.1.1,ef66ed9,hash,f5.bin,hash,1.176791,2097152,,,blake3
2,23,2026-03-11T12:24:42.158191Z,elea,0.1.1,ef66ed9,hash,f3.bin,hash,1.18125,2097152,,,blake3
2,23,2026-03-11T12:24:42.158208Z,elea,0.1.1,ef66ed9,hash,f1.bin,hash,1.188166,2097152,,,blake3
2,23,2026-03-11T12:24:42.164805Z,elea,0.1.1,ef66ed9,add,f2.bin,backend_store,5.13,2097152,,Zstd,blake3
2,23,2026-03-11T12:24:42.164933Z,elea,0.1.1,ef66ed9,add,f3.bin,backend_store,5.206084,2097152,,Zstd,blake3
2,23,2026-03-11T12:24:42.164941Z,elea,0.1.1,ef66ed9,add,f4.bin,backend_store,5.265834,2097152,,Zstd,blake3
2,23,2026-03-11T12:24:42.164969Z,elea,0.1.1,ef66ed9,add,f1.bin,backend_store,5.217541,2097152,,Zstd,blake3
2,23,2026-03-11T12:24:42.16499Z,elea,0.1.1,ef66ed9,add,f5.bin,backend_store,5.242041,2097152,,Zstd,blake3
2,23,2026-03-11T12:24:42.164998Z,elea,0.1.1,ef66ed9,add,f2.bin,add_file_total,8.040916000000001,2097152,,Zstd,blake3
2,23,2026-03-11T12:24:42.165677Z,elea,0.1.1,ef66ed9,add,f3.bin,add_file_total,8.707832999999999,2097152,,Zstd,blake3
2,23,2026-03-11T12:24:42.16572Z,elea,0.1.1,ef66ed9,add,f1.bin,add_file_total,8.757833,2097152,,Zstd,blake3
2,23,2026-03-11T12:24:42.165757Z,elea,0.1.1,ef66ed9,add,f4.bin,add_file_total,8.792875,2097152,,Zstd,blake3
2,23,2026-03-11T12:24:42.165799Z,elea,0.1.1,ef66ed9,add,f5.bin,add_file_total,8.8435,2097152,,Zstd,blake3
2,23,2026-03-11T12:24:42.165857Z,elea,0.1.1,ef66ed9,add,,add_total,8.946417,,5,Zstd,blake3
1,20,2026-03-11T12:24:42.20096Z,elea,0.1.1,ef66ed9,hash,f4.bin,hash,0.598,1048576,,,blake3
1,20,2026-03-11T12:24:42.200977Z,elea,0.1.1,ef66ed9,hash,f2.bin,hash,0.6162500000000001,1048576,,,blake3
1,20,2026-03-11T12:24:42.200943Z,elea,0.1.1,ef66ed9,hash,f1.bin,hash,0.606375,1048576,,,blake3
1,20,2026-03-11T12:24:42.200953Z,elea,0.1.1,ef66ed9,hash,f5.bin,hash,0.595208,1048576,,,blake3
1,20,2026-03-11T12:24:42.200935Z,elea,0.1.1,ef66ed9,hash,f3.bin,hash,0.6084579999999999,1048576,,,blake3
1,20,2026-03-11T12:24:42.205268Z,elea,0.1.1,ef66ed9,add,f3.bin,backend_store,2.932625,1048576,,Zstd,blake3
1,20,2026-03-11T12:24:42.205295Z,elea,0.1.1,ef66ed9,add,f5.bin,backend_store,2.9871250000000003,1048576,,Zstd,blake3
1,20,2026-03-11T12:24:42.205312Z,elea,0.1.1,ef66ed9,add,f4.bin,backend_store,3.058541,1048576,,Zstd,blake3
1,20,2026-03-11T12:24:42.205361Z,elea,0.1.1,ef66ed9,add,f1.bin,backend_store,3.064458,1048576,,Zstd,blake3
1,20,2026-03-11T12:24:42.205405Z,elea,0.1.1,ef66ed9,add,f2.bin,backend_store,3.139042,1048576,,Zstd,blake3
1,20,2026-03-11T12:24:42.205463Z,elea,0.1.1,ef66ed9,add,f3.bin,add_file_total,5.168833,1048576,,Zstd,blake3
1,20,2026-03-11T12:24:42.205661Z,elea,0.1.1,ef66ed9,add,f4.bin,add_file_total,5.362834,1048576,,Zstd,blake3
1,20,2026-03-11T12:24:42.2057Z,elea,0.1.1,ef66ed9,add,f1.bin,add_file_total,5.406167,1048576,,Zstd,blake3
1,20,2026-03-11T12:24:42.205742Z,elea,0.1.1,ef66ed9,add,f5.bin,add_file_total,5.445875,1048576,,Zstd,blake3
1,20,2026-03-11T12:24:42.20577Z,elea,0.1.1,ef66ed9,add,f2.bin,add_file_total,5.471291,1048576,,Zstd,blake3
1,20,2026-03-11T12:24:42.20585Z,elea,0.1.1,ef66ed9,add,,add_total,5.5940829999999995,,5,Zstd,blake3
2,25,2026-03-11T12:24:42.253001Z,elea,0.1.1,ef66ed9,hash,f4.bin,hash,1.17475,2097152,,,blake3
2,25,2026-03-11T12:24:42.253205Z,elea,0.1.1,ef66ed9,hash,f3.bin,hash,1.362333,2097152,,,blake3
2,25,2026-03-11T12:24:42.25306Z,elea,0.1.1,ef66ed9,hash,f5.bin,hash,1.2275,2097152,,,blake3
2,25,2026-03-11T12:24:42.253011Z,elea,0.1.1,ef66ed9,hash,f1.bin,hash,1.1838339999999998,2097152,,,blake3
2,25,2026-03-11T12:24:42.253188Z,elea,0.1.1,ef66ed9,hash,f2.bin,hash,1.381291,2097152,,,blake3
2,25,2026-03-11T12:24:42.260058Z,elea,0.1.1,ef66ed9,add,f3.bin,backend_store,5.603667,2097152,,Zstd,blake3
2,25,2026-03-11T12:24:42.260138Z,elea,0.1.1,ef66ed9,add,f4.bin,backend_store,5.700084,2097152,,Zstd,blake3
2,25,2026-03-11T12:24:42.260149Z,elea,0.1.1,ef66ed9,add,f5.bin,backend_store,5.664042,2097152,,Zstd,blake3
2,25,2026-03-11T12:24:42.260298Z,elea,0.1.1,ef66ed9,add,f3.bin,add_file_total,8.515125,2097152,,Zstd,blake3
2,25,2026-03-11T12:24:42.260306Z,elea,0.1.1,ef66ed9,add,f2.bin,backend_store,5.7851669999999995,2097152,,Zstd,blake3
2,25,2026-03-11T12:24:42.26032Z,elea,0.1.1,ef66ed9,add,f1.bin,backend_store,5.704542,2097152,,Zstd,blake3
2,25,2026-03-11T12:24:42.260995Z,elea,0.1.1,ef66ed9,add,f4.bin,add_file_total,9.215291,2097152,,Zstd,blake3
2,25,2026-03-11T12:24:42.261046Z,elea,0.1.1,ef66ed9,add,f5.bin,add_file_total,9.270125,2097152,,Zstd,blake3
2,25,2026-03-11T12:24:42.261089Z,elea,0.1.1,ef66ed9,add,f2.bin,add_file_total,9.315833000000001,2097152,,Zstd,blake3
2,25,2026-03-11T12:24:42.261129Z,elea,0.1.1,ef66ed9,add,f1.bin,add_file_total,9.35775,2097152,,Zstd,blake3
2,25,2026-03-11T12:24:42.261187Z,elea,0.1.1,ef66ed9,add,,add_total,9.448584,,5,Zstd,blake3
5,10,2026-03-11T12:24:42.346909Z,elea,0.1.1,ef66ed9,hash,f2.bin,hash,2.9475000000000002,5242880,,,blake3
5,10,2026-03-11T12:24:42.346881Z,elea,0.1.1,ef66ed9,hash,f3.bin,hash,2.899292,5242880,,,blake3
5,10,2026-03-11T12:24:42.346856Z,elea,0.1.1,ef66ed9,hash,f5.bin,hash,2.876375,5242880,,,blake3
5,10,2026-03-11T12:24:42.346863Z,elea,0.1.1,ef66ed9,hash,f4.bin,hash,2.904,5242880,,,blake3
5,10,2026-03-11T12:24:42.346873Z,elea,0.1.1,ef66ed9,hash,f1.bin,hash,2.9209169999999998,5242880,,,blake3
5,10,2026-03-11T12:24:42.362596Z,elea,0.1.1,ef66ed9,add,f2.bin,backend_store,14.041417000000001,5242880,,Zstd,blake3
5,10,2026-03-11T12:24:42.362846Z,elea,0.1.1,ef66ed9,add,f2.bin,add_file_total,18.938625000000002,5242880,,Zstd,blake3
5,10,2026-03-11T12:24:42.362871Z,elea,0.1.1,ef66ed9,add,f5.bin,backend_store,14.28375,5242880,,Zstd,blake3
5,10,2026-03-11T12:24:42.362911Z,elea,0.1.1,ef66ed9,add,f1.bin,backend_store,14.280542,5242880,,Zstd,blake3
5,10,2026-03-11T12:24:42.363138Z,elea,0.1.1,ef66ed9,add,f4.bin,backend_store,14.517417,5242880,,Zstd,blake3
5,10,2026-03-11T12:24:42.363227Z,elea,0.1.1,ef66ed9,add,f3.bin,backend_store,14.654,5242880,,Zstd,blake3
5,10,2026-03-11T12:24:42.364301Z,elea,0.1.1,ef66ed9,add,f1.bin,add_file_total,20.395917,5242880,,Zstd,blake3
5,10,2026-03-11T12:24:42.364634Z,elea,0.1.1,ef66ed9,add,f5.bin,add_file_total,20.722542,5242880,,Zstd,blake3
5,10,2026-03-11T12:24:42.364896Z,elea,0.1.1,ef66ed9,add,f4.bin,add_file_total,20.989125,5242880,,Zstd,blake3
5,10,2026-03-11T12:24:42.365237Z,elea,0.1.1,ef66ed9,add,f3.bin,add_file_total,21.323458,5242880,,Zstd,blake3
5,10,2026-03-11T12:24:42.365296Z,elea,0.1.1,ef66ed9,add,,add_total,21.423583,,5,Zstd,blake3
10,18,2026-03-11T12:24:42.517237Z,elea,0.1.1,ef66ed9,hash,f3.bin,hash,5.838458,10485760,,,blake3
10,18,2026-03-11T12:24:42.517261Z,elea,0.1.1,ef66ed9,hash,f2.bin,hash,5.8451249999999995,10485760,,,blake3
10,18,2026-03-11T12:24:42.517199Z,elea,0.1.1,ef66ed9,hash,f5.bin,hash,5.831083,10485760,,,blake3
10,18,2026-03-11T12:24:42.517224Z,elea,0.1.1,ef66ed9,hash,f1.bin,hash,5.808583,10485760,,,blake3
10,18,2026-03-11T12:24:42.517207Z,elea,0.1.1,ef66ed9,hash,f4.bin,hash,5.834916,10485760,,,blake3
10,18,2026-03-11T12:24:42.545849Z,elea,0.1.1,ef66ed9,add,f3.bin,backend_store,26.931333,10485760,,Zstd,blake3
10,18,2026-03-11T12:24:42.545861Z,elea,0.1.1,ef66ed9,add,f2.bin,backend_store,26.8995,10485760,,Zstd,blake3
10,18,2026-03-11T12:24:42.545889Z,elea,0.1.1,ef66ed9,add,f1.bin,backend_store,26.922417,10485760,,Zstd,blake3
10,18,2026-03-11T12:24:42.545911Z,elea,0.1.1,ef66ed9,add,f4.bin,backend_store,26.91725,10485760,,Zstd,blake3
10,18,2026-03-11T12:24:42.546046Z,elea,0.1.1,ef66ed9,add,f2.bin,add_file_total,34.690332999999995,10485760,,Zstd,blake3
10,18,2026-03-11T12:24:42.54651Z,elea,0.1.1,ef66ed9,add,f5.bin,backend_store,27.582791999999998,10485760,,Zstd,blake3
10,18,2026-03-11T12:24:42.546523Z,elea,0.1.1,ef66ed9,add,f3.bin,add_file_total,35.168125,10485760,,Zstd,blake3
10,18,2026-03-11T12:24:42.546736Z,elea,0.1.1,ef66ed9,add,f1.bin,add_file_total,35.380874999999996,10485760,,Zstd,blake3
10,18,2026-03-11T12:24:42.546813Z,elea,0.1.1,ef66ed9,add,f4.bin,add_file_total,35.455375,10485760,,Zstd,blake3
10,18,2026-03-11T12:24:42.546853Z,elea,0.1.1,ef66ed9,add,f5.bin,add_file_total,35.528166999999996,10485760,,Zstd,blake3
10,18,2026-03-11T12:24:42.546909Z,elea,0.1.1,ef66ed9,add,,add_total,35.608292,,5,Zstd,blake3
5,6,2026-03-11T12:24:42.635679Z,elea,0.1.1,ef66ed9,hash,f4.bin,hash,2.933958,5242880,,,blake3
5,6,2026-03-11T12:24:42.635605Z,elea,0.1.1,ef66ed9,hash,f5.bin,hash,2.8627499999999997,5242880,,,blake3
5,6,2026-03-11T12:24:42.635644Z,elea,0.1.1,ef66ed9,hash,f1.bin,hash,2.925417,5242880,,,blake3
5,6,2026-03-11T12:24:42.635653Z,elea,0.1.1,ef66ed9,hash,f2.bin,hash,2.917584,5242880,,,blake3
5,6,2026-03-11T12:24:42.635701Z,elea,0.1.1,ef66ed9,hash,f3.bin,hash,2.9407919999999996,5242880,,,blake3
5,6,2026-03-11T12:24:42.649743Z,elea,0.1.1,ef66ed9,add,f3.bin,backend_store,12.505208,5242880,,Zstd,blake3
5,6,2026-03-11T12:24:42.649916Z,elea,0.1.1,ef66ed9,add,f2.bin,backend_store,12.641292,5242880,,Zstd,blake3
5,6,2026-03-11T12:24:42.649975Z,elea,0.1.1,ef66ed9,add,f3.bin,add_file_total,17.284375,5242880,,Zstd,blake3
5,6,2026-03-11T12:24:42.650198Z,elea,0.1.1,ef66ed9,add,f4.bin,backend_store,12.993292,5242880,,Zstd,blake3
5,6,2026-03-11T12:24:42.650305Z,elea,0.1.1,ef66ed9,add,f1.bin,backend_store,13.057834000000001,5242880,,Zstd,blake3
5,6,2026-03-11T12:24:42.650329Z,elea,0.1.1,ef66ed9,add,f5.bin,backend_store,13.028833,5242880,,Zstd,blake3
5,6,2026-03-11T12:24:42.650582Z,elea,0.1.1,ef66ed9,add,f2.bin,add_file_total,17.899625,5242880,,Zstd,blake3
5,6,2026-03-11T12:24:42.651307Z,elea,0.1.1,ef66ed9,add,f4.bin,add_file_total,18.610459,5242880,,Zstd,blake3
5,6,2026-03-11T12:24:42.651518Z,elea,0.1.1,ef66ed9,add,f1.bin,add_file_total,18.834417,5242880,,Zstd,blake3
5,6,2026-03-11T12:24:42.651924Z,elea,0.1.1,ef66ed9,add,f5.bin,add_file_total,19.239584,5242880,,Zstd,blake3
5,6,2026-03-11T12:24:42.651991Z,elea,0.1.1,ef66ed9,add,,add_total,19.345083,,5,Zstd,blake3
5,9,2026-03-11T12:24:42.735829Z,elea,0.1.1,ef66ed9,hash,f2.bin,hash,2.928958,5242880,,,blake3
5,9,2026-03-11T12:24:42.735846Z,elea,0.1.1,ef66ed9,hash,f1.bin,hash,2.9341250000000003,5242880,,,blake3
5,9,2026-03-11T12:24:42.735805Z,elea,0.1.1,ef66ed9,hash,f5.bin,hash,2.886666,5242880,,,blake3
5,9,2026-03-11T12:24:42.735817Z,elea,0.1.1,ef66ed9,hash,f4.bin,hash,2.9086250000000002,5242880,,,blake3
5,9,2026-03-11T12:24:42.735837Z,elea,0.1.1,ef66ed9,hash,f3.bin,hash,2.942625,5242880,,,blake3
5,9,2026-03-11T12:24:42.750502Z,elea,0.1.1,ef66ed9,add,f4.bin,backend_store,12.712042,5242880,,Zstd,blake3
5,9,2026-03-11T12:24:42.750582Z,elea,0.1.1,ef66ed9,add,f1.bin,backend_store,12.833792,5242880,,Zstd,blake3
5,9,2026-03-11T12:24:42.750599Z,elea,0.1.1,ef66ed9,add,f3.bin,backend_store,12.76525,5242880,,Zstd,blake3
5,9,2026-03-11T12:24:42.750692Z,elea,0.1.1,ef66ed9,add,f4.bin,add_file_total,17.854833,5242880,,Zstd,blake3
5,9,2026-03-11T12:24:42.750706Z,elea,0.1.1,ef66ed9,add,f5.bin,backend_store,12.935917,5242880,,Zstd,blake3
5,9,2026-03-11T12:24:42.750733Z,elea,0.1.1,ef66ed9,add,f2.bin,backend_store,12.984957999999999,5242880,,Zstd,blake3
5,9,2026-03-11T12:24:42.751559Z,elea,0.1.1,ef66ed9,add,f1.bin,add_file_total,18.718374999999998,5242880,,Zstd,blake3
5,9,2026-03-11T12:24:42.752114Z,elea,0.1.1,ef66ed9,add,f3.bin,add_file_total,19.281166,5242880,,Zstd,blake3
5,9,2026-03-11T12:24:42.752473Z,elea,0.1.1,ef66ed9,add,f5.bin,add_file_total,19.641417,5242880,,Zstd,blake3
5,9,2026-03-11T12:24:42.752823Z,elea,0.1.1,ef66ed9,add,f2.bin,add_file_total,19.988916999999997,5242880,,Zstd,blake3
5,9,2026-03-11T12:24:42.752968Z,elea,0.1.1,ef66ed9,add,,add_total,20.174750000000003,,5,Zstd,blake3
50,17,2026-03-11T12:24:43.41017Z,elea,0.1.1,ef66ed9,hash,f5.bin,hash,29.23225,52428800,,,blake3
50,17,2026-03-11T12:24:43.410014Z,elea,0.1.1,ef66ed9,hash,f3.bin,hash,29.017167,52428800,,,blake3
50,17,2026-03-11T12:24:43.410042Z,elea,0.1.1,ef66ed9,hash,f4.bin,hash,29.062916,52428800,,,blake3
50,17,2026-03-11T12:24:43.410209Z,elea,0.1.1,ef66ed9,hash,f1.bin,hash,29.282875,52428800,,,blake3
50,17,2026-03-11T12:24:43.410236Z,elea,0.1.1,ef66ed9,hash,f2.bin,hash,29.279916999999998,52428800,,,blake3
50,17,2026-03-11T12:24:43.547435Z,elea,0.1.1,ef66ed9,add,f5.bin,backend_store,135.66404200000002,52428800,,Zstd,blake3
50,17,2026-03-11T12:24:43.547827Z,elea,0.1.1,ef66ed9,add,f5.bin,add_file_total,166.9135,52428800,,Zstd,blake3
50,17,2026-03-11T12:24:43.550014Z,elea,0.1.1,ef66ed9,add,f4.bin,backend_store,138.189917,52428800,,Zstd,blake3
50,17,2026-03-11T12:24:43.550266Z,elea,0.1.1,ef66ed9,add,f4.bin,add_file_total,169.351125,52428800,,Zstd,blake3
50,17,2026-03-11T12:24:43.551005Z,elea,0.1.1,ef66ed9,add,f3.bin,backend_store,139.22324999999998,52428800,,Zstd,blake3
50,17,2026-03-11T12:24:43.551118Z,elea,0.1.1,ef66ed9,add,f1.bin,backend_store,139.29487500000002,52428800,,Zstd,blake3
50,17,2026-03-11T12:24:43.551167Z,elea,0.1.1,ef66ed9,add,f3.bin,add_file_total,170.24824999999998,52428800,,Zstd,blake3
50,17,2026-03-11T12:24:43.551308Z,elea,0.1.1,ef66ed9,add,f1.bin,add_file_total,170.422,52428800,,Zstd,blake3
50,17,2026-03-11T12:24:43.552051Z,elea,0.1.1,ef66ed9,add,f2.bin,backend_store,140.191375,52428800,,Zstd,blake3
50,17,2026-03-11T12:24:43.552205Z,elea,0.1.1,ef66ed9,add,f2.bin,add_file_total,171.29404100000002,52428800,,Zstd,blake3
50,17,2026-03-11T12:24:43.552275Z,elea,0.1.1,ef66ed9,add,,add_total,171.41179200000002,,5,Zstd,blake3
5,16,2026-03-11T12:24:43.650259Z,elea,0.1.1,ef66ed9,hash,f1.bin,hash,3.074916,5242880,,,blake3
5,16,2026-03-11T12:24:43.650239Z,elea,0.1.1,ef66ed9,hash,f2.bin,hash,3.06175,5242880,,,blake3
5,16,2026-03-11T12:24:43.650248Z,elea,0.1.1,ef66ed9,hash,f5.bin,hash,3.033333,5242880,,,blake3
5,16,2026-03-11T12:24:43.650287Z,elea,0.1.1,ef66ed9,hash,f4.bin,hash,3.090583,5242880,,,blake3
5,16,2026-03-11T12:24:43.650297Z,elea,0.1.1,ef66ed9,hash,f3.bin,hash,3.083542,5242880,,,blake3
5,16,2026-03-11T12:24:43.6647Z,elea,0.1.1,ef66ed9,add,f1.bin,backend_store,12.851208,5242880,,Zstd,blake3
5,16,2026-03-11T12:24:43.664782Z,elea,0.1.1,ef66ed9,add,f5.bin,backend_store,12.903167,5242880,,Zstd,blake3
5,16,2026-03-11T12:24:43.664929Z,elea,0.1.1,ef66ed9,add,f3.bin,backend_store,12.9885,5242880,,Zstd,blake3
5,16,2026-03-11T12:24:43.664933Z,elea,0.1.1,ef66ed9,add,f1.bin,add_file_total,17.785959000000002,5242880,,Zstd,blake3
5,16,2026-03-11T12:24:43.665384Z,elea,0.1.1,ef66ed9,add,f4.bin,backend_store,13.471583,5242880,,Zstd,blake3
5,16,2026-03-11T12:24:43.665444Z,elea,0.1.1,ef66ed9,add,f2.bin,backend_store,13.606292000000002,5242880,,Zstd,blake3
5,16,2026-03-11T12:24:43.666222Z,elea,0.1.1,ef66ed9,add,f3.bin,add_file_total,19.075084,5242880,,Zstd,blake3
5,16,2026-03-11T12:24:43.666683Z,elea,0.1.1,ef66ed9,add,f5.bin,add_file_total,19.536250000000003,5242880,,Zstd,blake3
5,16,2026-03-11T12:24:43.667074Z,elea,0.1.1,ef66ed9,add,f4.bin,add_file_total,19.930959,5242880,,Zstd,blake3
5,16,2026-03-11T12:24:43.66718Z,elea,0.1.1,ef66ed9,add,f2.bin,add_file_total,20.042208,5242880,,Zstd,blake3
5,16,2026-03-11T12:24:43.667245Z,elea,0.1.1,ef66ed9,add,,add_total,20.148667,,5,Zstd,blake3
5,19,2026-03-11T12:24:43.781222Z,elea,0.1.1,ef66ed9,hash,f4.bin,hash,2.9884999999999997,5242880,,,blake3
5,19,2026-03-11T12:24:43.781171Z,elea,0.1.1,ef66ed9,hash,f1.bin,hash,2.9545410000000003,5242880,,,blake3
5,19,2026-03-11T12:24:43.781234Z,elea,0.1.1,ef66ed9,hash,f2.bin,hash,2.935209,5242880,,,blake3
5,19,2026-03-11T12:24:43.781193Z,elea,0.1.1,ef66ed9,hash,f5.bin,hash,2.903375,5242880,,,blake3
5,19,2026-03-11T12:24:43.781213Z,elea,0.1.1,ef66ed9,hash,f3.bin,hash,2.940458,5242880,,,blake3
5,19,2026-03-11T12:24:43.796244Z,elea,0.1.1,ef66ed9,add,f4.bin,backend_store,13.262416,5242880,,Zstd,blake3
5,19,2026-03-11T12:24:43.796269Z,elea,0.1.1,ef66ed9,add,f2.bin,backend_store,13.235,5242880,,Zstd,blake3
5,19,2026-03-11T12:24:43.79637Z,elea,0.1.1,ef66ed9,add,f1.bin,backend_store,13.3755,5242880,,Zstd,blake3
5,19,2026-03-11T12:24:43.7964Z,elea,0.1.1,ef66ed9,add,f3.bin,backend_store,13.316167,5242880,,Zstd,blake3
5,19,2026-03-11T12:24:43.796469Z,elea,0.1.1,ef66ed9,add,f2.bin,add_file_total,18.261125,5242880,,Zstd,blake3
5,19,2026-03-11T12:24:43.796528Z,elea,0.1.1,ef66ed9,add,f5.bin,backend_store,13.477375,5242880,,Zstd,blake3
5,19,2026-03-11T12:24:43.798934Z,elea,0.1.1,ef66ed9,add,f4.bin,add_file_total,20.733292,5242880,,Zstd,blake3
5,19,2026-03-11T12:24:43.798985Z,elea,0.1.1,ef66ed9,add,f1.bin,add_file_total,20.806708999999998,5242880,,Zstd,blake3
5,19,2026-03-11T12:24:43.799034Z,elea,0.1.1,ef66ed9,add,f3.bin,add_file_total,20.831833,5242880,,Zstd,blake3
5,19,2026-03-11T12:24:43.799081Z,elea,0.1.1,ef66ed9,add,f5.bin,add_file_total,20.876208000000002,5242880,,Zstd,blake3
5,19,2026-03-11T12:24:43.799154Z,elea,0.1.1,ef66ed9,add,,add_total,21.010917,,5,Zstd,blake3
10,25,2026-03-11T12:24:43.949315Z,elea,0.1.1,ef66ed9,hash,f5.bin,hash,5.826582999999999,10485760,,,blake3
10,25,2026-03-11T12:24:43.949339Z,elea,0.1.1,ef66ed9,hash,f1.bin,hash,5.837167,10485760,,,blake3
10,25,2026-03-11T12:24:43.949292Z,elea,0.1.1,ef66ed9,hash,f3.bin,hash,5.827958000000001,10485760,,,blake3
10,25,2026-03-11T12:24:43.949331Z,elea,0.1.1,ef66ed9,hash,f2.bin,hash,5.834207999999999,10485760,,,blake3
10,25,2026-03-11T12:24:43.949316Z,elea,0.1.1,ef66ed9,hash,f4.bin,hash,5.820625000000001,10485760,,,blake3
10,25,2026-03-11T12:24:43.991937Z,elea,0.1.1,ef66ed9,add,f1.bin,backend_store,40.856417,10485760,,Zstd,blake3
10,25,2026-03-11T12:24:43.992267Z,elea,0.1.1,ef66ed9,add,f1.bin,add_file_total,48.836040999999994,10485760,,Zstd,blake3
10,25,2026-03-11T12:24:43.992342Z,elea,0.1.1,ef66ed9,add,f3.bin,backend_store,41.251208,10485760,,Zstd,blake3
10,25,2026-03-11T12:24:43.992528Z,elea,0.1.1,ef66ed9,add,f4.bin,backend_store,41.3755,10485760,,Zstd,blake3
10,25,2026-03-11T12:24:43.992573Z,elea,0.1.1,ef66ed9,add,f3.bin,add_file_total,49.153667,10485760,,Zstd,blake3
10,25,2026-03-11T12:24:43.992688Z,elea,0.1.1,ef66ed9,add,f4.bin,add_file_total,49.265333,10485760,,Zstd,blake3
10,25,2026-03-11T12:24:43.992988Z,elea,0.1.1,ef66ed9,add,f5.bin,backend_store,41.928792,10485760,,Zstd,blake3
10,25,2026-03-11T12:24:43.993118Z,elea,0.1.1,ef66ed9,add,f2.bin,backend_store,41.995583,10485760,,Zstd,blake3
10,25,2026-03-11T12:24:43.993135Z,elea,0.1.1,ef66ed9,add,f5.bin,add_file_total,49.670584,10485760,,Zstd,blake3
10,25,2026-03-11T12:24:43.993334Z,elea,0.1.1,ef66ed9,add,f2.bin,add_file_total,49.866415999999994,10485760,,Zstd,blake3
10,25,2026-03-11T12:24:43.993455Z,elea,0.1.1,ef66ed9,add,,add_total,50.073834,,5,Zstd,blake3
2,12,2026-03-11T12:24:44.049845Z,elea,0.1.1,ef66ed9,hash,f2.bin,hash,1.275333,2097152,,,blake3
2,12,2026-03-11T12:24:44.049858Z,elea,0.1.1,ef66ed9,hash,f1.bin,hash,1.2955,2097152,,,blake3
2,12,2026-03-11T12:24:44.049747Z,elea,0.1.1,ef66ed9,hash,f5.bin,hash,1.20925,2097152,,,blake3
2,12,2026-03-11T12:24:44.04987Z,elea,0.1.1,ef66ed9,hash,f3.bin,hash,1.286,2097152,,,blake3
2,12,2026-03-11T12:24:44.049789Z,elea,0.1.1,ef66ed9,hash,f4.bin,hash,1.213292,2097152,,,blake3
2,12,2026-03-11T12:24:44.057021Z,elea,0.1.1,ef66ed9,add,f2.bin,backend_store,5.713708,2097152,,Zstd,blake3
2,12,2026-03-11T12:24:44.057027Z,elea,0.1.1,ef66ed9,add,f1.bin,backend_store,5.698042,2097152,,Zstd,blake3
2,12,2026-03-11T12:24:44.057085Z,elea,0.1.1,ef66ed9,add,f3.bin,backend_store,5.688541,2097152,,Zstd,blake3
2,12,2026-03-11T12:24:44.057094Z,elea,0.1.1,ef66ed9,add,f5.bin,backend_store,5.738957999999999,2097152,,Zstd,blake3
2,12,2026-03-11T12:24:44.057145Z,elea,0.1.1,ef66ed9,add,f4.bin,backend_store,5.732125,2097152,,Zstd,blake3
2,12,2026-03-11T12:24:44.05723Z,elea,0.1.1,ef66ed9,add,f2.bin,add_file_total,8.698374999999999,2097152,,Zstd,blake3
2,12,2026-03-11T12:24:44.057858Z,elea,0.1.1,ef66ed9,add,f5.bin,add_file_total,9.358333,2097152,,Zstd,blake3
2,12,2026-03-11T12:24:44.057908Z,elea,0.1.1,ef66ed9,add,f1.bin,add_file_total,9.384917,2097152,,Zstd,blake3
2,12,2026-03-11T12:24:44.057941Z,elea,0.1.1,ef66ed9,add,f3.bin,add_file_total,9.414,2097152,,Zstd,blake3
2,12,2026-03-11T12:24:44.057973Z,elea,0.1.1,ef66ed9,add,f4.bin,add_file_total,9.44275,2097152,,Zstd,blake3
2,12,2026-03-11T12:24:44.058023Z,elea,0.1.1,ef66ed9,add,,add_total,9.556125,,5,Zstd,blake3
1,16,2026-03-11T12:24:44.098915Z,elea,0.1.1,ef66ed9,hash,f2.bin,hash,0.626084,1048576,,,blake3
1,16,2026-03-11T12:24:44.098947Z,elea,0.1.1,ef66ed9,hash,f1.bin,hash,0.690459,1048576,,,blake3
1,16,2026-03-11T12:24:44.098924Z,elea,0.1.1,ef66ed9,hash,f5.bin,hash,0.621458,1048576,,,blake3
1,16,2026-03-11T12:24:44.098992Z,elea,0.1.1,ef66ed9,hash,f4.bin,hash,0.713292,1048576,,,blake3
1,16,2026-03-11T12:24:44.098904Z,elea,0.1.1,ef66ed9,hash,f3.bin,hash,0.632375,1048576,,,blake3
1,16,2026-03-11T12:24:44.103384Z,elea,0.1.1,ef66ed9,add,f2.bin,backend_store,3.085292,1048576,,Zstd,blake3
1,16,2026-03-11T12:24:44.103394Z,elea,0.1.1,ef66ed9,add,f1.bin,backend_store,3.084416,1048576,,Zstd,blake3
1,16,2026-03-11T12:24:44.103447Z,elea,0.1.1,ef66ed9,add,f5.bin,backend_store,3.1073329999999997,1048576,,Zstd,blake3
1,16,2026-03-11T12:24:44.103474Z,elea,0.1.1,ef66ed9,add,f4.bin,backend_store,3.1225,1048576,,Zstd,blake3
1,16,2026-03-11T12:24:44.103589Z,elea,0.1.1,ef66ed9,add,f2.bin,add_file_total,5.345583,1048576,,Zstd,blake3
1,16,2026-03-11T12:24:44.103596Z,elea,0.1.1,ef66ed9,add,f3.bin,backend_store,3.214166,1048576,,Zstd,blake3
1,16,2026-03-11T12:24:44.103776Z,elea,0.1.1,ef66ed9,add,f1.bin,add_file_total,5.5567079999999995,1048576,,Zstd,blake3
1,16,2026-03-11T12:24:44.103813Z,elea,0.1.1,ef66ed9,add,f5.bin,add_file_total,5.56975,1048576,,Zstd,blake3
1,16,2026-03-11T12:24:44.103861Z,elea,0.1.1,ef66ed9,add,f4.bin,add_file_total,5.621250000000001,1048576,,Zstd,blake3
1,16,2026-03-11T12:24:44.103894Z,elea,0.1.1,ef66ed9,add,f3.bin,add_file_total,5.655875,1048576,,Zstd,blake3
1,16,2026-03-11T12:24:44.103943Z,elea,0.1.1,ef66ed9,add,,add_total,5.760208,,5,Zstd,blake3
5,11,2026-03-11T12:24:44.189627Z,elea,0.1.1,ef66ed9,hash,f5.bin,hash,2.88225,5242880,,,blake3
5,11,2026-03-11T12:24:44.189643Z,elea,0.1.1,ef66ed9,hash,f4.bin,hash,2.906583,5242880,,,blake3
5,11,2026-03-11T12:24:44.18969Z,elea,0.1.1,ef66ed9,hash,f1.bin,hash,2.9202500000000002,5242880,,,blake3
5,11,2026-03-11T12:24:44.189671Z,elea,0.1.1,ef66ed9,hash,f2.bin,hash,2.90875,5242880,,,blake3
5,11,2026-03-11T12:24:44.189655Z,elea,0.1.1,ef66ed9,hash,f3.bin,hash,2.9023339999999997,5242880,,,blake3
5,11,2026-03-11T12:24:44.215877Z,elea,0.1.1,ef66ed9,add,f3.bin,backend_store,24.305708,5242880,,Zstd,blake3
5,11,2026-03-11T12:24:44.216102Z,elea,0.1.1,ef66ed9,add,f3.bin,add_file_total,29.399042,5242880,,Zstd,blake3
5,11,2026-03-11T12:24:44.216173Z,elea,0.1.1,ef66ed9,add,f4.bin,backend_store,24.680291,5242880,,Zstd,blake3
5,11,2026-03-11T12:24:44.216198Z,elea,0.1.1,ef66ed9,add,f1.bin,backend_store,24.670250000000003,5242880,,Zstd,blake3
5,11,2026-03-11T12:24:44.216483Z,elea,0.1.1,ef66ed9,add,f2.bin,backend_store,24.942249999999998,5242880,,Zstd,blake3
5,11,2026-03-11T12:24:44.216558Z,elea,0.1.1,ef66ed9,add,f5.bin,backend_store,25.084540999999998,5242880,,Zstd,blake3
5,11,2026-03-11T12:24:44.217428Z,elea,0.1.1,ef66ed9,add,f4.bin,add_file_total,30.730166999999998,5242880,,Zstd,blake3
5,11,2026-03-11T12:24:44.217861Z,elea,0.1.1,ef66ed9,add,f1.bin,add_file_total,31.152915999999998,5242880,,Zstd,blake3
5,11,2026-03-11T12:24:44.218188Z,elea,0.1.1,ef66ed9,add,f2.bin,add_file_total,31.484584,5242880,,Zstd,blake3
5,11,2026-03-11T12:24:44.218297Z,elea,0.1.1,ef66ed9,add,f5.bin,add_file_total,31.598875,5242880,,Zstd,blake3
5,11,2026-03-11T12:24:44.218348Z,elea,0.1.1,ef66ed9,add,,add_total,31.688208000000003,,5,Zstd,blake3
10,4,2026-03-11T12:24:44.370267Z,elea,0.1.1,ef66ed9,hash,f1.bin,hash,6.032958,10485760,,,blake3
10,4,2026-03-11T12:24:44.370224Z,elea,0.1.1,ef66ed9,hash,f2.bin,hash,5.978375,10485760,,,blake3
10,4,2026-03-11T12:24:44.370275Z,elea,0.1.1,ef66ed9,hash,f3.bin,hash,6.023291,10485760,,,blake3
10,4,2026-03-11T12:24:44.370182Z,elea,0.1.1,ef66ed9,hash,f4.bin,hash,5.974958,10485760,,,blake3
10,4,2026-03-11T12:24:44.370154Z,elea,0.1.1,ef66ed9,hash,f5.bin,hash,5.932583,10485760,,,blake3
10,4,2026-03-11T12:24:44.404346Z,elea,0.1.1,ef66ed9,add,f1.bin,backend_store,32.58375,10485760,,Zstd,blake3
10,4,2026-03-11T12:24:44.404567Z,elea,0.1.1,ef66ed9,add,f1.bin,add_file_total,40.375708,10485760,,Zstd,blake3
10,4,2026-03-11T12:24:44.404734Z,elea,0.1.1,ef66ed9,add,f4.bin,backend_store,32.898625,10485760,,Zstd,blake3
10,4,2026-03-11T12:24:44.404766Z,elea,0.1.1,ef66ed9,add,f3.bin,backend_store,32.950624999999995,10485760,,Zstd,blake3
10,4,2026-03-11T12:24:44.404901Z,elea,0.1.1,ef66ed9,add,f4.bin,add_file_total,40.731042,10485760,,Zstd,blake3
10,4,2026-03-11T12:24:44.404908Z,elea,0.1.1,ef66ed9,add,f2.bin,backend_store,33.130583,10485760,,Zstd,blake3
10,4,2026-03-11T12:24:44.405053Z,elea,0.1.1,ef66ed9,add,f5.bin,backend_store,33.190875,10485760,,Zstd,blake3
10,4,2026-03-11T12:24:44.405269Z,elea,0.1.1,ef66ed9,add,f3.bin,add_file_total,41.079583,10485760,,Zstd,blake3
10,4,2026-03-11T12:24:44.405478Z,elea,0.1.1,ef66ed9,add,f2.bin,add_file_total,41.286,10485760,,Zstd,blake3
10,4,2026-03-11T12:24:44.40552Z,elea,0.1.1,ef66ed9,add,f5.bin,add_file_total,41.33241700000001,10485760,,Zstd,blake3
10,4,2026-03-11T12:24:44.405576Z,elea,0.1.1,ef66ed9,add,,add_total,41.444416,,5,Zstd,blake3
10,6,2026-03-11T12:24:44.558912Z,elea,0.1.1,ef66ed9,hash,f5.bin,hash,5.70125,10485760,,,blake3
10,6,2026-03-11T12:24:44.559092Z,elea,0.1.1,ef66ed9,hash,f1.bin,hash,5.902791,10485760,,,blake3
10,6,2026-03-11T12:24:44.558943Z,elea,0.1.1,ef66ed9,hash,f4.bin,hash,5.724833,10485760,,,blake3
10,6,2026-03-11T12:24:44.559049Z,elea,0.1.1,ef66ed9,hash,f3.bin,hash,5.849832999999999,10485760,,,blake3
10,6,2026-03-11T12:24:44.559008Z,elea,0.1.1,ef66ed9,hash,f2.bin,hash,5.822417,10485760,,,blake3
10,6,2026-03-11T12:24:44.588653Z,elea,0.1.1,ef66ed9,add,f4.bin,backend_store,27.814999999999998,10485760,,Zstd,blake3
10,6,2026-03-11T12:24:44.588823Z,elea,0.1.1,ef66ed9,add,f3.bin,backend_store,27.95975,10485760,,Zstd,blake3
10,6,2026-03-11T12:24:44.58893Z,elea,0.1.1,ef66ed9,add,f4.bin,add_file_total,35.769124999999995,10485760,,Zstd,blake3
10,6,2026-03-11T12:24:44.589052Z,elea,0.1.1,ef66ed9,add,f1.bin,backend_store,28.246958,10485760,,Zstd,blake3
10,6,2026-03-11T12:24:44.589174Z,elea,0.1.1,ef66ed9,add,f3.bin,add_file_total,36.010792,10485760,,Zstd,blake3
10,6,2026-03-11T12:24:44.589213Z,elea,0.1.1,ef66ed9,add,f2.bin,backend_store,28.324417,10485760,,Zstd,blake3
10,6,2026-03-11T12:24:44.58929Z,elea,0.1.1,ef66ed9,add,f5.bin,backend_store,28.499792,10485760,,Zstd,blake3
10,6,2026-03-11T12:24:44.589632Z,elea,0.1.1,ef66ed9,add,f1.bin,add_file_total,36.474208000000004,10485760,,Zstd,blake3
10,6,2026-03-11T12:24:44.589676Z,elea,0.1.1,ef66ed9,add,f2.bin,add_file_total,36.531792,10485760,,Zstd,blake3
10,6,2026-03-11T12:24:44.589747Z,elea,0.1.1,ef66ed9,add,f5.bin,add_file_total,36.5865,10485760,,Zstd,blake3
10,6,2026-03-11T12:24:44.589824Z,elea,0.1.1,ef66ed9,add,,add_total,36.707875,,5,Zstd,blake3
10,5,2026-03-11T12:24:44.743158Z,elea,0.1.1,ef66ed9,hash,f2.bin,hash,5.820708,10485760,,,blake3
10,5,2026-03-11T12:24:44.743092Z,elea,0.1.1,ef66ed9,hash,f5.bin,hash,5.733375,10485760,,,blake3
10,5,2026-03-11T12:24:44.743145Z,elea,0.1.1,ef66ed9,hash,f3.bin,hash,5.802125,10485760,,,blake3
10,5,2026-03-11T12:24:44.743165Z,elea,0.1.1,ef66ed9,hash,f4.bin,hash,5.792125,10485760,,,blake3
10,5,2026-03-11T12:24:44.742889Z,elea,0.1.1,ef66ed9,hash,f1.bin,hash,5.583666,10485760,,,blake3
10,5,2026-03-11T12:24:44.784136Z,elea,0.1.1,ef66ed9,add,f2.bin,backend_store,39.312291,10485760,,Zstd,blake3
10,5,2026-03-11T12:24:44.784365Z,elea,0.1.1,ef66ed9,add,f2.bin,add_file_total,47.079375,10485760,,Zstd,blake3
10,5,2026-03-11T12:24:44.784829Z,elea,0.1.1,ef66ed9,add,f3.bin,backend_store,39.951166,10485760,,Zstd,blake3
10,5,2026-03-11T12:24:44.785044Z,elea,0.1.1,ef66ed9,add,f3.bin,add_file_total,47.758334,10485760,,Zstd,blake3
10,5,2026-03-11T12:24:44.785269Z,elea,0.1.1,ef66ed9,add,f4.bin,backend_store,40.374583,10485760,,Zstd,blake3
10,5,2026-03-11T12:24:44.785428Z,elea,0.1.1,ef66ed9,add,f1.bin,backend_store,40.524584000000004,10485760,,Zstd,blake3
10,5,2026-03-11T12:24:44.785438Z,elea,0.1.1,ef66ed9,add,f4.bin,add_file_total,48.135375,10485760,,Zstd,blake3
10,5,2026-03-11T12:24:44.785514Z,elea,0.1.1,ef66ed9,add,f5.bin,backend_store,40.657666,10485760,,Zstd,blake3
10,5,2026-03-11T12:24:44.7858Z,elea,0.1.1,ef66ed9,add,f1.bin,add_file_total,48.532334000000006,10485760,,Zstd,blake3
10,5,2026-03-11T12:24:44.785843Z,elea,0.1.1,ef66ed9,add,f5.bin,add_file_total,48.553582999999996,10485760,,Zstd,blake3
10,5,2026-03-11T12:24:44.785906Z,elea,0.1.1,ef66ed9,add,,add_total,48.681959,,5,Zstd,blake3
1,24,2026-03-11T12:24:44.828495Z,elea,0.1.1,ef66ed9,hash,f3.bin,hash,0.639416,1048576,,,blake3
1,24,2026-03-11T12:24:44.828506Z,elea,0.1.1,ef66ed9,hash,f2.bin,hash,0.653041,1048576,,,blake3
1,24,2026-03-11T12:24:44.828482Z,elea,0.1.1,ef66ed9,hash,f5.bin,hash,0.659917,1048576,,,blake3
1,24,2026-03-11T12:24:44.828516Z,elea,0.1.1,ef66ed9,hash,f4.bin,hash,0.63175,1048576,,,blake3
1,24,2026-03-11T12:24:44.828408Z,elea,0.1.1,ef66ed9,hash,f1.bin,hash,0.612708,1048576,,,blake3
1,24,2026-03-11T12:24:44.835319Z,elea,0.1.1,ef66ed9,add,f3.bin,backend_store,4.646291000000001,1048576,,Zstd,blake3
1,24,2026-03-11T12:24:44.835741Z,elea,0.1.1,ef66ed9,add,f3.bin,add_file_total,7.9813339999999995,1048576,,Zstd,blake3
1,24,2026-03-11T12:24:44.836074Z,elea,0.1.1,ef66ed9,add,f2.bin,backend_store,5.3845,1048576,,Zstd,blake3
1,24,2026-03-11T12:24:44.836345Z,elea,0.1.1,ef66ed9,add,f2.bin,add_file_total,8.586584,1048576,,Zstd,blake3
1,24,2026-03-11T12:24:44.836525Z,elea,0.1.1,ef66ed9,add,f5.bin,backend_store,5.760667,1048576,,Zstd,blake3
1,24,2026-03-11T12:24:44.83656Z,elea,0.1.1,ef66ed9,add,f4.bin,backend_store,5.8305,1048576,,Zstd,blake3
1,24,2026-03-11T12:24:44.836676Z,elea,0.1.1,ef66ed9,add,f5.bin,add_file_total,8.919958000000001,1048576,,Zstd,blake3
1,24,2026-03-11T12:24:44.836754Z,elea,0.1.1,ef66ed9,add,f1.bin,backend_store,5.952291,1048576,,Zstd,blake3
1,24,2026-03-11T12:24:44.836786Z,elea,0.1.1,ef66ed9,add,f4.bin,add_file_total,9.015584,1048576,,Zstd,blake3
1,24,2026-03-11T12:24:44.836871Z,elea,0.1.1,ef66ed9,add,f1.bin,add_file_total,9.120458,1048576,,Zstd,blake3
1,24,2026-03-11T12:24:44.836921Z,elea,0.1.1,ef66ed9,add,,add_total,9.219750000000001,,5,Zstd,blake3
10,16,2026-03-11T12:24:45.011904Z,elea,0.1.1,ef66ed9,hash,f1.bin,hash,5.989333,10485760,,,blake3
10,16,2026-03-11T12:24:45.011874Z,elea,0.1.1,ef66ed9,hash,f4.bin,hash,6.003875,10485760,,,blake3
10,16,2026-03-11T12:24:45.012106Z,elea,0.1.1,ef66ed9,hash,f2.bin,hash,6.20175,10485760,,,blake3
10,16,2026-03-11T12:24:45.011866Z,elea,0.1.1,ef66ed9,hash,f5.bin,hash,5.979082999999999,10485760,,,blake3
10,16,2026-03-11T12:24:45.011734Z,elea,0.1.1,ef66ed9,hash,f3.bin,hash,5.888292,10485760,,,blake3
10,16,2026-03-11T12:24:45.053714Z,elea,0.1.1,ef66ed9,add,f3.bin,backend_store,40.257917,10485760,,Zstd,blake3
10,16,2026-03-11T12:24:45.054048Z,elea,0.1.1,ef66ed9,add,f3.bin,add_file_total,48.2445,10485760,,Zstd,blake3
10,16,2026-03-11T12:24:45.054302Z,elea,0.1.1,ef66ed9,add,f2.bin,backend_store,40.941875,10485760,,Zstd,blake3
10,16,2026-03-11T12:24:45.054516Z,elea,0.1.1,ef66ed9,add,f2.bin,add_file_total,48.686082999999996,10485760,,Zstd,blake3
10,16,2026-03-11T12:24:45.054971Z,elea,0.1.1,ef66ed9,add,f1.bin,backend_store,41.656333,10485760,,Zstd,blake3
10,16,2026-03-11T12:24:45.055014Z,elea,0.1.1,ef66ed9,add,f5.bin,backend_store,41.62525,10485760,,Zstd,blake3
10,16,2026-03-11T12:24:45.055118Z,elea,0.1.1,ef66ed9,add,f1.bin,add_file_total,49.288584,10485760,,Zstd,blake3
10,16,2026-03-11T12:24:45.055314Z,elea,0.1.1,ef66ed9,add,f5.bin,add_file_total,49.482875,10485760,,Zstd,blake3
10,16,2026-03-11T12:24:45.055578Z,elea,0.1.1,ef66ed9,add,f4.bin,backend_store,42.243916999999996,10485760,,Zstd,blake3
10,16,2026-03-11T12:24:45.055684Z,elea,0.1.1,ef66ed9,add,f4.bin,add_file_total,49.854625,10485760,,Zstd,blake3
10,16,2026-03-11T12:24:45.055767Z,elea,0.1.1,ef66ed9,add,,add_total,49.995,,5,Zstd,blake3
2,9,2026-03-11T12:24:45.112202Z,elea,0.1.1,ef66ed9,hash,f4.bin,hash,1.147542,2097152,,,blake3
2,9,2026-03-11T12:24:45.112314Z,elea,0.1.1,ef66ed9,hash,f3.bin,hash,1.225334,2097152,,,blake3
2,9,2026-03-11T12:24:45.112325Z,elea,0.1.1,ef66ed9,hash,f5.bin,hash,1.215292,2097152,,,blake3
2,9,2026-03-11T12:24:45.112334Z,elea,0.1.1,ef66ed9,hash,f2.bin,hash,1.2349999999999999,2097152,,,blake3
2,9,2026-03-11T12:24:45.112343Z,elea,0.1.1,ef66ed9,hash,f1.bin,hash,1.206708,2097152,,,blake3
2,9,2026-03-11T12:24:45.119551Z,elea,0.1.1,ef66ed9,add,f4.bin,backend_store,5.739917,2097152,,Zstd,blake3
2,9,2026-03-11T12:24:45.119568Z,elea,0.1.1,ef66ed9,add,f3.bin,backend_store,5.7511660000000004,2097152,,Zstd,blake3
2,9,2026-03-11T12:24:45.119585Z,elea,0.1.1,ef66ed9,add,f2.bin,backend_store,5.739167,2097152,,Zstd,blake3
2,9,2026-03-11T12:24:45.119642Z,elea,0.1.1,ef66ed9,add,f1.bin,backend_store,5.743042,2097152,,Zstd,blake3
2,9,2026-03-11T12:24:45.119751Z,elea,0.1.1,ef66ed9,add,f5.bin,backend_store,5.914625,2097152,,Zstd,blake3
2,9,2026-03-11T12:24:45.119757Z,elea,0.1.1,ef66ed9,add,f4.bin,add_file_total,8.727791999999999,2097152,,Zstd,blake3
2,9,2026-03-11T12:24:45.120424Z,elea,0.1.1,ef66ed9,add,f3.bin,add_file_total,9.370541,2097152,,Zstd,blake3
2,9,2026-03-11T12:24:45.120488Z,elea,0.1.1,ef66ed9,add,f2.bin,add_file_total,9.434166000000001,2097152,,Zstd,blake3
2,9,2026-03-11T12:24:45.120524Z,elea,0.1.1,ef66ed9,add,f1.bin,add_file_total,9.471791999999999,2097152,,Zstd,blake3
2,9,2026-03-11T12:24:45.120551Z,elea,0.1.1,ef66ed9,add,f5.bin,add_file_total,9.499083,2097152,,Zstd,blake3
2,9,2026-03-11T12:24:45.120615Z,elea,0.1.1,ef66ed9,add,,add_total,9.626125,,5,Zstd,blake3
10,20,2026-03-11T12:24:45.27088Z,elea,0.1.1,ef66ed9,hash,f4.bin,hash,5.9205000000000005,10485760,,,blake3
10,20,2026-03-11T12:24:45.270657Z,elea,0.1.1,ef66ed9,hash,f5.bin,hash,5.753417000000001,10485760,,,blake3
10,20,2026-03-11T12:24:45.270896Z,elea,0.1.1,ef66ed9,hash,f2.bin,hash,5.994375,10485760,,,blake3
10,20,2026-03-11T12:24:45.270813Z,elea,0.1.1,ef66ed9,hash,f1.bin,hash,5.893459,10485760,,,blake3
10,20,2026-03-11T12:24:45.27086Z,elea,0.1.1,ef66ed9,hash,f3.bin,hash,5.924459,10485760,,,blake3
10,20,2026-03-11T12:24:45.302406Z,elea,0.1.1,ef66ed9,add,f4.bin,backend_store,29.763624999999998,10485760,,Zstd,blake3
10,20,2026-03-11T12:24:45.30284Z,elea,0.1.1,ef66ed9,add,f4.bin,add_file_total,37.980708,10485760,,Zstd,blake3
10,20,2026-03-11T12:24:45.3032Z,elea,0.1.1,ef66ed9,add,f2.bin,backend_store,30.526667,10485760,,Zstd,blake3
10,20,2026-03-11T12:24:45.303472Z,elea,0.1.1,ef66ed9,add,f2.bin,add_file_total,38.632708,10485760,,Zstd,blake3
10,20,2026-03-11T12:24:45.304895Z,elea,0.1.1,ef66ed9,add,f5.bin,backend_store,32.24704199999999,10485760,,Zstd,blake3
10,20,2026-03-11T12:24:45.304911Z,elea,0.1.1,ef66ed9,add,f1.bin,backend_store,32.206958,10485760,,Zstd,blake3
10,20,2026-03-11T12:24:45.304936Z,elea,0.1.1,ef66ed9,add,f3.bin,backend_store,32.121375,10485760,,Zstd,blake3
10,20,2026-03-11T12:24:45.305209Z,elea,0.1.1,ef66ed9,add,f5.bin,add_file_total,40.329208,10485760,,Zstd,blake3
10,20,2026-03-11T12:24:45.305401Z,elea,0.1.1,ef66ed9,add,f1.bin,add_file_total,40.536083,10485760,,Zstd,blake3
10,20,2026-03-11T12:24:45.305465Z,elea,0.1.1,ef66ed9,add,f3.bin,add_file_total,40.598,10485760,,Zstd,blake3
10,20,2026-03-11T12:24:45.305537Z,elea,0.1.1,ef66ed9,add,,add_total,40.731207999999995,,5,Zstd,blake3
10,14,2026-03-11T12:24:45.456114Z,elea,0.1.1,ef66ed9,hash,f5.bin,hash,5.839166,10485760,,,blake3
10,14,2026-03-11T12:24:45.456123Z,elea,0.1.1,ef66ed9,hash,f2.bin,hash,5.857374999999999,10485760,,,blake3
10,14,2026-03-11T12:24:45.456037Z,elea,0.1.1,ef66ed9,hash,f4.bin,hash,5.782542,10485760,,,blake3
10,14,2026-03-11T12:24:45.456133Z,elea,0.1.1,ef66ed9,hash,f1.bin,hash,5.838458999999999,10485760,,,blake3
10,14,2026-03-11T12:24:45.456067Z,elea,0.1.1,ef66ed9,hash,f3.bin,hash,5.786582999999999,10485760,,,blake3
10,14,2026-03-11T12:24:45.48164Z,elea,0.1.1,ef66ed9,add,f5.bin,backend_store,23.752584,10485760,,Zstd,blake3
10,14,2026-03-11T12:24:45.481886Z,elea,0.1.1,ef66ed9,add,f5.bin,add_file_total,31.648999999999997,10485760,,Zstd,blake3
10,14,2026-03-11T12:24:45.482955Z,elea,0.1.1,ef66ed9,add,f4.bin,backend_store,25.027667,10485760,,Zstd,blake3
10,14,2026-03-11T12:24:45.483123Z,elea,0.1.1,ef66ed9,add,f4.bin,add_file_total,32.907625,10485760,,Zstd,blake3
10,14,2026-03-11T12:24:45.484089Z,elea,0.1.1,ef66ed9,add,f3.bin,backend_store,26.119916,10485760,,Zstd,blake3
10,14,2026-03-11T12:24:45.484155Z,elea,0.1.1,ef66ed9,add,f1.bin,backend_store,26.076166,10485760,,Zstd,blake3
10,14,2026-03-11T12:24:45.484211Z,elea,0.1.1,ef66ed9,add,f3.bin,add_file_total,33.972750000000005,10485760,,Zstd,blake3
10,14,2026-03-11T12:24:45.484244Z,elea,0.1.1,ef66ed9,add,f2.bin,backend_store,26.346958,10485760,,Zstd,blake3
10,14,2026-03-11T12:24:45.484658Z,elea,0.1.1,ef66ed9,add,f1.bin,add_file_total,34.417917,10485760,,Zstd,blake3
10,14,2026-03-11T12:24:45.484701Z,elea,0.1.1,ef66ed9,add,f2.bin,add_file_total,34.465875,10485760,,Zstd,blake3
10,14,2026-03-11T12:24:45.484763Z,elea,0.1.1,ef66ed9,add,,add_total,34.588958000000005,,5,Zstd,blake3
50,1,2026-03-11T12:24:46.141015Z,elea,0.1.1,ef66ed9,hash,f1.bin,hash,30.60725,52428800,,,blake3
50,1,2026-03-11T12:24:46.142247Z,elea,0.1.1,ef66ed9,hash,f4.bin,hash,31.86075,52428800,,,blake3
50,1,2026-03-11T12:24:46.142919Z,elea,0.1.1,ef66ed9,hash,f2.bin,hash,32.546749999999996,52428800,,,blake3
50,1,2026-03-11T12:24:46.143184Z,elea,0.1.1,ef66ed9,hash,f3.bin,hash,32.757834,52428800,,,blake3
50,1,2026-03-11T12:24:46.145268Z,elea,0.1.1,ef66ed9,hash,f5.bin,hash,34.828167,52428800,,,blake3
50,1,2026-03-11T12:24:46.33042Z,elea,0.1.1,ef66ed9,add,f4.bin,backend_store,187.49675,52428800,,Zstd,blake3
50,1,2026-03-11T12:24:46.330708Z,elea,0.1.1,ef66ed9,add,f4.bin,add_file_total,220.334042,52428800,,Zstd,blake3
50,1,2026-03-11T12:24:46.33114Z,elea,0.1.1,ef66ed9,add,f1.bin,backend_store,188.242334,52428800,,Zstd,blake3
50,1,2026-03-11T12:24:46.331322Z,elea,0.1.1,ef66ed9,add,f1.bin,add_file_total,220.965292,52428800,,Zstd,blake3
50,1,2026-03-11T12:24:46.331828Z,elea,0.1.1,ef66ed9,add,f5.bin,backend_store,186.458542,52428800,,Zstd,blake3
50,1,2026-03-11T12:24:46.332057Z,elea,0.1.1,ef66ed9,add,f2.bin,backend_store,189.047667,52428800,,Zstd,blake3
50,1,2026-03-11T12:24:46.332075Z,elea,0.1.1,ef66ed9,add,f5.bin,add_file_total,221.66212499999997,52428800,,Zstd,blake3
50,1,2026-03-11T12:24:46.332221Z,elea,0.1.1,ef66ed9,add,f2.bin,add_file_total,221.882792,52428800,,Zstd,blake3
50,1,2026-03-11T12:24:46.332473Z,elea,0.1.1,ef66ed9,add,f3.bin,backend_store,189.191583,52428800,,Zstd,blake3
50,1,2026-03-11T12:24:46.332595Z,elea,0.1.1,ef66ed9,add,f3.bin,add_file_total,222.201208,52428800,,Zstd,blake3
50,1,2026-03-11T12:24:46.332676Z,elea,0.1.1,ef66ed9,add,,add_total,222.367291,,5,Zstd,blake3
1,23,2026-03-11T12:24:46.379699Z,elea,0.1.1,ef66ed9,hash,f4.bin,hash,0.617416,1048576,,,blake3
1,23,2026-03-11T12:24:46.379711Z,elea,0.1.1,ef66ed9,hash,f3.bin,hash,0.628417,1048576,,,blake3
1,23,2026-03-11T12:24:46.379678Z,elea,0.1.1,ef66ed9,hash,f1.bin,hash,0.616542,1048576,,,blake3
1,23,2026-03-11T12:24:46.379669Z,elea,0.1.1,ef66ed9,hash,f2.bin,hash,0.616125,1048576,,,blake3
1,23,2026-03-11T12:24:46.379652Z,elea,0.1.1,ef66ed9,hash,f5.bin,hash,0.609,1048576,,,blake3
1,23,2026-03-11T12:24:46.383514Z,elea,0.1.1,ef66ed9,add,f4.bin,backend_store,2.411709,1048576,,Zstd,blake3
1,23,2026-03-11T12:24:46.383613Z,elea,0.1.1,ef66ed9,add,f2.bin,backend_store,2.445959,1048576,,Zstd,blake3
1,23,2026-03-11T12:24:46.38365Z,elea,0.1.1,ef66ed9,add,f3.bin,backend_store,2.538417,1048576,,Zstd,blake3
1,23,2026-03-11T12:24:46.383716Z,elea,0.1.1,ef66ed9,add,f4.bin,add_file_total,4.668875,1048576,,Zstd,blake3
1,23,2026-03-11T12:24:46.383803Z,elea,0.1.1,ef66ed9,add,f2.bin,add_file_total,4.781916,1048576,,Zstd,blake3
1,23,2026-03-11T12:24:46.383869Z,elea,0.1.1,ef66ed9,add,f1.bin,backend_store,2.7078330000000004,1048576,,Zstd,blake3
1,23,2026-03-11T12:24:46.383884Z,elea,0.1.1,ef66ed9,add,f3.bin,add_file_total,4.854791,1048576,,Zstd,blake3
1,23,2026-03-11T12:24:46.383919Z,elea,0.1.1,ef66ed9,add,f5.bin,backend_store,2.7239579999999997,1048576,,Zstd,blake3
1,23,2026-03-11T12:24:46.383993Z,elea,0.1.1,ef66ed9,add,f1.bin,add_file_total,4.965334,1048576,,Zstd,blake3
1,23,2026-03-11T12:24:46.384032Z,elea,0.1.1,ef66ed9,add,f5.bin,add_file_total,5.0290420000000005,1048576,,Zstd,blake3
1,23,2026-03-11T12:24:46.384083Z,elea,0.1.1,ef66ed9,add,,add_total,5.114790999999999,,5,Zstd,blake3
50,18,2026-03-11T12:24:47.060339Z,elea,0.1.1,ef66ed9,hash,f1.bin,hash,28.891792,52428800,,,blake3
50,18,2026-03-11T12:24:47.060622Z,elea,0.1.1,ef66ed9,hash,f4.bin,hash,29.212167,52428800,,,blake3
50,18,2026-03-11T12:24:47.060212Z,elea,0.1.1,ef66ed9,hash,f2.bin,hash,28.815125000000002,52428800,,,blake3
50,18,2026-03-11T12:24:47.060793Z,elea,0.1.1,ef66ed9,hash,f3.bin,hash,29.367209,52428800,,,blake3
50,18,2026-03-11T12:24:47.060601Z,elea,0.1.1,ef66ed9,hash,f5.bin,hash,29.222208,52428800,,,blake3
50,18,2026-03-11T12:24:47.195467Z,elea,0.1.1,ef66ed9,add,f5.bin,backend_store,133.128834,52428800,,Zstd,blake3
50,18,2026-03-11T12:24:47.195716Z,elea,0.1.1,ef66ed9,add,f5.bin,add_file_total,164.38170799999997,52428800,,Zstd,blake3
50,18,2026-03-11T12:24:47.196033Z,elea,0.1.1,ef66ed9,add,f3.bin,backend_store,133.73112500000002,52428800,,Zstd,blake3
50,18,2026-03-11T12:24:47.196185Z,elea,0.1.1,ef66ed9,add,f3.bin,add_file_total,164.827292,52428800,,Zstd,blake3
50,18,2026-03-11T12:24:47.196467Z,elea,0.1.1,ef66ed9,add,f2.bin,backend_store,134.17820899999998,52428800,,Zstd,blake3
50,18,2026-03-11T12:24:47.196614Z,elea,0.1.1,ef66ed9,add,f2.bin,add_file_total,165.259334,52428800,,Zstd,blake3
50,18,2026-03-11T12:24:47.19699Z,elea,0.1.1,ef66ed9,add,f1.bin,backend_store,134.780708,52428800,,Zstd,blake3
50,18,2026-03-11T12:24:47.197114Z,elea,0.1.1,ef66ed9,add,f1.bin,add_file_total,165.751333,52428800,,Zstd,blake3
50,18,2026-03-11T12:24:47.197227Z,elea,0.1.1,ef66ed9,add,f4.bin,backend_store,134.998166,52428800,,Zstd,blake3
50,18,2026-03-11T12:24:47.197354Z,elea,0.1.1,ef66ed9,add,f4.bin,add_file_total,165.997458,52428800,,Zstd,blake3
50,18,2026-03-11T12:24:47.197406Z,elea,0.1.1,ef66ed9,add,,add_total,166.116333,,5,Zstd,blake3
2,11,2026-03-11T12:24:47.265154Z,elea,0.1.1,ef66ed9,hash,f3.bin,hash,1.226041,2097152,,,blake3
2,11,2026-03-11T12:24:47.265186Z,elea,0.1.1,ef66ed9,hash,f4.bin,hash,1.216708,2097152,,,blake3
2,11,2026-03-11T12:24:47.265178Z,elea,0.1.1,ef66ed9,hash,f2.bin,hash,1.224958,2097152,,,blake3
2,11,2026-03-11T12:24:47.265166Z,elea,0.1.1,ef66ed9,hash,f5.bin,hash,1.22125,2097152,,,blake3
2,11,2026-03-11T12:24:47.265137Z,elea,0.1.1,ef66ed9,hash,f1.bin,hash,1.221167,2097152,,,blake3
2,11,2026-03-11T12:24:47.274759Z,elea,0.1.1,ef66ed9,add,f3.bin,backend_store,8.083,2097152,,Zstd,blake3
2,11,2026-03-11T12:24:47.274765Z,elea,0.1.1,ef66ed9,add,f1.bin,backend_store,7.922416999999999,2097152,,Zstd,blake3
2,11,2026-03-11T12:24:47.27478Z,elea,0.1.1,ef66ed9,add,f5.bin,backend_store,7.9915,2097152,,Zstd,blake3
2,11,2026-03-11T12:24:47.274806Z,elea,0.1.1,ef66ed9,add,f4.bin,backend_store,8.115208,2097152,,Zstd,blake3
2,11,2026-03-11T12:24:47.274829Z,elea,0.1.1,ef66ed9,add,f2.bin,backend_store,8.095417000000001,2097152,,Zstd,blake3
2,11,2026-03-11T12:24:47.274976Z,elea,0.1.1,ef66ed9,add,f5.bin,add_file_total,11.099292,2097152,,Zstd,blake3
2,11,2026-03-11T12:24:47.2756Z,elea,0.1.1,ef66ed9,add,f2.bin,add_file_total,11.7185,2097152,,Zstd,blake3
2,11,2026-03-11T12:24:47.27565Z,elea,0.1.1,ef66ed9,add,f3.bin,add_file_total,11.781125,2097152,,Zstd,blake3
2,11,2026-03-11T12:24:47.275686Z,elea,0.1.1,ef66ed9,add,f4.bin,add_file_total,11.794374999999999,2097152,,Zstd,blake3
2,11,2026-03-11T12:24:47.275728Z,elea,0.1.1,ef66ed9,add,f1.bin,add_file_total,11.861542,2097152,,Zstd,blake3
2,11,2026-03-11T12:24:47.275787Z,elea,0.1.1,ef66ed9,add,,add_total,11.956875,,5,Zstd,blake3
50,13,2026-03-11T12:24:47.914835Z,elea,0.1.1,ef66ed9,hash,f5.bin,hash,29.130792,52428800,,,blake3
50,13,2026-03-11T12:24:47.914902Z,elea,0.1.1,ef66ed9,hash,f4.bin,hash,29.215417000000002,52428800,,,blake3
50,13,2026-03-11T12:24:47.914886Z,elea,0.1.1,ef66ed9,hash,f1.bin,hash,29.22575,52428800,,,blake3
50,13,2026-03-11T12:24:47.915101Z,elea,0.1.1,ef66ed9,hash,f3.bin,hash,29.426292,52428800,,,blake3
50,13,2026-03-11T12:24:47.914854Z,elea,0.1.1,ef66ed9,hash,f2.bin,hash,29.167917000000003,52428800,,,blake3
50,13,2026-03-11T12:24:48.06518Z,elea,0.1.1,ef66ed9,add,f3.bin,backend_store,148.33037499999998,52428800,,Zstd,blake3
50,13,2026-03-11T12:24:48.065535Z,elea,0.1.1,ef66ed9,add,f3.bin,add_file_total,179.879583,52428800,,Zstd,blake3
50,13,2026-03-11T12:24:48.066141Z,elea,0.1.1,ef66ed9,add,f1.bin,backend_store,149.330042,52428800,,Zstd,blake3
50,13,2026-03-11T12:24:48.066375Z,elea,0.1.1,ef66ed9,add,f1.bin,add_file_total,180.754542,52428800,,Zstd,blake3
50,13,2026-03-11T12:24:48.066481Z,elea,0.1.1,ef66ed9,add,f2.bin,backend_store,149.519666,52428800,,Zstd,blake3
50,13,2026-03-11T12:24:48.066631Z,elea,0.1.1,ef66ed9,add,f2.bin,add_file_total,180.980208,52428800,,Zstd,blake3
50,13,2026-03-11T12:24:48.066911Z,elea,0.1.1,ef66ed9,add,f5.bin,backend_store,150.144292,52428800,,Zstd,blake3
50,13,2026-03-11T12:24:48.067046Z,elea,0.1.1,ef66ed9,add,f5.bin,add_file_total,181.403916,52428800,,Zstd,blake3
50,13,2026-03-11T12:24:48.067112Z,elea,0.1.1,ef66ed9,add,f4.bin,backend_store,150.328167,52428800,,Zstd,blake3
50,13,2026-03-11T12:24:48.067255Z,elea,0.1.1,ef66ed9,add,f4.bin,add_file_total,181.605417,52428800,,Zstd,blake3
50,13,2026-03-11T12:24:48.06732Z,elea,0.1.1,ef66ed9,add,,add_total,181.72941600000001,,5,Zstd,blake3
10,9,2026-03-11T12:24:48.233402Z,elea,0.1.1,ef66ed9,hash,f1.bin,hash,5.807916,10485760,,,blake3
10,9,2026-03-11T12:24:48.233411Z,elea,0.1.1,ef66ed9,hash,f4.bin,hash,5.731167,10485760,,,blake3
10,9,2026-03-11T12:24:48.233368Z,elea,0.1.1,ef66ed9,hash,f2.bin,hash,5.787083,10485760,,,blake3
10,9,2026-03-11T12:24:48.233433Z,elea,0.1.1,ef66ed9,hash,f5.bin,hash,5.744458,10485760,,,blake3
10,9,2026-03-11T12:24:48.233387Z,elea,0.1.1,ef66ed9,hash,f3.bin,hash,5.756916,10485760,,,blake3
10,9,2026-03-11T12:24:48.289029Z,elea,0.1.1,ef66ed9,add,f1.bin,backend_store,53.780750000000005,10485760,,Zstd,blake3
10,9,2026-03-11T12:24:48.289396Z,elea,0.1.1,ef66ed9,add,f1.bin,add_file_total,61.834958,10485760,,Zstd,blake3
10,9,2026-03-11T12:24:48.289428Z,elea,0.1.1,ef66ed9,add,f2.bin,backend_store,54.133624999999995,10485760,,Zstd,blake3
10,9,2026-03-11T12:24:48.289648Z,elea,0.1.1,ef66ed9,add,f2.bin,add_file_total,62.108,10485760,,Zstd,blake3
10,9,2026-03-11T12:24:48.290017Z,elea,0.1.1,ef66ed9,add,f5.bin,backend_store,54.695916999999994,10485760,,Zstd,blake3
10,9,2026-03-11T12:24:48.290046Z,elea,0.1.1,ef66ed9,add,f4.bin,backend_store,54.769999999999996,10485760,,Zstd,blake3
10,9,2026-03-11T12:24:48.290105Z,elea,0.1.1,ef66ed9,add,f3.bin,backend_store,54.678709,10485760,,Zstd,blake3
10,9,2026-03-11T12:24:48.290153Z,elea,0.1.1,ef66ed9,add,f5.bin,add_file_total,62.591125,10485760,,Zstd,blake3
10,9,2026-03-11T12:24:48.290541Z,elea,0.1.1,ef66ed9,add,f4.bin,add_file_total,62.974667,10485760,,Zstd,blake3
10,9,2026-03-11T12:24:48.290591Z,elea,0.1.1,ef66ed9,add,f3.bin,add_file_total,63.030249999999995,10485760,,Zstd,blake3
10,9,2026-03-11T12:24:48.290664Z,elea,0.1.1,ef66ed9,add,,add_total,63.162375000000004,,5,Zstd,blake3
2,20,2026-03-11T12:24:48.340923Z,elea,0.1.1,ef66ed9,hash,f3.bin,hash,1.176083,2097152,,,blake3
2,20,2026-03-11T12:24:48.340969Z,elea,0.1.1,ef66ed9,hash,f1.bin,hash,1.2025409999999999,2097152,,,blake3
2,20,2026-03-11T12:24:48.340934Z,elea,0.1.1,ef66ed9,hash,f4.bin,hash,1.1811250000000002,2097152,,,blake3
2,20,2026-03-11T12:24:48.34095Z,elea,0.1.1,ef66ed9,hash,f2.bin,hash,1.192333,2097152,,,blake3
2,20,2026-03-11T12:24:48.340915Z,elea,0.1.1,ef66ed9,hash,f5.bin,hash,1.185708,2097152,,,blake3
2,20,2026-03-11T12:24:48.347698Z,elea,0.1.1,ef66ed9,add,f4.bin,backend_store,5.239458,2097152,,Zstd,blake3
2,20,2026-03-11T12:24:48.347706Z,elea,0.1.1,ef66ed9,add,f1.bin,backend_store,5.280167,2097152,,Zstd,blake3
2,20,2026-03-11T12:24:48.347735Z,elea,0.1.1,ef66ed9,add,f2.bin,backend_store,5.266875,2097152,,Zstd,blake3
2,20,2026-03-11T12:24:48.34778Z,elea,0.1.1,ef66ed9,add,f5.bin,backend_store,5.289667,2097152,,Zstd,blake3
2,20,2026-03-11T12:24:48.347815Z,elea,0.1.1,ef66ed9,add,f3.bin,backend_store,5.398167,2097152,,Zstd,blake3
2,20,2026-03-11T12:24:48.347903Z,elea,0.1.1,ef66ed9,add,f4.bin,add_file_total,8.191291999999999,2097152,,Zstd,blake3
2,20,2026-03-11T12:24:48.34861Z,elea,0.1.1,ef66ed9,add,f2.bin,add_file_total,8.894041999999999,2097152,,Zstd,blake3
2,20,2026-03-11T12:24:48.348672Z,elea,0.1.1,ef66ed9,add,f5.bin,add_file_total,8.974792,2097152,,Zstd,blake3
2,20,2026-03-11T12:24:48.348712Z,elea,0.1.1,ef66ed9,add,f3.bin,add_file_total,8.999375,2097152,,Zstd,blake3
2,20,2026-03-11T12:24:48.34875Z,elea,0.1.1,ef66ed9,add,f1.bin,add_file_total,9.032958,2097152,,Zstd,blake3
2,20,2026-03-11T12:24:48.348812Z,elea,0.1.1,ef66ed9,add,,add_total,9.151875,,5,Zstd,blake3
10,2,2026-03-11T12:24:48.494712Z,elea,0.1.1,ef66ed9,hash,f3.bin,hash,5.853834,10485760,,,blake3
10,2,2026-03-11T12:24:48.494753Z,elea,0.1.1,ef66ed9,hash,f2.bin,hash,5.845083,10485760,,,blake3
10,2,2026-03-11T12:24:48.49478Z,elea,0.1.1,ef66ed9,hash,f4.bin,hash,5.886083,10485760,,,blake3
10,2,2026-03-11T12:24:48.494689Z,elea,0.1.1,ef66ed9,hash,f5.bin,hash,5.7615,10485760,,,blake3
10,2,2026-03-11T12:24:48.494744Z,elea,0.1.1,ef66ed9,hash,f1.bin,hash,5.869,10485760,,,blake3
10,2,2026-03-11T12:24:48.5282Z,elea,0.1.1,ef66ed9,add,f5.bin,backend_store,31.467375,10485760,,Zstd,blake3
10,2,2026-03-11T12:24:48.528215Z,elea,0.1.1,ef66ed9,add,f1.bin,backend_store,31.458125000000003,10485760,,Zstd,blake3
10,2,2026-03-11T12:24:48.528495Z,elea,0.1.1,ef66ed9,add,f1.bin,add_file_total,39.654958,10485760,,Zstd,blake3
10,2,2026-03-11T12:24:48.528621Z,elea,0.1.1,ef66ed9,add,f5.bin,add_file_total,39.771916999999995,10485760,,Zstd,blake3
10,2,2026-03-11T12:24:48.529011Z,elea,0.1.1,ef66ed9,add,f3.bin,backend_store,32.352208,10485760,,Zstd,blake3
10,2,2026-03-11T12:24:48.529109Z,elea,0.1.1,ef66ed9,add,f4.bin,backend_store,32.41675,10485760,,Zstd,blake3
10,2,2026-03-11T12:24:48.529176Z,elea,0.1.1,ef66ed9,add,f3.bin,add_file_total,40.357084,10485760,,Zstd,blake3
10,2,2026-03-11T12:24:48.529262Z,elea,0.1.1,ef66ed9,add,f2.bin,backend_store,32.581542,10485760,,Zstd,blake3
10,2,2026-03-11T12:24:48.52955Z,elea,0.1.1,ef66ed9,add,f4.bin,add_file_total,40.710542000000004,10485760,,Zstd,blake3
10,2,2026-03-11T12:24:48.529597Z,elea,0.1.1,ef66ed9,add,f2.bin,add_file_total,40.756458,10485760,,Zstd,blake3
10,2,2026-03-11T12:24:48.529677Z,elea,0.1.1,ef66ed9,add,,add_total,40.882374999999996,,5,Zstd,blake3
50,11,2026-03-11T12:24:49.178946Z,elea,0.1.1,ef66ed9,hash,f3.bin,hash,29.119374999999998,52428800,,,blake3
50,11,2026-03-11T12:24:49.17892Z,elea,0.1.1,ef66ed9,hash,f1.bin,hash,29.194667,52428800,,,blake3
50,11,2026-03-11T12:24:49.178977Z,elea,0.1.1,ef66ed9,hash,f5.bin,hash,29.167583,52428800,,,blake3
50,11,2026-03-11T12:24:49.179009Z,elea,0.1.1,ef66ed9,hash,f2.bin,hash,29.275042000000003,52428800,,,blake3
50,11,2026-03-11T12:24:49.178956Z,elea,0.1.1,ef66ed9,hash,f4.bin,hash,29.129167000000002,52428800,,,blake3
50,11,2026-03-11T12:24:49.325061Z,elea,0.1.1,ef66ed9,add,f4.bin,backend_store,143.6895,52428800,,Zstd,blake3
50,11,2026-03-11T12:24:49.326467Z,elea,0.1.1,ef66ed9,add,f2.bin,backend_store,145.146167,52428800,,Zstd,blake3
50,11,2026-03-11T12:24:49.326947Z,elea,0.1.1,ef66ed9,add,f1.bin,backend_store,145.694458,52428800,,Zstd,blake3
50,11,2026-03-11T12:24:49.327296Z,elea,0.1.1,ef66ed9,add,f5.bin,backend_store,145.99820799999998,52428800,,Zstd,blake3
50,11,2026-03-11T12:24:49.327566Z,elea,0.1.1,ef66ed9,add,f4.bin,add_file_total,177.79887499999998,52428800,,Zstd,blake3
50,11,2026-03-11T12:24:49.327607Z,elea,0.1.1,ef66ed9,add,f2.bin,add_file_total,177.90562500000001,52428800,,Zstd,blake3
50,11,2026-03-11T12:24:49.32773Z,elea,0.1.1,ef66ed9,add,f3.bin,backend_store,146.50233300000002,52428800,,Zstd,blake3
50,11,2026-03-11T12:24:49.327819Z,elea,0.1.1,ef66ed9,add,f1.bin,add_file_total,178.14137499999998,52428800,,Zstd,blake3
50,11,2026-03-11T12:24:49.327864Z,elea,0.1.1,ef66ed9,add,f5.bin,add_file_total,178.09762500000002,52428800,,Zstd,blake3
50,11,2026-03-11T12:24:49.327901Z,elea,0.1.1,ef66ed9,add,f3.bin,add_file_total,178.135083,52428800,,Zstd,blake3
50,11,2026-03-11T12:24:49.327958Z,elea,0.1.1,ef66ed9,add,,add_total,178.314541,,5,Zstd,blake3
50,16,2026-03-11T12:24:49.968066Z,elea,0.1.1,ef66ed9,hash,f2.bin,hash,29.291375000000002,52428800,,,blake3
50,16,2026-03-11T12:24:49.967781Z,elea,0.1.1,ef66ed9,hash,f3.bin,hash,29.0945,52428800,,,blake3
50,16,2026-03-11T12:24:49.967791Z,elea,0.1.1,ef66ed9,hash,f4.bin,hash,29.041207999999997,52428800,,,blake3
50,16,2026-03-11T12:24:49.967861Z,elea,0.1.1,ef66ed9,hash,f1.bin,hash,29.154,52428800,,,blake3
50,16,2026-03-11T12:24:49.967885Z,elea,0.1.1,ef66ed9,hash,f5.bin,hash,29.068125000000002,52428800,,,blake3
50,16,2026-03-11T12:24:50.0986Z,elea,0.1.1,ef66ed9,add,f3.bin,backend_store,128.874083,52428800,,Zstd,blake3
50,16,2026-03-11T12:24:50.098875Z,elea,0.1.1,ef66ed9,add,f3.bin,add_file_total,160.240417,52428800,,Zstd,blake3
50,16,2026-03-11T12:24:50.099378Z,elea,0.1.1,ef66ed9,add,f4.bin,backend_store,129.627541,52428800,,Zstd,blake3
50,16,2026-03-11T12:24:50.099621Z,elea,0.1.1,ef66ed9,add,f4.bin,add_file_total,160.90554200000003,52428800,,Zstd,blake3
50,16,2026-03-11T12:24:50.09985Z,elea,0.1.1,ef66ed9,add,f5.bin,backend_store,130.036584,52428800,,Zstd,blake3
50,16,2026-03-11T12:24:50.100037Z,elea,0.1.1,ef66ed9,add,f5.bin,add_file_total,161.259209,52428800,,Zstd,blake3
50,16,2026-03-11T12:24:50.100526Z,elea,0.1.1,ef66ed9,add,f2.bin,backend_store,130.828167,52428800,,Zstd,blake3
50,16,2026-03-11T12:24:50.100645Z,elea,0.1.1,ef66ed9,add,f2.bin,add_file_total,161.932,52428800,,Zstd,blake3
50,16,2026-03-11T12:24:50.100655Z,elea,0.1.1,ef66ed9,add,f1.bin,backend_store,130.865958,52428800,,Zstd,blake3
50,16,2026-03-11T12:24:50.100841Z,elea,0.1.1,ef66ed9,add,f1.bin,add_file_total,162.14362500000001,52428800,,Zstd,blake3
50,16,2026-03-11T12:24:50.100909Z,elea,0.1.1,ef66ed9,add,,add_total,162.305792,,5,Zstd,blake3
50,10,2026-03-11T12:24:50.749635Z,elea,0.1.1,ef66ed9,hash,f5.bin,hash,28.888,52428800,,,blake3
50,10,2026-03-11T12:24:50.749567Z,elea,0.1.1,ef66ed9,hash,f4.bin,hash,28.877125,52428800,,,blake3
50,10,2026-03-11T12:24:50.749778Z,elea,0.1.1,ef66ed9,hash,f1.bin,hash,29.097749999999998,52428800,,,blake3
50,10,2026-03-11T12:24:50.749964Z,elea,0.1.1,ef66ed9,hash,f2.bin,hash,29.238958999999998,52428800,,,blake3
50,10,2026-03-11T12:24:50.749868Z,elea,0.1.1,ef66ed9,hash,f3.bin,hash,29.209458,52428800,,,blake3
50,10,2026-03-11T12:24:50.894079Z,elea,0.1.1,ef66ed9,add,f3.bin,backend_store,142.409375,52428800,,Zstd,blake3
50,10,2026-03-11T12:24:50.894305Z,elea,0.1.1,ef66ed9,add,f3.bin,add_file_total,173.683292,52428800,,Zstd,blake3
50,10,2026-03-11T12:24:50.894375Z,elea,0.1.1,ef66ed9,add,f4.bin,backend_store,142.7955,52428800,,Zstd,blake3
50,10,2026-03-11T12:24:50.89454Z,elea,0.1.1,ef66ed9,add,f4.bin,add_file_total,173.868334,52428800,,Zstd,blake3
50,10,2026-03-11T12:24:50.895471Z,elea,0.1.1,ef66ed9,add,f5.bin,backend_store,143.915291,52428800,,Zstd,blake3
50,10,2026-03-11T12:24:50.895617Z,elea,0.1.1,ef66ed9,add,f5.bin,add_file_total,174.974875,52428800,,Zstd,blake3
50,10,2026-03-11T12:24:50.896108Z,elea,0.1.1,ef66ed9,add,f1.bin,backend_store,144.516708,52428800,,Zstd,blake3
50,10,2026-03-11T12:24:50.896242Z,elea,0.1.1,ef66ed9,add,f1.bin,add_file_total,175.604,52428800,,Zstd,blake3
50,10,2026-03-11T12:24:50.896425Z,elea,0.1.1,ef66ed9,add,f2.bin,backend_store,144.78925,52428800,,Zstd,blake3
50,10,2026-03-11T12:24:50.896544Z,elea,0.1.1,ef66ed9,add,f2.bin,add_file_total,175.903583,52428800,,Zstd,blake3
50,10,2026-03-11T12:24:50.896611Z,elea,0.1.1,ef66ed9,add,,add_total,176.022583,,5,Zstd,blake3
5,1,2026-03-11T12:24:51.000882Z,elea,0.1.1,ef66ed9,hash,f4.bin,hash,2.982125,5242880,,,blake3
5,1,2026-03-11T12:24:51.000951Z,elea,0.1.1,ef66ed9,hash,f3.bin,hash,2.97325,5242880,,,blake3
5,1,2026-03-11T12:24:51.000987Z,elea,0.1.1,ef66ed9,hash,f2.bin,hash,2.9940420000000003,5242880,,,blake3
5,1,2026-03-11T12:24:51.000866Z,elea,0.1.1,ef66ed9,hash,f5.bin,hash,2.976709,5242880,,,blake3
5,1,2026-03-11T12:24:51.000928Z,elea,0.1.1,ef66ed9,hash,f1.bin,hash,3.0150419999999998,5242880,,,blake3
5,1,2026-03-11T12:24:51.01654Z,elea,0.1.1,ef66ed9,add,f1.bin,backend_store,13.494375,5242880,,Zstd,blake3
5,1,2026-03-11T12:24:51.016561Z,elea,0.1.1,ef66ed9,add,f3.bin,backend_store,13.661583,5242880,,Zstd,blake3
5,1,2026-03-11T12:24:51.016589Z,elea,0.1.1,ef66ed9,add,f5.bin,backend_store,13.579792,5242880,,Zstd,blake3
5,1,2026-03-11T12:24:51.016663Z,elea,0.1.1,ef66ed9,add,f4.bin,backend_store,13.786916,5242880,,Zstd,blake3
5,1,2026-03-11T12:24:51.016758Z,elea,0.1.1,ef66ed9,add,f1.bin,add_file_total,18.899541,5242880,,Zstd,blake3
5,1,2026-03-11T12:24:51.016828Z,elea,0.1.1,ef66ed9,add,f2.bin,backend_store,13.893084,5242880,,Zstd,blake3
5,1,2026-03-11T12:24:51.019147Z,elea,0.1.1,ef66ed9,add,f5.bin,add_file_total,21.291792,5242880,,Zstd,blake3
5,1,2026-03-11T12:24:51.019198Z,elea,0.1.1,ef66ed9,add,f3.bin,add_file_total,21.336125000000003,5242880,,Zstd,blake3
5,1,2026-03-11T12:24:51.019248Z,elea,0.1.1,ef66ed9,add,f4.bin,add_file_total,21.395,5242880,,Zstd,blake3
5,1,2026-03-11T12:24:51.019296Z,elea,0.1.1,ef66ed9,add,f2.bin,add_file_total,21.433417,5242880,,Zstd,blake3
5,1,2026-03-11T12:24:51.019357Z,elea,0.1.1,ef66ed9,add,,add_total,21.536709000000002,,5,Zstd,blake3
50,5,2026-03-11T12:24:51.665558Z,elea,0.1.1,ef66ed9,hash,f1.bin,hash,30.054083,52428800,,,blake3
50,5,2026-03-11T12:24:51.665884Z,elea,0.1.1,ef66ed9,hash,f3.bin,hash,30.397416,52428800,,,blake3
50,5,2026-03-11T12:24:51.666148Z,elea,0.1.1,ef66ed9,hash,f4.bin,hash,30.62525,52428800,,,blake3
50,5,2026-03-11T12:24:51.665381Z,elea,0.1.1,ef66ed9,hash,f2.bin,hash,29.818792000000002,52428800,,,blake3
50,5,2026-03-11T12:24:51.66653Z,elea,0.1.1,ef66ed9,hash,f5.bin,hash,30.988542000000002,52428800,,,blake3
50,5,2026-03-11T12:24:51.801855Z,elea,0.1.1,ef66ed9,add,f2.bin,backend_store,134.650375,52428800,,Zstd,blake3
50,5,2026-03-11T12:24:51.802126Z,elea,0.1.1,ef66ed9,add,f2.bin,add_file_total,166.6445,52428800,,Zstd,blake3
50,5,2026-03-11T12:24:51.802617Z,elea,0.1.1,ef66ed9,add,f3.bin,backend_store,135.48554099999998,52428800,,Zstd,blake3
50,5,2026-03-11T12:24:51.802838Z,elea,0.1.1,ef66ed9,add,f3.bin,add_file_total,167.386667,52428800,,Zstd,blake3
50,5,2026-03-11T12:24:51.803461Z,elea,0.1.1,ef66ed9,add,f1.bin,backend_store,136.34929200000002,52428800,,Zstd,blake3
50,5,2026-03-11T12:24:51.803696Z,elea,0.1.1,ef66ed9,add,f1.bin,add_file_total,168.227542,52428800,,Zstd,blake3
50,5,2026-03-11T12:24:51.803715Z,elea,0.1.1,ef66ed9,add,f5.bin,backend_store,136.490791,52428800,,Zstd,blake3
50,5,2026-03-11T12:24:51.803868Z,elea,0.1.1,ef66ed9,add,f5.bin,add_file_total,168.39737499999998,52428800,,Zstd,blake3
50,5,2026-03-11T12:24:51.804633Z,elea,0.1.1,ef66ed9,add,f4.bin,backend_store,137.47045899999998,52428800,,Zstd,blake3
50,5,2026-03-11T12:24:51.804824Z,elea,0.1.1,ef66ed9,add,f4.bin,add_file_total,169.35675,52428800,,Zstd,blake3
50,5,2026-03-11T12:24:51.80491Z,elea,0.1.1,ef66ed9,add,,add_total,169.493334,,5,Zstd,blake3
5,23,2026-03-11T12:24:51.901962Z,elea,0.1.1,ef66ed9,hash,f4.bin,hash,3.025583,5242880,,,blake3
5,23,2026-03-11T12:24:51.901926Z,elea,0.1.1,ef66ed9,hash,f1.bin,hash,3.0005840000000004,5242880,,,blake3
5,23,2026-03-11T12:24:51.901909Z,elea,0.1.1,ef66ed9,hash,f5.bin,hash,2.97925,5242880,,,blake3
5,23,2026-03-11T12:24:51.901896Z,elea,0.1.1,ef66ed9,hash,f3.bin,hash,2.976334,5242880,,,blake3
5,23,2026-03-11T12:24:51.901877Z,elea,0.1.1,ef66ed9,hash,f2.bin,hash,2.975166,5242880,,,blake3
5,23,2026-03-11T12:24:51.916835Z,elea,0.1.1,ef66ed9,add,f4.bin,backend_store,13.02525,5242880,,Zstd,blake3
5,23,2026-03-11T12:24:51.916881Z,elea,0.1.1,ef66ed9,add,f1.bin,backend_store,13.064582999999999,5242880,,Zstd,blake3
5,23,2026-03-11T12:24:51.916906Z,elea,0.1.1,ef66ed9,add,f5.bin,backend_store,13.04875,5242880,,Zstd,blake3
5,23,2026-03-11T12:24:51.917016Z,elea,0.1.1,ef66ed9,add,f2.bin,backend_store,13.116042,5242880,,Zstd,blake3
5,23,2026-03-11T12:24:51.917037Z,elea,0.1.1,ef66ed9,add,f3.bin,backend_store,13.161208,5242880,,Zstd,blake3
5,23,2026-03-11T12:24:51.917052Z,elea,0.1.1,ef66ed9,add,f4.bin,add_file_total,18.140209000000002,5242880,,Zstd,blake3
5,23,2026-03-11T12:24:51.919442Z,elea,0.1.1,ef66ed9,add,f1.bin,add_file_total,20.576916,5242880,,Zstd,blake3
5,23,2026-03-11T12:24:51.919487Z,elea,0.1.1,ef66ed9,add,f5.bin,add_file_total,20.611125,5242880,,Zstd,blake3
5,23,2026-03-11T12:24:51.91953Z,elea,0.1.1,ef66ed9,add,f2.bin,add_file_total,20.670375,5242880,,Zstd,blake3
5,23,2026-03-11T12:24:51.919572Z,elea,0.1.1,ef66ed9,add,f3.bin,add_file_total,20.700708000000002,5242880,,Zstd,blake3
5,23,2026-03-11T12:24:51.919628Z,elea,0.1.1,ef66ed9,add,,add_total,20.804459,,5,Zstd,blake3
10,23,2026-03-11T12:24:52.075252Z,elea,0.1.1,ef66ed9,hash,f5.bin,hash,5.786875,10485760,,,blake3
10,23,2026-03-11T12:24:52.075227Z,elea,0.1.1,ef66ed9,hash,f3.bin,hash,5.812125,10485760,,,blake3
10,23,2026-03-11T12:24:52.075265Z,elea,0.1.1,ef66ed9,hash,f1.bin,hash,5.801041,10485760,,,blake3
10,23,2026-03-11T12:24:52.075183Z,elea,0.1.1,ef66ed9,hash,f2.bin,hash,5.731415999999999,10485760,,,blake3
10,23,2026-03-11T12:24:52.075274Z,elea,0.1.1,ef66ed9,hash,f4.bin,hash,5.80675,10485760,,,blake3
10,23,2026-03-11T12:24:52.102286Z,elea,0.1.1,ef66ed9,add,f1.bin,backend_store,24.955083,10485760,,Zstd,blake3
10,23,2026-03-11T12:24:52.102535Z,elea,0.1.1,ef66ed9,add,f1.bin,add_file_total,33.149083000000005,10485760,,Zstd,blake3
10,23,2026-03-11T12:24:52.102847Z,elea,0.1.1,ef66ed9,add,f3.bin,backend_store,25.53475,10485760,,Zstd,blake3
10,23,2026-03-11T12:24:52.103013Z,elea,0.1.1,ef66ed9,add,f3.bin,add_file_total,33.64325,10485760,,Zstd,blake3
10,23,2026-03-11T12:24:52.103541Z,elea,0.1.1,ef66ed9,add,f2.bin,backend_store,26.174458,10485760,,Zstd,blake3
10,23,2026-03-11T12:24:52.103647Z,elea,0.1.1,ef66ed9,add,f4.bin,backend_store,26.248084000000002,10485760,,Zstd,blake3
10,23,2026-03-11T12:24:52.103678Z,elea,0.1.1,ef66ed9,add,f2.bin,add_file_total,34.274166,10485760,,Zstd,blake3
10,23,2026-03-11T12:24:52.103827Z,elea,0.1.1,ef66ed9,add,f5.bin,backend_store,26.53975,10485760,,Zstd,blake3
10,23,2026-03-11T12:24:52.103878Z,elea,0.1.1,ef66ed9,add,f4.bin,add_file_total,34.470583,10485760,,Zstd,blake3
10,23,2026-03-11T12:24:52.104089Z,elea,0.1.1,ef66ed9,add,f5.bin,add_file_total,34.685041999999996,10485760,,Zstd,blake3
10,23,2026-03-11T12:24:52.104136Z,elea,0.1.1,ef66ed9,add,,add_total,34.801041999999995,,5,Zstd,blake3
5,15,2026-03-11T12:24:52.192922Z,elea,0.1.1,ef66ed9,hash,f1.bin,hash,2.947917,5242880,,,blake3
5,15,2026-03-11T12:24:52.192948Z,elea,0.1.1,ef66ed9,hash,f4.bin,hash,3.022667,5242880,,,blake3
5,15,2026-03-11T12:24:52.192863Z,elea,0.1.1,ef66ed9,hash,f3.bin,hash,2.9078340000000003,5242880,,,blake3
5,15,2026-03-11T12:24:52.192908Z,elea,0.1.1,ef66ed9,hash,f2.bin,hash,2.9576670000000003,5242880,,,blake3
5,15,2026-03-11T12:24:52.192847Z,elea,0.1.1,ef66ed9,hash,f5.bin,hash,2.879417,5242880,,,blake3
5,15,2026-03-11T12:24:52.207576Z,elea,0.1.1,ef66ed9,add,f5.bin,backend_store,13.0495,5242880,,Zstd,blake3
5,15,2026-03-11T12:24:52.207584Z,elea,0.1.1,ef66ed9,add,f4.bin,backend_store,13.122290999999999,5242880,,Zstd,blake3
5,15,2026-03-11T12:24:52.207595Z,elea,0.1.1,ef66ed9,add,f2.bin,backend_store,13.103874999999999,5242880,,Zstd,blake3
5,15,2026-03-11T12:24:52.207631Z,elea,0.1.1,ef66ed9,add,f3.bin,backend_store,13.147416,5242880,,Zstd,blake3
5,15,2026-03-11T12:24:52.207676Z,elea,0.1.1,ef66ed9,add,f1.bin,backend_store,13.206333,5242880,,Zstd,blake3
5,15,2026-03-11T12:24:52.207824Z,elea,0.1.1,ef66ed9,add,f2.bin,add_file_total,17.927792,5242880,,Zstd,blake3
5,15,2026-03-11T12:24:52.208673Z,elea,0.1.1,ef66ed9,add,f5.bin,add_file_total,18.7375,5242880,,Zstd,blake3
5,15,2026-03-11T12:24:52.209033Z,elea,0.1.1,ef66ed9,add,f3.bin,add_file_total,19.138792000000002,5242880,,Zstd,blake3
5,15,2026-03-11T12:24:52.20934Z,elea,0.1.1,ef66ed9,add,f1.bin,add_file_total,19.43675,5242880,,Zstd,blake3
5,15,2026-03-11T12:24:52.209716Z,elea,0.1.1,ef66ed9,add,f4.bin,add_file_total,19.822166,5242880,,Zstd,blake3
5,15,2026-03-11T12:24:52.209789Z,elea,0.1.1,ef66ed9,add,,add_total,19.931334,,5,Zstd,blake3
10,8,2026-03-11T12:24:52.364719Z,elea,0.1.1,ef66ed9,hash,f2.bin,hash,5.926917,10485760,,,blake3
10,8,2026-03-11T12:24:52.364664Z,elea,0.1.1,ef66ed9,hash,f3.bin,hash,5.857832999999999,10485760,,,blake3
10,8,2026-03-11T12:24:52.364635Z,elea,0.1.1,ef66ed9,hash,f1.bin,hash,5.868792,10485760,,,blake3
10,8,2026-03-11T12:24:52.364802Z,elea,0.1.1,ef66ed9,hash,f5.bin,hash,6.031708,10485760,,,blake3
10,8,2026-03-11T12:24:52.364648Z,elea,0.1.1,ef66ed9,hash,f4.bin,hash,5.851209,10485760,,,blake3
10,8,2026-03-11T12:24:52.406319Z,elea,0.1.1,ef66ed9,add,f5.bin,backend_store,39.792625,10485760,,Zstd,blake3
10,8,2026-03-11T12:24:52.406564Z,elea,0.1.1,ef66ed9,add,f5.bin,add_file_total,47.815584,10485760,,Zstd,blake3
10,8,2026-03-11T12:24:52.406737Z,elea,0.1.1,ef66ed9,add,f4.bin,backend_store,40.175250000000005,10485760,,Zstd,blake3
10,8,2026-03-11T12:24:52.406922Z,elea,0.1.1,ef66ed9,add,f4.bin,add_file_total,48.175166999999995,10485760,,Zstd,blake3
10,8,2026-03-11T12:24:52.407332Z,elea,0.1.1,ef66ed9,add,f2.bin,backend_store,40.877207999999996,10485760,,Zstd,blake3
10,8,2026-03-11T12:24:52.407476Z,elea,0.1.1,ef66ed9,add,f2.bin,add_file_total,48.72875,10485760,,Zstd,blake3
10,8,2026-03-11T12:24:52.407517Z,elea,0.1.1,ef66ed9,add,f3.bin,backend_store,41.043792,10485760,,Zstd,blake3
10,8,2026-03-11T12:24:52.407651Z,elea,0.1.1,ef66ed9,add,f3.bin,add_file_total,48.903334,10485760,,Zstd,blake3
10,8,2026-03-11T12:24:52.408056Z,elea,0.1.1,ef66ed9,add,f1.bin,backend_store,41.569917,10485760,,Zstd,blake3
10,8,2026-03-11T12:24:52.408186Z,elea,0.1.1,ef66ed9,add,f1.bin,add_file_total,49.460249999999995,10485760,,Zstd,blake3
10,8,2026-03-11T12:24:52.408259Z,elea,0.1.1,ef66ed9,add,,add_total,49.578125,,5,Zstd,blake3
5,5,2026-03-11T12:24:52.494414Z,elea,0.1.1,ef66ed9,hash,f2.bin,hash,2.915875,5242880,,,blake3
5,5,2026-03-11T12:24:52.494362Z,elea,0.1.1,ef66ed9,hash,f5.bin,hash,2.8661670000000004,5242880,,,blake3
5,5,2026-03-11T12:24:52.494424Z,elea,0.1.1,ef66ed9,hash,f3.bin,hash,2.927333,5242880,,,blake3
5,5,2026-03-11T12:24:52.494457Z,elea,0.1.1,ef66ed9,hash,f1.bin,hash,2.942917,5242880,,,blake3
5,5,2026-03-11T12:24:52.494405Z,elea,0.1.1,ef66ed9,hash,f4.bin,hash,2.8922079999999997,5242880,,,blake3
5,5,2026-03-11T12:24:52.50836Z,elea,0.1.1,ef66ed9,add,f2.bin,backend_store,12.277708,5242880,,Zstd,blake3
5,5,2026-03-11T12:24:52.508637Z,elea,0.1.1,ef66ed9,add,f2.bin,add_file_total,17.1905,5242880,,Zstd,blake3
5,5,2026-03-11T12:24:52.508777Z,elea,0.1.1,ef66ed9,add,f4.bin,backend_store,12.613084,5242880,,Zstd,blake3
5,5,2026-03-11T12:24:52.508805Z,elea,0.1.1,ef66ed9,add,f5.bin,backend_store,12.708208,5242880,,Zstd,blake3
5,5,2026-03-11T12:24:52.508942Z,elea,0.1.1,ef66ed9,add,f3.bin,backend_store,12.839041,5242880,,Zstd,blake3
5,5,2026-03-11T12:24:52.509053Z,elea,0.1.1,ef66ed9,add,f1.bin,backend_store,12.922459,5242880,,Zstd,blake3
5,5,2026-03-11T12:24:52.509877Z,elea,0.1.1,ef66ed9,add,f4.bin,add_file_total,18.428667,5242880,,Zstd,blake3
5,5,2026-03-11T12:24:52.510216Z,elea,0.1.1,ef66ed9,add,f5.bin,add_file_total,18.776792,5242880,,Zstd,blake3
5,5,2026-03-11T12:24:52.510441Z,elea,0.1.1,ef66ed9,add,f3.bin,add_file_total,19.005916000000003,5242880,,Zstd,blake3
5,5,2026-03-11T12:24:52.510801Z,elea,0.1.1,ef66ed9,add,f1.bin,add_file_total,19.351459000000002,5242880,,Zstd,blake3
5,5,2026-03-11T12:24:52.510868Z,elea,0.1.1,ef66ed9,add,,add_total,19.471,,5,Zstd,blake3
5,14,2026-03-11T12:24:52.595756Z,elea,0.1.1,ef66ed9,hash,f3.bin,hash,3.103666,5242880,,,blake3
5,14,2026-03-11T12:24:52.595586Z,elea,0.1.1,ef66ed9,hash,f4.bin,hash,2.974166,5242880,,,blake3
5,14,2026-03-11T12:24:52.5957Z,elea,0.1.1,ef66ed9,hash,f5.bin,hash,3.066125,5242880,,,blake3
5,14,2026-03-11T12:24:52.595713Z,elea,0.1.1,ef66ed9,hash,f1.bin,hash,3.076292,5242880,,,blake3
5,14,2026-03-11T12:24:52.595743Z,elea,0.1.1,ef66ed9,hash,f2.bin,hash,3.094958,5242880,,,blake3
5,14,2026-03-11T12:24:52.614756Z,elea,0.1.1,ef66ed9,add,f4.bin,backend_store,17.408875000000002,5242880,,Zstd,blake3
5,14,2026-03-11T12:24:52.614969Z,elea,0.1.1,ef66ed9,add,f4.bin,add_file_total,22.394792,5242880,,Zstd,blake3
5,14,2026-03-11T12:24:52.615083Z,elea,0.1.1,ef66ed9,add,f2.bin,backend_store,17.674875,5242880,,Zstd,blake3
5,14,2026-03-11T12:24:52.615353Z,elea,0.1.1,ef66ed9,add,f5.bin,backend_store,17.991917,5242880,,Zstd,blake3
5,14,2026-03-11T12:24:52.615358Z,elea,0.1.1,ef66ed9,add,f3.bin,backend_store,18.053334,5242880,,Zstd,blake3
5,14,2026-03-11T12:24:52.61538Z,elea,0.1.1,ef66ed9,add,f1.bin,backend_store,18.005125,5242880,,Zstd,blake3
5,14,2026-03-11T12:24:52.615477Z,elea,0.1.1,ef66ed9,add,f2.bin,add_file_total,22.883708,5242880,,Zstd,blake3
5,14,2026-03-11T12:24:52.616296Z,elea,0.1.1,ef66ed9,add,f5.bin,add_file_total,23.712708999999997,5242880,,Zstd,blake3
5,14,2026-03-11T12:24:52.616779Z,elea,0.1.1,ef66ed9,add,f3.bin,add_file_total,24.197208,5242880,,Zstd,blake3
5,14,2026-03-11T12:24:52.617158Z,elea,0.1.1,ef66ed9,add,f1.bin,add_file_total,24.581916999999997,5242880,,Zstd,blake3
5,14,2026-03-11T12:24:52.61722Z,elea,0.1.1,ef66ed9,add,,add_total,24.685959,,5,Zstd,blake3
50,6,2026-03-11T12:24:53.256864Z,elea,0.1.1,ef66ed9,hash,f2.bin,hash,29.096166,52428800,,,blake3
50,6,2026-03-11T12:24:53.256691Z,elea,0.1.1,ef66ed9,hash,f1.bin,hash,28.947041,52428800,,,blake3
50,6,2026-03-11T12:24:53.256939Z,elea,0.1.1,ef66ed9,hash,f4.bin,hash,29.17475,52428800,,,blake3
50,6,2026-03-11T12:24:53.256475Z,elea,0.1.1,ef66ed9,hash,f5.bin,hash,28.6595,52428800,,,blake3
50,6,2026-03-11T12:24:53.256929Z,elea,0.1.1,ef66ed9,hash,f3.bin,hash,29.152250000000002,52428800,,,blake3
50,6,2026-03-11T12:24:53.391902Z,elea,0.1.1,ef66ed9,add,f1.bin,backend_store,133.53400000000002,52428800,,Zstd,blake3
50,6,2026-03-11T12:24:53.392128Z,elea,0.1.1,ef66ed9,add,f1.bin,add_file_total,164.426958,52428800,,Zstd,blake3
50,6,2026-03-11T12:24:53.39302Z,elea,0.1.1,ef66ed9,add,f5.bin,backend_store,134.5865,52428800,,Zstd,blake3
50,6,2026-03-11T12:24:53.393197Z,elea,0.1.1,ef66ed9,add,f5.bin,add_file_total,165.39558300000002,52428800,,Zstd,blake3
50,6,2026-03-11T12:24:53.393281Z,elea,0.1.1,ef66ed9,add,f4.bin,backend_store,134.885791,52428800,,Zstd,blake3
50,6,2026-03-11T12:24:53.393429Z,elea,0.1.1,ef66ed9,add,f4.bin,add_file_total,165.706958,52428800,,Zstd,blake3
50,6,2026-03-11T12:24:53.393969Z,elea,0.1.1,ef66ed9,add,f3.bin,backend_store,135.501542,52428800,,Zstd,blake3
50,6,2026-03-11T12:24:53.394109Z,elea,0.1.1,ef66ed9,add,f3.bin,add_file_total,166.38325,52428800,,Zstd,blake3
50,6,2026-03-11T12:24:53.394345Z,elea,0.1.1,ef66ed9,add,f2.bin,backend_store,136.004334,52428800,,Zstd,blake3
50,6,2026-03-11T12:24:53.394471Z,elea,0.1.1,ef66ed9,add,f2.bin,add_file_total,166.746959,52428800,,Zstd,blake3
50,6,2026-03-11T12:24:53.394535Z,elea,0.1.1,ef66ed9,add,,add_total,166.86920899999998,,5,Zstd,blake3
50,3,2026-03-11T12:24:54.040929Z,elea,0.1.1,ef66ed9,hash,f3.bin,hash,29.04325,52428800,,,blake3
50,3,2026-03-11T12:24:54.040704Z,elea,0.1.1,ef66ed9,hash,f1.bin,hash,28.85375,52428800,,,blake3
50,3,2026-03-11T12:24:54.04068Z,elea,0.1.1,ef66ed9,hash,f2.bin,hash,28.840833,52428800,,,blake3
50,3,2026-03-11T12:24:54.040915Z,elea,0.1.1,ef66ed9,hash,f4.bin,hash,29.020541,52428800,,,blake3
50,3,2026-03-11T12:24:54.041147Z,elea,0.1.1,ef66ed9,hash,f5.bin,hash,29.237958000000003,52428800,,,blake3
50,3,2026-03-11T12:24:54.182772Z,elea,0.1.1,ef66ed9,add,f3.bin,backend_store,140.12325,52428800,,Zstd,blake3
50,3,2026-03-11T12:24:54.182878Z,elea,0.1.1,ef66ed9,add,f1.bin,backend_store,140.237542,52428800,,Zstd,blake3
50,3,2026-03-11T12:24:54.1831Z,elea,0.1.1,ef66ed9,add,f1.bin,add_file_total,171.281916,52428800,,Zstd,blake3
50,3,2026-03-11T12:24:54.183167Z,elea,0.1.1,ef66ed9,add,f3.bin,add_file_total,171.348708,52428800,,Zstd,blake3
50,3,2026-03-11T12:24:54.18368Z,elea,0.1.1,ef66ed9,add,f5.bin,backend_store,140.960916,52428800,,Zstd,blake3
50,3,2026-03-11T12:24:54.184054Z,elea,0.1.1,ef66ed9,add,f5.bin,add_file_total,172.230834,52428800,,Zstd,blake3
50,3,2026-03-11T12:24:54.184527Z,elea,0.1.1,ef66ed9,add,f4.bin,backend_store,141.815167,52428800,,Zstd,blake3
50,3,2026-03-11T12:24:54.184666Z,elea,0.1.1,ef66ed9,add,f4.bin,add_file_total,172.845583,52428800,,Zstd,blake3
50,3,2026-03-11T12:24:54.185022Z,elea,0.1.1,ef66ed9,add,f2.bin,backend_store,142.350416,52428800,,Zstd,blake3
50,3,2026-03-11T12:24:54.185128Z,elea,0.1.1,ef66ed9,add,f2.bin,add_file_total,173.32983299999998,52428800,,Zstd,blake3
50,3,2026-03-11T12:24:54.185182Z,elea,0.1.1,ef66ed9,add,,add_total,173.420667,,5,Zstd,blake3
50,15,2026-03-11T12:24:54.862864Z,elea,0.1.1,ef66ed9,hash,f1.bin,hash,30.207917000000002,52428800,,,blake3
50,15,2026-03-11T12:24:54.862507Z,elea,0.1.1,ef66ed9,hash,f2.bin,hash,29.839542,52428800,,,blake3
50,15,2026-03-11T12:24:54.862197Z,elea,0.1.1,ef66ed9,hash,f4.bin,hash,29.548000000000002,52428800,,,blake3
50,15,2026-03-11T12:24:54.862295Z,elea,0.1.1,ef66ed9,hash,f3.bin,hash,29.65425,52428800,,,blake3
50,15,2026-03-11T12:24:54.862415Z,elea,0.1.1,ef66ed9,hash,f5.bin,hash,29.739708,52428800,,,blake3
50,15,2026-03-11T12:24:55.002135Z,elea,0.1.1,ef66ed9,add,f5.bin,backend_store,137.89974999999998,52428800,,Zstd,blake3
50,15,2026-03-11T12:24:55.00239Z,elea,0.1.1,ef66ed9,add,f5.bin,add_file_total,169.780708,52428800,,Zstd,blake3
50,15,2026-03-11T12:24:55.005465Z,elea,0.1.1,ef66ed9,add,f4.bin,backend_store,141.280709,52428800,,Zstd,blake3
50,15,2026-03-11T12:24:55.005659Z,elea,0.1.1,ef66ed9,add,f4.bin,add_file_total,173.057583,52428800,,Zstd,blake3
50,15,2026-03-11T12:24:55.010893Z,elea,0.1.1,ef66ed9,add,f2.bin,backend_store,146.732708,52428800,,Zstd,blake3
50,15,2026-03-11T12:24:55.011063Z,elea,0.1.1,ef66ed9,add,f2.bin,add_file_total,178.453875,52428800,,Zstd,blake3
50,15,2026-03-11T12:24:55.014835Z,elea,0.1.1,ef66ed9,add,f3.bin,backend_store,150.61308300000002,52428800,,Zstd,blake3
50,15,2026-03-11T12:24:55.014951Z,elea,0.1.1,ef66ed9,add,f3.bin,add_file_total,182.34924999999998,52428800,,Zstd,blake3
50,15,2026-03-11T12:24:55.017632Z,elea,0.1.1,ef66ed9,add,f1.bin,backend_store,153.48825,52428800,,Zstd,blake3
50,15,2026-03-11T12:24:55.017753Z,elea,0.1.1,ef66ed9,add,f1.bin,add_file_total,185.144583,52428800,,Zstd,blake3
50,15,2026-03-11T12:24:55.017809Z,elea,0.1.1,ef66ed9,add,,add_total,185.251417,,5,Zstd,blake3
50,23,2026-03-11T12:24:55.655255Z,elea,0.1.1,ef66ed9,hash,f1.bin,hash,28.986625,52428800,,,blake3
50,23,2026-03-11T12:24:55.655374Z,elea,0.1.1,ef66ed9,hash,f4.bin,hash,29.122249999999998,52428800,,,blake3
50,23,2026-03-11T12:24:55.655013Z,elea,0.1.1,ef66ed9,hash,f5.bin,hash,28.801917,52428800,,,blake3
50,23,2026-03-11T12:24:55.655444Z,elea,0.1.1,ef66ed9,hash,f2.bin,hash,29.211833,52428800,,,blake3
50,23,2026-03-11T12:24:55.655026Z,elea,0.1.1,ef66ed9,hash,f3.bin,hash,28.800084000000002,52428800,,,blake3
50,23,2026-03-11T12:24:55.780845Z,elea,0.1.1,ef66ed9,add,f1.bin,backend_store,123.869042,52428800,,Zstd,blake3
50,23,2026-03-11T12:24:55.781068Z,elea,0.1.1,ef66ed9,add,f1.bin,add_file_total,154.874166,52428800,,Zstd,blake3
50,23,2026-03-11T12:24:55.782419Z,elea,0.1.1,ef66ed9,add,f4.bin,backend_store,125.42066599999998,52428800,,Zstd,blake3
50,23,2026-03-11T12:24:55.782624Z,elea,0.1.1,ef66ed9,add,f4.bin,add_file_total,156.428125,52428800,,Zstd,blake3
50,23,2026-03-11T12:24:55.785922Z,elea,0.1.1,ef66ed9,add,f2.bin,backend_store,128.887959,52428800,,Zstd,blake3
50,23,2026-03-11T12:24:55.786041Z,elea,0.1.1,ef66ed9,add,f2.bin,add_file_total,159.84645799999998,52428800,,Zstd,blake3
50,23,2026-03-11T12:24:55.788065Z,elea,0.1.1,ef66ed9,add,f5.bin,backend_store,131.054,52428800,,Zstd,blake3
50,23,2026-03-11T12:24:55.788217Z,elea,0.1.1,ef66ed9,add,f5.bin,add_file_total,162.046875,52428800,,Zstd,blake3
50,23,2026-03-11T12:24:55.790663Z,elea,0.1.1,ef66ed9,add,f3.bin,backend_store,133.576542,52428800,,Zstd,blake3
50,23,2026-03-11T12:24:55.790773Z,elea,0.1.1,ef66ed9,add,f3.bin,add_file_total,164.573291,52428800,,Zstd,blake3
50,23,2026-03-11T12:24:55.790841Z,elea,0.1.1,ef66ed9,add,,add_total,164.69675,,5,Zstd,blake3
1,9,2026-03-11T12:24:55.849943Z,elea,0.1.1,ef66ed9,hash,f2.bin,hash,0.608208,1048576,,,blake3
1,9,2026-03-11T12:24:55.849972Z,elea,0.1.1,ef66ed9,hash,f4.bin,hash,0.6100829999999999,1048576,,,blake3
1,9,2026-03-11T12:24:55.849964Z,elea,0.1.1,ef66ed9,hash,f3.bin,hash,0.605416,1048576,,,blake3
1,9,2026-03-11T12:24:55.849923Z,elea,0.1.1,ef66ed9,hash,f5.bin,hash,0.600125,1048576,,,blake3
1,9,2026-03-11T12:24:55.849955Z,elea,0.1.1,ef66ed9,hash,f1.bin,hash,0.604375,1048576,,,blake3
1,9,2026-03-11T12:24:55.854907Z,elea,0.1.1,ef66ed9,add,f2.bin,backend_store,3.58725,1048576,,Zstd,blake3
1,9,2026-03-11T12:24:55.854928Z,elea,0.1.1,ef66ed9,add,f4.bin,backend_store,3.588833,1048576,,Zstd,blake3
1,9,2026-03-11T12:24:55.855035Z,elea,0.1.1,ef66ed9,add,f5.bin,backend_store,3.648334,1048576,,Zstd,blake3
1,9,2026-03-11T12:24:55.855192Z,elea,0.1.1,ef66ed9,add,f2.bin,add_file_total,5.8805000000000005,1048576,,Zstd,blake3
1,9,2026-03-11T12:24:55.855216Z,elea,0.1.1,ef66ed9,add,f3.bin,backend_store,3.861042,1048576,,Zstd,blake3
1,9,2026-03-11T12:24:55.855228Z,elea,0.1.1,ef66ed9,add,f1.bin,backend_store,3.8218330000000003,1048576,,Zstd,blake3
1,9,2026-03-11T12:24:55.855347Z,elea,0.1.1,ef66ed9,add,f4.bin,add_file_total,6.020667,1048576,,Zstd,blake3
1,9,2026-03-11T12:24:55.855379Z,elea,0.1.1,ef66ed9,add,f5.bin,add_file_total,6.090792,1048576,,Zstd,blake3
1,9,2026-03-11T12:24:55.85541Z,elea,0.1.1,ef66ed9,add,f3.bin,add_file_total,6.1002909999999995,1048576,,Zstd,blake3
1,9,2026-03-11T12:24:55.855442Z,elea,0.1.1,ef66ed9,add,f1.bin,add_file_total,6.135708,1048576,,Zstd,blake3
1,9,2026-03-11T12:24:55.85549Z,elea,0.1.1,ef66ed9,add,,add_total,6.240542,,5,Zstd,blake3
1,3,2026-03-11T12:24:55.891106Z,elea,0.1.1,ef66ed9,hash,f1.bin,hash,0.6225,1048576,,,blake3
1,3,2026-03-11T12:24:55.891391Z,elea,0.1.1,ef66ed9,hash,f3.bin,hash,0.8989999999999999,1048576,,,blake3
1,3,2026-03-11T12:24:55.891357Z,elea,0.1.1,ef66ed9,hash,f4.bin,hash,0.900459,1048576,,,blake3
1,3,2026-03-11T12:24:55.89138Z,elea,0.1.1,ef66ed9,hash,f5.bin,hash,0.830875,1048576,,,blake3
1,3,2026-03-11T12:24:55.891071Z,elea,0.1.1,ef66ed9,hash,f2.bin,hash,0.631084,1048576,,,blake3
1,3,2026-03-11T12:24:55.895528Z,elea,0.1.1,ef66ed9,add,f3.bin,backend_store,2.853834,1048576,,Zstd,blake3
1,3,2026-03-11T12:24:55.895589Z,elea,0.1.1,ef66ed9,add,f4.bin,backend_store,2.899833,1048576,,Zstd,blake3
1,3,2026-03-11T12:24:55.89568Z,elea,0.1.1,ef66ed9,add,f3.bin,add_file_total,5.261334000000001,1048576,,Zstd,blake3
1,3,2026-03-11T12:24:55.895728Z,elea,0.1.1,ef66ed9,add,f1.bin,backend_store,3.074375,1048576,,Zstd,blake3
1,3,2026-03-11T12:24:55.89574Z,elea,0.1.1,ef66ed9,add,f2.bin,backend_store,2.991375,1048576,,Zstd,blake3
1,3,2026-03-11T12:24:55.895811Z,elea,0.1.1,ef66ed9,add,f5.bin,backend_store,3.094958,1048576,,Zstd,blake3
1,3,2026-03-11T12:24:55.895862Z,elea,0.1.1,ef66ed9,add,f4.bin,add_file_total,5.4575,1048576,,Zstd,blake3
1,3,2026-03-11T12:24:55.895963Z,elea,0.1.1,ef66ed9,add,f1.bin,add_file_total,5.563417,1048576,,Zstd,blake3
1,3,2026-03-11T12:24:55.895994Z,elea,0.1.1,ef66ed9,add,f2.bin,add_file_total,5.5991670000000004,1048576,,Zstd,blake3
1,3,2026-03-11T12:24:55.896022Z,elea,0.1.1,ef66ed9,add,f5.bin,add_file_total,5.603083,1048576,,Zstd,blake3
1,3,2026-03-11T12:24:55.896069Z,elea,0.1.1,ef66ed9,add,,add_total,5.702541999999999,,5,Zstd,blake3
10,19,2026-03-11T12:24:56.044971Z,elea,0.1.1,ef66ed9,hash,f4.bin,hash,5.8306249999999995,10485760,,,blake3
10,19,2026-03-11T12:24:56.044908Z,elea,0.1.1,ef66ed9,hash,f5.bin,hash,5.803667,10485760,,,blake3
10,19,2026-03-11T12:24:56.044924Z,elea,0.1.1,ef66ed9,hash,f2.bin,hash,5.826417,10485760,,,blake3
10,19,2026-03-11T12:24:56.044956Z,elea,0.1.1,ef66ed9,hash,f3.bin,hash,5.870375,10485760,,,blake3
10,19,2026-03-11T12:24:56.044937Z,elea,0.1.1,ef66ed9,hash,f1.bin,hash,5.8256250000000005,10485760,,,blake3
10,19,2026-03-11T12:24:56.069727Z,elea,0.1.1,ef66ed9,add,f4.bin,backend_store,23.136708,10485760,,Zstd,blake3
10,19,2026-03-11T12:24:56.070066Z,elea,0.1.1,ef66ed9,add,f4.bin,add_file_total,30.990958,10485760,,Zstd,blake3
10,19,2026-03-11T12:24:56.072075Z,elea,0.1.1,ef66ed9,add,f3.bin,backend_store,25.4,10485760,,Zstd,blake3
10,19,2026-03-11T12:24:56.07228Z,elea,0.1.1,ef66ed9,add,f3.bin,add_file_total,33.231667,10485760,,Zstd,blake3
10,19,2026-03-11T12:24:56.072516Z,elea,0.1.1,ef66ed9,add,f2.bin,backend_store,25.862833,10485760,,Zstd,blake3
10,19,2026-03-11T12:24:56.072656Z,elea,0.1.1,ef66ed9,add,f2.bin,add_file_total,33.587875000000004,10485760,,Zstd,blake3
10,19,2026-03-11T12:24:56.073125Z,elea,0.1.1,ef66ed9,add,f5.bin,backend_store,26.519292,10485760,,Zstd,blake3
10,19,2026-03-11T12:24:56.073221Z,elea,0.1.1,ef66ed9,add,f1.bin,backend_store,26.531416,10485760,,Zstd,blake3
10,19,2026-03-11T12:24:56.073243Z,elea,0.1.1,ef66ed9,add,f5.bin,add_file_total,34.173708,10485760,,Zstd,blake3
10,19,2026-03-11T12:24:56.073515Z,elea,0.1.1,ef66ed9,add,f1.bin,add_file_total,34.4385,10485760,,Zstd,blake3
10,19,2026-03-11T12:24:56.07359Z,elea,0.1.1,ef66ed9,add,,add_total,34.561,,5,Zstd,blake3
1,1,2026-03-11T12:24:56.110908Z,elea,0.1.1,ef66ed9,hash,f4.bin,hash,0.612292,1048576,,,blake3
1,1,2026-03-11T12:24:56.110933Z,elea,0.1.1,ef66ed9,hash,f5.bin,hash,0.5952919999999999,1048576,,,blake3
1,1,2026-03-11T12:24:56.11094Z,elea,0.1.1,ef66ed9,hash,f1.bin,hash,0.6017079999999999,1048576,,,blake3
1,1,2026-03-11T12:24:56.110916Z,elea,0.1.1,ef66ed9,hash,f2.bin,hash,0.602834,1048576,,,blake3
1,1,2026-03-11T12:24:56.110924Z,elea,0.1.1,ef66ed9,hash,f3.bin,hash,0.603792,1048576,,,blake3
1,1,2026-03-11T12:24:56.115401Z,elea,0.1.1,ef66ed9,add,f5.bin,backend_store,3.087417,1048576,,Zstd,blake3
1,1,2026-03-11T12:24:56.11541Z,elea,0.1.1,ef66ed9,add,f3.bin,backend_store,3.026833,1048576,,Zstd,blake3
1,1,2026-03-11T12:24:56.115427Z,elea,0.1.1,ef66ed9,add,f1.bin,backend_store,3.0855420000000002,1048576,,Zstd,blake3
1,1,2026-03-11T12:24:56.115444Z,elea,0.1.1,ef66ed9,add,f2.bin,backend_store,3.085708,1048576,,Zstd,blake3
1,1,2026-03-11T12:24:56.115517Z,elea,0.1.1,ef66ed9,add,f4.bin,backend_store,3.2185,1048576,,Zstd,blake3
1,1,2026-03-11T12:24:56.115585Z,elea,0.1.1,ef66ed9,add,f5.bin,add_file_total,5.320625,1048576,,Zstd,blake3
1,1,2026-03-11T12:24:56.115765Z,elea,0.1.1,ef66ed9,add,f3.bin,add_file_total,5.507709,1048576,,Zstd,blake3
1,1,2026-03-11T12:24:56.115801Z,elea,0.1.1,ef66ed9,add,f1.bin,add_file_total,5.537042,1048576,,Zstd,blake3
1,1,2026-03-11T12:24:56.115834Z,elea,0.1.1,ef66ed9,add,f2.bin,add_file_total,5.572916,1048576,,Zstd,blake3
1,1,2026-03-11T12:24:56.115866Z,elea,0.1.1,ef66ed9,add,f4.bin,add_file_total,5.610292,1048576,,Zstd,blake3
1,1,2026-03-11T12:24:56.115919Z,elea,0.1.1,ef66ed9,add,,add_total,5.699417,,5,Zstd,blake3
50,19,2026-03-11T12:24:56.75229Z,elea,0.1.1,ef66ed9,hash,f4.bin,hash,29.143708,52428800,,,blake3
50,19,2026-03-11T12:24:56.752233Z,elea,0.1.1,ef66ed9,hash,f1.bin,hash,29.16175,52428800,,,blake3
50,19,2026-03-11T12:24:56.752268Z,elea,0.1.1,ef66ed9,hash,f2.bin,hash,29.160542,52428800,,,blake3
50,19,2026-03-11T12:24:56.752462Z,elea,0.1.1,ef66ed9,hash,f3.bin,hash,29.378,52428800,,,blake3
50,19,2026-03-11T12:24:56.752453Z,elea,0.1.1,ef66ed9,hash,f5.bin,hash,29.404458,52428800,,,blake3
50,19,2026-03-11T12:24:56.877726Z,elea,0.1.1,ef66ed9,add,f1.bin,backend_store,123.528833,52428800,,Zstd,blake3
50,19,2026-03-11T12:24:56.87796Z,elea,0.1.1,ef66ed9,add,f4.bin,backend_store,123.78575,52428800,,Zstd,blake3
50,19,2026-03-11T12:24:56.879898Z,elea,0.1.1,ef66ed9,add,f1.bin,add_file_total,156.862375,52428800,,Zstd,blake3
50,19,2026-03-11T12:24:56.880642Z,elea,0.1.1,ef66ed9,add,f4.bin,add_file_total,157.602875,52428800,,Zstd,blake3
50,19,2026-03-11T12:24:56.881063Z,elea,0.1.1,ef66ed9,add,f3.bin,backend_store,126.812791,52428800,,Zstd,blake3
50,19,2026-03-11T12:24:56.88123Z,elea,0.1.1,ef66ed9,add,f3.bin,add_file_total,158.194375,52428800,,Zstd,blake3
50,19,2026-03-11T12:24:56.881429Z,elea,0.1.1,ef66ed9,add,f5.bin,backend_store,127.14649999999999,52428800,,Zstd,blake3
50,19,2026-03-11T12:24:56.88155Z,elea,0.1.1,ef66ed9,add,f5.bin,add_file_total,158.53816700000002,52428800,,Zstd,blake3
50,19,2026-03-11T12:24:56.882261Z,elea,0.1.1,ef66ed9,add,f2.bin,backend_store,128.045167,52428800,,Zstd,blake3
50,19,2026-03-11T12:24:56.882382Z,elea,0.1.1,ef66ed9,add,f2.bin,add_file_total,159.345542,52428800,,Zstd,blake3
50,19,2026-03-11T12:24:56.882448Z,elea,0.1.1,ef66ed9,add,,add_total,159.457667,,5,Zstd,blake3
2,17,2026-03-11T12:24:56.936307Z,elea,0.1.1,ef66ed9,hash,f1.bin,hash,1.191542,2097152,,,blake3
2,17,2026-03-11T12:24:56.936283Z,elea,0.1.1,ef66ed9,hash,f3.bin,hash,1.2285830000000002,2097152,,,blake3
2,17,2026-03-11T12:24:56.936273Z,elea,0.1.1,ef66ed9,hash,f5.bin,hash,1.195125,2097152,,,blake3
2,17,2026-03-11T12:24:56.936319Z,elea,0.1.1,ef66ed9,hash,f2.bin,hash,1.215917,2097152,,,blake3
2,17,2026-03-11T12:24:56.936296Z,elea,0.1.1,ef66ed9,hash,f4.bin,hash,1.216042,2097152,,,blake3
2,17,2026-03-11T12:24:56.94313Z,elea,0.1.1,ef66ed9,add,f3.bin,backend_store,5.372208,2097152,,Zstd,blake3
2,17,2026-03-11T12:24:56.943206Z,elea,0.1.1,ef66ed9,add,f1.bin,backend_store,5.473417,2097152,,Zstd,blake3
2,17,2026-03-11T12:24:56.943345Z,elea,0.1.1,ef66ed9,add,f3.bin,add_file_total,8.329834,2097152,,Zstd,blake3
2,17,2026-03-11T12:24:56.943363Z,elea,0.1.1,ef66ed9,add,f5.bin,backend_store,5.595667000000001,2097152,,Zstd,blake3
2,17,2026-03-11T12:24:56.943473Z,elea,0.1.1,ef66ed9,add,f2.bin,backend_store,5.664291,2097152,,Zstd,blake3
2,17,2026-03-11T12:24:56.943491Z,elea,0.1.1,ef66ed9,add,f4.bin,backend_store,5.577999999999999,2097152,,Zstd,blake3
2,17,2026-03-11T12:24:56.943597Z,elea,0.1.1,ef66ed9,add,f1.bin,add_file_total,8.538958,2097152,,Zstd,blake3
2,17,2026-03-11T12:24:56.944031Z,elea,0.1.1,ef66ed9,add,f5.bin,add_file_total,8.992792,2097152,,Zstd,blake3
2,17,2026-03-11T12:24:56.944073Z,elea,0.1.1,ef66ed9,add,f2.bin,add_file_total,9.035833,2097152,,Zstd,blake3
2,17,2026-03-11T12:24:56.944105Z,elea,0.1.1,ef66ed9,add,f4.bin,add_file_total,9.067625,2097152,,Zstd,blake3
2,17,2026-03-11T12:24:56.944155Z,elea,0.1.1,ef66ed9,add,,add_total,9.16775,,5,Zstd,blake3
2,2,2026-03-11T12:24:56.993011Z,elea,0.1.1,ef66ed9,hash,f1.bin,hash,1.178542,2097152,,,blake3
2,2,2026-03-11T12:24:56.992994Z,elea,0.1.1,ef66ed9,hash,f5.bin,hash,1.168667,2097152,,,blake3
2,2,2026-03-11T12:24:56.992972Z,elea,0.1.1,ef66ed9,hash,f2.bin,hash,1.174584,2097152,,,blake3
2,2,2026-03-11T12:24:56.993003Z,elea,0.1.1,ef66ed9,hash,f3.bin,hash,1.1876250000000002,2097152,,,blake3
2,2,2026-03-11T12:24:56.992961Z,elea,0.1.1,ef66ed9,hash,f4.bin,hash,1.173,2097152,,,blake3
2,2,2026-03-11T12:24:56.999934Z,elea,0.1.1,ef66ed9,add,f5.bin,backend_store,5.481459,2097152,,Zstd,blake3
2,2,2026-03-11T12:24:56.999954Z,elea,0.1.1,ef66ed9,add,f1.bin,backend_store,5.518708,2097152,,Zstd,blake3
2,2,2026-03-11T12:24:57.000014Z,elea,0.1.1,ef66ed9,add,f4.bin,backend_store,5.502084,2097152,,Zstd,blake3
2,2,2026-03-11T12:24:57.000052Z,elea,0.1.1,ef66ed9,add,f2.bin,backend_store,5.568333,2097152,,Zstd,blake3
2,2,2026-03-11T12:24:57.000143Z,elea,0.1.1,ef66ed9,add,f5.bin,add_file_total,8.348084,2097152,,Zstd,blake3
2,2,2026-03-11T12:24:57.000172Z,elea,0.1.1,ef66ed9,add,f3.bin,backend_store,5.686542,2097152,,Zstd,blake3
2,2,2026-03-11T12:24:57.000727Z,elea,0.1.1,ef66ed9,add,f4.bin,add_file_total,8.978958,2097152,,Zstd,blake3
2,2,2026-03-11T12:24:57.000846Z,elea,0.1.1,ef66ed9,add,f1.bin,add_file_total,9.072500000000002,2097152,,Zstd,blake3
2,2,2026-03-11T12:24:57.000879Z,elea,0.1.1,ef66ed9,add,f2.bin,add_file_total,9.103833,2097152,,Zstd,blake3
2,2,2026-03-11T12:24:57.000917Z,elea,0.1.1,ef66ed9,add,f3.bin,add_file_total,9.142958,2097152,,Zstd,blake3
2,2,2026-03-11T12:24:57.000972Z,elea,0.1.1,ef66ed9,add,,add_total,9.256667,,5,Zstd,blake3
50,21,2026-03-11T12:24:57.6527Z,elea,0.1.1,ef66ed9,hash,f1.bin,hash,29.06,52428800,,,blake3
50,21,2026-03-11T12:24:57.652574Z,elea,0.1.1,ef66ed9,hash,f4.bin,hash,28.933207999999997,52428800,,,blake3
50,21,2026-03-11T12:24:57.652648Z,elea,0.1.1,ef66ed9,hash,f3.bin,hash,28.984166,52428800,,,blake3
50,21,2026-03-11T12:24:57.652627Z,elea,0.1.1,ef66ed9,hash,f5.bin,hash,28.975875000000002,52428800,,,blake3
50,21,2026-03-11T12:24:57.653045Z,elea,0.1.1,ef66ed9,hash,f2.bin,hash,29.371375,52428800,,,blake3
50,21,2026-03-11T12:24:57.7917Z,elea,0.1.1,ef66ed9,add,f5.bin,backend_store,136.84791700000002,52428800,,Zstd,blake3
50,21,2026-03-11T12:24:57.792048Z,elea,0.1.1,ef66ed9,add,f5.bin,add_file_total,168.442125,52428800,,Zstd,blake3
50,21,2026-03-11T12:24:57.798211Z,elea,0.1.1,ef66ed9,add,f4.bin,backend_store,143.421667,52428800,,Zstd,blake3
50,21,2026-03-11T12:24:57.798217Z,elea,0.1.1,ef66ed9,add,f2.bin,backend_store,143.350959,52428800,,Zstd,blake3
50,21,2026-03-11T12:24:57.798238Z,elea,0.1.1,ef66ed9,add,f1.bin,backend_store,143.476459,52428800,,Zstd,blake3
50,21,2026-03-11T12:24:57.798286Z,elea,0.1.1,ef66ed9,add,f3.bin,backend_store,143.45749999999998,52428800,,Zstd,blake3
50,21,2026-03-11T12:24:57.798439Z,elea,0.1.1,ef66ed9,add,f2.bin,add_file_total,174.830084,52428800,,Zstd,blake3
50,21,2026-03-11T12:24:57.798867Z,elea,0.1.1,ef66ed9,add,f3.bin,add_file_total,175.261958,52428800,,Zstd,blake3
50,21,2026-03-11T12:24:57.798908Z,elea,0.1.1,ef66ed9,add,f4.bin,add_file_total,175.314833,52428800,,Zstd,blake3
50,21,2026-03-11T12:24:57.798956Z,elea,0.1.1,ef66ed9,add,f1.bin,add_file_total,175.359875,52428800,,Zstd,blake3
50,21,2026-03-11T12:24:57.799026Z,elea,0.1.1,ef66ed9,add,,add_total,175.464333,,5,Zstd,blake3
50,9,2026-03-11T12:24:58.440478Z,elea,0.1.1,ef66ed9,hash,f3.bin,hash,29.598542,52428800,,,blake3
50,9,2026-03-11T12:24:58.441525Z,elea,0.1.1,ef66ed9,hash,f2.bin,hash,30.703291,52428800,,,blake3
50,9,2026-03-11T12:24:58.442052Z,elea,0.1.1,ef66ed9,hash,f1.bin,hash,31.2515,52428800,,,blake3
50,9,2026-03-11T12:24:58.441991Z,elea,0.1.1,ef66ed9,hash,f5.bin,hash,31.156791,52428800,,,blake3
50,9,2026-03-11T12:24:58.439984Z,elea,0.1.1,ef66ed9,hash,f4.bin,hash,29.12375,52428800,,,blake3
50,9,2026-03-11T12:24:58.654713Z,elea,0.1.1,ef66ed9,add,f4.bin,backend_store,210.04725,52428800,,Zstd,blake3
50,9,2026-03-11T12:24:58.655007Z,elea,0.1.1,ef66ed9,add,f4.bin,add_file_total,244.220459,52428800,,Zstd,blake3
50,9,2026-03-11T12:24:58.656433Z,elea,0.1.1,ef66ed9,add,f3.bin,backend_store,213.042666,52428800,,Zstd,blake3
50,9,2026-03-11T12:24:58.65663Z,elea,0.1.1,ef66ed9,add,f3.bin,add_file_total,245.843917,52428800,,Zstd,blake3
50,9,2026-03-11T12:24:58.65754Z,elea,0.1.1,ef66ed9,add,f1.bin,backend_store,213.86587500000002,52428800,,Zstd,blake3
50,9,2026-03-11T12:24:58.6577Z,elea,0.1.1,ef66ed9,add,f1.bin,add_file_total,246.929292,52428800,,Zstd,blake3
50,9,2026-03-11T12:24:58.658772Z,elea,0.1.1,ef66ed9,add,f5.bin,backend_store,214.864625,52428800,,Zstd,blake3
50,9,2026-03-11T12:24:58.658886Z,elea,0.1.1,ef66ed9,add,f5.bin,add_file_total,248.100917,52428800,,Zstd,blake3
50,9,2026-03-11T12:24:58.659336Z,elea,0.1.1,ef66ed9,add,f2.bin,backend_store,215.937959,52428800,,Zstd,blake3
50,9,2026-03-11T12:24:58.659466Z,elea,0.1.1,ef66ed9,add,f2.bin,add_file_total,248.67925,52428800,,Zstd,blake3
50,9,2026-03-11T12:24:58.659544Z,elea,0.1.1,ef66ed9,add,,add_total,248.814875,,5,Zstd,blake3
2,19,2026-03-11T12:24:58.724377Z,elea,0.1.1,ef66ed9,hash,f3.bin,hash,1.1881249999999999,2097152,,,blake3
2,19,2026-03-11T12:24:58.724394Z,elea,0.1.1,ef66ed9,hash,f2.bin,hash,1.2023750000000002,2097152,,,blake3
2,19,2026-03-11T12:24:58.724368Z,elea,0.1.1,ef66ed9,hash,f1.bin,hash,1.189625,2097152,,,blake3
2,19,2026-03-11T12:24:58.724387Z,elea,0.1.1,ef66ed9,hash,f4.bin,hash,1.188583,2097152,,,blake3
2,19,2026-03-11T12:24:58.724356Z,elea,0.1.1,ef66ed9,hash,f5.bin,hash,1.189292,2097152,,,blake3
2,19,2026-03-11T12:24:58.731318Z,elea,0.1.1,ef66ed9,add,f2.bin,backend_store,5.451541,2097152,,Zstd,blake3
2,19,2026-03-11T12:24:58.731338Z,elea,0.1.1,ef66ed9,add,f3.bin,backend_store,5.534334,2097152,,Zstd,blake3
2,19,2026-03-11T12:24:58.731392Z,elea,0.1.1,ef66ed9,add,f4.bin,backend_store,5.5894580000000005,2097152,,Zstd,blake3
2,19,2026-03-11T12:24:58.731413Z,elea,0.1.1,ef66ed9,add,f5.bin,backend_store,5.533917,2097152,,Zstd,blake3
2,19,2026-03-11T12:24:58.731471Z,elea,0.1.1,ef66ed9,add,f1.bin,backend_store,5.632625,2097152,,Zstd,blake3
2,19,2026-03-11T12:24:58.731516Z,elea,0.1.1,ef66ed9,add,f2.bin,add_file_total,8.406500000000001,2097152,,Zstd,blake3
2,19,2026-03-11T12:24:58.732093Z,elea,0.1.1,ef66ed9,add,f3.bin,add_file_total,8.954291,2097152,,Zstd,blake3
2,19,2026-03-11T12:24:58.732188Z,elea,0.1.1,ef66ed9,add,f4.bin,add_file_total,9.049750000000001,2097152,,Zstd,blake3
2,19,2026-03-11T12:24:58.732222Z,elea,0.1.1,ef66ed9,add,f5.bin,add_file_total,9.090000000000002,2097152,,Zstd,blake3
2,19,2026-03-11T12:24:58.732258Z,elea,0.1.1,ef66ed9,add,f1.bin,add_file_total,9.12625,2097152,,Zstd,blake3
2,19,2026-03-11T12:24:58.732329Z,elea,0.1.1,ef66ed9,add,,add_total,9.252125,,5,Zstd,blake3
5,24,2026-03-11T12:24:58.820703Z,elea,0.1.1,ef66ed9,hash,f5.bin,hash,2.9341250000000003,5242880,,,blake3
5,24,2026-03-11T12:24:58.820739Z,elea,0.1.1,ef66ed9,hash,f1.bin,hash,2.9590419999999997,5242880,,,blake3
5,24,2026-03-11T12:24:58.820759Z,elea,0.1.1,ef66ed9,hash,f4.bin,hash,2.9975,5242880,,,blake3
5,24,2026-03-11T12:24:58.820678Z,elea,0.1.1,ef66ed9,hash,f2.bin,hash,2.942166,5242880,,,blake3
5,24,2026-03-11T12:24:58.82075Z,elea,0.1.1,ef66ed9,hash,f3.bin,hash,2.985417,5242880,,,blake3
5,24,2026-03-11T12:24:58.836162Z,elea,0.1.1,ef66ed9,add,f2.bin,backend_store,13.562042,5242880,,Zstd,blake3
5,24,2026-03-11T12:24:58.836375Z,elea,0.1.1,ef66ed9,add,f3.bin,backend_store,13.739125,5242880,,Zstd,blake3
5,24,2026-03-11T12:24:58.836406Z,elea,0.1.1,ef66ed9,add,f1.bin,backend_store,13.866166,5242880,,Zstd,blake3
5,24,2026-03-11T12:24:58.836464Z,elea,0.1.1,ef66ed9,add,f2.bin,add_file_total,18.760416,5242880,,Zstd,blake3
5,24,2026-03-11T12:24:58.836785Z,elea,0.1.1,ef66ed9,add,f5.bin,backend_store,14.276499999999999,5242880,,Zstd,blake3
5,24,2026-03-11T12:24:58.83683Z,elea,0.1.1,ef66ed9,add,f4.bin,backend_store,14.264292,5242880,,Zstd,blake3
5,24,2026-03-11T12:24:58.837229Z,elea,0.1.1,ef66ed9,add,f3.bin,add_file_total,19.523084,5242880,,Zstd,blake3
5,24,2026-03-11T12:24:58.837715Z,elea,0.1.1,ef66ed9,add,f1.bin,add_file_total,20.002708000000002,5242880,,Zstd,blake3
5,24,2026-03-11T12:24:58.837928Z,elea,0.1.1,ef66ed9,add,f5.bin,add_file_total,20.220708000000002,5242880,,Zstd,blake3
5,24,2026-03-11T12:24:58.838367Z,elea,0.1.1,ef66ed9,add,f4.bin,add_file_total,20.661790999999997,5242880,,Zstd,blake3
5,24,2026-03-11T12:24:58.838455Z,elea,0.1.1,ef66ed9,add,,add_total,20.806667,,5,Zstd,blake3
1,17,2026-03-11T12:24:58.87463Z,elea,0.1.1,ef66ed9,hash,f5.bin,hash,0.596708,1048576,,,blake3
1,17,2026-03-11T12:24:58.874649Z,elea,0.1.1,ef66ed9,hash,f3.bin,hash,0.5942500000000001,1048576,,,blake3
1,17,2026-03-11T12:24:58.874621Z,elea,0.1.1,ef66ed9,hash,f4.bin,hash,0.597792,1048576,,,blake3
1,17,2026-03-11T12:24:58.87464Z,elea,0.1.1,ef66ed9,hash,f2.bin,hash,0.6015,1048576,,,blake3
1,17,2026-03-11T12:24:58.874612Z,elea,0.1.1,ef66ed9,hash,f1.bin,hash,0.6072500000000001,1048576,,,blake3
1,17,2026-03-11T12:24:58.879063Z,elea,0.1.1,ef66ed9,add,f5.bin,backend_store,2.988042,1048576,,Zstd,blake3
1,17,2026-03-11T12:24:58.879065Z,elea,0.1.1,ef66ed9,add,f4.bin,backend_store,2.9492920000000002,1048576,,Zstd,blake3
1,17,2026-03-11T12:24:58.879069Z,elea,0.1.1,ef66ed9,add,f3.bin,backend_store,2.9839160000000002,1048576,,Zstd,blake3
1,17,2026-03-11T12:24:58.87909Z,elea,0.1.1,ef66ed9,add,f1.bin,backend_store,2.9342499999999996,1048576,,Zstd,blake3
1,17,2026-03-11T12:24:58.879097Z,elea,0.1.1,ef66ed9,add,f2.bin,backend_store,2.967458,1048576,,Zstd,blake3
1,17,2026-03-11T12:24:58.879263Z,elea,0.1.1,ef66ed9,add,f5.bin,add_file_total,5.267167,1048576,,Zstd,blake3
1,17,2026-03-11T12:24:58.879483Z,elea,0.1.1,ef66ed9,add,f3.bin,add_file_total,5.481084,1048576,,Zstd,blake3
1,17,2026-03-11T12:24:58.87952Z,elea,0.1.1,ef66ed9,add,f2.bin,add_file_total,5.5187919999999995,1048576,,Zstd,blake3
1,17,2026-03-11T12:24:58.879555Z,elea,0.1.1,ef66ed9,add,f1.bin,add_file_total,5.587083,1048576,,Zstd,blake3
1,17,2026-03-11T12:24:58.879587Z,elea,0.1.1,ef66ed9,add,f4.bin,add_file_total,5.58925,1048576,,Zstd,blake3
1,17,2026-03-11T12:24:58.87965Z,elea,0.1.1,ef66ed9,add,,add_total,5.715417,,5,Zstd,blake3
1,12,2026-03-11T12:24:58.914428Z,elea,0.1.1,ef66ed9,hash,f4.bin,hash,0.595542,1048576,,,blake3
1,12,2026-03-11T12:24:58.914455Z,elea,0.1.1,ef66ed9,hash,f1.bin,hash,0.606375,1048576,,,blake3
1,12,2026-03-11T12:24:58.914444Z,elea,0.1.1,ef66ed9,hash,f2.bin,hash,0.6033329999999999,1048576,,,blake3
1,12,2026-03-11T12:24:58.914419Z,elea,0.1.1,ef66ed9,hash,f5.bin,hash,0.595459,1048576,,,blake3
1,12,2026-03-11T12:24:58.914412Z,elea,0.1.1,ef66ed9,hash,f3.bin,hash,0.5970409999999999,1048576,,,blake3
1,12,2026-03-11T12:24:58.91888Z,elea,0.1.1,ef66ed9,add,f2.bin,backend_store,3.002792,1048576,,Zstd,blake3
1,12,2026-03-11T12:24:58.918892Z,elea,0.1.1,ef66ed9,add,f4.bin,backend_store,3.062209,1048576,,Zstd,blake3
1,12,2026-03-11T12:24:58.918916Z,elea,0.1.1,ef66ed9,add,f1.bin,backend_store,3.063333,1048576,,Zstd,blake3
1,12,2026-03-11T12:24:58.918941Z,elea,0.1.1,ef66ed9,add,f3.bin,backend_store,3.0106249999999997,1048576,,Zstd,blake3
1,12,2026-03-11T12:24:58.919005Z,elea,0.1.1,ef66ed9,add,f5.bin,backend_store,3.11225,1048576,,Zstd,blake3
1,12,2026-03-11T12:24:58.919056Z,elea,0.1.1,ef66ed9,add,f4.bin,add_file_total,5.265625,1048576,,Zstd,blake3
1,12,2026-03-11T12:24:58.919269Z,elea,0.1.1,ef66ed9,add,f1.bin,add_file_total,5.468958000000001,1048576,,Zstd,blake3
1,12,2026-03-11T12:24:58.9193Z,elea,0.1.1,ef66ed9,add,f2.bin,add_file_total,5.502708,1048576,,Zstd,blake3
1,12,2026-03-11T12:24:58.91933Z,elea,0.1.1,ef66ed9,add,f3.bin,add_file_total,5.5537920000000005,1048576,,Zstd,blake3
1,12,2026-03-11T12:24:58.919359Z,elea,0.1.1,ef66ed9,add,f5.bin,add_file_total,5.569333,1048576,,Zstd,blake3
1,12,2026-03-11T12:24:58.919412Z,elea,0.1.1,ef66ed9,add,,add_total,5.675292,,5,Zstd,blake3
2,18,2026-03-11T12:24:58.971523Z,elea,0.1.1,ef66ed9,hash,f1.bin,hash,1.196041,2097152,,,blake3
2,18,2026-03-11T12:24:58.971477Z,elea,0.1.1,ef66ed9,hash,f4.bin,hash,1.174833,2097152,,,blake3
2,18,2026-03-11T12:24:58.971661Z,elea,0.1.1,ef66ed9,hash,f3.bin,hash,1.3324159999999998,2097152,,,blake3
2,18,2026-03-11T12:24:58.971514Z,elea,0.1.1,ef66ed9,hash,f2.bin,hash,1.197542,2097152,,,blake3
2,18,2026-03-11T12:24:58.971455Z,elea,0.1.1,ef66ed9,hash,f5.bin,hash,1.163833,2097152,,,blake3
2,18,2026-03-11T12:24:58.97835Z,elea,0.1.1,ef66ed9,add,f1.bin,backend_store,5.344291999999999,2097152,,Zstd,blake3
2,18,2026-03-11T12:24:58.978359Z,elea,0.1.1,ef66ed9,add,f4.bin,backend_store,5.343833,2097152,,Zstd,blake3
2,18,2026-03-11T12:24:58.978373Z,elea,0.1.1,ef66ed9,add,f2.bin,backend_store,5.29925,2097152,,Zstd,blake3
2,18,2026-03-11T12:24:58.978444Z,elea,0.1.1,ef66ed9,add,f3.bin,backend_store,5.392125,2097152,,Zstd,blake3
2,18,2026-03-11T12:24:58.978545Z,elea,0.1.1,ef66ed9,add,f1.bin,add_file_total,8.264958,2097152,,Zstd,blake3
2,18,2026-03-11T12:24:58.978555Z,elea,0.1.1,ef66ed9,add,f5.bin,backend_store,5.453291,2097152,,Zstd,blake3
2,18,2026-03-11T12:24:58.97928Z,elea,0.1.1,ef66ed9,add,f3.bin,add_file_total,8.993666000000001,2097152,,Zstd,blake3
2,18,2026-03-11T12:24:58.979314Z,elea,0.1.1,ef66ed9,add,f4.bin,add_file_total,9.038167,2097152,,Zstd,blake3
2,18,2026-03-11T12:24:58.979346Z,elea,0.1.1,ef66ed9,add,f2.bin,add_file_total,9.068833999999999,2097152,,Zstd,blake3
2,18,2026-03-11T12:24:58.979379Z,elea,0.1.1,ef66ed9,add,f5.bin,add_file_total,9.122708,2097152,,Zstd,blake3
2,18,2026-03-11T12:24:58.979424Z,elea,0.1.1,ef66ed9,add,,add_total,9.189291,,5,Zstd,blake3
50,25,2026-03-11T12:24:59.651551Z,elea,0.1.1,ef66ed9,hash,f3.bin,hash,29.113666,52428800,,,blake3
50,25,2026-03-11T12:24:59.651486Z,elea,0.1.1,ef66ed9,hash,f1.bin,hash,28.994709,52428800,,,blake3
50,25,2026-03-11T12:24:59.651469Z,elea,0.1.1,ef66ed9,hash,f5.bin,hash,29.012916999999998,52428800,,,blake3
50,25,2026-03-11T12:24:59.651524Z,elea,0.1.1,ef66ed9,hash,f4.bin,hash,29.01175,52428800,,,blake3
50,25,2026-03-11T12:24:59.651385Z,elea,0.1.1,ef66ed9,hash,f2.bin,hash,28.906792,52428800,,,blake3
50,25,2026-03-11T12:24:59.817869Z,elea,0.1.1,ef66ed9,add,f3.bin,backend_store,164.376542,52428800,,Zstd,blake3
50,25,2026-03-11T12:24:59.81812Z,elea,0.1.1,ef66ed9,add,f3.bin,add_file_total,195.71725,52428800,,Zstd,blake3
50,25,2026-03-11T12:24:59.820677Z,elea,0.1.1,ef66ed9,add,f4.bin,backend_store,167.106875,52428800,,Zstd,blake3
50,25,2026-03-11T12:24:59.820874Z,elea,0.1.1,ef66ed9,add,f4.bin,add_file_total,198.44466699999998,52428800,,Zstd,blake3
50,25,2026-03-11T12:24:59.821206Z,elea,0.1.1,ef66ed9,add,f5.bin,backend_store,167.67016700000002,52428800,,Zstd,blake3
50,25,2026-03-11T12:24:59.821355Z,elea,0.1.1,ef66ed9,add,f5.bin,add_file_total,198.93112499999998,52428800,,Zstd,blake3
50,25,2026-03-11T12:24:59.821657Z,elea,0.1.1,ef66ed9,add,f2.bin,backend_store,167.976459,52428800,,Zstd,blake3
50,25,2026-03-11T12:24:59.821784Z,elea,0.1.1,ef66ed9,add,f2.bin,add_file_total,199.358042,52428800,,Zstd,blake3
50,25,2026-03-11T12:24:59.821876Z,elea,0.1.1,ef66ed9,add,f1.bin,backend_store,168.364083,52428800,,Zstd,blake3
50,25,2026-03-11T12:24:59.821991Z,elea,0.1.1,ef66ed9,add,f1.bin,add_file_total,199.563208,52428800,,Zstd,blake3
50,25,2026-03-11T12:24:59.822056Z,elea,0.1.1,ef66ed9,add,,add_total,199.692542,,5,Zstd,blake3
2,14,2026-03-11T12:24:59.876959Z,elea,0.1.1,ef66ed9,hash,f3.bin,hash,1.208625,2097152,,,blake3
2,14,2026-03-11T12:24:59.876939Z,elea,0.1.1,ef66ed9,hash,f4.bin,hash,1.175792,2097152,,,blake3
2,14,2026-03-11T12:24:59.876926Z,elea,0.1.1,ef66ed9,hash,f2.bin,hash,1.177667,2097152,,,blake3
2,14,2026-03-11T12:24:59.876914Z,elea,0.1.1,ef66ed9,hash,f1.bin,hash,1.188542,2097152,,,blake3
2,14,2026-03-11T12:24:59.876899Z,elea,0.1.1,ef66ed9,hash,f5.bin,hash,1.167208,2097152,,,blake3
2,14,2026-03-11T12:24:59.883764Z,elea,0.1.1,ef66ed9,add,f3.bin,backend_store,5.492083,2097152,,Zstd,blake3
2,14,2026-03-11T12:24:59.883772Z,elea,0.1.1,ef66ed9,add,f2.bin,backend_store,5.451583,2097152,,Zstd,blake3
2,14,2026-03-11T12:24:59.883845Z,elea,0.1.1,ef66ed9,add,f5.bin,backend_store,5.498292,2097152,,Zstd,blake3
2,14,2026-03-11T12:24:59.883881Z,elea,0.1.1,ef66ed9,add,f1.bin,backend_store,5.5461670000000005,2097152,,Zstd,blake3
2,14,2026-03-11T12:24:59.8839Z,elea,0.1.1,ef66ed9,add,f4.bin,backend_store,5.612459,2097152,,Zstd,blake3
2,14,2026-03-11T12:24:59.883996Z,elea,0.1.1,ef66ed9,add,f3.bin,add_file_total,8.302083,2097152,,Zstd,blake3
2,14,2026-03-11T12:24:59.884566Z,elea,0.1.1,ef66ed9,add,f2.bin,add_file_total,8.877084,2097152,,Zstd,blake3
2,14,2026-03-11T12:24:59.884655Z,elea,0.1.1,ef66ed9,add,f5.bin,add_file_total,8.971833,2097152,,Zstd,blake3
2,14,2026-03-11T12:24:59.88469Z,elea,0.1.1,ef66ed9,add,f1.bin,add_file_total,9.00775,2097152,,Zstd,blake3
2,14,2026-03-11T12:24:59.88472Z,elea,0.1.1,ef66ed9,add,f4.bin,add_file_total,9.025083,2097152,,Zstd,blake3
2,14,2026-03-11T12:24:59.884772Z,elea,0.1.1,ef66ed9,add,,add_total,9.1355,,5,Zstd,blake3
1,13,2026-03-11T12:24:59.921085Z,elea,0.1.1,ef66ed9,hash,f5.bin,hash,0.6212089999999999,1048576,,,blake3
1,13,2026-03-11T12:24:59.921056Z,elea,0.1.1,ef66ed9,hash,f3.bin,hash,0.624625,1048576,,,blake3
1,13,2026-03-11T12:24:59.921093Z,elea,0.1.1,ef66ed9,hash,f1.bin,hash,0.631375,1048576,,,blake3
1,13,2026-03-11T12:24:59.921079Z,elea,0.1.1,ef66ed9,hash,f4.bin,hash,0.620417,1048576,,,blake3
1,13,2026-03-11T12:24:59.921045Z,elea,0.1.1,ef66ed9,hash,f2.bin,hash,0.608125,1048576,,,blake3
1,13,2026-03-11T12:24:59.925859Z,elea,0.1.1,ef66ed9,add,f1.bin,backend_store,3.243709,1048576,,Zstd,blake3
1,13,2026-03-11T12:24:59.925972Z,elea,0.1.1,ef66ed9,add,f4.bin,backend_store,3.32725,1048576,,Zstd,blake3
1,13,2026-03-11T12:24:59.926005Z,elea,0.1.1,ef66ed9,add,f2.bin,backend_store,3.268917,1048576,,Zstd,blake3
1,13,2026-03-11T12:24:59.926016Z,elea,0.1.1,ef66ed9,add,f1.bin,add_file_total,5.612417,1048576,,Zstd,blake3
1,13,2026-03-11T12:24:59.926023Z,elea,0.1.1,ef66ed9,add,f3.bin,backend_store,3.419583,1048576,,Zstd,blake3
1,13,2026-03-11T12:24:59.926046Z,elea,0.1.1,ef66ed9,add,f5.bin,backend_store,3.4650839999999996,1048576,,Zstd,blake3
1,13,2026-03-11T12:24:59.926307Z,elea,0.1.1,ef66ed9,add,f4.bin,add_file_total,5.912208000000001,1048576,,Zstd,blake3
1,13,2026-03-11T12:24:59.92634Z,elea,0.1.1,ef66ed9,add,f2.bin,add_file_total,5.92875,1048576,,Zstd,blake3
1,13,2026-03-11T12:24:59.92637Z,elea,0.1.1,ef66ed9,add,f3.bin,add_file_total,5.992125,1048576,,Zstd,blake3
1,13,2026-03-11T12:24:59.926398Z,elea,0.1.1,ef66ed9,add,f5.bin,add_file_total,6.010959,1048576,,Zstd,blake3
1,13,2026-03-11T12:24:59.926457Z,elea,0.1.1,ef66ed9,add,,add_total,6.114416,,5,Zstd,blake3
50,20,2026-03-11T12:25:00.593444Z,elea,0.1.1,ef66ed9,hash,f5.bin,hash,28.793375,52428800,,,blake3
50,20,2026-03-11T12:25:00.593903Z,elea,0.1.1,ef66ed9,hash,f2.bin,hash,29.217917,52428800,,,blake3
50,20,2026-03-11T12:25:00.59403Z,elea,0.1.1,ef66ed9,hash,f1.bin,hash,29.378125,52428800,,,blake3
50,20,2026-03-11T12:25:00.593682Z,elea,0.1.1,ef66ed9,hash,f4.bin,hash,29.043667,52428800,,,blake3
50,20,2026-03-11T12:25:00.593792Z,elea,0.1.1,ef66ed9,hash,f3.bin,hash,29.168291,52428800,,,blake3
50,20,2026-03-11T12:25:00.733047Z,elea,0.1.1,ef66ed9,add,f2.bin,backend_store,137.588709,52428800,,Zstd,blake3
50,20,2026-03-11T12:25:00.733279Z,elea,0.1.1,ef66ed9,add,f2.bin,add_file_total,168.61337500000002,52428800,,Zstd,blake3
50,20,2026-03-11T12:25:00.735162Z,elea,0.1.1,ef66ed9,add,f3.bin,backend_store,139.6265,52428800,,Zstd,blake3
50,20,2026-03-11T12:25:00.735836Z,elea,0.1.1,ef66ed9,add,f3.bin,add_file_total,171.252875,52428800,,Zstd,blake3
50,20,2026-03-11T12:25:00.746879Z,elea,0.1.1,ef66ed9,add,f5.bin,backend_store,151.444875,52428800,,Zstd,blake3
50,20,2026-03-11T12:25:00.748129Z,elea,0.1.1,ef66ed9,add,f5.bin,add_file_total,183.523292,52428800,,Zstd,blake3
50,20,2026-03-11T12:25:00.74895Z,elea,0.1.1,ef66ed9,add,f1.bin,backend_store,153.45183300000002,52428800,,Zstd,blake3
50,20,2026-03-11T12:25:00.749108Z,elea,0.1.1,ef66ed9,add,f1.bin,add_file_total,184.499916,52428800,,Zstd,blake3
50,20,2026-03-11T12:25:00.750362Z,elea,0.1.1,ef66ed9,add,f4.bin,backend_store,154.85612500000002,52428800,,Zstd,blake3
50,20,2026-03-11T12:25:00.750486Z,elea,0.1.1,ef66ed9,add,f4.bin,add_file_total,185.882375,52428800,,Zstd,blake3
50,20,2026-03-11T12:25:00.750568Z,elea,0.1.1,ef66ed9,add,,add_total,186.010041,,5,Zstd,blake3
2,21,2026-03-11T12:25:00.806766Z,elea,0.1.1,ef66ed9,hash,f4.bin,hash,1.183,2097152,,,blake3
2,21,2026-03-11T12:25:00.806743Z,elea,0.1.1,ef66ed9,hash,f3.bin,hash,1.1925830000000002,2097152,,,blake3
2,21,2026-03-11T12:25:00.806782Z,elea,0.1.1,ef66ed9,hash,f2.bin,hash,1.1845,2097152,,,blake3
2,21,2026-03-11T12:25:00.806773Z,elea,0.1.1,ef66ed9,hash,f1.bin,hash,1.2042920000000001,2097152,,,blake3
2,21,2026-03-11T12:25:00.806837Z,elea,0.1.1,ef66ed9,hash,f5.bin,hash,1.2176660000000001,2097152,,,blake3
2,21,2026-03-11T12:25:00.814749Z,elea,0.1.1,ef66ed9,add,f4.bin,backend_store,6.315875,2097152,,Zstd,blake3
2,21,2026-03-11T12:25:00.814802Z,elea,0.1.1,ef66ed9,add,f2.bin,backend_store,6.328042,2097152,,Zstd,blake3
2,21,2026-03-11T12:25:00.81504Z,elea,0.1.1,ef66ed9,add,f5.bin,backend_store,6.501917000000001,2097152,,Zstd,blake3
2,21,2026-03-11T12:25:00.81506Z,elea,0.1.1,ef66ed9,add,f4.bin,add_file_total,9.540750000000001,2097152,,Zstd,blake3
2,21,2026-03-11T12:25:00.81509Z,elea,0.1.1,ef66ed9,add,f1.bin,backend_store,6.588958,2097152,,Zstd,blake3
2,21,2026-03-11T12:25:00.815433Z,elea,0.1.1,ef66ed9,add,f2.bin,add_file_total,9.908375000000001,2097152,,Zstd,blake3
2,21,2026-03-11T12:25:00.815487Z,elea,0.1.1,ef66ed9,add,f5.bin,add_file_total,9.958791999999999,2097152,,Zstd,blake3
2,21,2026-03-11T12:25:00.81552Z,elea,0.1.1,ef66ed9,add,f1.bin,add_file_total,10.002125000000001,2097152,,Zstd,blake3
2,21,2026-03-11T12:25:00.816549Z,elea,0.1.1,ef66ed9,add,f3.bin,backend_store,8.098292,2097152,,Zstd,blake3
2,21,2026-03-11T12:25:00.816668Z,elea,0.1.1,ef66ed9,add,f3.bin,add_file_total,11.157250000000001,2097152,,Zstd,blake3
2,21,2026-03-11T12:25:00.816729Z,elea,0.1.1,ef66ed9,add,,add_total,11.261209,,5,Zstd,blake3
2,6,2026-03-11T12:25:00.865573Z,elea,0.1.1,ef66ed9,hash,f2.bin,hash,1.194583,2097152,,,blake3
2,6,2026-03-11T12:25:00.865583Z,elea,0.1.1,ef66ed9,hash,f5.bin,hash,1.179291,2097152,,,blake3
2,6,2026-03-11T12:25:00.865549Z,elea,0.1.1,ef66ed9,hash,f1.bin,hash,1.201208,2097152,,,blake3
2,6,2026-03-11T12:25:00.865593Z,elea,0.1.1,ef66ed9,hash,f4.bin,hash,1.197208,2097152,,,blake3
2,6,2026-03-11T12:25:00.865559Z,elea,0.1.1,ef66ed9,hash,f3.bin,hash,1.1961249999999999,2097152,,,blake3
2,6,2026-03-11T12:25:00.871824Z,elea,0.1.1,ef66ed9,add,f2.bin,backend_store,4.791959,2097152,,Zstd,blake3
2,6,2026-03-11T12:25:00.871846Z,elea,0.1.1,ef66ed9,add,f3.bin,backend_store,4.748833,2097152,,Zstd,blake3
2,6,2026-03-11T12:25:00.871866Z,elea,0.1.1,ef66ed9,add,f5.bin,backend_store,4.835375,2097152,,Zstd,blake3
2,6,2026-03-11T12:25:00.871879Z,elea,0.1.1,ef66ed9,add,f4.bin,backend_store,4.8002080000000005,2097152,,Zstd,blake3
2,6,2026-03-11T12:25:00.871946Z,elea,0.1.1,ef66ed9,add,f1.bin,backend_store,4.888291000000001,2097152,,Zstd,blake3
2,6,2026-03-11T12:25:00.872005Z,elea,0.1.1,ef66ed9,add,f2.bin,add_file_total,7.682458,2097152,,Zstd,blake3
2,6,2026-03-11T12:25:00.872699Z,elea,0.1.1,ef66ed9,add,f3.bin,add_file_total,8.375874999999999,2097152,,Zstd,blake3
2,6,2026-03-11T12:25:00.872742Z,elea,0.1.1,ef66ed9,add,f5.bin,add_file_total,8.41125,2097152,,Zstd,blake3
2,6,2026-03-11T12:25:00.872779Z,elea,0.1.1,ef66ed9,add,f4.bin,add_file_total,8.451458,2097152,,Zstd,blake3
2,6,2026-03-11T12:25:00.87281Z,elea,0.1.1,ef66ed9,add,f1.bin,add_file_total,8.500791000000001,2097152,,Zstd,blake3
2,6,2026-03-11T12:25:00.872863Z,elea,0.1.1,ef66ed9,add,,add_total,8.591208,,5,Zstd,blake3
1,22,2026-03-11T12:25:00.908293Z,elea,0.1.1,ef66ed9,hash,f1.bin,hash,0.603291,1048576,,,blake3
1,22,2026-03-11T12:25:00.908264Z,elea,0.1.1,ef66ed9,hash,f3.bin,hash,0.597792,1048576,,,blake3
1,22,2026-03-11T12:25:00.908274Z,elea,0.1.1,ef66ed9,hash,f4.bin,hash,0.595375,1048576,,,blake3
1,22,2026-03-11T12:25:00.908281Z,elea,0.1.1,ef66ed9,hash,f5.bin,hash,0.593584,1048576,,,blake3
1,22,2026-03-11T12:25:00.908258Z,elea,0.1.1,ef66ed9,hash,f2.bin,hash,0.60075,1048576,,,blake3
1,22,2026-03-11T12:25:00.911994Z,elea,0.1.1,ef66ed9,add,f3.bin,backend_store,2.31,1048576,,Zstd,blake3
1,22,2026-03-11T12:25:00.912123Z,elea,0.1.1,ef66ed9,add,f3.bin,add_file_total,4.485666,1048576,,Zstd,blake3
1,22,2026-03-11T12:25:00.912147Z,elea,0.1.1,ef66ed9,add,f5.bin,backend_store,2.412625,1048576,,Zstd,blake3
1,22,2026-03-11T12:25:00.912168Z,elea,0.1.1,ef66ed9,add,f4.bin,backend_store,2.464708,1048576,,Zstd,blake3
1,22,2026-03-11T12:25:00.912222Z,elea,0.1.1,ef66ed9,add,f1.bin,backend_store,2.565708,1048576,,Zstd,blake3
1,22,2026-03-11T12:25:00.912269Z,elea,0.1.1,ef66ed9,add,f2.bin,backend_store,2.526875,1048576,,Zstd,blake3
1,22,2026-03-11T12:25:00.912378Z,elea,0.1.1,ef66ed9,add,f5.bin,add_file_total,4.7383750000000004,1048576,,Zstd,blake3
1,22,2026-03-11T12:25:00.912493Z,elea,0.1.1,ef66ed9,add,f4.bin,add_file_total,4.854875,1048576,,Zstd,blake3
1,22,2026-03-11T12:25:00.912523Z,elea,0.1.1,ef66ed9,add,f1.bin,add_file_total,4.882334,1048576,,Zstd,blake3
1,22,2026-03-11T12:25:00.912551Z,elea,0.1.1,ef66ed9,add,f2.bin,add_file_total,4.933084,1048576,,Zstd,blake3
1,22,2026-03-11T12:25:00.912601Z,elea,0.1.1,ef66ed9,add,,add_total,5.013666,,5,Zstd,blake3
50,2,2026-03-11T12:25:01.596443Z,elea,0.1.1,ef66ed9,hash,f5.bin,hash,29.604708,52428800,,,blake3
50,2,2026-03-11T12:25:01.596506Z,elea,0.1.1,ef66ed9,hash,f2.bin,hash,29.627834,52428800,,,blake3
50,2,2026-03-11T12:25:01.596521Z,elea,0.1.1,ef66ed9,hash,f1.bin,hash,29.666666000000003,52428800,,,blake3
50,2,2026-03-11T12:25:01.596078Z,elea,0.1.1,ef66ed9,hash,f4.bin,hash,29.253417,52428800,,,blake3
50,2,2026-03-11T12:25:01.596045Z,elea,0.1.1,ef66ed9,hash,f3.bin,hash,29.150042000000003,52428800,,,blake3
50,2,2026-03-11T12:25:01.746208Z,elea,0.1.1,ef66ed9,add,f5.bin,backend_store,148.43200000000002,52428800,,Zstd,blake3
50,2,2026-03-11T12:25:01.74651Z,elea,0.1.1,ef66ed9,add,f5.bin,add_file_total,179.71275,52428800,,Zstd,blake3
50,2,2026-03-11T12:25:01.747286Z,elea,0.1.1,ef66ed9,add,f2.bin,backend_store,149.485292,52428800,,Zstd,blake3
50,2,2026-03-11T12:25:01.747583Z,elea,0.1.1,ef66ed9,add,f2.bin,add_file_total,180.7765,52428800,,Zstd,blake3
50,2,2026-03-11T12:25:01.748652Z,elea,0.1.1,ef66ed9,add,f3.bin,backend_store,150.704375,52428800,,Zstd,blake3
50,2,2026-03-11T12:25:01.748841Z,elea,0.1.1,ef66ed9,add,f3.bin,add_file_total,182.033667,52428800,,Zstd,blake3
50,2,2026-03-11T12:25:01.750895Z,elea,0.1.1,ef66ed9,add,f1.bin,backend_store,153.030292,52428800,,Zstd,blake3
50,2,2026-03-11T12:25:01.750924Z,elea,0.1.1,ef66ed9,add,f4.bin,backend_store,152.985792,52428800,,Zstd,blake3
50,2,2026-03-11T12:25:01.751049Z,elea,0.1.1,ef66ed9,add,f1.bin,add_file_total,184.24116700000002,52428800,,Zstd,blake3
50,2,2026-03-11T12:25:01.751258Z,elea,0.1.1,ef66ed9,add,f4.bin,add_file_total,184.470833,52428800,,Zstd,blake3
50,2,2026-03-11T12:25:01.751334Z,elea,0.1.1,ef66ed9,add,,add_total,184.59170799999998,,5,Zstd,blake3
10,17,2026-03-11T12:25:01.912845Z,elea,0.1.1,ef66ed9,hash,f2.bin,hash,5.874375000000001,10485760,,,blake3
10,17,2026-03-11T12:25:01.912863Z,elea,0.1.1,ef66ed9,hash,f5.bin,hash,5.850208,10485760,,,blake3
10,17,2026-03-11T12:25:01.912808Z,elea,0.1.1,ef66ed9,hash,f1.bin,hash,5.788333,10485760,,,blake3
10,17,2026-03-11T12:25:01.912818Z,elea,0.1.1,ef66ed9,hash,f3.bin,hash,5.86475,10485760,,,blake3
10,17,2026-03-11T12:25:01.912773Z,elea,0.1.1,ef66ed9,hash,f4.bin,hash,5.796291,10485760,,,blake3
10,17,2026-03-11T12:25:01.939303Z,elea,0.1.1,ef66ed9,add,f5.bin,backend_store,24.907167,10485760,,Zstd,blake3
10,17,2026-03-11T12:25:01.939563Z,elea,0.1.1,ef66ed9,add,f5.bin,add_file_total,32.615958,10485760,,Zstd,blake3
10,17,2026-03-11T12:25:01.94064Z,elea,0.1.1,ef66ed9,add,f3.bin,backend_store,26.182666,10485760,,Zstd,blake3
10,17,2026-03-11T12:25:01.94078Z,elea,0.1.1,ef66ed9,add,f3.bin,add_file_total,33.866375,10485760,,Zstd,blake3
10,17,2026-03-11T12:25:01.942471Z,elea,0.1.1,ef66ed9,add,f4.bin,backend_store,27.927833,10485760,,Zstd,blake3
10,17,2026-03-11T12:25:01.942575Z,elea,0.1.1,ef66ed9,add,f2.bin,backend_store,28.202749999999998,10485760,,Zstd,blake3
10,17,2026-03-11T12:25:01.942623Z,elea,0.1.1,ef66ed9,add,f4.bin,add_file_total,35.6765,10485760,,Zstd,blake3
10,17,2026-03-11T12:25:01.942815Z,elea,0.1.1,ef66ed9,add,f2.bin,add_file_total,35.923249999999996,10485760,,Zstd,blake3
10,17,2026-03-11T12:25:01.944167Z,elea,0.1.1,ef66ed9,add,f1.bin,backend_store,29.748917,10485760,,Zstd,blake3
10,17,2026-03-11T12:25:01.944272Z,elea,0.1.1,ef66ed9,add,f1.bin,add_file_total,37.359249999999996,10485760,,Zstd,blake3
10,17,2026-03-11T12:25:01.944343Z,elea,0.1.1,ef66ed9,add,,add_total,37.480125,,5,Zstd,blake3
1,14,2026-03-11T12:25:01.984262Z,elea,0.1.1,ef66ed9,hash,f2.bin,hash,0.6155,1048576,,,blake3
1,14,2026-03-11T12:25:01.984301Z,elea,0.1.1,ef66ed9,hash,f1.bin,hash,0.625291,1048576,,,blake3
1,14,2026-03-11T12:25:01.984226Z,elea,0.1.1,ef66ed9,hash,f5.bin,hash,0.615083,1048576,,,blake3
1,14,2026-03-11T12:25:01.984245Z,elea,0.1.1,ef66ed9,hash,f4.bin,hash,0.618167,1048576,,,blake3
1,14,2026-03-11T12:25:01.984251Z,elea,0.1.1,ef66ed9,hash,f3.bin,hash,0.6090829999999999,1048576,,,blake3
1,14,2026-03-11T12:25:01.988835Z,elea,0.1.1,ef66ed9,add,f1.bin,backend_store,3.0551250000000003,1048576,,Zstd,blake3
1,14,2026-03-11T12:25:01.988851Z,elea,0.1.1,ef66ed9,add,f5.bin,backend_store,2.988791,1048576,,Zstd,blake3
1,14,2026-03-11T12:25:01.988861Z,elea,0.1.1,ef66ed9,add,f2.bin,backend_store,3.09275,1048576,,Zstd,blake3
1,14,2026-03-11T12:25:01.988882Z,elea,0.1.1,ef66ed9,add,f3.bin,backend_store,3.024542,1048576,,Zstd,blake3
1,14,2026-03-11T12:25:01.988918Z,elea,0.1.1,ef66ed9,add,f4.bin,backend_store,3.056458,1048576,,Zstd,blake3
1,14,2026-03-11T12:25:01.989031Z,elea,0.1.1,ef66ed9,add,f5.bin,add_file_total,5.454167,1048576,,Zstd,blake3
1,14,2026-03-11T12:25:01.98922Z,elea,0.1.1,ef66ed9,add,f2.bin,add_file_total,5.628584,1048576,,Zstd,blake3
1,14,2026-03-11T12:25:01.989296Z,elea,0.1.1,ef66ed9,add,f1.bin,add_file_total,5.6795,1048576,,Zstd,blake3
1,14,2026-03-11T12:25:01.989345Z,elea,0.1.1,ef66ed9,add,f3.bin,add_file_total,5.755541,1048576,,Zstd,blake3
1,14,2026-03-11T12:25:01.989391Z,elea,0.1.1,ef66ed9,add,f4.bin,add_file_total,5.809792,1048576,,Zstd,blake3
1,14,2026-03-11T12:25:01.989448Z,elea,0.1.1,ef66ed9,add,,add_total,5.9112089999999995,,5,Zstd,blake3
10,12,2026-03-11T12:25:02.152855Z,elea,0.1.1,ef66ed9,hash,f2.bin,hash,5.896583000000001,10485760,,,blake3
10,12,2026-03-11T12:25:02.152896Z,elea,0.1.1,ef66ed9,hash,f4.bin,hash,5.908541,10485760,,,blake3
10,12,2026-03-11T12:25:02.152936Z,elea,0.1.1,ef66ed9,hash,f5.bin,hash,5.931584,10485760,,,blake3
10,12,2026-03-11T12:25:02.152918Z,elea,0.1.1,ef66ed9,hash,f1.bin,hash,5.9186250000000005,10485760,,,blake3
10,12,2026-03-11T12:25:02.152843Z,elea,0.1.1,ef66ed9,hash,f3.bin,hash,5.882625,10485760,,,blake3
10,12,2026-03-11T12:25:02.190972Z,elea,0.1.1,ef66ed9,add,f3.bin,backend_store,35.948750000000004,10485760,,Zstd,blake3
10,12,2026-03-11T12:25:02.191011Z,elea,0.1.1,ef66ed9,add,f2.bin,backend_store,36.127542,10485760,,Zstd,blake3
10,12,2026-03-11T12:25:02.191214Z,elea,0.1.1,ef66ed9,add,f3.bin,add_file_total,44.327084,10485760,,Zstd,blake3
10,12,2026-03-11T12:25:02.191872Z,elea,0.1.1,ef66ed9,add,f2.bin,add_file_total,44.992625000000004,10485760,,Zstd,blake3
10,12,2026-03-11T12:25:02.194584Z,elea,0.1.1,ef66ed9,add,f4.bin,backend_store,39.670249999999996,10485760,,Zstd,blake3
10,12,2026-03-11T12:25:02.197373Z,elea,0.1.1,ef66ed9,add,f4.bin,add_file_total,50.477583,10485760,,Zstd,blake3
10,12,2026-03-11T12:25:02.197411Z,elea,0.1.1,ef66ed9,add,f5.bin,backend_store,42.489209,10485760,,Zstd,blake3
10,12,2026-03-11T12:25:02.197537Z,elea,0.1.1,ef66ed9,add,f5.bin,add_file_total,50.644,10485760,,Zstd,blake3
10,12,2026-03-11T12:25:02.199155Z,elea,0.1.1,ef66ed9,add,f1.bin,backend_store,44.202292,10485760,,Zstd,blake3
10,12,2026-03-11T12:25:02.19927Z,elea,0.1.1,ef66ed9,add,f1.bin,add_file_total,52.376042,10485760,,Zstd,blake3
10,12,2026-03-11T12:25:02.199324Z,elea,0.1.1,ef66ed9,add,,add_total,52.497,,5,Zstd,blake3
10,24,2026-03-11T12:25:02.368164Z,elea,0.1.1,ef66ed9,hash,f4.bin,hash,6.027208,10485760,,,blake3
10,24,2026-03-11T12:25:02.368424Z,elea,0.1.1,ef66ed9,hash,f3.bin,hash,6.228625,10485760,,,blake3
10,24,2026-03-11T12:25:02.368415Z,elea,0.1.1,ef66ed9,hash,f5.bin,hash,6.230042,10485760,,,blake3
10,24,2026-03-11T12:25:02.368397Z,elea,0.1.1,ef66ed9,hash,f2.bin,hash,6.212041,10485760,,,blake3
10,24,2026-03-11T12:25:02.368196Z,elea,0.1.1,ef66ed9,hash,f1.bin,hash,5.99175,10485760,,,blake3
10,24,2026-03-11T12:25:02.416338Z,elea,0.1.1,ef66ed9,add,f3.bin,backend_store,46.314583,10485760,,Zstd,blake3
10,24,2026-03-11T12:25:02.416549Z,elea,0.1.1,ef66ed9,add,f3.bin,add_file_total,54.422208,10485760,,Zstd,blake3
10,24,2026-03-11T12:25:02.416558Z,elea,0.1.1,ef66ed9,add,f5.bin,backend_store,46.514374999999994,10485760,,Zstd,blake3
10,24,2026-03-11T12:25:02.416699Z,elea,0.1.1,ef66ed9,add,f5.bin,add_file_total,54.571833,10485760,,Zstd,blake3
10,24,2026-03-11T12:25:02.416956Z,elea,0.1.1,ef66ed9,add,f1.bin,backend_store,46.796709,10485760,,Zstd,blake3
10,24,2026-03-11T12:25:02.417093Z,elea,0.1.1,ef66ed9,add,f1.bin,add_file_total,54.966750000000005,10485760,,Zstd,blake3
10,24,2026-03-11T12:25:02.417743Z,elea,0.1.1,ef66ed9,add,f4.bin,backend_store,47.740875,10485760,,Zstd,blake3
10,24,2026-03-11T12:25:02.417786Z,elea,0.1.1,ef66ed9,add,f2.bin,backend_store,47.712208,10485760,,Zstd,blake3
10,24,2026-03-11T12:25:02.417856Z,elea,0.1.1,ef66ed9,add,f4.bin,add_file_total,55.759667,10485760,,Zstd,blake3
10,24,2026-03-11T12:25:02.41809Z,elea,0.1.1,ef66ed9,add,f2.bin,add_file_total,55.961042,10485760,,Zstd,blake3
10,24,2026-03-11T12:25:02.418185Z,elea,0.1.1,ef66ed9,add,,add_total,56.112458,,5,Zstd,blake3
1,7,2026-03-11T12:25:02.458069Z,elea,0.1.1,ef66ed9,hash,f5.bin,hash,0.678208,1048576,,,blake3
1,7,2026-03-11T12:25:02.458058Z,elea,0.1.1,ef66ed9,hash,f1.bin,hash,0.703666,1048576,,,blake3
1,7,2026-03-11T12:25:02.458043Z,elea,0.1.1,ef66ed9,hash,f4.bin,hash,0.6503340000000001,1048576,,,blake3
1,7,2026-03-11T12:25:02.458033Z,elea,0.1.1,ef66ed9,hash,f2.bin,hash,0.651542,1048576,,,blake3
1,7,2026-03-11T12:25:02.458024Z,elea,0.1.1,ef66ed9,hash,f3.bin,hash,0.6572079999999999,1048576,,,blake3
1,7,2026-03-11T12:25:02.462921Z,elea,0.1.1,ef66ed9,add,f5.bin,backend_store,3.50875,1048576,,Zstd,blake3
1,7,2026-03-11T12:25:02.462919Z,elea,0.1.1,ef66ed9,add,f4.bin,backend_store,3.453208,1048576,,Zstd,blake3
1,7,2026-03-11T12:25:02.462935Z,elea,0.1.1,ef66ed9,add,f1.bin,backend_store,3.508916,1048576,,Zstd,blake3
1,7,2026-03-11T12:25:02.462947Z,elea,0.1.1,ef66ed9,add,f3.bin,backend_store,3.447791,1048576,,Zstd,blake3
1,7,2026-03-11T12:25:02.462982Z,elea,0.1.1,ef66ed9,add,f2.bin,backend_store,3.4984170000000003,1048576,,Zstd,blake3
1,7,2026-03-11T12:25:02.463202Z,elea,0.1.1,ef66ed9,add,f4.bin,add_file_total,5.860708,1048576,,Zstd,blake3
1,7,2026-03-11T12:25:02.4633Z,elea,0.1.1,ef66ed9,add,f5.bin,add_file_total,5.946333,1048576,,Zstd,blake3
1,7,2026-03-11T12:25:02.463333Z,elea,0.1.1,ef66ed9,add,f2.bin,add_file_total,5.986541,1048576,,Zstd,blake3
1,7,2026-03-11T12:25:02.46336Z,elea,0.1.1,ef66ed9,add,f3.bin,add_file_total,6.008,1048576,,Zstd,blake3
1,7,2026-03-11T12:25:02.463387Z,elea,0.1.1,ef66ed9,add,f1.bin,add_file_total,6.066166,1048576,,Zstd,blake3
1,7,2026-03-11T12:25:02.463445Z,elea,0.1.1,ef66ed9,add,,add_total,6.147166,,5,Zstd,blake3
2,7,2026-03-11T12:25:02.511407Z,elea,0.1.1,ef66ed9,hash,f4.bin,hash,1.173833,2097152,,,blake3
2,7,2026-03-11T12:25:02.511449Z,elea,0.1.1,ef66ed9,hash,f1.bin,hash,1.223916,2097152,,,blake3
2,7,2026-03-11T12:25:02.511433Z,elea,0.1.1,ef66ed9,hash,f2.bin,hash,1.217708,2097152,,,blake3
2,7,2026-03-11T12:25:02.511421Z,elea,0.1.1,ef66ed9,hash,f3.bin,hash,1.1799169999999999,2097152,,,blake3
2,7,2026-03-11T12:25:02.511384Z,elea,0.1.1,ef66ed9,hash,f5.bin,hash,1.177792,2097152,,,blake3
2,7,2026-03-11T12:25:02.518286Z,elea,0.1.1,ef66ed9,add,f4.bin,backend_store,5.416083,2097152,,Zstd,blake3
2,7,2026-03-11T12:25:02.518387Z,elea,0.1.1,ef66ed9,add,f3.bin,backend_store,5.43275,2097152,,Zstd,blake3
2,7,2026-03-11T12:25:02.518396Z,elea,0.1.1,ef66ed9,add,f1.bin,backend_store,5.511584,2097152,,Zstd,blake3
2,7,2026-03-11T12:25:02.518563Z,elea,0.1.1,ef66ed9,add,f4.bin,add_file_total,8.374082999999999,2097152,,Zstd,blake3
2,7,2026-03-11T12:25:02.518579Z,elea,0.1.1,ef66ed9,add,f5.bin,backend_store,5.605208,2097152,,Zstd,blake3
2,7,2026-03-11T12:25:02.518721Z,elea,0.1.1,ef66ed9,add,f2.bin,backend_store,5.78275,2097152,,Zstd,blake3
2,7,2026-03-11T12:25:02.519065Z,elea,0.1.1,ef66ed9,add,f1.bin,add_file_total,8.886708,2097152,,Zstd,blake3
2,7,2026-03-11T12:25:02.519168Z,elea,0.1.1,ef66ed9,add,f3.bin,add_file_total,8.987584,2097152,,Zstd,blake3
2,7,2026-03-11T12:25:02.519201Z,elea,0.1.1,ef66ed9,add,f5.bin,add_file_total,9.036083,2097152,,Zstd,blake3
2,7,2026-03-11T12:25:02.519239Z,elea,0.1.1,ef66ed9,add,f2.bin,add_file_total,9.065708,2097152,,Zstd,blake3
2,7,2026-03-11T12:25:02.519301Z,elea,0.1.1,ef66ed9,add,,add_total,9.174916999999999,,5,Zstd,blake3
2,24,2026-03-11T12:25:02.567529Z,elea,0.1.1,ef66ed9,hash,f3.bin,hash,1.211666,2097152,,,blake3
2,24,2026-03-11T12:25:02.567521Z,elea,0.1.1,ef66ed9,hash,f5.bin,hash,1.203375,2097152,,,blake3
2,24,2026-03-11T12:25:02.567511Z,elea,0.1.1,ef66ed9,hash,f2.bin,hash,1.2068750000000001,2097152,,,blake3
2,24,2026-03-11T12:25:02.567538Z,elea,0.1.1,ef66ed9,hash,f4.bin,hash,1.2063329999999999,2097152,,,blake3
2,24,2026-03-11T12:25:02.567501Z,elea,0.1.1,ef66ed9,hash,f1.bin,hash,1.2174589999999998,2097152,,,blake3
2,24,2026-03-11T12:25:02.574728Z,elea,0.1.1,ef66ed9,add,f4.bin,backend_store,5.596583,2097152,,Zstd,blake3
2,24,2026-03-11T12:25:02.57474Z,elea,0.1.1,ef66ed9,add,f3.bin,backend_store,5.676457999999999,2097152,,Zstd,blake3
2,24,2026-03-11T12:25:02.574759Z,elea,0.1.1,ef66ed9,add,f2.bin,backend_store,5.635667,2097152,,Zstd,blake3
2,24,2026-03-11T12:25:02.574775Z,elea,0.1.1,ef66ed9,add,f1.bin,backend_store,5.529916999999999,2097152,,Zstd,blake3
2,24,2026-03-11T12:25:02.574791Z,elea,0.1.1,ef66ed9,add,f5.bin,backend_store,5.710708,2097152,,Zstd,blake3
2,24,2026-03-11T12:25:02.574911Z,elea,0.1.1,ef66ed9,add,f4.bin,add_file_total,8.680125,2097152,,Zstd,blake3
2,24,2026-03-11T12:25:02.575494Z,elea,0.1.1,ef66ed9,add,f3.bin,add_file_total,9.271166000000001,2097152,,Zstd,blake3
2,24,2026-03-11T12:25:02.57557Z,elea,0.1.1,ef66ed9,add,f1.bin,add_file_total,9.345667,2097152,,Zstd,blake3
2,24,2026-03-11T12:25:02.575604Z,elea,0.1.1,ef66ed9,add,f5.bin,add_file_total,9.377666999999999,2097152,,Zstd,blake3
2,24,2026-03-11T12:25:02.575638Z,elea,0.1.1,ef66ed9,add,f2.bin,add_file_total,9.409542,2097152,,Zstd,blake3
2,24,2026-03-11T12:25:02.575688Z,elea,0.1.1,ef66ed9,add,,add_total,9.512791,,5,Zstd,blake3
1,11,2026-03-11T12:25:02.6144Z,elea,0.1.1,ef66ed9,hash,f4.bin,hash,0.673167,1048576,,,blake3
1,11,2026-03-11T12:25:02.614383Z,elea,0.1.1,ef66ed9,hash,f2.bin,hash,0.642375,1048576,,,blake3
1,11,2026-03-11T12:25:02.614341Z,elea,0.1.1,ef66ed9,hash,f3.bin,hash,0.623666,1048576,,,blake3
1,11,2026-03-11T12:25:02.614352Z,elea,0.1.1,ef66ed9,hash,f1.bin,hash,0.6087090000000001,1048576,,,blake3
1,11,2026-03-11T12:25:02.614315Z,elea,0.1.1,ef66ed9,hash,f5.bin,hash,0.602334,1048576,,,blake3
1,11,2026-03-11T12:25:02.618917Z,elea,0.1.1,ef66ed9,add,f2.bin,backend_store,3.224875,1048576,,Zstd,blake3
1,11,2026-03-11T12:25:02.618925Z,elea,0.1.1,ef66ed9,add,f3.bin,backend_store,3.202458,1048576,,Zstd,blake3
1,11,2026-03-11T12:25:02.61895Z,elea,0.1.1,ef66ed9,add,f5.bin,backend_store,3.181584,1048576,,Zstd,blake3
1,11,2026-03-11T12:25:02.618983Z,elea,0.1.1,ef66ed9,add,f4.bin,backend_store,3.308292,1048576,,Zstd,blake3
1,11,2026-03-11T12:25:02.619096Z,elea,0.1.1,ef66ed9,add,f2.bin,add_file_total,5.4079999999999995,1048576,,Zstd,blake3
1,11,2026-03-11T12:25:02.61917Z,elea,0.1.1,ef66ed9,add,f5.bin,add_file_total,5.501875,1048576,,Zstd,blake3
1,11,2026-03-11T12:25:02.619201Z,elea,0.1.1,ef66ed9,add,f3.bin,add_file_total,5.515416,1048576,,Zstd,blake3
1,11,2026-03-11T12:25:02.619232Z,elea,0.1.1,ef66ed9,add,f4.bin,add_file_total,5.545958,1048576,,Zstd,blake3
1,11,2026-03-11T12:25:02.621721Z,elea,0.1.1,ef66ed9,add,f1.bin,backend_store,5.9649589999999995,1048576,,Zstd,blake3
1,11,2026-03-11T12:25:02.621819Z,elea,0.1.1,ef66ed9,add,f1.bin,add_file_total,8.129000000000001,1048576,,Zstd,blake3
1,11,2026-03-11T12:25:02.621876Z,elea,0.1.1,ef66ed9,add,,add_total,8.244792,,5,Zstd,blake3
5,20,2026-03-11T12:25:02.708089Z,elea,0.1.1,ef66ed9,hash,f4.bin,hash,2.9052499999999997,5242880,,,blake3
5,20,2026-03-11T12:25:02.708099Z,elea,0.1.1,ef66ed9,hash,f3.bin,hash,2.9242500000000002,5242880,,,blake3
5,20,2026-03-11T12:25:02.708068Z,elea,0.1.1,ef66ed9,hash,f5.bin,hash,2.896541,5242880,,,blake3
5,20,2026-03-11T12:25:02.708124Z,elea,0.1.1,ef66ed9,hash,f1.bin,hash,2.916916,5242880,,,blake3
5,20,2026-03-11T12:25:02.708112Z,elea,0.1.1,ef66ed9,hash,f2.bin,hash,2.915291,5242880,,,blake3
5,20,2026-03-11T12:25:02.720642Z,elea,0.1.1,ef66ed9,add,f1.bin,backend_store,10.753416,5242880,,Zstd,blake3
5,20,2026-03-11T12:25:02.720915Z,elea,0.1.1,ef66ed9,add,f1.bin,add_file_total,15.778417,5242880,,Zstd,blake3
5,20,2026-03-11T12:25:02.721038Z,elea,0.1.1,ef66ed9,add,f2.bin,backend_store,11.142707999999999,5242880,,Zstd,blake3
5,20,2026-03-11T12:25:02.721131Z,elea,0.1.1,ef66ed9,add,f5.bin,backend_store,11.276291,5242880,,Zstd,blake3
5,20,2026-03-11T12:25:02.722506Z,elea,0.1.1,ef66ed9,add,f3.bin,backend_store,12.658417,5242880,,Zstd,blake3
5,20,2026-03-11T12:25:02.722528Z,elea,0.1.1,ef66ed9,add,f4.bin,backend_store,12.709375,5242880,,Zstd,blake3
5,20,2026-03-11T12:25:02.722977Z,elea,0.1.1,ef66ed9,add,f2.bin,add_file_total,17.8395,5242880,,Zstd,blake3
5,20,2026-03-11T12:25:02.723226Z,elea,0.1.1,ef66ed9,add,f5.bin,add_file_total,18.095958,5242880,,Zstd,blake3
5,20,2026-03-11T12:25:02.723273Z,elea,0.1.1,ef66ed9,add,f3.bin,add_file_total,18.1375,5242880,,Zstd,blake3
5,20,2026-03-11T12:25:02.723317Z,elea,0.1.1,ef66ed9,add,f4.bin,add_file_total,18.181916,5242880,,Zstd,blake3
5,20,2026-03-11T12:25:02.723385Z,elea,0.1.1,ef66ed9,add,,add_total,18.282084,,5,Zstd,blake3
1,10,2026-03-11T12:25:02.759755Z,elea,0.1.1,ef66ed9,hash,f4.bin,hash,0.606333,1048576,,,blake3
1,10,2026-03-11T12:25:02.759764Z,elea,0.1.1,ef66ed9,hash,f5.bin,hash,0.601375,1048576,,,blake3
1,10,2026-03-11T12:25:02.759745Z,elea,0.1.1,ef66ed9,hash,f3.bin,hash,0.611667,1048576,,,blake3
1,10,2026-03-11T12:25:02.759772Z,elea,0.1.1,ef66ed9,hash,f1.bin,hash,0.617667,1048576,,,blake3
1,10,2026-03-11T12:25:02.759736Z,elea,0.1.1,ef66ed9,hash,f2.bin,hash,0.618542,1048576,,,blake3
1,10,2026-03-11T12:25:02.763945Z,elea,0.1.1,ef66ed9,add,f1.bin,backend_store,2.706417,1048576,,Zstd,blake3
1,10,2026-03-11T12:25:02.763956Z,elea,0.1.1,ef66ed9,add,f5.bin,backend_store,2.765625,1048576,,Zstd,blake3
1,10,2026-03-11T12:25:02.763997Z,elea,0.1.1,ef66ed9,add,f4.bin,backend_store,2.8224169999999997,1048576,,Zstd,blake3
1,10,2026-03-11T12:25:02.764021Z,elea,0.1.1,ef66ed9,add,f3.bin,backend_store,2.8014580000000002,1048576,,Zstd,blake3
1,10,2026-03-11T12:25:02.764047Z,elea,0.1.1,ef66ed9,add,f2.bin,backend_store,2.782334,1048576,,Zstd,blake3
1,10,2026-03-11T12:25:02.764122Z,elea,0.1.1,ef66ed9,add,f1.bin,add_file_total,5.02075,1048576,,Zstd,blake3
1,10,2026-03-11T12:25:02.764339Z,elea,0.1.1,ef66ed9,add,f5.bin,add_file_total,5.240833,1048576,,Zstd,blake3
1,10,2026-03-11T12:25:02.764369Z,elea,0.1.1,ef66ed9,add,f4.bin,add_file_total,5.275334,1048576,,Zstd,blake3
1,10,2026-03-11T12:25:02.7644Z,elea,0.1.1,ef66ed9,add,f3.bin,add_file_total,5.309125,1048576,,Zstd,blake3
1,10,2026-03-11T12:25:02.764431Z,elea,0.1.1,ef66ed9,add,f2.bin,add_file_total,5.3529160000000005,1048576,,Zstd,blake3
1,10,2026-03-11T12:25:02.76449Z,elea,0.1.1,ef66ed9,add,,add_total,5.44825,,5,Zstd,blake3
1,6,2026-03-11T12:25:02.803071Z,elea,0.1.1,ef66ed9,hash,f5.bin,hash,0.666958,1048576,,,blake3
1,6,2026-03-11T12:25:02.80319Z,elea,0.1.1,ef66ed9,hash,f2.bin,hash,0.681917,1048576,,,blake3
1,6,2026-03-11T12:25:02.803476Z,elea,0.1.1,ef66ed9,hash,f3.bin,hash,0.933208,1048576,,,blake3
1,6,2026-03-11T12:25:02.803123Z,elea,0.1.1,ef66ed9,hash,f4.bin,hash,0.7078749999999999,1048576,,,blake3
1,6,2026-03-11T12:25:02.80304Z,elea,0.1.1,ef66ed9,hash,f1.bin,hash,0.615166,1048576,,,blake3
1,6,2026-03-11T12:25:02.806806Z,elea,0.1.1,ef66ed9,add,f5.bin,backend_store,2.402417,1048576,,Zstd,blake3
1,6,2026-03-11T12:25:02.806824Z,elea,0.1.1,ef66ed9,add,f2.bin,backend_store,2.3956250000000003,1048576,,Zstd,blake3
1,6,2026-03-11T12:25:02.806888Z,elea,0.1.1,ef66ed9,add,f4.bin,backend_store,2.4177500000000003,1048576,,Zstd,blake3
1,6,2026-03-11T12:25:02.806969Z,elea,0.1.1,ef66ed9,add,f5.bin,add_file_total,4.601458,1048576,,Zstd,blake3
1,6,2026-03-11T12:25:02.807012Z,elea,0.1.1,ef66ed9,add,f1.bin,backend_store,2.526709,1048576,,Zstd,blake3
1,6,2026-03-11T12:25:02.807037Z,elea,0.1.1,ef66ed9,add,f3.bin,backend_store,2.5912919999999997,1048576,,Zstd,blake3
1,6,2026-03-11T12:25:02.8072Z,elea,0.1.1,ef66ed9,add,f4.bin,add_file_total,4.812125,1048576,,Zstd,blake3
1,6,2026-03-11T12:25:02.807234Z,elea,0.1.1,ef66ed9,add,f2.bin,add_file_total,4.8449160000000004,1048576,,Zstd,blake3
1,6,2026-03-11T12:25:02.807264Z,elea,0.1.1,ef66ed9,add,f1.bin,add_file_total,4.87475,1048576,,Zstd,blake3
1,6,2026-03-11T12:25:02.807292Z,elea,0.1.1,ef66ed9,add,f3.bin,add_file_total,4.90125,1048576,,Zstd,blake3
1,6,2026-03-11T12:25:02.80734Z,elea,0.1.1,ef66ed9,add,,add_total,4.995625,,5,Zstd,blake3
10,21,2026-03-11T12:25:02.961455Z,elea,0.1.1,ef66ed9,hash,f5.bin,hash,5.9160829999999995,10485760,,,blake3
10,21,2026-03-11T12:25:02.96143Z,elea,0.1.1,ef66ed9,hash,f1.bin,hash,5.9281250000000005,10485760,,,blake3
10,21,2026-03-11T12:25:02.961467Z,elea,0.1.1,ef66ed9,hash,f4.bin,hash,5.92475,10485760,,,blake3
10,21,2026-03-11T12:25:02.961488Z,elea,0.1.1,ef66ed9,hash,f3.bin,hash,5.971291999999999,10485760,,,blake3
10,21,2026-03-11T12:25:02.961336Z,elea,0.1.1,ef66ed9,hash,f2.bin,hash,5.824625,10485760,,,blake3
10,21,2026-03-11T12:25:02.983811Z,elea,0.1.1,ef66ed9,add,f4.bin,backend_store,20.287625,10485760,,Zstd,blake3
10,21,2026-03-11T12:25:02.98409Z,elea,0.1.1,ef66ed9,add,f4.bin,add_file_total,28.614041999999998,10485760,,Zstd,blake3
10,21,2026-03-11T12:25:02.984779Z,elea,0.1.1,ef66ed9,add,f5.bin,backend_store,21.303417000000003,10485760,,Zstd,blake3
10,21,2026-03-11T12:25:02.985098Z,elea,0.1.1,ef66ed9,add,f5.bin,add_file_total,29.623375,10485760,,Zstd,blake3
10,21,2026-03-11T12:25:02.985911Z,elea,0.1.1,ef66ed9,add,f1.bin,backend_store,22.407542,10485760,,Zstd,blake3
10,21,2026-03-11T12:25:02.986084Z,elea,0.1.1,ef66ed9,add,f1.bin,add_file_total,30.626583999999998,10485760,,Zstd,blake3
10,21,2026-03-11T12:25:02.98671Z,elea,0.1.1,ef66ed9,add,f3.bin,backend_store,23.175500000000003,10485760,,Zstd,blake3
10,21,2026-03-11T12:25:02.986839Z,elea,0.1.1,ef66ed9,add,f3.bin,add_file_total,31.336834,10485760,,Zstd,blake3
10,21,2026-03-11T12:25:02.990538Z,elea,0.1.1,ef66ed9,add,f2.bin,backend_store,26.974166,10485760,,Zstd,blake3
10,21,2026-03-11T12:25:02.990656Z,elea,0.1.1,ef66ed9,add,f2.bin,add_file_total,35.183459,10485760,,Zstd,blake3
10,21,2026-03-11T12:25:02.990728Z,elea,0.1.1,ef66ed9,add,,add_total,35.307709,,5,Zstd,blake3
2,16,2026-03-11T12:25:03.039582Z,elea,0.1.1,ef66ed9,hash,f4.bin,hash,1.165333,2097152,,,blake3
2,16,2026-03-11T12:25:03.039594Z,elea,0.1.1,ef66ed9,hash,f1.bin,hash,1.176708,2097152,,,blake3
2,16,2026-03-11T12:25:03.039574Z,elea,0.1.1,ef66ed9,hash,f2.bin,hash,1.173125,2097152,,,blake3
2,16,2026-03-11T12:25:03.039563Z,elea,0.1.1,ef66ed9,hash,f3.bin,hash,1.1727079999999999,2097152,,,blake3
2,16,2026-03-11T12:25:03.039557Z,elea,0.1.1,ef66ed9,hash,f5.bin,hash,1.175875,2097152,,,blake3
2,16,2026-03-11T12:25:03.045819Z,elea,0.1.1,ef66ed9,add,f1.bin,backend_store,4.4970419999999995,2097152,,Zstd,blake3
2,16,2026-03-11T12:25:03.045902Z,elea,0.1.1,ef66ed9,add,f2.bin,backend_store,4.553583,2097152,,Zstd,blake3
2,16,2026-03-11T12:25:03.045959Z,elea,0.1.1,ef66ed9,add,f3.bin,backend_store,4.594666,2097152,,Zstd,blake3
2,16,2026-03-11T12:25:03.045965Z,elea,0.1.1,ef66ed9,add,f1.bin,add_file_total,7.5992500000000005,2097152,,Zstd,blake3
2,16,2026-03-11T12:25:03.046001Z,elea,0.1.1,ef66ed9,add,f5.bin,backend_store,4.611167,2097152,,Zstd,blake3
2,16,2026-03-11T12:25:03.04605Z,elea,0.1.1,ef66ed9,add,f4.bin,backend_store,4.744834,2097152,,Zstd,blake3
2,16,2026-03-11T12:25:03.046634Z,elea,0.1.1,ef66ed9,add,f2.bin,add_file_total,8.271792,2097152,,Zstd,blake3
2,16,2026-03-11T12:25:03.046735Z,elea,0.1.1,ef66ed9,add,f3.bin,add_file_total,8.375125,2097152,,Zstd,blake3
2,16,2026-03-11T12:25:03.046772Z,elea,0.1.1,ef66ed9,add,f5.bin,add_file_total,8.429959,2097152,,Zstd,blake3
2,16,2026-03-11T12:25:03.046802Z,elea,0.1.1,ef66ed9,add,f4.bin,add_file_total,8.440875,2097152,,Zstd,blake3
2,16,2026-03-11T12:25:03.046852Z,elea,0.1.1,ef66ed9,add,,add_total,8.538791999999999,,5,Zstd,blake3
5,18,2026-03-11T12:25:03.132579Z,elea,0.1.1,ef66ed9,hash,f4.bin,hash,2.911166,5242880,,,blake3
5,18,2026-03-11T12:25:03.132621Z,elea,0.1.1,ef66ed9,hash,f3.bin,hash,2.934792,5242880,,,blake3
5,18,2026-03-11T12:25:03.132547Z,elea,0.1.1,ef66ed9,hash,f5.bin,hash,2.8661250000000003,5242880,,,blake3
5,18,2026-03-11T12:25:03.132587Z,elea,0.1.1,ef66ed9,hash,f1.bin,hash,2.913708,5242880,,,blake3
5,18,2026-03-11T12:25:03.132574Z,elea,0.1.1,ef66ed9,hash,f2.bin,hash,2.920541,5242880,,,blake3
5,18,2026-03-11T12:25:03.145291Z,elea,0.1.1,ef66ed9,add,f4.bin,backend_store,11.002125,5242880,,Zstd,blake3
5,18,2026-03-11T12:25:03.145297Z,elea,0.1.1,ef66ed9,add,f2.bin,backend_store,10.916542,5242880,,Zstd,blake3
5,18,2026-03-11T12:25:03.145325Z,elea,0.1.1,ef66ed9,add,f3.bin,backend_store,11.019124999999999,5242880,,Zstd,blake3
5,18,2026-03-11T12:25:03.145345Z,elea,0.1.1,ef66ed9,add,f5.bin,backend_store,11.001834,5242880,,Zstd,blake3
5,18,2026-03-11T12:25:03.145374Z,elea,0.1.1,ef66ed9,add,f1.bin,backend_store,11.015416,5242880,,Zstd,blake3
5,18,2026-03-11T12:25:03.145505Z,elea,0.1.1,ef66ed9,add,f2.bin,add_file_total,15.891375,5242880,,Zstd,blake3
5,18,2026-03-11T12:25:03.146357Z,elea,0.1.1,ef66ed9,add,f3.bin,add_file_total,16.735,5242880,,Zstd,blake3
5,18,2026-03-11T12:25:03.146698Z,elea,0.1.1,ef66ed9,add,f4.bin,add_file_total,17.078291999999998,5242880,,Zstd,blake3
5,18,2026-03-11T12:25:03.146991Z,elea,0.1.1,ef66ed9,add,f1.bin,add_file_total,17.374541999999998,5242880,,Zstd,blake3
5,18,2026-03-11T12:25:03.147335Z,elea,0.1.1,ef66ed9,add,f5.bin,add_file_total,17.715542,5242880,,Zstd,blake3
5,18,2026-03-11T12:25:03.147405Z,elea,0.1.1,ef66ed9,add,,add_total,17.827167000000003,,5,Zstd,blake3
5,21,2026-03-11T12:25:03.232139Z,elea,0.1.1,ef66ed9,hash,f1.bin,hash,2.9142080000000004,5242880,,,blake3
5,21,2026-03-11T12:25:03.232111Z,elea,0.1.1,ef66ed9,hash,f4.bin,hash,2.898041,5242880,,,blake3
5,21,2026-03-11T12:25:03.232166Z,elea,0.1.1,ef66ed9,hash,f3.bin,hash,2.924958,5242880,,,blake3
5,21,2026-03-11T12:25:03.232122Z,elea,0.1.1,ef66ed9,hash,f5.bin,hash,2.888708,5242880,,,blake3
5,21,2026-03-11T12:25:03.232147Z,elea,0.1.1,ef66ed9,hash,f2.bin,hash,2.916417,5242880,,,blake3
5,21,2026-03-11T12:25:03.245152Z,elea,0.1.1,ef66ed9,add,f5.bin,backend_store,11.279041,5242880,,Zstd,blake3
5,21,2026-03-11T12:25:03.245285Z,elea,0.1.1,ef66ed9,add,f4.bin,backend_store,11.455416,5242880,,Zstd,blake3
5,21,2026-03-11T12:25:03.245334Z,elea,0.1.1,ef66ed9,add,f5.bin,add_file_total,16.145459000000002,5242880,,Zstd,blake3
5,21,2026-03-11T12:25:03.245406Z,elea,0.1.1,ef66ed9,add,f1.bin,backend_store,11.591624999999999,5242880,,Zstd,blake3
5,21,2026-03-11T12:25:03.245444Z,elea,0.1.1,ef66ed9,add,f2.bin,backend_store,11.547125,5242880,,Zstd,blake3
5,21,2026-03-11T12:25:03.245509Z,elea,0.1.1,ef66ed9,add,f3.bin,backend_store,11.653958000000001,5242880,,Zstd,blake3
5,21,2026-03-11T12:25:03.247517Z,elea,0.1.1,ef66ed9,add,f4.bin,add_file_total,18.346375000000002,5242880,,Zstd,blake3
5,21,2026-03-11T12:25:03.247647Z,elea,0.1.1,ef66ed9,add,f1.bin,add_file_total,18.457667,5242880,,Zstd,blake3
5,21,2026-03-11T12:25:03.247689Z,elea,0.1.1,ef66ed9,add,f2.bin,add_file_total,18.497791,5242880,,Zstd,blake3
5,21,2026-03-11T12:25:03.247728Z,elea,0.1.1,ef66ed9,add,f3.bin,add_file_total,18.53675,5242880,,Zstd,blake3
5,21,2026-03-11T12:25:03.247803Z,elea,0.1.1,ef66ed9,add,,add_total,18.655291000000002,,5,Zstd,blake3
10,7,2026-03-11T12:25:03.405963Z,elea,0.1.1,ef66ed9,hash,f4.bin,hash,5.852417,10485760,,,blake3
10,7,2026-03-11T12:25:03.405942Z,elea,0.1.1,ef66ed9,hash,f5.bin,hash,5.8604579999999995,10485760,,,blake3
10,7,2026-03-11T12:25:03.406005Z,elea,0.1.1,ef66ed9,hash,f1.bin,hash,5.876417,10485760,,,blake3
10,7,2026-03-11T12:25:03.405996Z,elea,0.1.1,ef66ed9,hash,f3.bin,hash,5.853083,10485760,,,blake3
10,7,2026-03-11T12:25:03.405973Z,elea,0.1.1,ef66ed9,hash,f2.bin,hash,5.883458,10485760,,,blake3
10,7,2026-03-11T12:25:03.429362Z,elea,0.1.1,ef66ed9,add,f1.bin,backend_store,21.294708999999997,10485760,,Zstd,blake3
10,7,2026-03-11T12:25:03.42958Z,elea,0.1.1,ef66ed9,add,f1.bin,add_file_total,29.518833,10485760,,Zstd,blake3
10,7,2026-03-11T12:25:03.432785Z,elea,0.1.1,ef66ed9,add,f5.bin,backend_store,24.757291000000002,10485760,,Zstd,blake3
10,7,2026-03-11T12:25:03.432927Z,elea,0.1.1,ef66ed9,add,f5.bin,add_file_total,32.889042,10485760,,Zstd,blake3
10,7,2026-03-11T12:25:03.435183Z,elea,0.1.1,ef66ed9,add,f3.bin,backend_store,27.106708,10485760,,Zstd,blake3
10,7,2026-03-11T12:25:03.435253Z,elea,0.1.1,ef66ed9,add,f2.bin,backend_store,27.145540999999998,10485760,,Zstd,blake3
10,7,2026-03-11T12:25:03.435268Z,elea,0.1.1,ef66ed9,add,f4.bin,backend_store,27.265874999999998,10485760,,Zstd,blake3
10,7,2026-03-11T12:25:03.435291Z,elea,0.1.1,ef66ed9,add,f3.bin,add_file_total,35.225708000000004,10485760,,Zstd,blake3
10,7,2026-03-11T12:25:03.435793Z,elea,0.1.1,ef66ed9,add,f2.bin,add_file_total,35.733959000000006,10485760,,Zstd,blake3
10,7,2026-03-11T12:25:03.435857Z,elea,0.1.1,ef66ed9,add,f4.bin,add_file_total,35.794332999999995,10485760,,Zstd,blake3
10,7,2026-03-11T12:25:03.435927Z,elea,0.1.1,ef66ed9,add,,add_total,35.909499999999994,,5,Zstd,blake3
5,25,2026-03-11T12:25:03.521726Z,elea,0.1.1,ef66ed9,hash,f1.bin,hash,2.90275,5242880,,,blake3
5,25,2026-03-11T12:25:03.521676Z,elea,0.1.1,ef66ed9,hash,f5.bin,hash,2.876833,5242880,,,blake3
5,25,2026-03-11T12:25:03.521714Z,elea,0.1.1,ef66ed9,hash,f2.bin,hash,2.932834,5242880,,,blake3
5,25,2026-03-11T12:25:03.52174Z,elea,0.1.1,ef66ed9,hash,f3.bin,hash,2.9472500000000004,5242880,,,blake3
5,25,2026-03-11T12:25:03.521755Z,elea,0.1.1,ef66ed9,hash,f4.bin,hash,2.928958,5242880,,,blake3
5,25,2026-03-11T12:25:03.534043Z,elea,0.1.1,ef66ed9,add,f1.bin,backend_store,10.755958,5242880,,Zstd,blake3
5,25,2026-03-11T12:25:03.534361Z,elea,0.1.1,ef66ed9,add,f1.bin,add_file_total,15.603833,5242880,,Zstd,blake3
5,25,2026-03-11T12:25:03.53439Z,elea,0.1.1,ef66ed9,add,f5.bin,backend_store,11.095291999999999,5242880,,Zstd,blake3
5,25,2026-03-11T12:25:03.534466Z,elea,0.1.1,ef66ed9,add,f4.bin,backend_store,11.080665999999999,5242880,,Zstd,blake3
5,25,2026-03-11T12:25:03.534483Z,elea,0.1.1,ef66ed9,add,f3.bin,backend_store,11.125667,5242880,,Zstd,blake3
5,25,2026-03-11T12:25:03.534507Z,elea,0.1.1,ef66ed9,add,f2.bin,backend_store,11.183708000000001,5242880,,Zstd,blake3
5,25,2026-03-11T12:25:03.536541Z,elea,0.1.1,ef66ed9,add,f5.bin,add_file_total,17.785916999999998,5242880,,Zstd,blake3
5,25,2026-03-11T12:25:03.536589Z,elea,0.1.1,ef66ed9,add,f4.bin,add_file_total,17.833291000000003,5242880,,Zstd,blake3
5,25,2026-03-11T12:25:03.536634Z,elea,0.1.1,ef66ed9,add,f3.bin,add_file_total,17.885375,5242880,,Zstd,blake3
5,25,2026-03-11T12:25:03.536679Z,elea,0.1.1,ef66ed9,add,f2.bin,add_file_total,17.930667,5242880,,Zstd,blake3
5,25,2026-03-11T12:25:03.53674Z,elea,0.1.1,ef66ed9,add,,add_total,18.024417,,5,Zstd,blake3
2,3,2026-03-11T12:25:03.585468Z,elea,0.1.1,ef66ed9,hash,f1.bin,hash,1.184291,2097152,,,blake3
2,3,2026-03-11T12:25:03.585483Z,elea,0.1.1,ef66ed9,hash,f5.bin,hash,1.1658339999999998,2097152,,,blake3
2,3,2026-03-11T12:25:03.58549Z,elea,0.1.1,ef66ed9,hash,f3.bin,hash,1.18125,2097152,,,blake3
2,3,2026-03-11T12:25:03.585475Z,elea,0.1.1,ef66ed9,hash,f2.bin,hash,1.182167,2097152,,,blake3
2,3,2026-03-11T12:25:03.585448Z,elea,0.1.1,ef66ed9,hash,f4.bin,hash,1.174833,2097152,,,blake3
2,3,2026-03-11T12:25:03.591405Z,elea,0.1.1,ef66ed9,add,f5.bin,backend_store,4.424208,2097152,,Zstd,blake3
2,3,2026-03-11T12:25:03.591412Z,elea,0.1.1,ef66ed9,add,f1.bin,backend_store,4.448875,2097152,,Zstd,blake3
2,3,2026-03-11T12:25:03.591522Z,elea,0.1.1,ef66ed9,add,f3.bin,backend_store,4.511916,2097152,,Zstd,blake3
2,3,2026-03-11T12:25:03.591606Z,elea,0.1.1,ef66ed9,add,f5.bin,add_file_total,7.347292,2097152,,Zstd,blake3
2,3,2026-03-11T12:25:03.59165Z,elea,0.1.1,ef66ed9,add,f4.bin,backend_store,4.598083,2097152,,Zstd,blake3
2,3,2026-03-11T12:25:03.591656Z,elea,0.1.1,ef66ed9,add,f2.bin,backend_store,4.624458,2097152,,Zstd,blake3
2,3,2026-03-11T12:25:03.59233Z,elea,0.1.1,ef66ed9,add,f1.bin,add_file_total,8.083333,2097152,,Zstd,blake3
2,3,2026-03-11T12:25:03.592366Z,elea,0.1.1,ef66ed9,add,f3.bin,add_file_total,8.107375,2097152,,Zstd,blake3
2,3,2026-03-11T12:25:03.592406Z,elea,0.1.1,ef66ed9,add,f2.bin,add_file_total,8.157416000000001,2097152,,Zstd,blake3
2,3,2026-03-11T12:25:03.592442Z,elea,0.1.1,ef66ed9,add,f4.bin,add_file_total,8.206792,2097152,,Zstd,blake3
2,3,2026-03-11T12:25:03.592489Z,elea,0.1.1,ef66ed9,add,,add_total,8.292499999999999,,5,Zstd,blake3
