size_mb,rep,timestamp,user,dvs_version,git_commit,command,file,step,duration_ms,file_size_bytes,num_files,compression,hash_algorithm
1,1,2026-03-11T12:24:03.089144Z,elea,0.1.1,ef66ed9,hash,f3.bin,hash,0.639208,1048576,,,blake3
1,1,2026-03-11T12:24:03.089121Z,elea,0.1.1,ef66ed9,hash,f2.bin,hash,0.6246659999999999,1048576,,,blake3
1,1,2026-03-11T12:24:03.089134Z,elea,0.1.1,ef66ed9,hash,f5.bin,hash,0.620917,1048576,,,blake3
1,1,2026-03-11T12:24:03.089153Z,elea,0.1.1,ef66ed9,hash,f4.bin,hash,0.620167,1048576,,,blake3
1,1,2026-03-11T12:24:03.0891Z,elea,0.1.1,ef66ed9,hash,f1.bin,hash,0.619875,1048576,,,blake3
1,1,2026-03-11T12:24:03.095434Z,elea,0.1.1,ef66ed9,add,f3.bin,backend_store,4.948459,1048576,,Zstd,blake3
1,1,2026-03-11T12:24:03.095507Z,elea,0.1.1,ef66ed9,add,f2.bin,backend_store,4.99725,1048576,,Zstd,blake3
1,1,2026-03-11T12:24:03.095605Z,elea,0.1.1,ef66ed9,add,f4.bin,backend_store,4.931125,1048576,,Zstd,blake3
1,1,2026-03-11T12:24:03.095622Z,elea,0.1.1,ef66ed9,add,f1.bin,backend_store,4.901792,1048576,,Zstd,blake3
1,1,2026-03-11T12:24:03.095704Z,elea,0.1.1,ef66ed9,add,f5.bin,backend_store,5.168583,1048576,,Zstd,blake3
1,1,2026-03-11T12:24:03.095844Z,elea,0.1.1,ef66ed9,add,f3.bin,add_file_total,7.392959,1048576,,Zstd,blake3
1,1,2026-03-11T12:24:03.095909Z,elea,0.1.1,ef66ed9,add,f2.bin,add_file_total,7.456917000000001,1048576,,Zstd,blake3
1,1,2026-03-11T12:24:03.095967Z,elea,0.1.1,ef66ed9,add,f1.bin,add_file_total,7.528708,1048576,,Zstd,blake3
1,1,2026-03-11T12:24:03.096004Z,elea,0.1.1,ef66ed9,add,f4.bin,add_file_total,7.51875,1048576,,Zstd,blake3
1,1,2026-03-11T12:24:03.096045Z,elea,0.1.1,ef66ed9,add,f5.bin,add_file_total,7.592291,1048576,,Zstd,blake3
1,1,2026-03-11T12:24:03.096176Z,elea,0.1.1,ef66ed9,add,,add_total,7.779208000000001,,5,Zstd,blake3
1,2,2026-03-11T12:24:03.139134Z,elea,0.1.1,ef66ed9,hash,f4.bin,hash,0.6082919999999999,1048576,,,blake3
1,2,2026-03-11T12:24:03.139099Z,elea,0.1.1,ef66ed9,hash,f5.bin,hash,0.602291,1048576,,,blake3
1,2,2026-03-11T12:24:03.139146Z,elea,0.1.1,ef66ed9,hash,f2.bin,hash,0.610833,1048576,,,blake3
1,2,2026-03-11T12:24:03.139113Z,elea,0.1.1,ef66ed9,hash,f1.bin,hash,0.607709,1048576,,,blake3
1,2,2026-03-11T12:24:03.13912Z,elea,0.1.1,ef66ed9,hash,f3.bin,hash,0.604625,1048576,,,blake3
1,2,2026-03-11T12:24:03.143317Z,elea,0.1.1,ef66ed9,add,f4.bin,backend_store,2.8657909999999998,1048576,,Zstd,blake3
1,2,2026-03-11T12:24:03.143337Z,elea,0.1.1,ef66ed9,add,f5.bin,backend_store,2.8774170000000003,1048576,,Zstd,blake3
1,2,2026-03-11T12:24:03.143442Z,elea,0.1.1,ef66ed9,add,f2.bin,backend_store,2.952792,1048576,,Zstd,blake3
1,2,2026-03-11T12:24:03.143494Z,elea,0.1.1,ef66ed9,add,f4.bin,add_file_total,5.004708,1048576,,Zstd,blake3
1,2,2026-03-11T12:24:03.1435Z,elea,0.1.1,ef66ed9,add,f3.bin,backend_store,2.948333,1048576,,Zstd,blake3
1,2,2026-03-11T12:24:03.143527Z,elea,0.1.1,ef66ed9,add,f1.bin,backend_store,2.998291,1048576,,Zstd,blake3
1,2,2026-03-11T12:24:03.1437Z,elea,0.1.1,ef66ed9,add,f5.bin,add_file_total,5.238833,1048576,,Zstd,blake3
1,2,2026-03-11T12:24:03.14373Z,elea,0.1.1,ef66ed9,add,f2.bin,add_file_total,5.2416670000000005,1048576,,Zstd,blake3
1,2,2026-03-11T12:24:03.143761Z,elea,0.1.1,ef66ed9,add,f3.bin,add_file_total,5.273833000000001,1048576,,Zstd,blake3
1,2,2026-03-11T12:24:03.143788Z,elea,0.1.1,ef66ed9,add,f1.bin,add_file_total,5.306875,1048576,,Zstd,blake3
1,2,2026-03-11T12:24:03.143843Z,elea,0.1.1,ef66ed9,add,,add_total,5.407958,,5,Zstd,blake3
1,3,2026-03-11T12:24:03.178796Z,elea,0.1.1,ef66ed9,hash,f3.bin,hash,0.595458,1048576,,,blake3
1,3,2026-03-11T12:24:03.178822Z,elea,0.1.1,ef66ed9,hash,f5.bin,hash,0.6015,1048576,,,blake3
1,3,2026-03-11T12:24:03.178814Z,elea,0.1.1,ef66ed9,hash,f4.bin,hash,0.590792,1048576,,,blake3
1,3,2026-03-11T12:24:03.178805Z,elea,0.1.1,ef66ed9,hash,f1.bin,hash,0.598666,1048576,,,blake3
1,3,2026-03-11T12:24:03.178783Z,elea,0.1.1,ef66ed9,hash,f2.bin,hash,0.6017079999999999,1048576,,,blake3
1,3,2026-03-11T12:24:03.183231Z,elea,0.1.1,ef66ed9,add,f4.bin,backend_store,2.969208,1048576,,Zstd,blake3
1,3,2026-03-11T12:24:03.183401Z,elea,0.1.1,ef66ed9,add,f4.bin,add_file_total,5.2325,1048576,,Zstd,blake3
1,3,2026-03-11T12:24:03.183421Z,elea,0.1.1,ef66ed9,add,f2.bin,backend_store,3.108708,1048576,,Zstd,blake3
1,3,2026-03-11T12:24:03.183431Z,elea,0.1.1,ef66ed9,add,f5.bin,backend_store,3.179833,1048576,,Zstd,blake3
1,3,2026-03-11T12:24:03.183483Z,elea,0.1.1,ef66ed9,add,f3.bin,backend_store,3.265292,1048576,,Zstd,blake3
1,3,2026-03-11T12:24:03.183505Z,elea,0.1.1,ef66ed9,add,f1.bin,backend_store,3.217041,1048576,,Zstd,blake3
1,3,2026-03-11T12:24:03.183747Z,elea,0.1.1,ef66ed9,add,f2.bin,add_file_total,5.5975,1048576,,Zstd,blake3
1,3,2026-03-11T12:24:03.183776Z,elea,0.1.1,ef66ed9,add,f5.bin,add_file_total,5.604375,1048576,,Zstd,blake3
1,3,2026-03-11T12:24:03.183805Z,elea,0.1.1,ef66ed9,add,f3.bin,add_file_total,5.6387920000000005,1048576,,Zstd,blake3
1,3,2026-03-11T12:24:03.183834Z,elea,0.1.1,ef66ed9,add,f1.bin,add_file_total,5.6660829999999995,1048576,,Zstd,blake3
1,3,2026-03-11T12:24:03.183887Z,elea,0.1.1,ef66ed9,add,,add_total,5.783333,,5,Zstd,blake3
1,4,2026-03-11T12:24:03.217982Z,elea,0.1.1,ef66ed9,hash,f2.bin,hash,0.598042,1048576,,,blake3
1,4,2026-03-11T12:24:03.218015Z,elea,0.1.1,ef66ed9,hash,f5.bin,hash,0.59275,1048576,,,blake3
1,4,2026-03-11T12:24:03.218023Z,elea,0.1.1,ef66ed9,hash,f3.bin,hash,0.599708,1048576,,,blake3
1,4,2026-03-11T12:24:03.217991Z,elea,0.1.1,ef66ed9,hash,f4.bin,hash,0.593125,1048576,,,blake3
1,4,2026-03-11T12:24:03.218004Z,elea,0.1.1,ef66ed9,hash,f1.bin,hash,0.600125,1048576,,,blake3
1,4,2026-03-11T12:24:03.222387Z,elea,0.1.1,ef66ed9,add,f4.bin,backend_store,2.988917,1048576,,Zstd,blake3
1,4,2026-03-11T12:24:03.222398Z,elea,0.1.1,ef66ed9,add,f2.bin,backend_store,3.068083,1048576,,Zstd,blake3
1,4,2026-03-11T12:24:03.222433Z,elea,0.1.1,ef66ed9,add,f5.bin,backend_store,3.076625,1048576,,Zstd,blake3
1,4,2026-03-11T12:24:03.222451Z,elea,0.1.1,ef66ed9,add,f3.bin,backend_store,3.078167,1048576,,Zstd,blake3
1,4,2026-03-11T12:24:03.222545Z,elea,0.1.1,ef66ed9,add,f1.bin,backend_store,3.123083,1048576,,Zstd,blake3
1,4,2026-03-11T12:24:03.222571Z,elea,0.1.1,ef66ed9,add,f4.bin,add_file_total,5.208875,1048576,,Zstd,blake3
1,4,2026-03-11T12:24:03.222806Z,elea,0.1.1,ef66ed9,add,f2.bin,add_file_total,5.46575,1048576,,Zstd,blake3
1,4,2026-03-11T12:24:03.222848Z,elea,0.1.1,ef66ed9,add,f5.bin,add_file_total,5.487625,1048576,,Zstd,blake3
1,4,2026-03-11T12:24:03.222899Z,elea,0.1.1,ef66ed9,add,f3.bin,add_file_total,5.535333,1048576,,Zstd,blake3
1,4,2026-03-11T12:24:03.222932Z,elea,0.1.1,ef66ed9,add,f1.bin,add_file_total,5.573958999999999,1048576,,Zstd,blake3
1,4,2026-03-11T12:24:03.222984Z,elea,0.1.1,ef66ed9,add,,add_total,5.682291,,5,Zstd,blake3
1,5,2026-03-11T12:24:03.256568Z,elea,0.1.1,ef66ed9,hash,f4.bin,hash,0.675,1048576,,,blake3
1,5,2026-03-11T12:24:03.256482Z,elea,0.1.1,ef66ed9,hash,f1.bin,hash,0.609375,1048576,,,blake3
1,5,2026-03-11T12:24:03.256544Z,elea,0.1.1,ef66ed9,hash,f3.bin,hash,0.6351669999999999,1048576,,,blake3
1,5,2026-03-11T12:24:03.256473Z,elea,0.1.1,ef66ed9,hash,f5.bin,hash,0.596333,1048576,,,blake3
1,5,2026-03-11T12:24:03.25649Z,elea,0.1.1,ef66ed9,hash,f2.bin,hash,0.6006250000000001,1048576,,,blake3
1,5,2026-03-11T12:24:03.261134Z,elea,0.1.1,ef66ed9,add,f4.bin,backend_store,3.3101670000000003,1048576,,Zstd,blake3
1,5,2026-03-11T12:24:03.261291Z,elea,0.1.1,ef66ed9,add,f4.bin,add_file_total,5.443542,1048576,,Zstd,blake3
1,5,2026-03-11T12:24:03.261344Z,elea,0.1.1,ef66ed9,add,f5.bin,backend_store,3.4645409999999996,1048576,,Zstd,blake3
1,5,2026-03-11T12:24:03.261363Z,elea,0.1.1,ef66ed9,add,f2.bin,backend_store,3.465083,1048576,,Zstd,blake3
1,5,2026-03-11T12:24:03.261374Z,elea,0.1.1,ef66ed9,add,f1.bin,backend_store,3.541042,1048576,,Zstd,blake3
1,5,2026-03-11T12:24:03.261387Z,elea,0.1.1,ef66ed9,add,f3.bin,backend_store,3.530333,1048576,,Zstd,blake3
1,5,2026-03-11T12:24:03.261658Z,elea,0.1.1,ef66ed9,add,f5.bin,add_file_total,5.810708,1048576,,Zstd,blake3
1,5,2026-03-11T12:24:03.26169Z,elea,0.1.1,ef66ed9,add,f2.bin,add_file_total,5.842625,1048576,,Zstd,blake3
1,5,2026-03-11T12:24:03.261721Z,elea,0.1.1,ef66ed9,add,f1.bin,add_file_total,5.890875,1048576,,Zstd,blake3
1,5,2026-03-11T12:24:03.261751Z,elea,0.1.1,ef66ed9,add,f3.bin,add_file_total,5.853790999999999,1048576,,Zstd,blake3
1,5,2026-03-11T12:24:03.261802Z,elea,0.1.1,ef66ed9,add,,add_total,6.0027919999999995,,5,Zstd,blake3
1,6,2026-03-11T12:24:03.29553Z,elea,0.1.1,ef66ed9,hash,f1.bin,hash,0.6032919999999999,1048576,,,blake3
1,6,2026-03-11T12:24:03.295514Z,elea,0.1.1,ef66ed9,hash,f5.bin,hash,0.600166,1048576,,,blake3
1,6,2026-03-11T12:24:03.295522Z,elea,0.1.1,ef66ed9,hash,f4.bin,hash,0.601167,1048576,,,blake3
1,6,2026-03-11T12:24:03.29554Z,elea,0.1.1,ef66ed9,hash,f3.bin,hash,0.572333,1048576,,,blake3
1,6,2026-03-11T12:24:03.295505Z,elea,0.1.1,ef66ed9,hash,f2.bin,hash,0.608125,1048576,,,blake3
1,6,2026-03-11T12:24:03.29988Z,elea,0.1.1,ef66ed9,add,f1.bin,backend_store,3.022334,1048576,,Zstd,blake3
1,6,2026-03-11T12:24:03.299898Z,elea,0.1.1,ef66ed9,add,f4.bin,backend_store,3.011084,1048576,,Zstd,blake3
1,6,2026-03-11T12:24:03.299933Z,elea,0.1.1,ef66ed9,add,f5.bin,backend_store,3.067958,1048576,,Zstd,blake3
1,6,2026-03-11T12:24:03.299961Z,elea,0.1.1,ef66ed9,add,f2.bin,backend_store,3.032375,1048576,,Zstd,blake3
1,6,2026-03-11T12:24:03.299977Z,elea,0.1.1,ef66ed9,add,f3.bin,backend_store,3.065791,1048576,,Zstd,blake3
1,6,2026-03-11T12:24:03.30006Z,elea,0.1.1,ef66ed9,add,f1.bin,add_file_total,5.178542,1048576,,Zstd,blake3
1,6,2026-03-11T12:24:03.300242Z,elea,0.1.1,ef66ed9,add,f4.bin,add_file_total,5.361916000000001,1048576,,Zstd,blake3
1,6,2026-03-11T12:24:03.300275Z,elea,0.1.1,ef66ed9,add,f5.bin,add_file_total,5.395834000000001,1048576,,Zstd,blake3
1,6,2026-03-11T12:24:03.300308Z,elea,0.1.1,ef66ed9,add,f2.bin,add_file_total,5.446958,1048576,,Zstd,blake3
1,6,2026-03-11T12:24:03.300339Z,elea,0.1.1,ef66ed9,add,f3.bin,add_file_total,5.387416,1048576,,Zstd,blake3
1,6,2026-03-11T12:24:03.300399Z,elea,0.1.1,ef66ed9,add,,add_total,5.5642499999999995,,5,Zstd,blake3
1,7,2026-03-11T12:24:03.335569Z,elea,0.1.1,ef66ed9,hash,f1.bin,hash,0.594375,1048576,,,blake3
1,7,2026-03-11T12:24:03.335588Z,elea,0.1.1,ef66ed9,hash,f3.bin,hash,0.590584,1048576,,,blake3
1,7,2026-03-11T12:24:03.335596Z,elea,0.1.1,ef66ed9,hash,f5.bin,hash,0.596292,1048576,,,blake3
1,7,2026-03-11T12:24:03.33558Z,elea,0.1.1,ef66ed9,hash,f2.bin,hash,0.595209,1048576,,,blake3
1,7,2026-03-11T12:24:03.335559Z,elea,0.1.1,ef66ed9,hash,f4.bin,hash,0.5942919999999999,1048576,,,blake3
1,7,2026-03-11T12:24:03.339828Z,elea,0.1.1,ef66ed9,add,f1.bin,backend_store,2.965041,1048576,,Zstd,blake3
1,7,2026-03-11T12:24:03.339843Z,elea,0.1.1,ef66ed9,add,f3.bin,backend_store,2.963,1048576,,Zstd,blake3
1,7,2026-03-11T12:24:03.33986Z,elea,0.1.1,ef66ed9,add,f5.bin,backend_store,2.948625,1048576,,Zstd,blake3
1,7,2026-03-11T12:24:03.339984Z,elea,0.1.1,ef66ed9,add,f2.bin,backend_store,3.043167,1048576,,Zstd,blake3
1,7,2026-03-11T12:24:03.340001Z,elea,0.1.1,ef66ed9,add,f4.bin,backend_store,3.037291,1048576,,Zstd,blake3
1,7,2026-03-11T12:24:03.340035Z,elea,0.1.1,ef66ed9,add,f3.bin,add_file_total,5.086167,1048576,,Zstd,blake3
1,7,2026-03-11T12:24:03.340227Z,elea,0.1.1,ef66ed9,add,f5.bin,add_file_total,5.275292,1048576,,Zstd,blake3
1,7,2026-03-11T12:24:03.340265Z,elea,0.1.1,ef66ed9,add,f1.bin,add_file_total,5.325125,1048576,,Zstd,blake3
1,7,2026-03-11T12:24:03.340305Z,elea,0.1.1,ef66ed9,add,f2.bin,add_file_total,5.362875,1048576,,Zstd,blake3
1,7,2026-03-11T12:24:03.340339Z,elea,0.1.1,ef66ed9,add,f4.bin,add_file_total,5.4178749999999996,1048576,,Zstd,blake3
1,7,2026-03-11T12:24:03.340394Z,elea,0.1.1,ef66ed9,add,,add_total,5.505791,,5,Zstd,blake3
1,8,2026-03-11T12:24:03.374245Z,elea,0.1.1,ef66ed9,hash,f4.bin,hash,0.5917910000000001,1048576,,,blake3
1,8,2026-03-11T12:24:03.374252Z,elea,0.1.1,ef66ed9,hash,f2.bin,hash,0.599708,1048576,,,blake3
1,8,2026-03-11T12:24:03.374216Z,elea,0.1.1,ef66ed9,hash,f5.bin,hash,0.6017089999999999,1048576,,,blake3
1,8,2026-03-11T12:24:03.374238Z,elea,0.1.1,ef66ed9,hash,f1.bin,hash,0.594958,1048576,,,blake3
1,8,2026-03-11T12:24:03.374227Z,elea,0.1.1,ef66ed9,hash,f3.bin,hash,0.594708,1048576,,,blake3
1,8,2026-03-11T12:24:03.378551Z,elea,0.1.1,ef66ed9,add,f2.bin,backend_store,2.86725,1048576,,Zstd,blake3
1,8,2026-03-11T12:24:03.378572Z,elea,0.1.1,ef66ed9,add,f4.bin,backend_store,2.908,1048576,,Zstd,blake3
1,8,2026-03-11T12:24:03.378602Z,elea,0.1.1,ef66ed9,add,f5.bin,backend_store,2.9064170000000003,1048576,,Zstd,blake3
1,8,2026-03-11T12:24:03.378672Z,elea,0.1.1,ef66ed9,add,f1.bin,backend_store,2.953917,1048576,,Zstd,blake3
1,8,2026-03-11T12:24:03.378686Z,elea,0.1.1,ef66ed9,add,f3.bin,backend_store,2.956041,1048576,,Zstd,blake3
1,8,2026-03-11T12:24:03.378713Z,elea,0.1.1,ef66ed9,add,f2.bin,add_file_total,5.117375,1048576,,Zstd,blake3
1,8,2026-03-11T12:24:03.378978Z,elea,0.1.1,ef66ed9,add,f5.bin,add_file_total,5.3932080000000004,1048576,,Zstd,blake3
1,8,2026-03-11T12:24:03.379034Z,elea,0.1.1,ef66ed9,add,f1.bin,add_file_total,5.441959,1048576,,Zstd,blake3
1,8,2026-03-11T12:24:03.379072Z,elea,0.1.1,ef66ed9,add,f3.bin,add_file_total,5.481458,1048576,,Zstd,blake3
1,8,2026-03-11T12:24:03.379107Z,elea,0.1.1,ef66ed9,add,f4.bin,add_file_total,5.50275,1048576,,Zstd,blake3
1,8,2026-03-11T12:24:03.379177Z,elea,0.1.1,ef66ed9,add,,add_total,5.6250420000000005,,5,Zstd,blake3
1,9,2026-03-11T12:24:03.412733Z,elea,0.1.1,ef66ed9,hash,f2.bin,hash,0.59325,1048576,,,blake3
1,9,2026-03-11T12:24:03.412726Z,elea,0.1.1,ef66ed9,hash,f1.bin,hash,0.59575,1048576,,,blake3
1,9,2026-03-11T12:24:03.4127Z,elea,0.1.1,ef66ed9,hash,f4.bin,hash,0.601042,1048576,,,blake3
1,9,2026-03-11T12:24:03.412716Z,elea,0.1.1,ef66ed9,hash,f3.bin,hash,0.593792,1048576,,,blake3
1,9,2026-03-11T12:24:03.412708Z,elea,0.1.1,ef66ed9,hash,f5.bin,hash,0.590375,1048576,,,blake3
1,9,2026-03-11T12:24:03.417198Z,elea,0.1.1,ef66ed9,add,f2.bin,backend_store,3.063375,1048576,,Zstd,blake3
1,9,2026-03-11T12:24:03.417207Z,elea,0.1.1,ef66ed9,add,f4.bin,backend_store,3.0412909999999997,1048576,,Zstd,blake3
1,9,2026-03-11T12:24:03.417309Z,elea,0.1.1,ef66ed9,add,f5.bin,backend_store,3.070625,1048576,,Zstd,blake3
1,9,2026-03-11T12:24:03.417321Z,elea,0.1.1,ef66ed9,add,f1.bin,backend_store,3.172583,1048576,,Zstd,blake3
1,9,2026-03-11T12:24:03.417342Z,elea,0.1.1,ef66ed9,add,f3.bin,backend_store,3.130625,1048576,,Zstd,blake3
1,9,2026-03-11T12:24:03.417378Z,elea,0.1.1,ef66ed9,add,f2.bin,add_file_total,5.298625,1048576,,Zstd,blake3
1,9,2026-03-11T12:24:03.417563Z,elea,0.1.1,ef66ed9,add,f5.bin,add_file_total,5.490708000000001,1048576,,Zstd,blake3
1,9,2026-03-11T12:24:03.417598Z,elea,0.1.1,ef66ed9,add,f1.bin,add_file_total,5.525083,1048576,,Zstd,blake3
1,9,2026-03-11T12:24:03.41764Z,elea,0.1.1,ef66ed9,add,f3.bin,add_file_total,5.5665000000000004,1048576,,Zstd,blake3
1,9,2026-03-11T12:24:03.417674Z,elea,0.1.1,ef66ed9,add,f4.bin,add_file_total,5.612167,1048576,,Zstd,blake3
1,9,2026-03-11T12:24:03.417728Z,elea,0.1.1,ef66ed9,add,,add_total,5.696416,,5,Zstd,blake3
1,10,2026-03-11T12:24:03.452684Z,elea,0.1.1,ef66ed9,hash,f2.bin,hash,0.639458,1048576,,,blake3
1,10,2026-03-11T12:24:03.452692Z,elea,0.1.1,ef66ed9,hash,f5.bin,hash,0.675333,1048576,,,blake3
1,10,2026-03-11T12:24:03.452665Z,elea,0.1.1,ef66ed9,hash,f4.bin,hash,0.641375,1048576,,,blake3
1,10,2026-03-11T12:24:03.452716Z,elea,0.1.1,ef66ed9,hash,f1.bin,hash,0.6824589999999999,1048576,,,blake3
1,10,2026-03-11T12:24:03.452634Z,elea,0.1.1,ef66ed9,hash,f3.bin,hash,0.632417,1048576,,,blake3
1,10,2026-03-11T12:24:03.457357Z,elea,0.1.1,ef66ed9,add,f2.bin,backend_store,3.074708,1048576,,Zstd,blake3
1,10,2026-03-11T12:24:03.457366Z,elea,0.1.1,ef66ed9,add,f3.bin,backend_store,2.9901250000000004,1048576,,Zstd,blake3
1,10,2026-03-11T12:24:03.457412Z,elea,0.1.1,ef66ed9,add,f5.bin,backend_store,3.113833,1048576,,Zstd,blake3
1,10,2026-03-11T12:24:03.457458Z,elea,0.1.1,ef66ed9,add,f4.bin,backend_store,3.122584,1048576,,Zstd,blake3
1,10,2026-03-11T12:24:03.457502Z,elea,0.1.1,ef66ed9,add,f1.bin,backend_store,3.138166,1048576,,Zstd,blake3
1,10,2026-03-11T12:24:03.457579Z,elea,0.1.1,ef66ed9,add,f3.bin,add_file_total,5.615334,1048576,,Zstd,blake3
1,10,2026-03-11T12:24:03.457745Z,elea,0.1.1,ef66ed9,add,f2.bin,add_file_total,5.747000000000001,1048576,,Zstd,blake3
1,10,2026-03-11T12:24:03.457787Z,elea,0.1.1,ef66ed9,add,f5.bin,add_file_total,5.792291,1048576,,Zstd,blake3
1,10,2026-03-11T12:24:03.457823Z,elea,0.1.1,ef66ed9,add,f4.bin,add_file_total,5.8270420000000005,1048576,,Zstd,blake3
1,10,2026-03-11T12:24:03.457857Z,elea,0.1.1,ef66ed9,add,f1.bin,add_file_total,5.863791,1048576,,Zstd,blake3
1,10,2026-03-11T12:24:03.457904Z,elea,0.1.1,ef66ed9,add,,add_total,5.975375,,5,Zstd,blake3
1,11,2026-03-11T12:24:03.49469Z,elea,0.1.1,ef66ed9,hash,f4.bin,hash,0.622791,1048576,,,blake3
1,11,2026-03-11T12:24:03.49468Z,elea,0.1.1,ef66ed9,hash,f5.bin,hash,0.614167,1048576,,,blake3
1,11,2026-03-11T12:24:03.494637Z,elea,0.1.1,ef66ed9,hash,f2.bin,hash,0.622458,1048576,,,blake3
1,11,2026-03-11T12:24:03.494668Z,elea,0.1.1,ef66ed9,hash,f3.bin,hash,0.63025,1048576,,,blake3
1,11,2026-03-11T12:24:03.49463Z,elea,0.1.1,ef66ed9,hash,f1.bin,hash,0.612584,1048576,,,blake3
1,11,2026-03-11T12:24:03.500711Z,elea,0.1.1,ef66ed9,add,f5.bin,backend_store,4.52175,1048576,,Zstd,blake3
1,11,2026-03-11T12:24:03.500761Z,elea,0.1.1,ef66ed9,add,f1.bin,backend_store,4.510125,1048576,,Zstd,blake3
1,11,2026-03-11T12:24:03.500991Z,elea,0.1.1,ef66ed9,add,f1.bin,add_file_total,6.998,1048576,,Zstd,blake3
1,11,2026-03-11T12:24:03.501045Z,elea,0.1.1,ef66ed9,add,f4.bin,backend_store,4.891084,1048576,,Zstd,blake3
1,11,2026-03-11T12:24:03.501071Z,elea,0.1.1,ef66ed9,add,f3.bin,backend_store,4.835,1048576,,Zstd,blake3
1,11,2026-03-11T12:24:03.501186Z,elea,0.1.1,ef66ed9,add,f5.bin,add_file_total,7.192083,1048576,,Zstd,blake3
1,11,2026-03-11T12:24:03.501272Z,elea,0.1.1,ef66ed9,add,f2.bin,backend_store,5.06475,1048576,,Zstd,blake3
1,11,2026-03-11T12:24:03.501283Z,elea,0.1.1,ef66ed9,add,f4.bin,add_file_total,7.287083,1048576,,Zstd,blake3
1,11,2026-03-11T12:24:03.501324Z,elea,0.1.1,ef66ed9,add,f3.bin,add_file_total,7.314417,1048576,,Zstd,blake3
1,11,2026-03-11T12:24:03.501403Z,elea,0.1.1,ef66ed9,add,f2.bin,add_file_total,7.437666,1048576,,Zstd,blake3
1,11,2026-03-11T12:24:03.501453Z,elea,0.1.1,ef66ed9,add,,add_total,7.513458,,5,Zstd,blake3
1,12,2026-03-11T12:24:03.53657Z,elea,0.1.1,ef66ed9,hash,f2.bin,hash,0.606917,1048576,,,blake3
1,12,2026-03-11T12:24:03.536586Z,elea,0.1.1,ef66ed9,hash,f1.bin,hash,0.560292,1048576,,,blake3
1,12,2026-03-11T12:24:03.536563Z,elea,0.1.1,ef66ed9,hash,f3.bin,hash,0.608625,1048576,,,blake3
1,12,2026-03-11T12:24:03.53655Z,elea,0.1.1,ef66ed9,hash,f5.bin,hash,0.56925,1048576,,,blake3
1,12,2026-03-11T12:24:03.536579Z,elea,0.1.1,ef66ed9,hash,f4.bin,hash,0.599,1048576,,,blake3
1,12,2026-03-11T12:24:03.540873Z,elea,0.1.1,ef66ed9,add,f2.bin,backend_store,2.713125,1048576,,Zstd,blake3
1,12,2026-03-11T12:24:03.541034Z,elea,0.1.1,ef66ed9,add,f3.bin,backend_store,2.8400830000000004,1048576,,Zstd,blake3
1,12,2026-03-11T12:24:03.541062Z,elea,0.1.1,ef66ed9,add,f2.bin,add_file_total,5.134917,1048576,,Zstd,blake3
1,12,2026-03-11T12:24:03.541087Z,elea,0.1.1,ef66ed9,add,f1.bin,backend_store,2.918458,1048576,,Zstd,blake3
1,12,2026-03-11T12:24:03.541119Z,elea,0.1.1,ef66ed9,add,f4.bin,backend_store,2.880667,1048576,,Zstd,blake3
1,12,2026-03-11T12:24:03.54117Z,elea,0.1.1,ef66ed9,add,f5.bin,backend_store,2.9495,1048576,,Zstd,blake3
1,12,2026-03-11T12:24:03.541388Z,elea,0.1.1,ef66ed9,add,f3.bin,add_file_total,5.478000000000001,1048576,,Zstd,blake3
1,12,2026-03-11T12:24:03.541439Z,elea,0.1.1,ef66ed9,add,f1.bin,add_file_total,5.483459000000001,1048576,,Zstd,blake3
1,12,2026-03-11T12:24:03.541482Z,elea,0.1.1,ef66ed9,add,f4.bin,add_file_total,5.540459,1048576,,Zstd,blake3
1,12,2026-03-11T12:24:03.541523Z,elea,0.1.1,ef66ed9,add,f5.bin,add_file_total,5.568208,1048576,,Zstd,blake3
1,12,2026-03-11T12:24:03.541576Z,elea,0.1.1,ef66ed9,add,,add_total,5.700667,,5,Zstd,blake3
1,13,2026-03-11T12:24:03.575521Z,elea,0.1.1,ef66ed9,hash,f1.bin,hash,0.5966250000000001,1048576,,,blake3
1,13,2026-03-11T12:24:03.575505Z,elea,0.1.1,ef66ed9,hash,f4.bin,hash,0.593166,1048576,,,blake3
1,13,2026-03-11T12:24:03.575513Z,elea,0.1.1,ef66ed9,hash,f5.bin,hash,0.591834,1048576,,,blake3
1,13,2026-03-11T12:24:03.57553Z,elea,0.1.1,ef66ed9,hash,f3.bin,hash,0.5945,1048576,,,blake3
1,13,2026-03-11T12:24:03.575496Z,elea,0.1.1,ef66ed9,hash,f2.bin,hash,0.5982500000000001,1048576,,,blake3
1,13,2026-03-11T12:24:03.579886Z,elea,0.1.1,ef66ed9,add,f1.bin,backend_store,2.914583,1048576,,Zstd,blake3
1,13,2026-03-11T12:24:03.579905Z,elea,0.1.1,ef66ed9,add,f4.bin,backend_store,2.9212499999999997,1048576,,Zstd,blake3
1,13,2026-03-11T12:24:03.57998Z,elea,0.1.1,ef66ed9,add,f5.bin,backend_store,2.973542,1048576,,Zstd,blake3
1,13,2026-03-11T12:24:03.579996Z,elea,0.1.1,ef66ed9,add,f3.bin,backend_store,2.964875,1048576,,Zstd,blake3
1,13,2026-03-11T12:24:03.580031Z,elea,0.1.1,ef66ed9,add,f2.bin,backend_store,2.985834,1048576,,Zstd,blake3
1,13,2026-03-11T12:24:03.580087Z,elea,0.1.1,ef66ed9,add,f1.bin,add_file_total,5.203625,1048576,,Zstd,blake3
1,13,2026-03-11T12:24:03.580307Z,elea,0.1.1,ef66ed9,add,f5.bin,add_file_total,5.424667,1048576,,Zstd,blake3
1,13,2026-03-11T12:24:03.580352Z,elea,0.1.1,ef66ed9,add,f4.bin,add_file_total,5.469208,1048576,,Zstd,blake3
1,13,2026-03-11T12:24:03.580395Z,elea,0.1.1,ef66ed9,add,f3.bin,add_file_total,5.511084,1048576,,Zstd,blake3
1,13,2026-03-11T12:24:03.580431Z,elea,0.1.1,ef66ed9,add,f2.bin,add_file_total,5.573041,1048576,,Zstd,blake3
1,13,2026-03-11T12:24:03.580472Z,elea,0.1.1,ef66ed9,add,,add_total,5.645958,,5,Zstd,blake3
1,14,2026-03-11T12:24:03.615634Z,elea,0.1.1,ef66ed9,hash,f1.bin,hash,0.677416,1048576,,,blake3
1,14,2026-03-11T12:24:03.615717Z,elea,0.1.1,ef66ed9,hash,f5.bin,hash,0.744209,1048576,,,blake3
1,14,2026-03-11T12:24:03.615585Z,elea,0.1.1,ef66ed9,hash,f2.bin,hash,0.619375,1048576,,,blake3
1,14,2026-03-11T12:24:03.615551Z,elea,0.1.1,ef66ed9,hash,f3.bin,hash,0.602833,1048576,,,blake3
1,14,2026-03-11T12:24:03.61554Z,elea,0.1.1,ef66ed9,hash,f4.bin,hash,0.602042,1048576,,,blake3
1,14,2026-03-11T12:24:03.620338Z,elea,0.1.1,ef66ed9,add,f2.bin,backend_store,3.381667,1048576,,Zstd,blake3
1,14,2026-03-11T12:24:03.620346Z,elea,0.1.1,ef66ed9,add,f5.bin,backend_store,3.415416,1048576,,Zstd,blake3
1,14,2026-03-11T12:24:03.620357Z,elea,0.1.1,ef66ed9,add,f4.bin,backend_store,3.365542,1048576,,Zstd,blake3
1,14,2026-03-11T12:24:03.620376Z,elea,0.1.1,ef66ed9,add,f3.bin,backend_store,3.401958,1048576,,Zstd,blake3
1,14,2026-03-11T12:24:03.620399Z,elea,0.1.1,ef66ed9,add,f1.bin,backend_store,3.496458,1048576,,Zstd,blake3
1,14,2026-03-11T12:24:03.620532Z,elea,0.1.1,ef66ed9,add,f4.bin,add_file_total,5.627417,1048576,,Zstd,blake3
1,14,2026-03-11T12:24:03.620745Z,elea,0.1.1,ef66ed9,add,f3.bin,add_file_total,5.839958,1048576,,Zstd,blake3
1,14,2026-03-11T12:24:03.620789Z,elea,0.1.1,ef66ed9,add,f2.bin,add_file_total,5.877583,1048576,,Zstd,blake3
1,14,2026-03-11T12:24:03.62083Z,elea,0.1.1,ef66ed9,add,f5.bin,add_file_total,5.918333,1048576,,Zstd,blake3
1,14,2026-03-11T12:24:03.620869Z,elea,0.1.1,ef66ed9,add,f1.bin,add_file_total,5.959292,1048576,,Zstd,blake3
1,14,2026-03-11T12:24:03.620923Z,elea,0.1.1,ef66ed9,add,,add_total,6.0592500000000005,,5,Zstd,blake3
1,15,2026-03-11T12:24:03.65759Z,elea,0.1.1,ef66ed9,hash,f4.bin,hash,0.600958,1048576,,,blake3
1,15,2026-03-11T12:24:03.657649Z,elea,0.1.1,ef66ed9,hash,f3.bin,hash,0.5740409999999999,1048576,,,blake3
1,15,2026-03-11T12:24:03.657581Z,elea,0.1.1,ef66ed9,hash,f2.bin,hash,0.608583,1048576,,,blake3
1,15,2026-03-11T12:24:03.657598Z,elea,0.1.1,ef66ed9,hash,f1.bin,hash,0.603834,1048576,,,blake3
1,15,2026-03-11T12:24:03.657561Z,elea,0.1.1,ef66ed9,hash,f5.bin,hash,0.603917,1048576,,,blake3
1,15,2026-03-11T12:24:03.662195Z,elea,0.1.1,ef66ed9,add,f4.bin,backend_store,3.018667,1048576,,Zstd,blake3
1,15,2026-03-11T12:24:03.662243Z,elea,0.1.1,ef66ed9,add,f3.bin,backend_store,3.05175,1048576,,Zstd,blake3
1,15,2026-03-11T12:24:03.662284Z,elea,0.1.1,ef66ed9,add,f1.bin,backend_store,2.9671250000000002,1048576,,Zstd,blake3
1,15,2026-03-11T12:24:03.662316Z,elea,0.1.1,ef66ed9,add,f2.bin,backend_store,3.0885830000000003,1048576,,Zstd,blake3
1,15,2026-03-11T12:24:03.66234Z,elea,0.1.1,ef66ed9,add,f5.bin,backend_store,3.04575,1048576,,Zstd,blake3
1,15,2026-03-11T12:24:03.662365Z,elea,0.1.1,ef66ed9,add,f4.bin,add_file_total,5.4248330000000005,1048576,,Zstd,blake3
1,15,2026-03-11T12:24:03.662622Z,elea,0.1.1,ef66ed9,add,f3.bin,add_file_total,5.674833,1048576,,Zstd,blake3
1,15,2026-03-11T12:24:03.662675Z,elea,0.1.1,ef66ed9,add,f1.bin,add_file_total,5.733417,1048576,,Zstd,blake3
1,15,2026-03-11T12:24:03.662713Z,elea,0.1.1,ef66ed9,add,f2.bin,add_file_total,5.782042000000001,1048576,,Zstd,blake3
1,15,2026-03-11T12:24:03.662768Z,elea,0.1.1,ef66ed9,add,f5.bin,add_file_total,5.853167,1048576,,Zstd,blake3
1,15,2026-03-11T12:24:03.662816Z,elea,0.1.1,ef66ed9,add,,add_total,5.935583,,5,Zstd,blake3
1,16,2026-03-11T12:24:03.718971Z,elea,0.1.1,ef66ed9,hash,f2.bin,hash,0.794625,1048576,,,blake3
1,16,2026-03-11T12:24:03.718714Z,elea,0.1.1,ef66ed9,hash,f4.bin,hash,0.6212080000000001,1048576,,,blake3
1,16,2026-03-11T12:24:03.718691Z,elea,0.1.1,ef66ed9,hash,f5.bin,hash,0.610792,1048576,,,blake3
1,16,2026-03-11T12:24:03.718926Z,elea,0.1.1,ef66ed9,hash,f3.bin,hash,0.7975840000000001,1048576,,,blake3
1,16,2026-03-11T12:24:03.718679Z,elea,0.1.1,ef66ed9,hash,f1.bin,hash,0.618417,1048576,,,blake3
1,16,2026-03-11T12:24:03.723288Z,elea,0.1.1,ef66ed9,add,f2.bin,backend_store,2.4943750000000002,1048576,,Zstd,blake3
1,16,2026-03-11T12:24:03.724931Z,elea,0.1.1,ef66ed9,add,f2.bin,add_file_total,6.769709,1048576,,Zstd,blake3
1,16,2026-03-11T12:24:03.725588Z,elea,0.1.1,ef66ed9,add,f5.bin,backend_store,2.802708,1048576,,Zstd,blake3
1,16,2026-03-11T12:24:03.72573Z,elea,0.1.1,ef66ed9,add,f5.bin,add_file_total,7.710041,1048576,,Zstd,blake3
1,16,2026-03-11T12:24:03.725793Z,elea,0.1.1,ef66ed9,add,f3.bin,backend_store,1.413083,1048576,,Zstd,blake3
1,16,2026-03-11T12:24:03.726549Z,elea,0.1.1,ef66ed9,add,f3.bin,add_file_total,8.52575,1048576,,Zstd,blake3
1,16,2026-03-11T12:24:03.726659Z,elea,0.1.1,ef66ed9,add,f4.bin,backend_store,4.894958,1048576,,Zstd,blake3
1,16,2026-03-11T12:24:03.726811Z,elea,0.1.1,ef66ed9,add,f4.bin,add_file_total,8.744458999999999,1048576,,Zstd,blake3
1,16,2026-03-11T12:24:03.727302Z,elea,0.1.1,ef66ed9,add,f1.bin,backend_store,1.783209,1048576,,Zstd,blake3
1,16,2026-03-11T12:24:03.72745Z,elea,0.1.1,ef66ed9,add,f1.bin,add_file_total,9.433667,1048576,,Zstd,blake3
1,16,2026-03-11T12:24:03.727507Z,elea,0.1.1,ef66ed9,add,,add_total,9.530209,,5,Zstd,blake3
1,17,2026-03-11T12:24:03.768355Z,elea,0.1.1,ef66ed9,hash,f2.bin,hash,0.612834,1048576,,,blake3
1,17,2026-03-11T12:24:03.768367Z,elea,0.1.1,ef66ed9,hash,f5.bin,hash,0.619625,1048576,,,blake3
1,17,2026-03-11T12:24:03.768392Z,elea,0.1.1,ef66ed9,hash,f3.bin,hash,0.6180829999999999,1048576,,,blake3
1,17,2026-03-11T12:24:03.768347Z,elea,0.1.1,ef66ed9,hash,f4.bin,hash,0.614958,1048576,,,blake3
1,17,2026-03-11T12:24:03.768335Z,elea,0.1.1,ef66ed9,hash,f1.bin,hash,0.615375,1048576,,,blake3
1,17,2026-03-11T12:24:03.772966Z,elea,0.1.1,ef66ed9,add,f5.bin,backend_store,3.1180000000000003,1048576,,Zstd,blake3
1,17,2026-03-11T12:24:03.772996Z,elea,0.1.1,ef66ed9,add,f2.bin,backend_store,3.1654999999999998,1048576,,Zstd,blake3
1,17,2026-03-11T12:24:03.773039Z,elea,0.1.1,ef66ed9,add,f4.bin,backend_store,3.142,1048576,,Zstd,blake3
1,17,2026-03-11T12:24:03.773069Z,elea,0.1.1,ef66ed9,add,f1.bin,backend_store,3.0768750000000002,1048576,,Zstd,blake3
1,17,2026-03-11T12:24:03.773081Z,elea,0.1.1,ef66ed9,add,f3.bin,backend_store,3.2125410000000003,1048576,,Zstd,blake3
1,17,2026-03-11T12:24:03.773212Z,elea,0.1.1,ef66ed9,add,f4.bin,add_file_total,5.503291000000001,1048576,,Zstd,blake3
1,17,2026-03-11T12:24:03.773348Z,elea,0.1.1,ef66ed9,add,f2.bin,add_file_total,5.623292,1048576,,Zstd,blake3
1,17,2026-03-11T12:24:03.773379Z,elea,0.1.1,ef66ed9,add,f5.bin,add_file_total,5.668875,1048576,,Zstd,blake3
1,17,2026-03-11T12:24:03.773411Z,elea,0.1.1,ef66ed9,add,f1.bin,add_file_total,5.725957999999999,1048576,,Zstd,blake3
1,17,2026-03-11T12:24:03.773438Z,elea,0.1.1,ef66ed9,add,f3.bin,add_file_total,5.729958,1048576,,Zstd,blake3
1,17,2026-03-11T12:24:03.773486Z,elea,0.1.1,ef66ed9,add,,add_total,5.832166,,5,Zstd,blake3
1,18,2026-03-11T12:24:03.810887Z,elea,0.1.1,ef66ed9,hash,f2.bin,hash,0.610667,1048576,,,blake3
1,18,2026-03-11T12:24:03.810894Z,elea,0.1.1,ef66ed9,hash,f1.bin,hash,0.6303329999999999,1048576,,,blake3
1,18,2026-03-11T12:24:03.810878Z,elea,0.1.1,ef66ed9,hash,f3.bin,hash,0.620125,1048576,,,blake3
1,18,2026-03-11T12:24:03.810869Z,elea,0.1.1,ef66ed9,hash,f5.bin,hash,0.599584,1048576,,,blake3
1,18,2026-03-11T12:24:03.810854Z,elea,0.1.1,ef66ed9,hash,f4.bin,hash,0.573375,1048576,,,blake3
1,18,2026-03-11T12:24:03.816046Z,elea,0.1.1,ef66ed9,add,f2.bin,backend_store,3.650958,1048576,,Zstd,blake3
1,18,2026-03-11T12:24:03.816083Z,elea,0.1.1,ef66ed9,add,f1.bin,backend_store,3.681416,1048576,,Zstd,blake3
1,18,2026-03-11T12:24:03.816131Z,elea,0.1.1,ef66ed9,add,f5.bin,backend_store,3.638125,1048576,,Zstd,blake3
1,18,2026-03-11T12:24:03.816288Z,elea,0.1.1,ef66ed9,add,f1.bin,add_file_total,6.072,1048576,,Zstd,blake3
1,18,2026-03-11T12:24:03.816306Z,elea,0.1.1,ef66ed9,add,f4.bin,backend_store,3.7977499999999997,1048576,,Zstd,blake3
1,18,2026-03-11T12:24:03.816326Z,elea,0.1.1,ef66ed9,add,f3.bin,backend_store,3.901292,1048576,,Zstd,blake3
1,18,2026-03-11T12:24:03.816447Z,elea,0.1.1,ef66ed9,add,f5.bin,add_file_total,6.2277499999999995,1048576,,Zstd,blake3
1,18,2026-03-11T12:24:03.816484Z,elea,0.1.1,ef66ed9,add,f2.bin,add_file_total,6.270834000000001,1048576,,Zstd,blake3
1,18,2026-03-11T12:24:03.816513Z,elea,0.1.1,ef66ed9,add,f4.bin,add_file_total,6.282,1048576,,Zstd,blake3
1,18,2026-03-11T12:24:03.816544Z,elea,0.1.1,ef66ed9,add,f3.bin,add_file_total,6.348583,1048576,,Zstd,blake3
1,18,2026-03-11T12:24:03.816587Z,elea,0.1.1,ef66ed9,add,,add_total,6.41375,,5,Zstd,blake3
1,19,2026-03-11T12:24:03.851361Z,elea,0.1.1,ef66ed9,hash,f1.bin,hash,0.600042,1048576,,,blake3
1,19,2026-03-11T12:24:03.851372Z,elea,0.1.1,ef66ed9,hash,f2.bin,hash,0.60175,1048576,,,blake3
1,19,2026-03-11T12:24:03.851391Z,elea,0.1.1,ef66ed9,hash,f3.bin,hash,0.6044579999999999,1048576,,,blake3
1,19,2026-03-11T12:24:03.851381Z,elea,0.1.1,ef66ed9,hash,f5.bin,hash,0.592958,1048576,,,blake3
1,19,2026-03-11T12:24:03.851351Z,elea,0.1.1,ef66ed9,hash,f4.bin,hash,0.59775,1048576,,,blake3
1,19,2026-03-11T12:24:03.855281Z,elea,0.1.1,ef66ed9,add,f1.bin,backend_store,2.5438330000000002,1048576,,Zstd,blake3
1,19,2026-03-11T12:24:03.855458Z,elea,0.1.1,ef66ed9,add,f2.bin,backend_store,2.697583,1048576,,Zstd,blake3
1,19,2026-03-11T12:24:03.855484Z,elea,0.1.1,ef66ed9,add,f1.bin,add_file_total,4.733833,1048576,,Zstd,blake3
1,19,2026-03-11T12:24:03.85563Z,elea,0.1.1,ef66ed9,add,f2.bin,add_file_total,4.886958,1048576,,Zstd,blake3
1,19,2026-03-11T12:24:03.855761Z,elea,0.1.1,ef66ed9,add,f3.bin,backend_store,2.993875,1048576,,Zstd,blake3
1,19,2026-03-11T12:24:03.855799Z,elea,0.1.1,ef66ed9,add,f4.bin,backend_store,2.985792,1048576,,Zstd,blake3
1,19,2026-03-11T12:24:03.855811Z,elea,0.1.1,ef66ed9,add,f5.bin,backend_store,3.024167,1048576,,Zstd,blake3
1,19,2026-03-11T12:24:03.8559Z,elea,0.1.1,ef66ed9,add,f3.bin,add_file_total,5.156333,1048576,,Zstd,blake3
1,19,2026-03-11T12:24:03.856017Z,elea,0.1.1,ef66ed9,add,f4.bin,add_file_total,5.295208,1048576,,Zstd,blake3
1,19,2026-03-11T12:24:03.856052Z,elea,0.1.1,ef66ed9,add,f5.bin,add_file_total,5.313292,1048576,,Zstd,blake3
1,19,2026-03-11T12:24:03.8561Z,elea,0.1.1,ef66ed9,add,,add_total,5.4102500000000004,,5,Zstd,blake3
1,20,2026-03-11T12:24:03.890126Z,elea,0.1.1,ef66ed9,hash,f1.bin,hash,0.594959,1048576,,,blake3
1,20,2026-03-11T12:24:03.890133Z,elea,0.1.1,ef66ed9,hash,f2.bin,hash,0.5966670000000001,1048576,,,blake3
1,20,2026-03-11T12:24:03.890149Z,elea,0.1.1,ef66ed9,hash,f4.bin,hash,0.598583,1048576,,,blake3
1,20,2026-03-11T12:24:03.890111Z,elea,0.1.1,ef66ed9,hash,f5.bin,hash,0.600167,1048576,,,blake3
1,20,2026-03-11T12:24:03.890141Z,elea,0.1.1,ef66ed9,hash,f3.bin,hash,0.5994579999999999,1048576,,,blake3
1,20,2026-03-11T12:24:03.89446Z,elea,0.1.1,ef66ed9,add,f5.bin,backend_store,2.9228750000000003,1048576,,Zstd,blake3
1,20,2026-03-11T12:24:03.894579Z,elea,0.1.1,ef66ed9,add,f4.bin,backend_store,3.023542,1048576,,Zstd,blake3
1,20,2026-03-11T12:24:03.894624Z,elea,0.1.1,ef66ed9,add,f1.bin,backend_store,3.1029999999999998,1048576,,Zstd,blake3
1,20,2026-03-11T12:24:03.894647Z,elea,0.1.1,ef66ed9,add,f3.bin,backend_store,3.0655,1048576,,Zstd,blake3
1,20,2026-03-11T12:24:03.894663Z,elea,0.1.1,ef66ed9,add,f2.bin,backend_store,3.0575,1048576,,Zstd,blake3
1,20,2026-03-11T12:24:03.89469Z,elea,0.1.1,ef66ed9,add,f5.bin,add_file_total,5.217875,1048576,,Zstd,blake3
1,20,2026-03-11T12:24:03.894891Z,elea,0.1.1,ef66ed9,add,f4.bin,add_file_total,5.398167,1048576,,Zstd,blake3
1,20,2026-03-11T12:24:03.894941Z,elea,0.1.1,ef66ed9,add,f1.bin,add_file_total,5.452542,1048576,,Zstd,blake3
1,20,2026-03-11T12:24:03.89498Z,elea,0.1.1,ef66ed9,add,f3.bin,add_file_total,5.490292,1048576,,Zstd,blake3
1,20,2026-03-11T12:24:03.895014Z,elea,0.1.1,ef66ed9,add,f2.bin,add_file_total,5.523083,1048576,,Zstd,blake3
1,20,2026-03-11T12:24:03.895078Z,elea,0.1.1,ef66ed9,add,,add_total,5.638084,,5,Zstd,blake3
1,21,2026-03-11T12:24:03.93023Z,elea,0.1.1,ef66ed9,hash,f3.bin,hash,0.598375,1048576,,,blake3
1,21,2026-03-11T12:24:03.930289Z,elea,0.1.1,ef66ed9,hash,f1.bin,hash,0.67775,1048576,,,blake3
1,21,2026-03-11T12:24:03.930239Z,elea,0.1.1,ef66ed9,hash,f5.bin,hash,0.590875,1048576,,,blake3
1,21,2026-03-11T12:24:03.930261Z,elea,0.1.1,ef66ed9,hash,f2.bin,hash,0.613375,1048576,,,blake3
1,21,2026-03-11T12:24:03.930246Z,elea,0.1.1,ef66ed9,hash,f4.bin,hash,0.608917,1048576,,,blake3
1,21,2026-03-11T12:24:03.934377Z,elea,0.1.1,ef66ed9,add,f3.bin,backend_store,2.672041,1048576,,Zstd,blake3
1,21,2026-03-11T12:24:03.934536Z,elea,0.1.1,ef66ed9,add,f4.bin,backend_store,2.7535,1048576,,Zstd,blake3
1,21,2026-03-11T12:24:03.934546Z,elea,0.1.1,ef66ed9,add,f3.bin,add_file_total,4.9495,1048576,,Zstd,blake3
1,21,2026-03-11T12:24:03.93469Z,elea,0.1.1,ef66ed9,add,f1.bin,backend_store,2.974375,1048576,,Zstd,blake3
1,21,2026-03-11T12:24:03.934704Z,elea,0.1.1,ef66ed9,add,f4.bin,add_file_total,5.10875,1048576,,Zstd,blake3
1,21,2026-03-11T12:24:03.934711Z,elea,0.1.1,ef66ed9,add,f2.bin,backend_store,2.928708,1048576,,Zstd,blake3
1,21,2026-03-11T12:24:03.934829Z,elea,0.1.1,ef66ed9,add,f5.bin,backend_store,3.088916,1048576,,Zstd,blake3
1,21,2026-03-11T12:24:03.934913Z,elea,0.1.1,ef66ed9,add,f1.bin,add_file_total,5.331625000000001,1048576,,Zstd,blake3
1,21,2026-03-11T12:24:03.934946Z,elea,0.1.1,ef66ed9,add,f2.bin,add_file_total,5.346875,1048576,,Zstd,blake3
1,21,2026-03-11T12:24:03.934977Z,elea,0.1.1,ef66ed9,add,f5.bin,add_file_total,5.379459,1048576,,Zstd,blake3
1,21,2026-03-11T12:24:03.935037Z,elea,0.1.1,ef66ed9,add,,add_total,5.493958999999999,,5,Zstd,blake3
1,22,2026-03-11T12:24:03.969617Z,elea,0.1.1,ef66ed9,hash,f2.bin,hash,0.609416,1048576,,,blake3
1,22,2026-03-11T12:24:03.96964Z,elea,0.1.1,ef66ed9,hash,f4.bin,hash,0.602458,1048576,,,blake3
1,22,2026-03-11T12:24:03.96963Z,elea,0.1.1,ef66ed9,hash,f1.bin,hash,0.633792,1048576,,,blake3
1,22,2026-03-11T12:24:03.96965Z,elea,0.1.1,ef66ed9,hash,f3.bin,hash,0.63475,1048576,,,blake3
1,22,2026-03-11T12:24:03.9696Z,elea,0.1.1,ef66ed9,hash,f5.bin,hash,0.603375,1048576,,,blake3
1,22,2026-03-11T12:24:03.97375Z,elea,0.1.1,ef66ed9,add,f4.bin,backend_store,2.7594999999999996,1048576,,Zstd,blake3
1,22,2026-03-11T12:24:03.973898Z,elea,0.1.1,ef66ed9,add,f2.bin,backend_store,2.9265,1048576,,Zstd,blake3
1,22,2026-03-11T12:24:03.973909Z,elea,0.1.1,ef66ed9,add,f4.bin,add_file_total,4.934334000000001,1048576,,Zstd,blake3
1,22,2026-03-11T12:24:03.973955Z,elea,0.1.1,ef66ed9,add,f3.bin,backend_store,2.90625,1048576,,Zstd,blake3
1,22,2026-03-11T12:24:03.973961Z,elea,0.1.1,ef66ed9,add,f5.bin,backend_store,2.8994590000000002,1048576,,Zstd,blake3
1,22,2026-03-11T12:24:03.973975Z,elea,0.1.1,ef66ed9,add,f1.bin,backend_store,2.951416,1048576,,Zstd,blake3
1,22,2026-03-11T12:24:03.974156Z,elea,0.1.1,ef66ed9,add,f2.bin,add_file_total,5.188083,1048576,,Zstd,blake3
1,22,2026-03-11T12:24:03.974191Z,elea,0.1.1,ef66ed9,add,f5.bin,add_file_total,5.223249999999999,1048576,,Zstd,blake3
1,22,2026-03-11T12:24:03.974224Z,elea,0.1.1,ef66ed9,add,f3.bin,add_file_total,5.2514579999999995,1048576,,Zstd,blake3
1,22,2026-03-11T12:24:03.974258Z,elea,0.1.1,ef66ed9,add,f1.bin,add_file_total,5.308917,1048576,,Zstd,blake3
1,22,2026-03-11T12:24:03.974309Z,elea,0.1.1,ef66ed9,add,,add_total,5.382833,,5,Zstd,blake3
1,23,2026-03-11T12:24:04.007893Z,elea,0.1.1,ef66ed9,hash,f4.bin,hash,0.599666,1048576,,,blake3
1,23,2026-03-11T12:24:04.007906Z,elea,0.1.1,ef66ed9,hash,f2.bin,hash,0.603125,1048576,,,blake3
1,23,2026-03-11T12:24:04.007915Z,elea,0.1.1,ef66ed9,hash,f3.bin,hash,0.595458,1048576,,,blake3
1,23,2026-03-11T12:24:04.00793Z,elea,0.1.1,ef66ed9,hash,f5.bin,hash,0.595209,1048576,,,blake3
1,23,2026-03-11T12:24:04.007941Z,elea,0.1.1,ef66ed9,hash,f1.bin,hash,0.6099159999999999,1048576,,,blake3
1,23,2026-03-11T12:24:04.01203Z,elea,0.1.1,ef66ed9,add,f4.bin,backend_store,2.713791,1048576,,Zstd,blake3
1,23,2026-03-11T12:24:04.012234Z,elea,0.1.1,ef66ed9,add,f4.bin,add_file_total,4.980333,1048576,,Zstd,blake3
1,23,2026-03-11T12:24:04.012304Z,elea,0.1.1,ef66ed9,add,f2.bin,backend_store,2.9768749999999997,1048576,,Zstd,blake3
1,23,2026-03-11T12:24:04.01245Z,elea,0.1.1,ef66ed9,add,f5.bin,backend_store,3.0865,1048576,,Zstd,blake3
1,23,2026-03-11T12:24:04.01247Z,elea,0.1.1,ef66ed9,add,f2.bin,add_file_total,5.201875,1048576,,Zstd,blake3
1,23,2026-03-11T12:24:04.012485Z,elea,0.1.1,ef66ed9,add,f1.bin,backend_store,3.099,1048576,,Zstd,blake3
1,23,2026-03-11T12:24:04.012499Z,elea,0.1.1,ef66ed9,add,f3.bin,backend_store,3.1485,1048576,,Zstd,blake3
1,23,2026-03-11T12:24:04.012677Z,elea,0.1.1,ef66ed9,add,f5.bin,add_file_total,5.401375,1048576,,Zstd,blake3
1,23,2026-03-11T12:24:04.012713Z,elea,0.1.1,ef66ed9,add,f1.bin,add_file_total,5.44025,1048576,,Zstd,blake3
1,23,2026-03-11T12:24:04.012747Z,elea,0.1.1,ef66ed9,add,f3.bin,add_file_total,5.475583,1048576,,Zstd,blake3
1,23,2026-03-11T12:24:04.012804Z,elea,0.1.1,ef66ed9,add,,add_total,5.585875,,5,Zstd,blake3
1,24,2026-03-11T12:24:04.049944Z,elea,0.1.1,ef66ed9,hash,f5.bin,hash,0.615291,1048576,,,blake3
1,24,2026-03-11T12:24:04.049994Z,elea,0.1.1,ef66ed9,hash,f2.bin,hash,0.702958,1048576,,,blake3
1,24,2026-03-11T12:24:04.049934Z,elea,0.1.1,ef66ed9,hash,f1.bin,hash,0.633,1048576,,,blake3
1,24,2026-03-11T12:24:04.049981Z,elea,0.1.1,ef66ed9,hash,f4.bin,hash,0.664291,1048576,,,blake3
1,24,2026-03-11T12:24:04.049913Z,elea,0.1.1,ef66ed9,hash,f3.bin,hash,0.623084,1048576,,,blake3
1,24,2026-03-11T12:24:04.055488Z,elea,0.1.1,ef66ed9,add,f2.bin,backend_store,4.072458999999999,1048576,,Zstd,blake3
1,24,2026-03-11T12:24:04.055538Z,elea,0.1.1,ef66ed9,add,f1.bin,backend_store,4.097625,1048576,,Zstd,blake3
1,24,2026-03-11T12:24:04.055552Z,elea,0.1.1,ef66ed9,add,f4.bin,backend_store,4.036166,1048576,,Zstd,blake3
1,24,2026-03-11T12:24:04.055684Z,elea,0.1.1,ef66ed9,add,f2.bin,add_file_total,6.442458,1048576,,Zstd,blake3
1,24,2026-03-11T12:24:04.055718Z,elea,0.1.1,ef66ed9,add,f3.bin,backend_store,4.138833,1048576,,Zstd,blake3
1,24,2026-03-11T12:24:04.055753Z,elea,0.1.1,ef66ed9,add,f5.bin,backend_store,4.345333,1048576,,Zstd,blake3
1,24,2026-03-11T12:24:04.055857Z,elea,0.1.1,ef66ed9,add,f1.bin,add_file_total,6.61025,1048576,,Zstd,blake3
1,24,2026-03-11T12:24:04.055899Z,elea,0.1.1,ef66ed9,add,f4.bin,add_file_total,6.649416,1048576,,Zstd,blake3
1,24,2026-03-11T12:24:04.055939Z,elea,0.1.1,ef66ed9,add,f3.bin,add_file_total,6.696917,1048576,,Zstd,blake3
1,24,2026-03-11T12:24:04.055972Z,elea,0.1.1,ef66ed9,add,f5.bin,add_file_total,6.710541,1048576,,Zstd,blake3
1,24,2026-03-11T12:24:04.05603Z,elea,0.1.1,ef66ed9,add,,add_total,6.8328750000000005,,5,Zstd,blake3
1,25,2026-03-11T12:24:04.092154Z,elea,0.1.1,ef66ed9,hash,f2.bin,hash,0.605833,1048576,,,blake3
1,25,2026-03-11T12:24:04.092162Z,elea,0.1.1,ef66ed9,hash,f5.bin,hash,0.598125,1048576,,,blake3
1,25,2026-03-11T12:24:04.092144Z,elea,0.1.1,ef66ed9,hash,f4.bin,hash,0.594584,1048576,,,blake3
1,25,2026-03-11T12:24:04.092137Z,elea,0.1.1,ef66ed9,hash,f1.bin,hash,0.60025,1048576,,,blake3
1,25,2026-03-11T12:24:04.092125Z,elea,0.1.1,ef66ed9,hash,f3.bin,hash,0.606958,1048576,,,blake3
1,25,2026-03-11T12:24:04.096556Z,elea,0.1.1,ef66ed9,add,f5.bin,backend_store,2.908167,1048576,,Zstd,blake3
1,25,2026-03-11T12:24:04.096558Z,elea,0.1.1,ef66ed9,add,f2.bin,backend_store,2.927458,1048576,,Zstd,blake3
1,25,2026-03-11T12:24:04.096616Z,elea,0.1.1,ef66ed9,add,f4.bin,backend_store,2.949125,1048576,,Zstd,blake3
1,25,2026-03-11T12:24:04.096654Z,elea,0.1.1,ef66ed9,add,f3.bin,backend_store,2.941458,1048576,,Zstd,blake3
1,25,2026-03-11T12:24:04.096667Z,elea,0.1.1,ef66ed9,add,f1.bin,backend_store,2.9762920000000004,1048576,,Zstd,blake3
1,25,2026-03-11T12:24:04.096774Z,elea,0.1.1,ef66ed9,add,f5.bin,add_file_total,5.271750000000001,1048576,,Zstd,blake3
1,25,2026-03-11T12:24:04.096938Z,elea,0.1.1,ef66ed9,add,f4.bin,add_file_total,5.435833000000001,1048576,,Zstd,blake3
1,25,2026-03-11T12:24:04.096981Z,elea,0.1.1,ef66ed9,add,f2.bin,add_file_total,5.479709,1048576,,Zstd,blake3
1,25,2026-03-11T12:24:04.097024Z,elea,0.1.1,ef66ed9,add,f3.bin,add_file_total,5.541708,1048576,,Zstd,blake3
1,25,2026-03-11T12:24:04.097062Z,elea,0.1.1,ef66ed9,add,f1.bin,add_file_total,5.544875,1048576,,Zstd,blake3
1,25,2026-03-11T12:24:04.097115Z,elea,0.1.1,ef66ed9,add,,add_total,5.683584000000001,,5,Zstd,blake3
2,1,2026-03-11T12:24:04.145665Z,elea,0.1.1,ef66ed9,hash,f4.bin,hash,1.159375,2097152,,,blake3
2,1,2026-03-11T12:24:04.145683Z,elea,0.1.1,ef66ed9,hash,f2.bin,hash,1.171667,2097152,,,blake3
2,1,2026-03-11T12:24:04.145657Z,elea,0.1.1,ef66ed9,hash,f5.bin,hash,1.160666,2097152,,,blake3
2,1,2026-03-11T12:24:04.145673Z,elea,0.1.1,ef66ed9,hash,f1.bin,hash,1.172625,2097152,,,blake3
2,1,2026-03-11T12:24:04.145645Z,elea,0.1.1,ef66ed9,hash,f3.bin,hash,1.169958,2097152,,,blake3
2,1,2026-03-11T12:24:04.154653Z,elea,0.1.1,ef66ed9,add,f5.bin,backend_store,7.453542,2097152,,Zstd,blake3
2,1,2026-03-11T12:24:04.15466Z,elea,0.1.1,ef66ed9,add,f4.bin,backend_store,7.50425,2097152,,Zstd,blake3
2,1,2026-03-11T12:24:04.154692Z,elea,0.1.1,ef66ed9,add,f2.bin,backend_store,7.524792,2097152,,Zstd,blake3
2,1,2026-03-11T12:24:04.1549Z,elea,0.1.1,ef66ed9,add,f4.bin,add_file_total,10.445834,2097152,,Zstd,blake3
2,1,2026-03-11T12:24:04.154932Z,elea,0.1.1,ef66ed9,add,f3.bin,backend_store,7.599875,2097152,,Zstd,blake3
2,1,2026-03-11T12:24:04.154971Z,elea,0.1.1,ef66ed9,add,f1.bin,backend_store,7.7601249999999995,2097152,,Zstd,blake3
2,1,2026-03-11T12:24:04.15552Z,elea,0.1.1,ef66ed9,add,f5.bin,add_file_total,11.06575,2097152,,Zstd,blake3
2,1,2026-03-11T12:24:04.155564Z,elea,0.1.1,ef66ed9,add,f2.bin,add_file_total,11.107917,2097152,,Zstd,blake3
2,1,2026-03-11T12:24:04.155601Z,elea,0.1.1,ef66ed9,add,f3.bin,add_file_total,11.163667,2097152,,Zstd,blake3
2,1,2026-03-11T12:24:04.155639Z,elea,0.1.1,ef66ed9,add,f1.bin,add_file_total,11.190792,2097152,,Zstd,blake3
2,1,2026-03-11T12:24:04.155697Z,elea,0.1.1,ef66ed9,add,,add_total,11.29625,,5,Zstd,blake3
2,2,2026-03-11T12:24:04.203194Z,elea,0.1.1,ef66ed9,hash,f4.bin,hash,1.227917,2097152,,,blake3
2,2,2026-03-11T12:24:04.203183Z,elea,0.1.1,ef66ed9,hash,f2.bin,hash,1.24525,2097152,,,blake3
2,2,2026-03-11T12:24:04.203159Z,elea,0.1.1,ef66ed9,hash,f5.bin,hash,1.193916,2097152,,,blake3
2,2,2026-03-11T12:24:04.203203Z,elea,0.1.1,ef66ed9,hash,f1.bin,hash,1.242209,2097152,,,blake3
2,2,2026-03-11T12:24:04.203167Z,elea,0.1.1,ef66ed9,hash,f3.bin,hash,1.186875,2097152,,,blake3
2,2,2026-03-11T12:24:04.20988Z,elea,0.1.1,ef66ed9,add,f2.bin,backend_store,5.122,2097152,,Zstd,blake3
2,2,2026-03-11T12:24:04.209937Z,elea,0.1.1,ef66ed9,add,f4.bin,backend_store,5.19425,2097152,,Zstd,blake3
2,2,2026-03-11T12:24:04.210046Z,elea,0.1.1,ef66ed9,add,f3.bin,backend_store,5.236791,2097152,,Zstd,blake3
2,2,2026-03-11T12:24:04.210096Z,elea,0.1.1,ef66ed9,add,f5.bin,backend_store,5.322792,2097152,,Zstd,blake3
2,2,2026-03-11T12:24:04.210127Z,elea,0.1.1,ef66ed9,add,f2.bin,add_file_total,8.228334,2097152,,Zstd,blake3
2,2,2026-03-11T12:24:04.210248Z,elea,0.1.1,ef66ed9,add,f1.bin,backend_store,5.460292,2097152,,Zstd,blake3
2,2,2026-03-11T12:24:04.210727Z,elea,0.1.1,ef66ed9,add,f4.bin,add_file_total,8.806083,2097152,,Zstd,blake3
2,2,2026-03-11T12:24:04.210808Z,elea,0.1.1,ef66ed9,add,f3.bin,add_file_total,8.882542,2097152,,Zstd,blake3
2,2,2026-03-11T12:24:04.210853Z,elea,0.1.1,ef66ed9,add,f5.bin,add_file_total,8.929083,2097152,,Zstd,blake3
2,2,2026-03-11T12:24:04.210889Z,elea,0.1.1,ef66ed9,add,f1.bin,add_file_total,8.968166,2097152,,Zstd,blake3
2,2,2026-03-11T12:24:04.210939Z,elea,0.1.1,ef66ed9,add,,add_total,9.064834000000001,,5,Zstd,blake3
2,3,2026-03-11T12:24:04.258192Z,elea,0.1.1,ef66ed9,hash,f2.bin,hash,1.1837499999999999,2097152,,,blake3
2,3,2026-03-11T12:24:04.258221Z,elea,0.1.1,ef66ed9,hash,f1.bin,hash,1.1937090000000001,2097152,,,blake3
2,3,2026-03-11T12:24:04.258203Z,elea,0.1.1,ef66ed9,hash,f3.bin,hash,1.185,2097152,,,blake3
2,3,2026-03-11T12:24:04.258186Z,elea,0.1.1,ef66ed9,hash,f5.bin,hash,1.177,2097152,,,blake3
2,3,2026-03-11T12:24:04.258177Z,elea,0.1.1,ef66ed9,hash,f4.bin,hash,1.1848340000000002,2097152,,,blake3
2,3,2026-03-11T12:24:04.265352Z,elea,0.1.1,ef66ed9,add,f1.bin,backend_store,5.8415,2097152,,Zstd,blake3
2,3,2026-03-11T12:24:04.265358Z,elea,0.1.1,ef66ed9,add,f3.bin,backend_store,5.829375000000001,2097152,,Zstd,blake3
2,3,2026-03-11T12:24:04.265413Z,elea,0.1.1,ef66ed9,add,f2.bin,backend_store,5.915583000000001,2097152,,Zstd,blake3
2,3,2026-03-11T12:24:04.265428Z,elea,0.1.1,ef66ed9,add,f5.bin,backend_store,5.861084,2097152,,Zstd,blake3
2,3,2026-03-11T12:24:04.265436Z,elea,0.1.1,ef66ed9,add,f4.bin,backend_store,5.855375,2097152,,Zstd,blake3
2,3,2026-03-11T12:24:04.265543Z,elea,0.1.1,ef66ed9,add,f1.bin,add_file_total,8.562458,2097152,,Zstd,blake3
2,3,2026-03-11T12:24:04.266193Z,elea,0.1.1,ef66ed9,add,f3.bin,add_file_total,9.215417,2097152,,Zstd,blake3
2,3,2026-03-11T12:24:04.266245Z,elea,0.1.1,ef66ed9,add,f2.bin,add_file_total,9.2665,2097152,,Zstd,blake3
2,3,2026-03-11T12:24:04.26629Z,elea,0.1.1,ef66ed9,add,f5.bin,add_file_total,9.313792,2097152,,Zstd,blake3
2,3,2026-03-11T12:24:04.266322Z,elea,0.1.1,ef66ed9,add,f4.bin,add_file_total,9.366583,2097152,,Zstd,blake3
2,3,2026-03-11T12:24:04.266363Z,elea,0.1.1,ef66ed9,add,,add_total,9.431541999999999,,5,Zstd,blake3
2,4,2026-03-11T12:24:04.318889Z,elea,0.1.1,ef66ed9,hash,f1.bin,hash,1.1902080000000002,2097152,,,blake3
2,4,2026-03-11T12:24:04.318912Z,elea,0.1.1,ef66ed9,hash,f4.bin,hash,1.241417,2097152,,,blake3
2,4,2026-03-11T12:24:04.318847Z,elea,0.1.1,ef66ed9,hash,f5.bin,hash,1.171625,2097152,,,blake3
2,4,2026-03-11T12:24:04.318903Z,elea,0.1.1,ef66ed9,hash,f3.bin,hash,1.231334,2097152,,,blake3
2,4,2026-03-11T12:24:04.318812Z,elea,0.1.1,ef66ed9,hash,f2.bin,hash,1.1857499999999999,2097152,,,blake3
2,4,2026-03-11T12:24:04.327056Z,elea,0.1.1,ef66ed9,add,f3.bin,backend_store,6.22975,2097152,,Zstd,blake3
2,4,2026-03-11T12:24:04.327291Z,elea,0.1.1,ef66ed9,add,f5.bin,backend_store,6.493417,2097152,,Zstd,blake3
2,4,2026-03-11T12:24:04.327322Z,elea,0.1.1,ef66ed9,add,f3.bin,add_file_total,9.732875,2097152,,Zstd,blake3
2,4,2026-03-11T12:24:04.327341Z,elea,0.1.1,ef66ed9,add,f1.bin,backend_store,6.597417,2097152,,Zstd,blake3
2,4,2026-03-11T12:24:04.327485Z,elea,0.1.1,ef66ed9,add,f4.bin,backend_store,6.700125000000001,2097152,,Zstd,blake3
2,4,2026-03-11T12:24:04.327507Z,elea,0.1.1,ef66ed9,add,f2.bin,backend_store,6.6562909999999995,2097152,,Zstd,blake3
2,4,2026-03-11T12:24:04.327908Z,elea,0.1.1,ef66ed9,add,f5.bin,add_file_total,10.310458,2097152,,Zstd,blake3
2,4,2026-03-11T12:24:04.328015Z,elea,0.1.1,ef66ed9,add,f1.bin,add_file_total,10.418833000000001,2097152,,Zstd,blake3
2,4,2026-03-11T12:24:04.328074Z,elea,0.1.1,ef66ed9,add,f4.bin,add_file_total,10.4865,2097152,,Zstd,blake3
2,4,2026-03-11T12:24:04.328111Z,elea,0.1.1,ef66ed9,add,f2.bin,add_file_total,10.526333000000001,2097152,,Zstd,blake3
2,4,2026-03-11T12:24:04.328164Z,elea,0.1.1,ef66ed9,add,,add_total,10.637333,,5,Zstd,blake3
2,5,2026-03-11T12:24:04.37903Z,elea,0.1.1,ef66ed9,hash,f2.bin,hash,1.192083,2097152,,,blake3
2,5,2026-03-11T12:24:04.379012Z,elea,0.1.1,ef66ed9,hash,f3.bin,hash,1.190917,2097152,,,blake3
2,5,2026-03-11T12:24:04.378992Z,elea,0.1.1,ef66ed9,hash,f5.bin,hash,1.181708,2097152,,,blake3
2,5,2026-03-11T12:24:04.378979Z,elea,0.1.1,ef66ed9,hash,f1.bin,hash,1.0905,2097152,,,blake3
2,5,2026-03-11T12:24:04.378954Z,elea,0.1.1,ef66ed9,hash,f4.bin,hash,1.0765,2097152,,,blake3
2,5,2026-03-11T12:24:04.3864Z,elea,0.1.1,ef66ed9,add,f2.bin,backend_store,5.826792,2097152,,Zstd,blake3
2,5,2026-03-11T12:24:04.386442Z,elea,0.1.1,ef66ed9,add,f1.bin,backend_store,5.810583,2097152,,Zstd,blake3
2,5,2026-03-11T12:24:04.386482Z,elea,0.1.1,ef66ed9,add,f4.bin,backend_store,5.7383750000000004,2097152,,Zstd,blake3
2,5,2026-03-11T12:24:04.38658Z,elea,0.1.1,ef66ed9,add,f5.bin,backend_store,5.974584,2097152,,Zstd,blake3
2,5,2026-03-11T12:24:04.386602Z,elea,0.1.1,ef66ed9,add,f2.bin,add_file_total,8.821041,2097152,,Zstd,blake3
2,5,2026-03-11T12:24:04.386694Z,elea,0.1.1,ef66ed9,add,f3.bin,backend_store,6.105208,2097152,,Zstd,blake3
2,5,2026-03-11T12:24:04.387317Z,elea,0.1.1,ef66ed9,add,f4.bin,add_file_total,9.525166,2097152,,Zstd,blake3
2,5,2026-03-11T12:24:04.387369Z,elea,0.1.1,ef66ed9,add,f1.bin,add_file_total,9.577291,2097152,,Zstd,blake3
2,5,2026-03-11T12:24:04.387426Z,elea,0.1.1,ef66ed9,add,f5.bin,add_file_total,9.653875,2097152,,Zstd,blake3
2,5,2026-03-11T12:24:04.387458Z,elea,0.1.1,ef66ed9,add,f3.bin,add_file_total,9.677667,2097152,,Zstd,blake3
2,5,2026-03-11T12:24:04.387506Z,elea,0.1.1,ef66ed9,add,,add_total,9.786375,,5,Zstd,blake3
2,6,2026-03-11T12:24:04.434576Z,elea,0.1.1,ef66ed9,hash,f2.bin,hash,1.181417,2097152,,,blake3
2,6,2026-03-11T12:24:04.434584Z,elea,0.1.1,ef66ed9,hash,f4.bin,hash,1.198917,2097152,,,blake3
2,6,2026-03-11T12:24:04.434592Z,elea,0.1.1,ef66ed9,hash,f3.bin,hash,1.187708,2097152,,,blake3
2,6,2026-03-11T12:24:04.434697Z,elea,0.1.1,ef66ed9,hash,f5.bin,hash,1.331292,2097152,,,blake3
2,6,2026-03-11T12:24:04.434563Z,elea,0.1.1,ef66ed9,hash,f1.bin,hash,1.1856250000000002,2097152,,,blake3
2,6,2026-03-11T12:24:04.441896Z,elea,0.1.1,ef66ed9,add,f4.bin,backend_store,5.843959,2097152,,Zstd,blake3
2,6,2026-03-11T12:24:04.44209Z,elea,0.1.1,ef66ed9,add,f4.bin,add_file_total,8.733917,2097152,,Zstd,blake3
2,6,2026-03-11T12:24:04.442185Z,elea,0.1.1,ef66ed9,add,f5.bin,backend_store,6.052375,2097152,,Zstd,blake3
2,6,2026-03-11T12:24:04.442218Z,elea,0.1.1,ef66ed9,add,f3.bin,backend_store,6.1017090000000005,2097152,,Zstd,blake3
2,6,2026-03-11T12:24:04.442241Z,elea,0.1.1,ef66ed9,add,f1.bin,backend_store,6.076333,2097152,,Zstd,blake3
2,6,2026-03-11T12:24:04.442252Z,elea,0.1.1,ef66ed9,add,f2.bin,backend_store,6.216583,2097152,,Zstd,blake3
2,6,2026-03-11T12:24:04.442693Z,elea,0.1.1,ef66ed9,add,f5.bin,add_file_total,9.359375,2097152,,Zstd,blake3
2,6,2026-03-11T12:24:04.442909Z,elea,0.1.1,ef66ed9,add,f3.bin,add_file_total,9.547542,2097152,,Zstd,blake3
2,6,2026-03-11T12:24:04.442951Z,elea,0.1.1,ef66ed9,add,f1.bin,add_file_total,9.594875,2097152,,Zstd,blake3
2,6,2026-03-11T12:24:04.44298Z,elea,0.1.1,ef66ed9,add,f2.bin,add_file_total,9.623166000000001,2097152,,Zstd,blake3
2,6,2026-03-11T12:24:04.443037Z,elea,0.1.1,ef66ed9,add,,add_total,9.726833000000001,,5,Zstd,blake3
2,7,2026-03-11T12:24:04.491462Z,elea,0.1.1,ef66ed9,hash,f2.bin,hash,1.1792090000000002,2097152,,,blake3
2,7,2026-03-11T12:24:04.491453Z,elea,0.1.1,ef66ed9,hash,f3.bin,hash,1.179041,2097152,,,blake3
2,7,2026-03-11T12:24:04.491469Z,elea,0.1.1,ef66ed9,hash,f1.bin,hash,1.1819169999999999,2097152,,,blake3
2,7,2026-03-11T12:24:04.491444Z,elea,0.1.1,ef66ed9,hash,f5.bin,hash,1.164084,2097152,,,blake3
2,7,2026-03-11T12:24:04.491435Z,elea,0.1.1,ef66ed9,hash,f4.bin,hash,1.182375,2097152,,,blake3
2,7,2026-03-11T12:24:04.498364Z,elea,0.1.1,ef66ed9,add,f5.bin,backend_store,5.368625,2097152,,Zstd,blake3
2,7,2026-03-11T12:24:04.49837Z,elea,0.1.1,ef66ed9,add,f2.bin,backend_store,5.431875,2097152,,Zstd,blake3
2,7,2026-03-11T12:24:04.498385Z,elea,0.1.1,ef66ed9,add,f1.bin,backend_store,5.41175,2097152,,Zstd,blake3
2,7,2026-03-11T12:24:04.498467Z,elea,0.1.1,ef66ed9,add,f3.bin,backend_store,5.519083999999999,2097152,,Zstd,blake3
2,7,2026-03-11T12:24:04.498479Z,elea,0.1.1,ef66ed9,add,f4.bin,backend_store,5.463209,2097152,,Zstd,blake3
2,7,2026-03-11T12:24:04.498573Z,elea,0.1.1,ef66ed9,add,f1.bin,add_file_total,8.334542,2097152,,Zstd,blake3
2,7,2026-03-11T12:24:04.499283Z,elea,0.1.1,ef66ed9,add,f5.bin,add_file_total,9.050666000000001,2097152,,Zstd,blake3
2,7,2026-03-11T12:24:04.499324Z,elea,0.1.1,ef66ed9,add,f2.bin,add_file_total,9.085917,2097152,,Zstd,blake3
2,7,2026-03-11T12:24:04.499358Z,elea,0.1.1,ef66ed9,add,f4.bin,add_file_total,9.149083000000001,2097152,,Zstd,blake3
2,7,2026-03-11T12:24:04.499392Z,elea,0.1.1,ef66ed9,add,f3.bin,add_file_total,9.155208,2097152,,Zstd,blake3
2,7,2026-03-11T12:24:04.499445Z,elea,0.1.1,ef66ed9,add,,add_total,9.269708,,5,Zstd,blake3
2,8,2026-03-11T12:24:04.548155Z,elea,0.1.1,ef66ed9,hash,f1.bin,hash,1.1715829999999998,2097152,,,blake3
2,8,2026-03-11T12:24:04.548125Z,elea,0.1.1,ef66ed9,hash,f3.bin,hash,1.173292,2097152,,,blake3
2,8,2026-03-11T12:24:04.548148Z,elea,0.1.1,ef66ed9,hash,f4.bin,hash,1.166083,2097152,,,blake3
2,8,2026-03-11T12:24:04.548139Z,elea,0.1.1,ef66ed9,hash,f2.bin,hash,1.175583,2097152,,,blake3
2,8,2026-03-11T12:24:04.548063Z,elea,0.1.1,ef66ed9,hash,f5.bin,hash,1.061334,2097152,,,blake3
2,8,2026-03-11T12:24:04.555064Z,elea,0.1.1,ef66ed9,add,f3.bin,backend_store,5.379167,2097152,,Zstd,blake3
2,8,2026-03-11T12:24:04.555085Z,elea,0.1.1,ef66ed9,add,f1.bin,backend_store,5.413458,2097152,,Zstd,blake3
2,8,2026-03-11T12:24:04.555311Z,elea,0.1.1,ef66ed9,add,f3.bin,add_file_total,8.408875,2097152,,Zstd,blake3
2,8,2026-03-11T12:24:04.555429Z,elea,0.1.1,ef66ed9,add,f4.bin,backend_store,5.712417,2097152,,Zstd,blake3
2,8,2026-03-11T12:24:04.555469Z,elea,0.1.1,ef66ed9,add,f2.bin,backend_store,5.724082999999999,2097152,,Zstd,blake3
2,8,2026-03-11T12:24:04.555509Z,elea,0.1.1,ef66ed9,add,f5.bin,backend_store,5.670208000000001,2097152,,Zstd,blake3
2,8,2026-03-11T12:24:04.5579Z,elea,0.1.1,ef66ed9,add,f1.bin,add_file_total,10.963208,2097152,,Zstd,blake3
2,8,2026-03-11T12:24:04.557923Z,elea,0.1.1,ef66ed9,add,f5.bin,add_file_total,10.978541,2097152,,Zstd,blake3
2,8,2026-03-11T12:24:04.557959Z,elea,0.1.1,ef66ed9,add,f2.bin,add_file_total,11.031374999999999,2097152,,Zstd,blake3
2,8,2026-03-11T12:24:04.557993Z,elea,0.1.1,ef66ed9,add,f4.bin,add_file_total,11.060166,2097152,,Zstd,blake3
2,8,2026-03-11T12:24:04.558051Z,elea,0.1.1,ef66ed9,add,,add_total,11.173917,,5,Zstd,blake3
2,9,2026-03-11T12:24:04.606069Z,elea,0.1.1,ef66ed9,hash,f1.bin,hash,1.175958,2097152,,,blake3
2,9,2026-03-11T12:24:04.606077Z,elea,0.1.1,ef66ed9,hash,f3.bin,hash,1.171292,2097152,,,blake3
2,9,2026-03-11T12:24:04.606092Z,elea,0.1.1,ef66ed9,hash,f4.bin,hash,1.170834,2097152,,,blake3
2,9,2026-03-11T12:24:04.60606Z,elea,0.1.1,ef66ed9,hash,f5.bin,hash,1.177583,2097152,,,blake3
2,9,2026-03-11T12:24:04.606057Z,elea,0.1.1,ef66ed9,hash,f2.bin,hash,1.185958,2097152,,,blake3
2,9,2026-03-11T12:24:04.613161Z,elea,0.1.1,ef66ed9,add,f3.bin,backend_store,5.4945,2097152,,Zstd,blake3
2,9,2026-03-11T12:24:04.613182Z,elea,0.1.1,ef66ed9,add,f4.bin,backend_store,5.490416,2097152,,Zstd,blake3
2,9,2026-03-11T12:24:04.613219Z,elea,0.1.1,ef66ed9,add,f2.bin,backend_store,5.472290999999999,2097152,,Zstd,blake3
2,9,2026-03-11T12:24:04.613233Z,elea,0.1.1,ef66ed9,add,f5.bin,backend_store,5.515584,2097152,,Zstd,blake3
2,9,2026-03-11T12:24:04.613275Z,elea,0.1.1,ef66ed9,add,f1.bin,backend_store,5.631292,2097152,,Zstd,blake3
2,9,2026-03-11T12:24:04.613385Z,elea,0.1.1,ef66ed9,add,f3.bin,add_file_total,8.546125,2097152,,Zstd,blake3
2,9,2026-03-11T12:24:04.613967Z,elea,0.1.1,ef66ed9,add,f2.bin,add_file_total,9.1385,2097152,,Zstd,blake3
2,9,2026-03-11T12:24:04.614091Z,elea,0.1.1,ef66ed9,add,f4.bin,add_file_total,9.241208,2097152,,Zstd,blake3
2,9,2026-03-11T12:24:04.614127Z,elea,0.1.1,ef66ed9,add,f5.bin,add_file_total,9.290417,2097152,,Zstd,blake3
2,9,2026-03-11T12:24:04.614184Z,elea,0.1.1,ef66ed9,add,f1.bin,add_file_total,9.343917,2097152,,Zstd,blake3
2,9,2026-03-11T12:24:04.614237Z,elea,0.1.1,ef66ed9,add,,add_total,9.444917,,5,Zstd,blake3
2,10,2026-03-11T12:24:04.681544Z,elea,0.1.1,ef66ed9,hash,f5.bin,hash,1.169208,2097152,,,blake3
2,10,2026-03-11T12:24:04.68156Z,elea,0.1.1,ef66ed9,hash,f2.bin,hash,1.1995,2097152,,,blake3
2,10,2026-03-11T12:24:04.681581Z,elea,0.1.1,ef66ed9,hash,f1.bin,hash,1.199333,2097152,,,blake3
2,10,2026-03-11T12:24:04.681553Z,elea,0.1.1,ef66ed9,hash,f3.bin,hash,1.16675,2097152,,,blake3
2,10,2026-03-11T12:24:04.681535Z,elea,0.1.1,ef66ed9,hash,f4.bin,hash,1.1762089999999998,2097152,,,blake3
2,10,2026-03-11T12:24:04.689073Z,elea,0.1.1,ef66ed9,add,f1.bin,backend_store,6.119875,2097152,,Zstd,blake3
2,10,2026-03-11T12:24:04.689087Z,elea,0.1.1,ef66ed9,add,f5.bin,backend_store,6.175708,2097152,,Zstd,blake3
2,10,2026-03-11T12:24:04.689128Z,elea,0.1.1,ef66ed9,add,f3.bin,backend_store,6.148167000000001,2097152,,Zstd,blake3
2,10,2026-03-11T12:24:04.689212Z,elea,0.1.1,ef66ed9,add,f2.bin,backend_store,6.26975,2097152,,Zstd,blake3
2,10,2026-03-11T12:24:04.689224Z,elea,0.1.1,ef66ed9,add,f4.bin,backend_store,6.222167,2097152,,Zstd,blake3
2,10,2026-03-11T12:24:04.689291Z,elea,0.1.1,ef66ed9,add,f3.bin,add_file_total,8.962583,2097152,,Zstd,blake3
2,10,2026-03-11T12:24:04.689985Z,elea,0.1.1,ef66ed9,add,f1.bin,add_file_total,9.651292,2097152,,Zstd,blake3
2,10,2026-03-11T12:24:04.69003Z,elea,0.1.1,ef66ed9,add,f5.bin,add_file_total,9.697209,2097152,,Zstd,blake3
2,10,2026-03-11T12:24:04.690063Z,elea,0.1.1,ef66ed9,add,f2.bin,add_file_total,9.754375,2097152,,Zstd,blake3
2,10,2026-03-11T12:24:04.690098Z,elea,0.1.1,ef66ed9,add,f4.bin,add_file_total,9.782666,2097152,,Zstd,blake3
2,10,2026-03-11T12:24:04.690148Z,elea,0.1.1,ef66ed9,add,,add_total,9.880791,,5,Zstd,blake3
2,11,2026-03-11T12:24:04.738619Z,elea,0.1.1,ef66ed9,hash,f4.bin,hash,1.17675,2097152,,,blake3
2,11,2026-03-11T12:24:04.738552Z,elea,0.1.1,ef66ed9,hash,f1.bin,hash,1.14025,2097152,,,blake3
2,11,2026-03-11T12:24:04.738629Z,elea,0.1.1,ef66ed9,hash,f5.bin,hash,1.177875,2097152,,,blake3
2,11,2026-03-11T12:24:04.738604Z,elea,0.1.1,ef66ed9,hash,f3.bin,hash,1.179583,2097152,,,blake3
2,11,2026-03-11T12:24:04.738612Z,elea,0.1.1,ef66ed9,hash,f2.bin,hash,1.1806670000000001,2097152,,,blake3
2,11,2026-03-11T12:24:04.745461Z,elea,0.1.1,ef66ed9,add,f1.bin,backend_store,5.386208,2097152,,Zstd,blake3
2,11,2026-03-11T12:24:04.745548Z,elea,0.1.1,ef66ed9,add,f4.bin,backend_store,5.4956249999999995,2097152,,Zstd,blake3
2,11,2026-03-11T12:24:04.745606Z,elea,0.1.1,ef66ed9,add,f2.bin,backend_store,5.4745,2097152,,Zstd,blake3
2,11,2026-03-11T12:24:04.745629Z,elea,0.1.1,ef66ed9,add,f5.bin,backend_store,5.530792,2097152,,Zstd,blake3
2,11,2026-03-11T12:24:04.745651Z,elea,0.1.1,ef66ed9,add,f3.bin,backend_store,5.527583,2097152,,Zstd,blake3
2,11,2026-03-11T12:24:04.745727Z,elea,0.1.1,ef66ed9,add,f1.bin,add_file_total,8.353042,2097152,,Zstd,blake3
2,11,2026-03-11T12:24:04.746394Z,elea,0.1.1,ef66ed9,add,f4.bin,add_file_total,8.995583,2097152,,Zstd,blake3
2,11,2026-03-11T12:24:04.746445Z,elea,0.1.1,ef66ed9,add,f2.bin,add_file_total,9.048333000000001,2097152,,Zstd,blake3
2,11,2026-03-11T12:24:04.746487Z,elea,0.1.1,ef66ed9,add,f5.bin,add_file_total,9.075,2097152,,Zstd,blake3
2,11,2026-03-11T12:24:04.746523Z,elea,0.1.1,ef66ed9,add,f3.bin,add_file_total,9.127041,2097152,,Zstd,blake3
2,11,2026-03-11T12:24:04.746571Z,elea,0.1.1,ef66ed9,add,,add_total,9.23375,,5,Zstd,blake3
2,12,2026-03-11T12:24:04.795221Z,elea,0.1.1,ef66ed9,hash,f1.bin,hash,1.179667,2097152,,,blake3
2,12,2026-03-11T12:24:04.795212Z,elea,0.1.1,ef66ed9,hash,f3.bin,hash,1.175084,2097152,,,blake3
2,12,2026-03-11T12:24:04.795203Z,elea,0.1.1,ef66ed9,hash,f5.bin,hash,1.161084,2097152,,,blake3
2,12,2026-03-11T12:24:04.795186Z,elea,0.1.1,ef66ed9,hash,f4.bin,hash,1.1802920000000001,2097152,,,blake3
2,12,2026-03-11T12:24:04.795196Z,elea,0.1.1,ef66ed9,hash,f2.bin,hash,1.1739579999999998,2097152,,,blake3
2,12,2026-03-11T12:24:04.802043Z,elea,0.1.1,ef66ed9,add,f4.bin,backend_store,5.5061659999999994,2097152,,Zstd,blake3
2,12,2026-03-11T12:24:04.802204Z,elea,0.1.1,ef66ed9,add,f1.bin,backend_store,5.682125,2097152,,Zstd,blake3
2,12,2026-03-11T12:24:04.802301Z,elea,0.1.1,ef66ed9,add,f4.bin,add_file_total,8.331417,2097152,,Zstd,blake3
2,12,2026-03-11T12:24:04.80236Z,elea,0.1.1,ef66ed9,add,f1.bin,add_file_total,8.373040999999999,2097152,,Zstd,blake3
2,12,2026-03-11T12:24:04.802547Z,elea,0.1.1,ef66ed9,add,f5.bin,backend_store,5.989625,2097152,,Zstd,blake3
2,12,2026-03-11T12:24:04.802566Z,elea,0.1.1,ef66ed9,add,f2.bin,backend_store,5.972625,2097152,,Zstd,blake3
2,12,2026-03-11T12:24:04.802591Z,elea,0.1.1,ef66ed9,add,f3.bin,backend_store,6.011208,2097152,,Zstd,blake3
2,12,2026-03-11T12:24:04.802672Z,elea,0.1.1,ef66ed9,add,f5.bin,add_file_total,8.684208,2097152,,Zstd,blake3
2,12,2026-03-11T12:24:04.803087Z,elea,0.1.1,ef66ed9,add,f2.bin,add_file_total,9.100583,2097152,,Zstd,blake3
2,12,2026-03-11T12:24:04.803129Z,elea,0.1.1,ef66ed9,add,f3.bin,add_file_total,9.142416,2097152,,Zstd,blake3
2,12,2026-03-11T12:24:04.803184Z,elea,0.1.1,ef66ed9,add,,add_total,9.250458,,5,Zstd,blake3
2,13,2026-03-11T12:24:04.850161Z,elea,0.1.1,ef66ed9,hash,f3.bin,hash,1.1789999999999998,2097152,,,blake3
2,13,2026-03-11T12:24:04.850148Z,elea,0.1.1,ef66ed9,hash,f2.bin,hash,1.1744590000000001,2097152,,,blake3
2,13,2026-03-11T12:24:04.850142Z,elea,0.1.1,ef66ed9,hash,f1.bin,hash,1.1776659999999999,2097152,,,blake3
2,13,2026-03-11T12:24:04.850131Z,elea,0.1.1,ef66ed9,hash,f5.bin,hash,1.168917,2097152,,,blake3
2,13,2026-03-11T12:24:04.850121Z,elea,0.1.1,ef66ed9,hash,f4.bin,hash,1.1724999999999999,2097152,,,blake3
2,13,2026-03-11T12:24:04.857109Z,elea,0.1.1,ef66ed9,add,f2.bin,backend_store,5.291791,2097152,,Zstd,blake3
2,13,2026-03-11T12:24:04.857132Z,elea,0.1.1,ef66ed9,add,f5.bin,backend_store,5.2760419999999995,2097152,,Zstd,blake3
2,13,2026-03-11T12:24:04.857223Z,elea,0.1.1,ef66ed9,add,f4.bin,backend_store,5.3445,2097152,,Zstd,blake3
2,13,2026-03-11T12:24:04.857274Z,elea,0.1.1,ef66ed9,add,f1.bin,backend_store,5.445459,2097152,,Zstd,blake3
2,13,2026-03-11T12:24:04.857282Z,elea,0.1.1,ef66ed9,add,f2.bin,add_file_total,8.351792,2097152,,Zstd,blake3
2,13,2026-03-11T12:24:04.857288Z,elea,0.1.1,ef66ed9,add,f3.bin,backend_store,5.489624999999999,2097152,,Zstd,blake3
2,13,2026-03-11T12:24:04.858045Z,elea,0.1.1,ef66ed9,add,f5.bin,add_file_total,9.121792,2097152,,Zstd,blake3
2,13,2026-03-11T12:24:04.858091Z,elea,0.1.1,ef66ed9,add,f4.bin,add_file_total,9.177375,2097152,,Zstd,blake3
2,13,2026-03-11T12:24:04.858125Z,elea,0.1.1,ef66ed9,add,f1.bin,add_file_total,9.202666,2097152,,Zstd,blake3
2,13,2026-03-11T12:24:04.858159Z,elea,0.1.1,ef66ed9,add,f3.bin,add_file_total,9.233292,2097152,,Zstd,blake3
2,13,2026-03-11T12:24:04.858213Z,elea,0.1.1,ef66ed9,add,,add_total,9.336584,,5,Zstd,blake3
2,14,2026-03-11T12:24:04.908427Z,elea,0.1.1,ef66ed9,hash,f5.bin,hash,1.209292,2097152,,,blake3
2,14,2026-03-11T12:24:04.908399Z,elea,0.1.1,ef66ed9,hash,f3.bin,hash,1.15225,2097152,,,blake3
2,14,2026-03-11T12:24:04.90845Z,elea,0.1.1,ef66ed9,hash,f2.bin,hash,1.2143329999999999,2097152,,,blake3
2,14,2026-03-11T12:24:04.908341Z,elea,0.1.1,ef66ed9,hash,f1.bin,hash,1.154667,2097152,,,blake3
2,14,2026-03-11T12:24:04.908441Z,elea,0.1.1,ef66ed9,hash,f4.bin,hash,1.230709,2097152,,,blake3
2,14,2026-03-11T12:24:04.917337Z,elea,0.1.1,ef66ed9,add,f5.bin,backend_store,7.285,2097152,,Zstd,blake3
2,14,2026-03-11T12:24:04.917555Z,elea,0.1.1,ef66ed9,add,f1.bin,backend_store,7.4127089999999995,2097152,,Zstd,blake3
2,14,2026-03-11T12:24:04.917667Z,elea,0.1.1,ef66ed9,add,f5.bin,add_file_total,10.503874999999999,2097152,,Zstd,blake3
2,14,2026-03-11T12:24:04.917768Z,elea,0.1.1,ef66ed9,add,f3.bin,backend_store,7.70125,2097152,,Zstd,blake3
2,14,2026-03-11T12:24:04.917796Z,elea,0.1.1,ef66ed9,add,f4.bin,backend_store,7.640041999999999,2097152,,Zstd,blake3
2,14,2026-03-11T12:24:04.917912Z,elea,0.1.1,ef66ed9,add,f2.bin,backend_store,7.807459,2097152,,Zstd,blake3
2,14,2026-03-11T12:24:04.918049Z,elea,0.1.1,ef66ed9,add,f1.bin,add_file_total,10.90125,2097152,,Zstd,blake3
2,14,2026-03-11T12:24:04.918264Z,elea,0.1.1,ef66ed9,add,f3.bin,add_file_total,11.100166999999999,2097152,,Zstd,blake3
2,14,2026-03-11T12:24:04.918304Z,elea,0.1.1,ef66ed9,add,f4.bin,add_file_total,11.141875,2097152,,Zstd,blake3
2,14,2026-03-11T12:24:04.91834Z,elea,0.1.1,ef66ed9,add,f2.bin,add_file_total,11.177959,2097152,,Zstd,blake3
2,14,2026-03-11T12:24:04.918388Z,elea,0.1.1,ef66ed9,add,,add_total,11.286,,5,Zstd,blake3
2,15,2026-03-11T12:24:04.995262Z,elea,0.1.1,ef66ed9,hash,f5.bin,hash,1.178,2097152,,,blake3
2,15,2026-03-11T12:24:04.995288Z,elea,0.1.1,ef66ed9,hash,f4.bin,hash,1.174167,2097152,,,blake3
2,15,2026-03-11T12:24:04.995389Z,elea,0.1.1,ef66ed9,hash,f3.bin,hash,1.2675830000000001,2097152,,,blake3
2,15,2026-03-11T12:24:04.995316Z,elea,0.1.1,ef66ed9,hash,f2.bin,hash,1.204542,2097152,,,blake3
2,15,2026-03-11T12:24:04.995296Z,elea,0.1.1,ef66ed9,hash,f1.bin,hash,1.194375,2097152,,,blake3
2,15,2026-03-11T12:24:05.002205Z,elea,0.1.1,ef66ed9,add,f4.bin,backend_store,5.291125,2097152,,Zstd,blake3
2,15,2026-03-11T12:24:05.002439Z,elea,0.1.1,ef66ed9,add,f4.bin,add_file_total,8.357084,2097152,,Zstd,blake3
2,15,2026-03-11T12:24:05.002461Z,elea,0.1.1,ef66ed9,add,f1.bin,backend_store,5.4872499999999995,2097152,,Zstd,blake3
2,15,2026-03-11T12:24:05.002497Z,elea,0.1.1,ef66ed9,add,f2.bin,backend_store,5.539416,2097152,,Zstd,blake3
2,15,2026-03-11T12:24:05.002547Z,elea,0.1.1,ef66ed9,add,f3.bin,backend_store,5.602334,2097152,,Zstd,blake3
2,15,2026-03-11T12:24:05.002575Z,elea,0.1.1,ef66ed9,add,f5.bin,backend_store,5.680083,2097152,,Zstd,blake3
2,15,2026-03-11T12:24:05.003226Z,elea,0.1.1,ef66ed9,add,f1.bin,add_file_total,9.1355,2097152,,Zstd,blake3
2,15,2026-03-11T12:24:05.003278Z,elea,0.1.1,ef66ed9,add,f2.bin,add_file_total,9.207583,2097152,,Zstd,blake3
2,15,2026-03-11T12:24:05.003316Z,elea,0.1.1,ef66ed9,add,f3.bin,add_file_total,9.245834,2097152,,Zstd,blake3
2,15,2026-03-11T12:24:05.003353Z,elea,0.1.1,ef66ed9,add,f5.bin,add_file_total,9.305541999999999,2097152,,Zstd,blake3
2,15,2026-03-11T12:24:05.0034Z,elea,0.1.1,ef66ed9,add,,add_total,9.38275,,5,Zstd,blake3
2,16,2026-03-11T12:24:05.050651Z,elea,0.1.1,ef66ed9,hash,f2.bin,hash,1.182709,2097152,,,blake3
2,16,2026-03-11T12:24:05.050661Z,elea,0.1.1,ef66ed9,hash,f3.bin,hash,1.177167,2097152,,,blake3
2,16,2026-03-11T12:24:05.050632Z,elea,0.1.1,ef66ed9,hash,f1.bin,hash,1.200333,2097152,,,blake3
2,16,2026-03-11T12:24:05.050641Z,elea,0.1.1,ef66ed9,hash,f4.bin,hash,1.1916660000000001,2097152,,,blake3
2,16,2026-03-11T12:24:05.050564Z,elea,0.1.1,ef66ed9,hash,f5.bin,hash,1.085583,2097152,,,blake3
2,16,2026-03-11T12:24:05.05815Z,elea,0.1.1,ef66ed9,add,f3.bin,backend_store,5.8106670000000005,2097152,,Zstd,blake3
2,16,2026-03-11T12:24:05.058164Z,elea,0.1.1,ef66ed9,add,f2.bin,backend_store,5.831417,2097152,,Zstd,blake3
2,16,2026-03-11T12:24:05.058314Z,elea,0.1.1,ef66ed9,add,f4.bin,backend_store,5.913667,2097152,,Zstd,blake3
2,16,2026-03-11T12:24:05.058336Z,elea,0.1.1,ef66ed9,add,f5.bin,backend_store,5.920959,2097152,,Zstd,blake3
2,16,2026-03-11T12:24:05.058347Z,elea,0.1.1,ef66ed9,add,f3.bin,add_file_total,8.934709000000002,2097152,,Zstd,blake3
2,16,2026-03-11T12:24:05.058467Z,elea,0.1.1,ef66ed9,add,f1.bin,backend_store,6.098375,2097152,,Zstd,blake3
2,16,2026-03-11T12:24:05.059126Z,elea,0.1.1,ef66ed9,add,f2.bin,add_file_total,9.705416999999999,2097152,,Zstd,blake3
2,16,2026-03-11T12:24:05.059168Z,elea,0.1.1,ef66ed9,add,f4.bin,add_file_total,9.777542,2097152,,Zstd,blake3
2,16,2026-03-11T12:24:05.059219Z,elea,0.1.1,ef66ed9,add,f5.bin,add_file_total,9.803790999999999,2097152,,Zstd,blake3
2,16,2026-03-11T12:24:05.059276Z,elea,0.1.1,ef66ed9,add,f1.bin,add_file_total,9.890875000000001,2097152,,Zstd,blake3
2,16,2026-03-11T12:24:05.059343Z,elea,0.1.1,ef66ed9,add,,add_total,9.998417,,5,Zstd,blake3
2,17,2026-03-11T12:24:05.107001Z,elea,0.1.1,ef66ed9,hash,f4.bin,hash,1.167834,2097152,,,blake3
2,17,2026-03-11T12:24:05.107009Z,elea,0.1.1,ef66ed9,hash,f1.bin,hash,1.173542,2097152,,,blake3
2,17,2026-03-11T12:24:05.106992Z,elea,0.1.1,ef66ed9,hash,f2.bin,hash,1.18875,2097152,,,blake3
2,17,2026-03-11T12:24:05.106984Z,elea,0.1.1,ef66ed9,hash,f5.bin,hash,1.170166,2097152,,,blake3
2,17,2026-03-11T12:24:05.106976Z,elea,0.1.1,ef66ed9,hash,f3.bin,hash,1.178042,2097152,,,blake3
2,17,2026-03-11T12:24:05.114081Z,elea,0.1.1,ef66ed9,add,f2.bin,backend_store,5.471125000000001,2097152,,Zstd,blake3
2,17,2026-03-11T12:24:05.114082Z,elea,0.1.1,ef66ed9,add,f4.bin,backend_store,5.509125,2097152,,Zstd,blake3
2,17,2026-03-11T12:24:05.114088Z,elea,0.1.1,ef66ed9,add,f3.bin,backend_store,5.420625,2097152,,Zstd,blake3
2,17,2026-03-11T12:24:05.114095Z,elea,0.1.1,ef66ed9,add,f1.bin,backend_store,5.517208,2097152,,Zstd,blake3
2,17,2026-03-11T12:24:05.114129Z,elea,0.1.1,ef66ed9,add,f5.bin,backend_store,5.496667,2097152,,Zstd,blake3
2,17,2026-03-11T12:24:05.114304Z,elea,0.1.1,ef66ed9,add,f4.bin,add_file_total,8.545083,2097152,,Zstd,blake3
2,17,2026-03-11T12:24:05.114962Z,elea,0.1.1,ef66ed9,add,f1.bin,add_file_total,9.198959,2097152,,Zstd,blake3
2,17,2026-03-11T12:24:05.115011Z,elea,0.1.1,ef66ed9,add,f3.bin,add_file_total,9.267375,2097152,,Zstd,blake3
2,17,2026-03-11T12:24:05.115047Z,elea,0.1.1,ef66ed9,add,f2.bin,add_file_total,9.296083,2097152,,Zstd,blake3
2,17,2026-03-11T12:24:05.115088Z,elea,0.1.1,ef66ed9,add,f5.bin,add_file_total,9.327917,2097152,,Zstd,blake3
2,17,2026-03-11T12:24:05.115137Z,elea,0.1.1,ef66ed9,add,,add_total,9.430833,,5,Zstd,blake3
2,18,2026-03-11T12:24:05.162352Z,elea,0.1.1,ef66ed9,hash,f3.bin,hash,1.169167,2097152,,,blake3
2,18,2026-03-11T12:24:05.162369Z,elea,0.1.1,ef66ed9,hash,f4.bin,hash,1.179958,2097152,,,blake3
2,18,2026-03-11T12:24:05.162344Z,elea,0.1.1,ef66ed9,hash,f2.bin,hash,1.1743750000000002,2097152,,,blake3
2,18,2026-03-11T12:24:05.162362Z,elea,0.1.1,ef66ed9,hash,f5.bin,hash,1.163417,2097152,,,blake3
2,18,2026-03-11T12:24:05.162334Z,elea,0.1.1,ef66ed9,hash,f1.bin,hash,1.179208,2097152,,,blake3
2,18,2026-03-11T12:24:05.169299Z,elea,0.1.1,ef66ed9,add,f1.bin,backend_store,5.4633329999999996,2097152,,Zstd,blake3
2,18,2026-03-11T12:24:05.169302Z,elea,0.1.1,ef66ed9,add,f2.bin,backend_store,5.485458,2097152,,Zstd,blake3
2,18,2026-03-11T12:24:05.169324Z,elea,0.1.1,ef66ed9,add,f4.bin,backend_store,5.536333,2097152,,Zstd,blake3
2,18,2026-03-11T12:24:05.169347Z,elea,0.1.1,ef66ed9,add,f5.bin,backend_store,5.502917,2097152,,Zstd,blake3
2,18,2026-03-11T12:24:05.169359Z,elea,0.1.1,ef66ed9,add,f3.bin,backend_store,5.582459,2097152,,Zstd,blake3
2,18,2026-03-11T12:24:05.169521Z,elea,0.1.1,ef66ed9,add,f4.bin,add_file_total,8.394917,2097152,,Zstd,blake3
2,18,2026-03-11T12:24:05.170155Z,elea,0.1.1,ef66ed9,add,f3.bin,add_file_total,9.026,2097152,,Zstd,blake3
2,18,2026-03-11T12:24:05.170198Z,elea,0.1.1,ef66ed9,add,f2.bin,add_file_total,9.070375,2097152,,Zstd,blake3
2,18,2026-03-11T12:24:05.170233Z,elea,0.1.1,ef66ed9,add,f1.bin,add_file_total,9.125417,2097152,,Zstd,blake3
2,18,2026-03-11T12:24:05.170279Z,elea,0.1.1,ef66ed9,add,f5.bin,add_file_total,9.145959,2097152,,Zstd,blake3
2,18,2026-03-11T12:24:05.170338Z,elea,0.1.1,ef66ed9,add,,add_total,9.271583,,5,Zstd,blake3
2,19,2026-03-11T12:24:05.217178Z,elea,0.1.1,ef66ed9,hash,f2.bin,hash,1.184958,2097152,,,blake3
2,19,2026-03-11T12:24:05.217159Z,elea,0.1.1,ef66ed9,hash,f3.bin,hash,1.173042,2097152,,,blake3
2,19,2026-03-11T12:24:05.217185Z,elea,0.1.1,ef66ed9,hash,f1.bin,hash,1.176875,2097152,,,blake3
2,19,2026-03-11T12:24:05.217146Z,elea,0.1.1,ef66ed9,hash,f4.bin,hash,1.1774170000000002,2097152,,,blake3
2,19,2026-03-11T12:24:05.217168Z,elea,0.1.1,ef66ed9,hash,f5.bin,hash,1.1657499999999998,2097152,,,blake3
2,19,2026-03-11T12:24:05.224131Z,elea,0.1.1,ef66ed9,add,f2.bin,backend_store,5.532959,2097152,,Zstd,blake3
2,19,2026-03-11T12:24:05.224136Z,elea,0.1.1,ef66ed9,add,f5.bin,backend_store,5.450625,2097152,,Zstd,blake3
2,19,2026-03-11T12:24:05.224163Z,elea,0.1.1,ef66ed9,add,f3.bin,backend_store,5.5545,2097152,,Zstd,blake3
2,19,2026-03-11T12:24:05.224177Z,elea,0.1.1,ef66ed9,add,f1.bin,backend_store,5.536709,2097152,,Zstd,blake3
2,19,2026-03-11T12:24:05.224351Z,elea,0.1.1,ef66ed9,add,f4.bin,backend_store,5.6987499999999995,2097152,,Zstd,blake3
2,19,2026-03-11T12:24:05.224377Z,elea,0.1.1,ef66ed9,add,f5.bin,add_file_total,8.436124999999999,2097152,,Zstd,blake3
2,19,2026-03-11T12:24:05.225071Z,elea,0.1.1,ef66ed9,add,f2.bin,add_file_total,9.127167,2097152,,Zstd,blake3
2,19,2026-03-11T12:24:05.225131Z,elea,0.1.1,ef66ed9,add,f3.bin,add_file_total,9.202042,2097152,,Zstd,blake3
2,19,2026-03-11T12:24:05.225173Z,elea,0.1.1,ef66ed9,add,f1.bin,add_file_total,9.230208,2097152,,Zstd,blake3
2,19,2026-03-11T12:24:05.225208Z,elea,0.1.1,ef66ed9,add,f4.bin,add_file_total,9.280333,2097152,,Zstd,blake3
2,19,2026-03-11T12:24:05.225255Z,elea,0.1.1,ef66ed9,add,,add_total,9.379666,,5,Zstd,blake3
2,20,2026-03-11T12:24:05.272266Z,elea,0.1.1,ef66ed9,hash,f5.bin,hash,1.1795,2097152,,,blake3
2,20,2026-03-11T12:24:05.272245Z,elea,0.1.1,ef66ed9,hash,f3.bin,hash,1.1684160000000001,2097152,,,blake3
2,20,2026-03-11T12:24:05.272237Z,elea,0.1.1,ef66ed9,hash,f1.bin,hash,1.1701249999999999,2097152,,,blake3
2,20,2026-03-11T12:24:05.272252Z,elea,0.1.1,ef66ed9,hash,f4.bin,hash,1.1743750000000002,2097152,,,blake3
2,20,2026-03-11T12:24:05.272228Z,elea,0.1.1,ef66ed9,hash,f2.bin,hash,1.174958,2097152,,,blake3
2,20,2026-03-11T12:24:05.279013Z,elea,0.1.1,ef66ed9,add,f3.bin,backend_store,5.463792000000001,2097152,,Zstd,blake3
2,20,2026-03-11T12:24:05.279022Z,elea,0.1.1,ef66ed9,add,f2.bin,backend_store,5.410083,2097152,,Zstd,blake3
2,20,2026-03-11T12:24:05.279029Z,elea,0.1.1,ef66ed9,add,f4.bin,backend_store,5.444417,2097152,,Zstd,blake3
2,20,2026-03-11T12:24:05.279039Z,elea,0.1.1,ef66ed9,add,f5.bin,backend_store,5.517708,2097152,,Zstd,blake3
2,20,2026-03-11T12:24:05.279059Z,elea,0.1.1,ef66ed9,add,f1.bin,backend_store,5.490166,2097152,,Zstd,blake3
2,20,2026-03-11T12:24:05.279268Z,elea,0.1.1,ef66ed9,add,f5.bin,add_file_total,8.227583000000001,2097152,,Zstd,blake3
2,20,2026-03-11T12:24:05.279876Z,elea,0.1.1,ef66ed9,add,f3.bin,add_file_total,8.835917,2097152,,Zstd,blake3
2,20,2026-03-11T12:24:05.279926Z,elea,0.1.1,ef66ed9,add,f2.bin,add_file_total,8.909917,2097152,,Zstd,blake3
2,20,2026-03-11T12:24:05.280014Z,elea,0.1.1,ef66ed9,add,f1.bin,add_file_total,8.974667,2097152,,Zstd,blake3
2,20,2026-03-11T12:24:05.280065Z,elea,0.1.1,ef66ed9,add,f4.bin,add_file_total,9.025500000000001,2097152,,Zstd,blake3
2,20,2026-03-11T12:24:05.28012Z,elea,0.1.1,ef66ed9,add,,add_total,9.128792,,5,Zstd,blake3
2,21,2026-03-11T12:24:05.326976Z,elea,0.1.1,ef66ed9,hash,f4.bin,hash,1.166334,2097152,,,blake3
2,21,2026-03-11T12:24:05.326985Z,elea,0.1.1,ef66ed9,hash,f3.bin,hash,1.1680830000000002,2097152,,,blake3
2,21,2026-03-11T12:24:05.326959Z,elea,0.1.1,ef66ed9,hash,f1.bin,hash,1.1800000000000002,2097152,,,blake3
2,21,2026-03-11T12:24:05.326945Z,elea,0.1.1,ef66ed9,hash,f5.bin,hash,1.1695410000000002,2097152,,,blake3
2,21,2026-03-11T12:24:05.326966Z,elea,0.1.1,ef66ed9,hash,f2.bin,hash,1.174292,2097152,,,blake3
2,21,2026-03-11T12:24:05.333819Z,elea,0.1.1,ef66ed9,add,f4.bin,backend_store,5.621709,2097152,,Zstd,blake3
2,21,2026-03-11T12:24:05.333859Z,elea,0.1.1,ef66ed9,add,f3.bin,backend_store,5.605708,2097152,,Zstd,blake3
2,21,2026-03-11T12:24:05.333875Z,elea,0.1.1,ef66ed9,add,f5.bin,backend_store,5.663792,2097152,,Zstd,blake3
2,21,2026-03-11T12:24:05.333882Z,elea,0.1.1,ef66ed9,add,f1.bin,backend_store,5.648834,2097152,,Zstd,blake3
2,21,2026-03-11T12:24:05.333937Z,elea,0.1.1,ef66ed9,add,f2.bin,backend_store,5.65725,2097152,,Zstd,blake3
2,21,2026-03-11T12:24:05.334003Z,elea,0.1.1,ef66ed9,add,f4.bin,add_file_total,8.253542000000001,2097152,,Zstd,blake3
2,21,2026-03-11T12:24:05.334724Z,elea,0.1.1,ef66ed9,add,f3.bin,add_file_total,8.969417,2097152,,Zstd,blake3
2,21,2026-03-11T12:24:05.334772Z,elea,0.1.1,ef66ed9,add,f5.bin,add_file_total,9.024875,2097152,,Zstd,blake3
2,21,2026-03-11T12:24:05.334804Z,elea,0.1.1,ef66ed9,add,f1.bin,add_file_total,9.077208,2097152,,Zstd,blake3
2,21,2026-03-11T12:24:05.334846Z,elea,0.1.1,ef66ed9,add,f2.bin,add_file_total,9.097208,2097152,,Zstd,blake3
2,21,2026-03-11T12:24:05.334908Z,elea,0.1.1,ef66ed9,add,,add_total,9.213875,,5,Zstd,blake3
2,22,2026-03-11T12:24:05.381767Z,elea,0.1.1,ef66ed9,hash,f4.bin,hash,1.1668340000000001,2097152,,,blake3
2,22,2026-03-11T12:24:05.381742Z,elea,0.1.1,ef66ed9,hash,f5.bin,hash,1.167792,2097152,,,blake3
2,22,2026-03-11T12:24:05.38176Z,elea,0.1.1,ef66ed9,hash,f1.bin,hash,1.1655,2097152,,,blake3
2,22,2026-03-11T12:24:05.381751Z,elea,0.1.1,ef66ed9,hash,f2.bin,hash,1.177125,2097152,,,blake3
2,22,2026-03-11T12:24:05.381733Z,elea,0.1.1,ef66ed9,hash,f3.bin,hash,1.1864160000000001,2097152,,,blake3
2,22,2026-03-11T12:24:05.389929Z,elea,0.1.1,ef66ed9,add,f5.bin,backend_store,6.616875,2097152,,Zstd,blake3
2,22,2026-03-11T12:24:05.390062Z,elea,0.1.1,ef66ed9,add,f4.bin,backend_store,6.773333,2097152,,Zstd,blake3
2,22,2026-03-11T12:24:05.390162Z,elea,0.1.1,ef66ed9,add,f5.bin,add_file_total,9.631084,2097152,,Zstd,blake3
2,22,2026-03-11T12:24:05.390226Z,elea,0.1.1,ef66ed9,add,f2.bin,backend_store,6.867083,2097152,,Zstd,blake3
2,22,2026-03-11T12:24:05.390354Z,elea,0.1.1,ef66ed9,add,f4.bin,add_file_total,9.819208,2097152,,Zstd,blake3
2,22,2026-03-11T12:24:05.390396Z,elea,0.1.1,ef66ed9,add,f1.bin,backend_store,7.0638749999999995,2097152,,Zstd,blake3
2,22,2026-03-11T12:24:05.390406Z,elea,0.1.1,ef66ed9,add,f3.bin,backend_store,7.032166999999999,2097152,,Zstd,blake3
2,22,2026-03-11T12:24:05.3908Z,elea,0.1.1,ef66ed9,add,f2.bin,add_file_total,10.269833,2097152,,Zstd,blake3
2,22,2026-03-11T12:24:05.390837Z,elea,0.1.1,ef66ed9,add,f1.bin,add_file_total,10.305541,2097152,,Zstd,blake3
2,22,2026-03-11T12:24:05.390867Z,elea,0.1.1,ef66ed9,add,f3.bin,add_file_total,10.357708,2097152,,Zstd,blake3
2,22,2026-03-11T12:24:05.390918Z,elea,0.1.1,ef66ed9,add,,add_total,10.431417,,5,Zstd,blake3
2,23,2026-03-11T12:24:05.437982Z,elea,0.1.1,ef66ed9,hash,f1.bin,hash,1.2106249999999998,2097152,,,blake3
2,23,2026-03-11T12:24:05.437955Z,elea,0.1.1,ef66ed9,hash,f2.bin,hash,1.204,2097152,,,blake3
2,23,2026-03-11T12:24:05.437919Z,elea,0.1.1,ef66ed9,hash,f4.bin,hash,1.177583,2097152,,,blake3
2,23,2026-03-11T12:24:05.437934Z,elea,0.1.1,ef66ed9,hash,f3.bin,hash,1.171625,2097152,,,blake3
2,23,2026-03-11T12:24:05.437971Z,elea,0.1.1,ef66ed9,hash,f5.bin,hash,1.191875,2097152,,,blake3
2,23,2026-03-11T12:24:05.44576Z,elea,0.1.1,ef66ed9,add,f2.bin,backend_store,6.254916,2097152,,Zstd,blake3
2,23,2026-03-11T12:24:05.445945Z,elea,0.1.1,ef66ed9,add,f2.bin,add_file_total,9.225875,2097152,,Zstd,blake3
2,23,2026-03-11T12:24:05.446132Z,elea,0.1.1,ef66ed9,add,f4.bin,backend_store,6.5944590000000005,2097152,,Zstd,blake3
2,23,2026-03-11T12:24:05.446199Z,elea,0.1.1,ef66ed9,add,f1.bin,backend_store,6.709333,2097152,,Zstd,blake3
2,23,2026-03-11T12:24:05.446233Z,elea,0.1.1,ef66ed9,add,f3.bin,backend_store,6.6495,2097152,,Zstd,blake3
2,23,2026-03-11T12:24:05.446264Z,elea,0.1.1,ef66ed9,add,f4.bin,add_file_total,9.558250000000001,2097152,,Zstd,blake3
2,23,2026-03-11T12:24:05.446275Z,elea,0.1.1,ef66ed9,add,f5.bin,backend_store,6.687625,2097152,,Zstd,blake3
2,23,2026-03-11T12:24:05.44689Z,elea,0.1.1,ef66ed9,add,f1.bin,add_file_total,10.168,2097152,,Zstd,blake3
2,23,2026-03-11T12:24:05.446936Z,elea,0.1.1,ef66ed9,add,f3.bin,add_file_total,10.217459,2097152,,Zstd,blake3
2,23,2026-03-11T12:24:05.446968Z,elea,0.1.1,ef66ed9,add,f5.bin,add_file_total,10.246833,2097152,,Zstd,blake3
2,23,2026-03-11T12:24:05.44702Z,elea,0.1.1,ef66ed9,add,,add_total,10.353416000000001,,5,Zstd,blake3
2,24,2026-03-11T12:24:05.496925Z,elea,0.1.1,ef66ed9,hash,f3.bin,hash,1.104875,2097152,,,blake3
2,24,2026-03-11T12:24:05.497007Z,elea,0.1.1,ef66ed9,hash,f2.bin,hash,1.230375,2097152,,,blake3
2,24,2026-03-11T12:24:05.497025Z,elea,0.1.1,ef66ed9,hash,f4.bin,hash,1.21075,2097152,,,blake3
2,24,2026-03-11T12:24:05.496939Z,elea,0.1.1,ef66ed9,hash,f1.bin,hash,1.093917,2097152,,,blake3
2,24,2026-03-11T12:24:05.497017Z,elea,0.1.1,ef66ed9,hash,f5.bin,hash,1.219208,2097152,,,blake3
2,24,2026-03-11T12:24:05.505163Z,elea,0.1.1,ef66ed9,add,f2.bin,backend_store,6.4450829999999995,2097152,,Zstd,blake3
2,24,2026-03-11T12:24:05.505168Z,elea,0.1.1,ef66ed9,add,f5.bin,backend_store,6.367,2097152,,Zstd,blake3
2,24,2026-03-11T12:24:05.505241Z,elea,0.1.1,ef66ed9,add,f1.bin,backend_store,6.452458,2097152,,Zstd,blake3
2,24,2026-03-11T12:24:05.505257Z,elea,0.1.1,ef66ed9,add,f4.bin,backend_store,6.50625,2097152,,Zstd,blake3
2,24,2026-03-11T12:24:05.505279Z,elea,0.1.1,ef66ed9,add,f3.bin,backend_store,6.571542,2097152,,Zstd,blake3
2,24,2026-03-11T12:24:05.505379Z,elea,0.1.1,ef66ed9,add,f2.bin,add_file_total,9.641250000000001,2097152,,Zstd,blake3
2,24,2026-03-11T12:24:05.505956Z,elea,0.1.1,ef66ed9,add,f5.bin,add_file_total,10.202792,2097152,,Zstd,blake3
2,24,2026-03-11T12:24:05.506075Z,elea,0.1.1,ef66ed9,add,f4.bin,add_file_total,10.308,2097152,,Zstd,blake3
2,24,2026-03-11T12:24:05.506112Z,elea,0.1.1,ef66ed9,add,f3.bin,add_file_total,10.339375,2097152,,Zstd,blake3
2,24,2026-03-11T12:24:05.506147Z,elea,0.1.1,ef66ed9,add,f1.bin,add_file_total,10.37425,2097152,,Zstd,blake3
2,24,2026-03-11T12:24:05.506202Z,elea,0.1.1,ef66ed9,add,,add_total,10.504249999999999,,5,Zstd,blake3
2,25,2026-03-11T12:24:05.559571Z,elea,0.1.1,ef66ed9,hash,f4.bin,hash,1.2355829999999999,2097152,,,blake3
2,25,2026-03-11T12:24:05.559524Z,elea,0.1.1,ef66ed9,hash,f3.bin,hash,1.188042,2097152,,,blake3
2,25,2026-03-11T12:24:05.559592Z,elea,0.1.1,ef66ed9,hash,f2.bin,hash,1.211959,2097152,,,blake3
2,25,2026-03-11T12:24:05.559485Z,elea,0.1.1,ef66ed9,hash,f5.bin,hash,1.184333,2097152,,,blake3
2,25,2026-03-11T12:24:05.559582Z,elea,0.1.1,ef66ed9,hash,f1.bin,hash,1.2007079999999999,2097152,,,blake3
2,25,2026-03-11T12:24:05.569295Z,elea,0.1.1,ef66ed9,add,f3.bin,backend_store,8.148208,2097152,,Zstd,blake3
2,25,2026-03-11T12:24:05.569325Z,elea,0.1.1,ef66ed9,add,f5.bin,backend_store,8.168916999999999,2097152,,Zstd,blake3
2,25,2026-03-11T12:24:05.569613Z,elea,0.1.1,ef66ed9,add,f5.bin,add_file_total,11.346291999999998,2097152,,Zstd,blake3
2,25,2026-03-11T12:24:05.569667Z,elea,0.1.1,ef66ed9,add,f1.bin,backend_store,8.434624999999999,2097152,,Zstd,blake3
2,25,2026-03-11T12:24:05.569714Z,elea,0.1.1,ef66ed9,add,f3.bin,add_file_total,11.439875,2097152,,Zstd,blake3
2,25,2026-03-11T12:24:05.569818Z,elea,0.1.1,ef66ed9,add,f2.bin,backend_store,8.62125,2097152,,Zstd,blake3
2,25,2026-03-11T12:24:05.569831Z,elea,0.1.1,ef66ed9,add,f4.bin,backend_store,8.714542,2097152,,Zstd,blake3
2,25,2026-03-11T12:24:05.570042Z,elea,0.1.1,ef66ed9,add,f1.bin,add_file_total,11.754917,2097152,,Zstd,blake3
2,25,2026-03-11T12:24:05.570156Z,elea,0.1.1,ef66ed9,add,f2.bin,add_file_total,11.876542,2097152,,Zstd,blake3
2,25,2026-03-11T12:24:05.570215Z,elea,0.1.1,ef66ed9,add,f4.bin,add_file_total,11.939667,2097152,,Zstd,blake3
2,25,2026-03-11T12:24:05.570283Z,elea,0.1.1,ef66ed9,add,,add_total,12.067042,,5,Zstd,blake3
5,1,2026-03-11T12:24:05.66274Z,elea,0.1.1,ef66ed9,hash,f4.bin,hash,2.933708,5242880,,,blake3
5,1,2026-03-11T12:24:05.662509Z,elea,0.1.1,ef66ed9,hash,f5.bin,hash,2.718334,5242880,,,blake3
5,1,2026-03-11T12:24:05.66278Z,elea,0.1.1,ef66ed9,hash,f2.bin,hash,2.944333,5242880,,,blake3
5,1,2026-03-11T12:24:05.662772Z,elea,0.1.1,ef66ed9,hash,f3.bin,hash,2.944583,5242880,,,blake3
5,1,2026-03-11T12:24:05.66275Z,elea,0.1.1,ef66ed9,hash,f1.bin,hash,2.924958,5242880,,,blake3
5,1,2026-03-11T12:24:05.678067Z,elea,0.1.1,ef66ed9,add,f3.bin,backend_store,13.378499999999999,5242880,,Zstd,blake3
5,1,2026-03-11T12:24:05.678234Z,elea,0.1.1,ef66ed9,add,f1.bin,backend_store,13.525917,5242880,,Zstd,blake3
5,1,2026-03-11T12:24:05.678248Z,elea,0.1.1,ef66ed9,add,f3.bin,add_file_total,18.486375,5242880,,Zstd,blake3
5,1,2026-03-11T12:24:05.678257Z,elea,0.1.1,ef66ed9,add,f2.bin,backend_store,13.595167,5242880,,Zstd,blake3
5,1,2026-03-11T12:24:05.67827Z,elea,0.1.1,ef66ed9,add,f5.bin,backend_store,13.621708,5242880,,Zstd,blake3
5,1,2026-03-11T12:24:05.678319Z,elea,0.1.1,ef66ed9,add,f4.bin,backend_store,13.6905,5242880,,Zstd,blake3
5,1,2026-03-11T12:24:05.680763Z,elea,0.1.1,ef66ed9,add,f1.bin,add_file_total,21.002959,5242880,,Zstd,blake3
5,1,2026-03-11T12:24:05.680805Z,elea,0.1.1,ef66ed9,add,f2.bin,add_file_total,21.043499999999998,5242880,,Zstd,blake3
5,1,2026-03-11T12:24:05.680858Z,elea,0.1.1,ef66ed9,add,f5.bin,add_file_total,21.105916999999998,5242880,,Zstd,blake3
5,1,2026-03-11T12:24:05.680902Z,elea,0.1.1,ef66ed9,add,f4.bin,add_file_total,21.144875,5242880,,Zstd,blake3
5,1,2026-03-11T12:24:05.680973Z,elea,0.1.1,ef66ed9,add,,add_total,21.255291999999997,,5,Zstd,blake3
5,2,2026-03-11T12:24:05.768565Z,elea,0.1.1,ef66ed9,hash,f3.bin,hash,2.937125,5242880,,,blake3
5,2,2026-03-11T12:24:05.768557Z,elea,0.1.1,ef66ed9,hash,f1.bin,hash,2.916458,5242880,,,blake3
5,2,2026-03-11T12:24:05.768538Z,elea,0.1.1,ef66ed9,hash,f4.bin,hash,2.926167,5242880,,,blake3
5,2,2026-03-11T12:24:05.768724Z,elea,0.1.1,ef66ed9,hash,f5.bin,hash,3.098167,5242880,,,blake3
5,2,2026-03-11T12:24:05.76853Z,elea,0.1.1,ef66ed9,hash,f2.bin,hash,2.913542,5242880,,,blake3
5,2,2026-03-11T12:24:05.78328Z,elea,0.1.1,ef66ed9,add,f5.bin,backend_store,12.7825,5242880,,Zstd,blake3
5,2,2026-03-11T12:24:05.783295Z,elea,0.1.1,ef66ed9,add,f4.bin,backend_store,12.852167,5242880,,Zstd,blake3
5,2,2026-03-11T12:24:05.783324Z,elea,0.1.1,ef66ed9,add,f3.bin,backend_store,12.921999999999999,5242880,,Zstd,blake3
5,2,2026-03-11T12:24:05.783505Z,elea,0.1.1,ef66ed9,add,f5.bin,add_file_total,17.939584,5242880,,Zstd,blake3
5,2,2026-03-11T12:24:05.783628Z,elea,0.1.1,ef66ed9,add,f2.bin,backend_store,13.120792,5242880,,Zstd,blake3
5,2,2026-03-11T12:24:05.783791Z,elea,0.1.1,ef66ed9,add,f1.bin,backend_store,13.371958,5242880,,Zstd,blake3
5,2,2026-03-11T12:24:05.785181Z,elea,0.1.1,ef66ed9,add,f3.bin,add_file_total,19.616000000000003,5242880,,Zstd,blake3
5,2,2026-03-11T12:24:05.785405Z,elea,0.1.1,ef66ed9,add,f4.bin,add_file_total,19.852375,5242880,,Zstd,blake3
5,2,2026-03-11T12:24:05.785855Z,elea,0.1.1,ef66ed9,add,f2.bin,add_file_total,20.290084,5242880,,Zstd,blake3
5,2,2026-03-11T12:24:05.785908Z,elea,0.1.1,ef66ed9,add,f1.bin,add_file_total,20.341624999999997,5242880,,Zstd,blake3
5,2,2026-03-11T12:24:05.785995Z,elea,0.1.1,ef66ed9,add,,add_total,20.489792,,5,Zstd,blake3
5,3,2026-03-11T12:24:05.869593Z,elea,0.1.1,ef66ed9,hash,f1.bin,hash,2.9637919999999998,5242880,,,blake3
5,3,2026-03-11T12:24:05.869552Z,elea,0.1.1,ef66ed9,hash,f2.bin,hash,2.929875,5242880,,,blake3
5,3,2026-03-11T12:24:05.869568Z,elea,0.1.1,ef66ed9,hash,f5.bin,hash,2.924959,5242880,,,blake3
5,3,2026-03-11T12:24:05.869575Z,elea,0.1.1,ef66ed9,hash,f3.bin,hash,2.9616249999999997,5242880,,,blake3
5,3,2026-03-11T12:24:05.869586Z,elea,0.1.1,ef66ed9,hash,f4.bin,hash,2.903334,5242880,,,blake3
5,3,2026-03-11T12:24:05.883986Z,elea,0.1.1,ef66ed9,add,f1.bin,backend_store,12.586041,5242880,,Zstd,blake3
5,3,2026-03-11T12:24:05.884009Z,elea,0.1.1,ef66ed9,add,f3.bin,backend_store,12.541208,5242880,,Zstd,blake3
5,3,2026-03-11T12:24:05.884171Z,elea,0.1.1,ef66ed9,add,f2.bin,backend_store,12.755542,5242880,,Zstd,blake3
5,3,2026-03-11T12:24:05.884249Z,elea,0.1.1,ef66ed9,add,f3.bin,add_file_total,17.683167,5242880,,Zstd,blake3
5,3,2026-03-11T12:24:05.884279Z,elea,0.1.1,ef66ed9,add,f5.bin,backend_store,12.843375,5242880,,Zstd,blake3
5,3,2026-03-11T12:24:05.884438Z,elea,0.1.1,ef66ed9,add,f4.bin,backend_store,12.940708,5242880,,Zstd,blake3
5,3,2026-03-11T12:24:05.886218Z,elea,0.1.1,ef66ed9,add,f1.bin,add_file_total,19.647333,5242880,,Zstd,blake3
5,3,2026-03-11T12:24:05.886565Z,elea,0.1.1,ef66ed9,add,f2.bin,add_file_total,19.999834,5242880,,Zstd,blake3
5,3,2026-03-11T12:24:05.886622Z,elea,0.1.1,ef66ed9,add,f5.bin,add_file_total,20.047875,5242880,,Zstd,blake3
5,3,2026-03-11T12:24:05.88667Z,elea,0.1.1,ef66ed9,add,f4.bin,add_file_total,20.096833,5242880,,Zstd,blake3
5,3,2026-03-11T12:24:05.886743Z,elea,0.1.1,ef66ed9,add,,add_total,20.220833,,5,Zstd,blake3
5,4,2026-03-11T12:24:05.970927Z,elea,0.1.1,ef66ed9,hash,f2.bin,hash,2.913,5242880,,,blake3
5,4,2026-03-11T12:24:05.970888Z,elea,0.1.1,ef66ed9,hash,f5.bin,hash,2.881666,5242880,,,blake3
5,4,2026-03-11T12:24:05.970844Z,elea,0.1.1,ef66ed9,hash,f4.bin,hash,2.839375,5242880,,,blake3
5,4,2026-03-11T12:24:05.970876Z,elea,0.1.1,ef66ed9,hash,f1.bin,hash,2.843375,5242880,,,blake3
5,4,2026-03-11T12:24:05.970946Z,elea,0.1.1,ef66ed9,hash,f3.bin,hash,2.924583,5242880,,,blake3
5,4,2026-03-11T12:24:05.985934Z,elea,0.1.1,ef66ed9,add,f1.bin,backend_store,12.891542000000001,5242880,,Zstd,blake3
5,4,2026-03-11T12:24:05.985949Z,elea,0.1.1,ef66ed9,add,f5.bin,backend_store,12.959458,5242880,,Zstd,blake3
5,4,2026-03-11T12:24:05.985996Z,elea,0.1.1,ef66ed9,add,f3.bin,backend_store,12.926625000000001,5242880,,Zstd,blake3
5,4,2026-03-11T12:24:05.986133Z,elea,0.1.1,ef66ed9,add,f5.bin,add_file_total,18.172542,5242880,,Zstd,blake3
5,4,2026-03-11T12:24:05.98622Z,elea,0.1.1,ef66ed9,add,f4.bin,backend_store,13.199375,5242880,,Zstd,blake3
5,4,2026-03-11T12:24:05.9863Z,elea,0.1.1,ef66ed9,add,f2.bin,backend_store,13.346833,5242880,,Zstd,blake3
5,4,2026-03-11T12:24:05.987976Z,elea,0.1.1,ef66ed9,add,f1.bin,add_file_total,20.002125,5242880,,Zstd,blake3
5,4,2026-03-11T12:24:05.988435Z,elea,0.1.1,ef66ed9,add,f3.bin,add_file_total,20.464708,5242880,,Zstd,blake3
5,4,2026-03-11T12:24:05.988567Z,elea,0.1.1,ef66ed9,add,f4.bin,add_file_total,20.6055,5242880,,Zstd,blake3
5,4,2026-03-11T12:24:05.988612Z,elea,0.1.1,ef66ed9,add,f2.bin,add_file_total,20.643749999999997,5242880,,Zstd,blake3
5,4,2026-03-11T12:24:05.988666Z,elea,0.1.1,ef66ed9,add,,add_total,20.745084000000002,,5,Zstd,blake3
5,5,2026-03-11T12:24:06.074287Z,elea,0.1.1,ef66ed9,hash,f4.bin,hash,2.9198340000000003,5242880,,,blake3
5,5,2026-03-11T12:24:06.074251Z,elea,0.1.1,ef66ed9,hash,f1.bin,hash,2.927833,5242880,,,blake3
5,5,2026-03-11T12:24:06.07426Z,elea,0.1.1,ef66ed9,hash,f2.bin,hash,2.928458,5242880,,,blake3
5,5,2026-03-11T12:24:06.074296Z,elea,0.1.1,ef66ed9,hash,f3.bin,hash,2.930125,5242880,,,blake3
5,5,2026-03-11T12:24:06.074448Z,elea,0.1.1,ef66ed9,hash,f5.bin,hash,3.106459,5242880,,,blake3
5,5,2026-03-11T12:24:06.088974Z,elea,0.1.1,ef66ed9,add,f4.bin,backend_store,12.917792,5242880,,Zstd,blake3
5,5,2026-03-11T12:24:06.089016Z,elea,0.1.1,ef66ed9,add,f3.bin,backend_store,12.913499999999999,5242880,,Zstd,blake3
5,5,2026-03-11T12:24:06.089098Z,elea,0.1.1,ef66ed9,add,f5.bin,backend_store,12.969375,5242880,,Zstd,blake3
5,5,2026-03-11T12:24:06.089128Z,elea,0.1.1,ef66ed9,add,f1.bin,backend_store,13.064124999999999,5242880,,Zstd,blake3
5,5,2026-03-11T12:24:06.089208Z,elea,0.1.1,ef66ed9,add,f2.bin,backend_store,13.11125,5242880,,Zstd,blake3
5,5,2026-03-11T12:24:06.089289Z,elea,0.1.1,ef66ed9,add,f3.bin,add_file_total,17.994625,5242880,,Zstd,blake3
5,5,2026-03-11T12:24:06.091457Z,elea,0.1.1,ef66ed9,add,f4.bin,add_file_total,20.163833,5242880,,Zstd,blake3
5,5,2026-03-11T12:24:06.091509Z,elea,0.1.1,ef66ed9,add,f5.bin,add_file_total,20.220083,5242880,,Zstd,blake3
5,5,2026-03-11T12:24:06.091557Z,elea,0.1.1,ef66ed9,add,f1.bin,add_file_total,20.273125,5242880,,Zstd,blake3
5,5,2026-03-11T12:24:06.091597Z,elea,0.1.1,ef66ed9,add,f2.bin,add_file_total,20.309417,5242880,,Zstd,blake3
5,5,2026-03-11T12:24:06.091665Z,elea,0.1.1,ef66ed9,add,,add_total,20.422833,,5,Zstd,blake3
5,6,2026-03-11T12:24:06.189378Z,elea,0.1.1,ef66ed9,hash,f2.bin,hash,2.918625,5242880,,,blake3
5,6,2026-03-11T12:24:06.1893Z,elea,0.1.1,ef66ed9,hash,f1.bin,hash,2.873709,5242880,,,blake3
5,6,2026-03-11T12:24:06.189319Z,elea,0.1.1,ef66ed9,hash,f3.bin,hash,2.886208,5242880,,,blake3
5,6,2026-03-11T12:24:06.189357Z,elea,0.1.1,ef66ed9,hash,f4.bin,hash,2.923041,5242880,,,blake3
5,6,2026-03-11T12:24:06.189368Z,elea,0.1.1,ef66ed9,hash,f5.bin,hash,2.896875,5242880,,,blake3
5,6,2026-03-11T12:24:06.204315Z,elea,0.1.1,ef66ed9,add,f4.bin,backend_store,12.949041999999999,5242880,,Zstd,blake3
5,6,2026-03-11T12:24:06.204329Z,elea,0.1.1,ef66ed9,add,f2.bin,backend_store,13.053917,5242880,,Zstd,blake3
5,6,2026-03-11T12:24:06.204355Z,elea,0.1.1,ef66ed9,add,f1.bin,backend_store,13.059541,5242880,,Zstd,blake3
5,6,2026-03-11T12:24:06.204461Z,elea,0.1.1,ef66ed9,add,f3.bin,backend_store,13.136791,5242880,,Zstd,blake3
5,6,2026-03-11T12:24:06.204571Z,elea,0.1.1,ef66ed9,add,f2.bin,add_file_total,18.183457999999998,5242880,,Zstd,blake3
5,6,2026-03-11T12:24:06.204747Z,elea,0.1.1,ef66ed9,add,f5.bin,backend_store,13.334624999999999,5242880,,Zstd,blake3
5,6,2026-03-11T12:24:06.206844Z,elea,0.1.1,ef66ed9,add,f4.bin,add_file_total,20.457084000000002,5242880,,Zstd,blake3
5,6,2026-03-11T12:24:06.207031Z,elea,0.1.1,ef66ed9,add,f1.bin,add_file_total,20.653084,5242880,,Zstd,blake3
5,6,2026-03-11T12:24:06.207096Z,elea,0.1.1,ef66ed9,add,f3.bin,add_file_total,20.723666,5242880,,Zstd,blake3
5,6,2026-03-11T12:24:06.207181Z,elea,0.1.1,ef66ed9,add,f5.bin,add_file_total,20.771,5242880,,Zstd,blake3
5,6,2026-03-11T12:24:06.207254Z,elea,0.1.1,ef66ed9,add,,add_total,20.912582999999998,,5,Zstd,blake3
5,7,2026-03-11T12:24:06.291677Z,elea,0.1.1,ef66ed9,hash,f3.bin,hash,2.892292,5242880,,,blake3
5,7,2026-03-11T12:24:06.29167Z,elea,0.1.1,ef66ed9,hash,f5.bin,hash,2.872833,5242880,,,blake3
5,7,2026-03-11T12:24:06.291646Z,elea,0.1.1,ef66ed9,hash,f4.bin,hash,2.891625,5242880,,,blake3
5,7,2026-03-11T12:24:06.291692Z,elea,0.1.1,ef66ed9,hash,f2.bin,hash,2.901208,5242880,,,blake3
5,7,2026-03-11T12:24:06.291702Z,elea,0.1.1,ef66ed9,hash,f1.bin,hash,2.914209,5242880,,,blake3
5,7,2026-03-11T12:24:06.306838Z,elea,0.1.1,ef66ed9,add,f2.bin,backend_store,13.59,5242880,,Zstd,blake3
5,7,2026-03-11T12:24:06.306855Z,elea,0.1.1,ef66ed9,add,f4.bin,backend_store,13.647124999999999,5242880,,Zstd,blake3
5,7,2026-03-11T12:24:06.306904Z,elea,0.1.1,ef66ed9,add,f3.bin,backend_store,13.718458,5242880,,Zstd,blake3
5,7,2026-03-11T12:24:06.306968Z,elea,0.1.1,ef66ed9,add,f5.bin,backend_store,13.657959,5242880,,Zstd,blake3
5,7,2026-03-11T12:24:06.307037Z,elea,0.1.1,ef66ed9,add,f1.bin,backend_store,13.856583,5242880,,Zstd,blake3
5,7,2026-03-11T12:24:06.307052Z,elea,0.1.1,ef66ed9,add,f2.bin,add_file_total,18.335375000000003,5242880,,Zstd,blake3
5,7,2026-03-11T12:24:06.309594Z,elea,0.1.1,ef66ed9,add,f4.bin,add_file_total,20.874958999999997,5242880,,Zstd,blake3
5,7,2026-03-11T12:24:06.309656Z,elea,0.1.1,ef66ed9,add,f3.bin,add_file_total,20.928584,5242880,,Zstd,blake3
5,7,2026-03-11T12:24:06.309714Z,elea,0.1.1,ef66ed9,add,f5.bin,add_file_total,20.990542,5242880,,Zstd,blake3
5,7,2026-03-11T12:24:06.309763Z,elea,0.1.1,ef66ed9,add,f1.bin,add_file_total,21.031709,5242880,,Zstd,blake3
5,7,2026-03-11T12:24:06.309824Z,elea,0.1.1,ef66ed9,add,,add_total,21.144625,,5,Zstd,blake3
5,8,2026-03-11T12:24:06.397811Z,elea,0.1.1,ef66ed9,hash,f2.bin,hash,3.071459,5242880,,,blake3
5,8,2026-03-11T12:24:06.397647Z,elea,0.1.1,ef66ed9,hash,f4.bin,hash,2.8951670000000003,5242880,,,blake3
5,8,2026-03-11T12:24:06.397689Z,elea,0.1.1,ef66ed9,hash,f3.bin,hash,2.910708,5242880,,,blake3
5,8,2026-03-11T12:24:06.397672Z,elea,0.1.1,ef66ed9,hash,f5.bin,hash,2.89825,5242880,,,blake3
5,8,2026-03-11T12:24:06.397701Z,elea,0.1.1,ef66ed9,hash,f1.bin,hash,2.956333,5242880,,,blake3
5,8,2026-03-11T12:24:06.41261Z,elea,0.1.1,ef66ed9,add,f2.bin,backend_store,13.154208,5242880,,Zstd,blake3
5,8,2026-03-11T12:24:06.412622Z,elea,0.1.1,ef66ed9,add,f3.bin,backend_store,13.100292,5242880,,Zstd,blake3
5,8,2026-03-11T12:24:06.412628Z,elea,0.1.1,ef66ed9,add,f1.bin,backend_store,13.086749999999999,5242880,,Zstd,blake3
5,8,2026-03-11T12:24:06.412645Z,elea,0.1.1,ef66ed9,add,f5.bin,backend_store,13.120209000000001,5242880,,Zstd,blake3
5,8,2026-03-11T12:24:06.412657Z,elea,0.1.1,ef66ed9,add,f4.bin,backend_store,13.188542,5242880,,Zstd,blake3
5,8,2026-03-11T12:24:06.412843Z,elea,0.1.1,ef66ed9,add,f5.bin,add_file_total,18.10775,5242880,,Zstd,blake3
5,8,2026-03-11T12:24:06.415232Z,elea,0.1.1,ef66ed9,add,f3.bin,add_file_total,20.512208,5242880,,Zstd,blake3
5,8,2026-03-11T12:24:06.415286Z,elea,0.1.1,ef66ed9,add,f2.bin,add_file_total,20.578709,5242880,,Zstd,blake3
5,8,2026-03-11T12:24:06.415344Z,elea,0.1.1,ef66ed9,add,f4.bin,add_file_total,20.631334000000003,5242880,,Zstd,blake3
5,8,2026-03-11T12:24:06.415391Z,elea,0.1.1,ef66ed9,add,f1.bin,add_file_total,20.699583,5242880,,Zstd,blake3
5,8,2026-03-11T12:24:06.415457Z,elea,0.1.1,ef66ed9,add,,add_total,20.801,,5,Zstd,blake3
5,9,2026-03-11T12:24:06.499472Z,elea,0.1.1,ef66ed9,hash,f4.bin,hash,2.9125840000000003,5242880,,,blake3
5,9,2026-03-11T12:24:06.499438Z,elea,0.1.1,ef66ed9,hash,f2.bin,hash,2.9398750000000002,5242880,,,blake3
5,9,2026-03-11T12:24:06.499542Z,elea,0.1.1,ef66ed9,hash,f1.bin,hash,3.02225,5242880,,,blake3
5,9,2026-03-11T12:24:06.49945Z,elea,0.1.1,ef66ed9,hash,f3.bin,hash,2.93675,5242880,,,blake3
5,9,2026-03-11T12:24:06.499463Z,elea,0.1.1,ef66ed9,hash,f5.bin,hash,2.961125,5242880,,,blake3
5,9,2026-03-11T12:24:06.521574Z,elea,0.1.1,ef66ed9,add,f4.bin,backend_store,20.248874999999998,5242880,,Zstd,blake3
5,9,2026-03-11T12:24:06.521621Z,elea,0.1.1,ef66ed9,add,f2.bin,backend_store,20.2805,5242880,,Zstd,blake3
5,9,2026-03-11T12:24:06.521644Z,elea,0.1.1,ef66ed9,add,f1.bin,backend_store,18.796958,5242880,,Zstd,blake3
5,9,2026-03-11T12:24:06.521681Z,elea,0.1.1,ef66ed9,add,f5.bin,backend_store,16.877209,5242880,,Zstd,blake3
5,9,2026-03-11T12:24:06.521789Z,elea,0.1.1,ef66ed9,add,f3.bin,backend_store,18.899,5242880,,Zstd,blake3
5,9,2026-03-11T12:24:06.521812Z,elea,0.1.1,ef66ed9,add,f4.bin,add_file_total,25.34125,5242880,,Zstd,blake3
5,9,2026-03-11T12:24:06.524151Z,elea,0.1.1,ef66ed9,add,f1.bin,add_file_total,27.681375000000003,5242880,,Zstd,blake3
5,9,2026-03-11T12:24:06.524205Z,elea,0.1.1,ef66ed9,add,f2.bin,add_file_total,27.749125,5242880,,Zstd,blake3
5,9,2026-03-11T12:24:06.524261Z,elea,0.1.1,ef66ed9,add,f5.bin,add_file_total,27.7985,5242880,,Zstd,blake3
5,9,2026-03-11T12:24:06.524308Z,elea,0.1.1,ef66ed9,add,f3.bin,add_file_total,27.840708,5242880,,Zstd,blake3
5,9,2026-03-11T12:24:06.524364Z,elea,0.1.1,ef66ed9,add,,add_total,27.941083,,5,Zstd,blake3
5,10,2026-03-11T12:24:06.609369Z,elea,0.1.1,ef66ed9,hash,f2.bin,hash,2.908959,5242880,,,blake3
5,10,2026-03-11T12:24:06.60932Z,elea,0.1.1,ef66ed9,hash,f5.bin,hash,2.8896669999999998,5242880,,,blake3
5,10,2026-03-11T12:24:06.609328Z,elea,0.1.1,ef66ed9,hash,f3.bin,hash,2.919042,5242880,,,blake3
5,10,2026-03-11T12:24:06.609345Z,elea,0.1.1,ef66ed9,hash,f4.bin,hash,2.903708,5242880,,,blake3
5,10,2026-03-11T12:24:06.609387Z,elea,0.1.1,ef66ed9,hash,f1.bin,hash,2.9097910000000002,5242880,,,blake3
5,10,2026-03-11T12:24:06.623688Z,elea,0.1.1,ef66ed9,add,f2.bin,backend_store,12.531291999999999,5242880,,Zstd,blake3
5,10,2026-03-11T12:24:06.623812Z,elea,0.1.1,ef66ed9,add,f1.bin,backend_store,12.563082999999999,5242880,,Zstd,blake3
5,10,2026-03-11T12:24:06.623836Z,elea,0.1.1,ef66ed9,add,f3.bin,backend_store,12.651459000000001,5242880,,Zstd,blake3
5,10,2026-03-11T12:24:06.623938Z,elea,0.1.1,ef66ed9,add,f2.bin,add_file_total,17.540542,5242880,,Zstd,blake3
5,10,2026-03-11T12:24:06.623991Z,elea,0.1.1,ef66ed9,add,f5.bin,backend_store,12.818458,5242880,,Zstd,blake3
5,10,2026-03-11T12:24:06.624071Z,elea,0.1.1,ef66ed9,add,f4.bin,backend_store,12.85875,5242880,,Zstd,blake3
5,10,2026-03-11T12:24:06.626236Z,elea,0.1.1,ef66ed9,add,f1.bin,add_file_total,19.835042,5242880,,Zstd,blake3
5,10,2026-03-11T12:24:06.626366Z,elea,0.1.1,ef66ed9,add,f3.bin,add_file_total,19.995167000000002,5242880,,Zstd,blake3
5,10,2026-03-11T12:24:06.626409Z,elea,0.1.1,ef66ed9,add,f5.bin,add_file_total,20.01425,5242880,,Zstd,blake3
5,10,2026-03-11T12:24:06.626447Z,elea,0.1.1,ef66ed9,add,f4.bin,add_file_total,20.049708,5242880,,Zstd,blake3
5,10,2026-03-11T12:24:06.626508Z,elea,0.1.1,ef66ed9,add,,add_total,20.179375,,5,Zstd,blake3
5,11,2026-03-11T12:24:06.713093Z,elea,0.1.1,ef66ed9,hash,f1.bin,hash,2.969916,5242880,,,blake3
5,11,2026-03-11T12:24:06.713042Z,elea,0.1.1,ef66ed9,hash,f4.bin,hash,2.9589999999999996,5242880,,,blake3
5,11,2026-03-11T12:24:06.71278Z,elea,0.1.1,ef66ed9,hash,f3.bin,hash,2.662125,5242880,,,blake3
5,11,2026-03-11T12:24:06.713084Z,elea,0.1.1,ef66ed9,hash,f2.bin,hash,2.948875,5242880,,,blake3
5,11,2026-03-11T12:24:06.713065Z,elea,0.1.1,ef66ed9,hash,f5.bin,hash,2.9386669999999997,5242880,,,blake3
5,11,2026-03-11T12:24:06.731511Z,elea,0.1.1,ef66ed9,add,f1.bin,backend_store,16.672875,5242880,,Zstd,blake3
5,11,2026-03-11T12:24:06.731869Z,elea,0.1.1,ef66ed9,add,f3.bin,backend_store,16.982958999999997,5242880,,Zstd,blake3
5,11,2026-03-11T12:24:06.731884Z,elea,0.1.1,ef66ed9,add,f1.bin,add_file_total,21.850167,5242880,,Zstd,blake3
5,11,2026-03-11T12:24:06.732247Z,elea,0.1.1,ef66ed9,add,f3.bin,add_file_total,22.167459,5242880,,Zstd,blake3
5,11,2026-03-11T12:24:06.732417Z,elea,0.1.1,ef66ed9,add,f5.bin,backend_store,17.566374999999997,5242880,,Zstd,blake3
5,11,2026-03-11T12:24:06.732558Z,elea,0.1.1,ef66ed9,add,f5.bin,add_file_total,22.511709,5242880,,Zstd,blake3
5,11,2026-03-11T12:24:06.732633Z,elea,0.1.1,ef66ed9,add,f2.bin,backend_store,17.745,5242880,,Zstd,blake3
5,11,2026-03-11T12:24:06.732648Z,elea,0.1.1,ef66ed9,add,f4.bin,backend_store,17.649207999999998,5242880,,Zstd,blake3
5,11,2026-03-11T12:24:06.733415Z,elea,0.1.1,ef66ed9,add,f2.bin,add_file_total,23.370083,5242880,,Zstd,blake3
5,11,2026-03-11T12:24:06.733794Z,elea,0.1.1,ef66ed9,add,f4.bin,add_file_total,23.750209,5242880,,Zstd,blake3
5,11,2026-03-11T12:24:06.733842Z,elea,0.1.1,ef66ed9,add,,add_total,23.847208000000002,,5,Zstd,blake3
5,12,2026-03-11T12:24:06.826811Z,elea,0.1.1,ef66ed9,hash,f5.bin,hash,2.943083,5242880,,,blake3
5,12,2026-03-11T12:24:06.826595Z,elea,0.1.1,ef66ed9,hash,f4.bin,hash,2.6985,5242880,,,blake3
5,12,2026-03-11T12:24:06.82685Z,elea,0.1.1,ef66ed9,hash,f3.bin,hash,2.934,5242880,,,blake3
5,12,2026-03-11T12:24:06.826866Z,elea,0.1.1,ef66ed9,hash,f1.bin,hash,2.934,5242880,,,blake3
5,12,2026-03-11T12:24:06.826821Z,elea,0.1.1,ef66ed9,hash,f2.bin,hash,2.93075,5242880,,,blake3
5,12,2026-03-11T12:24:06.841825Z,elea,0.1.1,ef66ed9,add,f4.bin,backend_store,13.178875,5242880,,Zstd,blake3
5,12,2026-03-11T12:24:06.841825Z,elea,0.1.1,ef66ed9,add,f3.bin,backend_store,13.156584,5242880,,Zstd,blake3
5,12,2026-03-11T12:24:06.841873Z,elea,0.1.1,ef66ed9,add,f2.bin,backend_store,13.149,5242880,,Zstd,blake3
5,12,2026-03-11T12:24:06.841909Z,elea,0.1.1,ef66ed9,add,f5.bin,backend_store,13.284167,5242880,,Zstd,blake3
5,12,2026-03-11T12:24:06.842047Z,elea,0.1.1,ef66ed9,add,f4.bin,add_file_total,18.199959000000003,5242880,,Zstd,blake3
5,12,2026-03-11T12:24:06.842068Z,elea,0.1.1,ef66ed9,add,f1.bin,backend_store,13.078792,5242880,,Zstd,blake3
5,12,2026-03-11T12:24:06.844391Z,elea,0.1.1,ef66ed9,add,f3.bin,add_file_total,20.542542,5242880,,Zstd,blake3
5,12,2026-03-11T12:24:06.844435Z,elea,0.1.1,ef66ed9,add,f2.bin,add_file_total,20.589541999999998,5242880,,Zstd,blake3
5,12,2026-03-11T12:24:06.84448Z,elea,0.1.1,ef66ed9,add,f5.bin,add_file_total,20.659,5242880,,Zstd,blake3
5,12,2026-03-11T12:24:06.844524Z,elea,0.1.1,ef66ed9,add,f1.bin,add_file_total,20.659833,5242880,,Zstd,blake3
5,12,2026-03-11T12:24:06.844597Z,elea,0.1.1,ef66ed9,add,,add_total,20.801291,,5,Zstd,blake3
5,13,2026-03-11T12:24:06.930321Z,elea,0.1.1,ef66ed9,hash,f5.bin,hash,2.864125,5242880,,,blake3
5,13,2026-03-11T12:24:06.930305Z,elea,0.1.1,ef66ed9,hash,f4.bin,hash,2.907209,5242880,,,blake3
5,13,2026-03-11T12:24:06.930306Z,elea,0.1.1,ef66ed9,hash,f3.bin,hash,2.898,5242880,,,blake3
5,13,2026-03-11T12:24:06.930331Z,elea,0.1.1,ef66ed9,hash,f1.bin,hash,2.9251669999999996,5242880,,,blake3
5,13,2026-03-11T12:24:06.930339Z,elea,0.1.1,ef66ed9,hash,f2.bin,hash,2.915583,5242880,,,blake3
5,13,2026-03-11T12:24:06.945561Z,elea,0.1.1,ef66ed9,add,f1.bin,backend_store,13.415084,5242880,,Zstd,blake3
5,13,2026-03-11T12:24:06.945566Z,elea,0.1.1,ef66ed9,add,f4.bin,backend_store,13.464792,5242880,,Zstd,blake3
5,13,2026-03-11T12:24:06.945576Z,elea,0.1.1,ef66ed9,add,f3.bin,backend_store,13.474833,5242880,,Zstd,blake3
5,13,2026-03-11T12:24:06.945596Z,elea,0.1.1,ef66ed9,add,f5.bin,backend_store,13.534832999999999,5242880,,Zstd,blake3
5,13,2026-03-11T12:24:06.945727Z,elea,0.1.1,ef66ed9,add,f2.bin,backend_store,13.548708,5242880,,Zstd,blake3
5,13,2026-03-11T12:24:06.945747Z,elea,0.1.1,ef66ed9,add,f3.bin,add_file_total,18.391875,5242880,,Zstd,blake3
5,13,2026-03-11T12:24:06.947985Z,elea,0.1.1,ef66ed9,add,f1.bin,add_file_total,20.629958000000002,5242880,,Zstd,blake3
5,13,2026-03-11T12:24:06.94803Z,elea,0.1.1,ef66ed9,add,f5.bin,add_file_total,20.665583,5242880,,Zstd,blake3
5,13,2026-03-11T12:24:06.948066Z,elea,0.1.1,ef66ed9,add,f4.bin,add_file_total,20.712792,5242880,,Zstd,blake3
5,13,2026-03-11T12:24:06.948111Z,elea,0.1.1,ef66ed9,add,f2.bin,add_file_total,20.753042,5242880,,Zstd,blake3
5,13,2026-03-11T12:24:06.948159Z,elea,0.1.1,ef66ed9,add,,add_total,20.841666,,5,Zstd,blake3
5,14,2026-03-11T12:24:07.031857Z,elea,0.1.1,ef66ed9,hash,f3.bin,hash,2.9078749999999998,5242880,,,blake3
5,14,2026-03-11T12:24:07.031815Z,elea,0.1.1,ef66ed9,hash,f5.bin,hash,2.874708,5242880,,,blake3
5,14,2026-03-11T12:24:07.031911Z,elea,0.1.1,ef66ed9,hash,f2.bin,hash,2.9416249999999997,5242880,,,blake3
5,14,2026-03-11T12:24:07.031843Z,elea,0.1.1,ef66ed9,hash,f1.bin,hash,2.914791,5242880,,,blake3
5,14,2026-03-11T12:24:07.031824Z,elea,0.1.1,ef66ed9,hash,f4.bin,hash,2.9055,5242880,,,blake3
5,14,2026-03-11T12:24:07.04655Z,elea,0.1.1,ef66ed9,add,f5.bin,backend_store,12.926708,5242880,,Zstd,blake3
5,14,2026-03-11T12:24:07.046611Z,elea,0.1.1,ef66ed9,add,f3.bin,backend_store,13.006667,5242880,,Zstd,blake3
5,14,2026-03-11T12:24:07.046622Z,elea,0.1.1,ef66ed9,add,f1.bin,backend_store,12.941166,5242880,,Zstd,blake3
5,14,2026-03-11T12:24:07.046731Z,elea,0.1.1,ef66ed9,add,f4.bin,backend_store,13.024875,5242880,,Zstd,blake3
5,14,2026-03-11T12:24:07.046807Z,elea,0.1.1,ef66ed9,add,f5.bin,add_file_total,17.934541,5242880,,Zstd,blake3
5,14,2026-03-11T12:24:07.046855Z,elea,0.1.1,ef66ed9,add,f2.bin,backend_store,13.206458000000001,5242880,,Zstd,blake3
5,14,2026-03-11T12:24:07.048012Z,elea,0.1.1,ef66ed9,add,f1.bin,add_file_total,19.149417,5242880,,Zstd,blake3
5,14,2026-03-11T12:24:07.048365Z,elea,0.1.1,ef66ed9,add,f3.bin,add_file_total,19.491374999999998,5242880,,Zstd,blake3
5,14,2026-03-11T12:24:07.048813Z,elea,0.1.1,ef66ed9,add,f4.bin,add_file_total,19.952292,5242880,,Zstd,blake3
5,14,2026-03-11T12:24:07.049183Z,elea,0.1.1,ef66ed9,add,f2.bin,add_file_total,20.308875,5242880,,Zstd,blake3
5,14,2026-03-11T12:24:07.049251Z,elea,0.1.1,ef66ed9,add,,add_total,20.431375000000003,,5,Zstd,blake3
5,15,2026-03-11T12:24:07.137132Z,elea,0.1.1,ef66ed9,hash,f4.bin,hash,2.904875,5242880,,,blake3
5,15,2026-03-11T12:24:07.137189Z,elea,0.1.1,ef66ed9,hash,f2.bin,hash,2.9723330000000003,5242880,,,blake3
5,15,2026-03-11T12:24:07.137106Z,elea,0.1.1,ef66ed9,hash,f3.bin,hash,2.8959580000000003,5242880,,,blake3
5,15,2026-03-11T12:24:07.137276Z,elea,0.1.1,ef66ed9,hash,f1.bin,hash,3.041958,5242880,,,blake3
5,15,2026-03-11T12:24:07.137124Z,elea,0.1.1,ef66ed9,hash,f5.bin,hash,2.9234999999999998,5242880,,,blake3
5,15,2026-03-11T12:24:07.151732Z,elea,0.1.1,ef66ed9,add,f4.bin,backend_store,12.734167,5242880,,Zstd,blake3
5,15,2026-03-11T12:24:07.151814Z,elea,0.1.1,ef66ed9,add,f3.bin,backend_store,12.789208,5242880,,Zstd,blake3
5,15,2026-03-11T12:24:07.15188Z,elea,0.1.1,ef66ed9,add,f5.bin,backend_store,12.798708000000001,5242880,,Zstd,blake3
5,15,2026-03-11T12:24:07.151919Z,elea,0.1.1,ef66ed9,add,f4.bin,add_file_total,17.745375,5242880,,Zstd,blake3
5,15,2026-03-11T12:24:07.151959Z,elea,0.1.1,ef66ed9,add,f2.bin,backend_store,12.95525,5242880,,Zstd,blake3
5,15,2026-03-11T12:24:07.151982Z,elea,0.1.1,ef66ed9,add,f1.bin,backend_store,12.924290999999998,5242880,,Zstd,blake3
5,15,2026-03-11T12:24:07.15423Z,elea,0.1.1,ef66ed9,add,f3.bin,add_file_total,20.058166999999997,5242880,,Zstd,blake3
5,15,2026-03-11T12:24:07.15428Z,elea,0.1.1,ef66ed9,add,f5.bin,add_file_total,20.117290999999998,5242880,,Zstd,blake3
5,15,2026-03-11T12:24:07.154338Z,elea,0.1.1,ef66ed9,add,f2.bin,add_file_total,20.161624999999997,5242880,,Zstd,blake3
5,15,2026-03-11T12:24:07.154379Z,elea,0.1.1,ef66ed9,add,f1.bin,add_file_total,20.206625,5242880,,Zstd,blake3
5,15,2026-03-11T12:24:07.154443Z,elea,0.1.1,ef66ed9,add,,add_total,20.324915999999998,,5,Zstd,blake3
5,16,2026-03-11T12:24:07.23828Z,elea,0.1.1,ef66ed9,hash,f2.bin,hash,3.0379579999999997,5242880,,,blake3
5,16,2026-03-11T12:24:07.238238Z,elea,0.1.1,ef66ed9,hash,f4.bin,hash,3.013166,5242880,,,blake3
5,16,2026-03-11T12:24:07.238144Z,elea,0.1.1,ef66ed9,hash,f5.bin,hash,2.931,5242880,,,blake3
5,16,2026-03-11T12:24:07.238135Z,elea,0.1.1,ef66ed9,hash,f1.bin,hash,2.912833,5242880,,,blake3
5,16,2026-03-11T12:24:07.238246Z,elea,0.1.1,ef66ed9,hash,f3.bin,hash,3.031459,5242880,,,blake3
5,16,2026-03-11T12:24:07.25304Z,elea,0.1.1,ef66ed9,add,f4.bin,backend_store,13.017125,5242880,,Zstd,blake3
5,16,2026-03-11T12:24:07.253054Z,elea,0.1.1,ef66ed9,add,f5.bin,backend_store,13.022458,5242880,,Zstd,blake3
5,16,2026-03-11T12:24:07.253124Z,elea,0.1.1,ef66ed9,add,f1.bin,backend_store,13.068542,5242880,,Zstd,blake3
5,16,2026-03-11T12:24:07.253191Z,elea,0.1.1,ef66ed9,add,f3.bin,backend_store,13.090667,5242880,,Zstd,blake3
5,16,2026-03-11T12:24:07.25323Z,elea,0.1.1,ef66ed9,add,f4.bin,add_file_total,18.05875,5242880,,Zstd,blake3
5,16,2026-03-11T12:24:07.253269Z,elea,0.1.1,ef66ed9,add,f2.bin,backend_store,13.276,5242880,,Zstd,blake3
5,16,2026-03-11T12:24:07.255713Z,elea,0.1.1,ef66ed9,add,f5.bin,add_file_total,20.550625,5242880,,Zstd,blake3
5,16,2026-03-11T12:24:07.255788Z,elea,0.1.1,ef66ed9,add,f1.bin,add_file_total,20.621208,5242880,,Zstd,blake3
5,16,2026-03-11T12:24:07.255831Z,elea,0.1.1,ef66ed9,add,f3.bin,add_file_total,20.667833,5242880,,Zstd,blake3
5,16,2026-03-11T12:24:07.255878Z,elea,0.1.1,ef66ed9,add,f2.bin,add_file_total,20.706415999999997,5242880,,Zstd,blake3
5,16,2026-03-11T12:24:07.255943Z,elea,0.1.1,ef66ed9,add,,add_total,20.811916999999998,,5,Zstd,blake3
5,17,2026-03-11T12:24:07.344126Z,elea,0.1.1,ef66ed9,hash,f2.bin,hash,3.1757920000000004,5242880,,,blake3
5,17,2026-03-11T12:24:07.343918Z,elea,0.1.1,ef66ed9,hash,f3.bin,hash,2.9125840000000003,5242880,,,blake3
5,17,2026-03-11T12:24:07.344061Z,elea,0.1.1,ef66ed9,hash,f1.bin,hash,3.098667,5242880,,,blake3
5,17,2026-03-11T12:24:07.344088Z,elea,0.1.1,ef66ed9,hash,f5.bin,hash,3.109292,5242880,,,blake3
5,17,2026-03-11T12:24:07.343929Z,elea,0.1.1,ef66ed9,hash,f4.bin,hash,2.957375,5242880,,,blake3
5,17,2026-03-11T12:24:07.368147Z,elea,0.1.1,ef66ed9,add,f5.bin,backend_store,22.135291000000002,5242880,,Zstd,blake3
5,17,2026-03-11T12:24:07.369332Z,elea,0.1.1,ef66ed9,add,f5.bin,add_file_total,28.403624999999998,5242880,,Zstd,blake3
5,17,2026-03-11T12:24:07.369654Z,elea,0.1.1,ef66ed9,add,f2.bin,backend_store,23.733458,5242880,,Zstd,blake3
5,17,2026-03-11T12:24:07.370077Z,elea,0.1.1,ef66ed9,add,f2.bin,add_file_total,29.159042,5242880,,Zstd,blake3
5,17,2026-03-11T12:24:07.370338Z,elea,0.1.1,ef66ed9,add,f1.bin,backend_store,24.408917,5242880,,Zstd,blake3
5,17,2026-03-11T12:24:07.370391Z,elea,0.1.1,ef66ed9,add,f3.bin,backend_store,24.4265,5242880,,Zstd,blake3
5,17,2026-03-11T12:24:07.370494Z,elea,0.1.1,ef66ed9,add,f3.bin,add_file_total,29.520583,5242880,,Zstd,blake3
5,17,2026-03-11T12:24:07.370761Z,elea,0.1.1,ef66ed9,add,f4.bin,backend_store,24.738041999999997,5242880,,Zstd,blake3
5,17,2026-03-11T12:24:07.371142Z,elea,0.1.1,ef66ed9,add,f1.bin,add_file_total,30.149917,5242880,,Zstd,blake3
5,17,2026-03-11T12:24:07.371161Z,elea,0.1.1,ef66ed9,add,f4.bin,add_file_total,30.189833,5242880,,Zstd,blake3
5,17,2026-03-11T12:24:07.371309Z,elea,0.1.1,ef66ed9,add,,add_total,30.422916,,5,Zstd,blake3
5,18,2026-03-11T12:24:07.473464Z,elea,0.1.1,ef66ed9,hash,f2.bin,hash,2.997208,5242880,,,blake3
5,18,2026-03-11T12:24:07.473473Z,elea,0.1.1,ef66ed9,hash,f5.bin,hash,2.996291,5242880,,,blake3
5,18,2026-03-11T12:24:07.473344Z,elea,0.1.1,ef66ed9,hash,f1.bin,hash,2.863667,5242880,,,blake3
5,18,2026-03-11T12:24:07.473434Z,elea,0.1.1,ef66ed9,hash,f3.bin,hash,2.919333,5242880,,,blake3
5,18,2026-03-11T12:24:07.473483Z,elea,0.1.1,ef66ed9,hash,f4.bin,hash,3.014917,5242880,,,blake3
5,18,2026-03-11T12:24:07.488791Z,elea,0.1.1,ef66ed9,add,f4.bin,backend_store,13.330375,5242880,,Zstd,blake3
5,18,2026-03-11T12:24:07.48914Z,elea,0.1.1,ef66ed9,add,f4.bin,add_file_total,18.729875,5242880,,Zstd,blake3
5,18,2026-03-11T12:24:07.489293Z,elea,0.1.1,ef66ed9,add,f2.bin,backend_store,13.925333,5242880,,Zstd,blake3
5,18,2026-03-11T12:24:07.489307Z,elea,0.1.1,ef66ed9,add,f3.bin,backend_store,13.847167,5242880,,Zstd,blake3
5,18,2026-03-11T12:24:07.48936Z,elea,0.1.1,ef66ed9,add,f5.bin,backend_store,13.980583,5242880,,Zstd,blake3
5,18,2026-03-11T12:24:07.489486Z,elea,0.1.1,ef66ed9,add,f1.bin,backend_store,14.080125,5242880,,Zstd,blake3
5,18,2026-03-11T12:24:07.490563Z,elea,0.1.1,ef66ed9,add,f3.bin,add_file_total,20.05975,5242880,,Zstd,blake3
5,18,2026-03-11T12:24:07.490962Z,elea,0.1.1,ef66ed9,add,f2.bin,add_file_total,20.513584,5242880,,Zstd,blake3
5,18,2026-03-11T12:24:07.491321Z,elea,0.1.1,ef66ed9,add,f5.bin,add_file_total,20.884166999999998,5242880,,Zstd,blake3
5,18,2026-03-11T12:24:07.491369Z,elea,0.1.1,ef66ed9,add,f1.bin,add_file_total,20.958875,5242880,,Zstd,blake3
5,18,2026-03-11T12:24:07.491421Z,elea,0.1.1,ef66ed9,add,,add_total,21.0475,,5,Zstd,blake3
5,19,2026-03-11T12:24:07.576328Z,elea,0.1.1,ef66ed9,hash,f4.bin,hash,2.884584,5242880,,,blake3
5,19,2026-03-11T12:24:07.57634Z,elea,0.1.1,ef66ed9,hash,f2.bin,hash,2.924959,5242880,,,blake3
5,19,2026-03-11T12:24:07.576357Z,elea,0.1.1,ef66ed9,hash,f3.bin,hash,2.933583,5242880,,,blake3
5,19,2026-03-11T12:24:07.576314Z,elea,0.1.1,ef66ed9,hash,f5.bin,hash,2.884958,5242880,,,blake3
5,19,2026-03-11T12:24:07.576365Z,elea,0.1.1,ef66ed9,hash,f1.bin,hash,2.9090420000000003,5242880,,,blake3
5,19,2026-03-11T12:24:07.591165Z,elea,0.1.1,ef66ed9,add,f4.bin,backend_store,13.151625,5242880,,Zstd,blake3
5,19,2026-03-11T12:24:07.591399Z,elea,0.1.1,ef66ed9,add,f2.bin,backend_store,13.3575,5242880,,Zstd,blake3
5,19,2026-03-11T12:24:07.591404Z,elea,0.1.1,ef66ed9,add,f4.bin,add_file_total,18.020999999999997,5242880,,Zstd,blake3
5,19,2026-03-11T12:24:07.59141Z,elea,0.1.1,ef66ed9,add,f1.bin,backend_store,13.295459000000001,5242880,,Zstd,blake3
5,19,2026-03-11T12:24:07.591494Z,elea,0.1.1,ef66ed9,add,f5.bin,backend_store,13.41075,5242880,,Zstd,blake3
5,19,2026-03-11T12:24:07.591506Z,elea,0.1.1,ef66ed9,add,f3.bin,backend_store,13.440292,5242880,,Zstd,blake3
5,19,2026-03-11T12:24:07.593631Z,elea,0.1.1,ef66ed9,add,f1.bin,add_file_total,20.251583,5242880,,Zstd,blake3
5,19,2026-03-11T12:24:07.593683Z,elea,0.1.1,ef66ed9,add,f2.bin,add_file_total,20.307624999999998,5242880,,Zstd,blake3
5,19,2026-03-11T12:24:07.593733Z,elea,0.1.1,ef66ed9,add,f5.bin,add_file_total,20.352833,5242880,,Zstd,blake3
5,19,2026-03-11T12:24:07.59377Z,elea,0.1.1,ef66ed9,add,f3.bin,add_file_total,20.407833,5242880,,Zstd,blake3
5,19,2026-03-11T12:24:07.593828Z,elea,0.1.1,ef66ed9,add,,add_total,20.504749999999998,,5,Zstd,blake3
5,20,2026-03-11T12:24:07.678151Z,elea,0.1.1,ef66ed9,hash,f1.bin,hash,2.9223339999999998,5242880,,,blake3
5,20,2026-03-11T12:24:07.678134Z,elea,0.1.1,ef66ed9,hash,f5.bin,hash,2.883,5242880,,,blake3
5,20,2026-03-11T12:24:07.678184Z,elea,0.1.1,ef66ed9,hash,f3.bin,hash,2.9086670000000003,5242880,,,blake3
5,20,2026-03-11T12:24:07.678205Z,elea,0.1.1,ef66ed9,hash,f2.bin,hash,2.910208,5242880,,,blake3
5,20,2026-03-11T12:24:07.678158Z,elea,0.1.1,ef66ed9,hash,f4.bin,hash,2.8964160000000003,5242880,,,blake3
5,20,2026-03-11T12:24:07.69301Z,elea,0.1.1,ef66ed9,add,f5.bin,backend_store,12.99075,5242880,,Zstd,blake3
5,20,2026-03-11T12:24:07.693082Z,elea,0.1.1,ef66ed9,add,f3.bin,backend_store,13.038417,5242880,,Zstd,blake3
5,20,2026-03-11T12:24:07.693096Z,elea,0.1.1,ef66ed9,add,f2.bin,backend_store,13.015792,5242880,,Zstd,blake3
5,20,2026-03-11T12:24:07.693269Z,elea,0.1.1,ef66ed9,add,f5.bin,add_file_total,18.064332999999998,5242880,,Zstd,blake3
5,20,2026-03-11T12:24:07.693509Z,elea,0.1.1,ef66ed9,add,f1.bin,backend_store,13.503959,5242880,,Zstd,blake3
5,20,2026-03-11T12:24:07.693527Z,elea,0.1.1,ef66ed9,add,f4.bin,backend_store,13.403291,5242880,,Zstd,blake3
5,20,2026-03-11T12:24:07.69451Z,elea,0.1.1,ef66ed9,add,f3.bin,add_file_total,19.300667,5242880,,Zstd,blake3
5,20,2026-03-11T12:24:07.694961Z,elea,0.1.1,ef66ed9,add,f2.bin,add_file_total,19.753458000000002,5242880,,Zstd,blake3
5,20,2026-03-11T12:24:07.695293Z,elea,0.1.1,ef66ed9,add,f1.bin,add_file_total,20.107833,5242880,,Zstd,blake3
5,20,2026-03-11T12:24:07.69537Z,elea,0.1.1,ef66ed9,add,f4.bin,add_file_total,20.165959,5242880,,Zstd,blake3
5,20,2026-03-11T12:24:07.695427Z,elea,0.1.1,ef66ed9,add,,add_total,20.27575,,5,Zstd,blake3
5,21,2026-03-11T12:24:07.783176Z,elea,0.1.1,ef66ed9,hash,f1.bin,hash,2.944459,5242880,,,blake3
5,21,2026-03-11T12:24:07.783154Z,elea,0.1.1,ef66ed9,hash,f2.bin,hash,2.9358750000000002,5242880,,,blake3
5,21,2026-03-11T12:24:07.783101Z,elea,0.1.1,ef66ed9,hash,f5.bin,hash,2.845667,5242880,,,blake3
5,21,2026-03-11T12:24:07.783137Z,elea,0.1.1,ef66ed9,hash,f4.bin,hash,2.954709,5242880,,,blake3
5,21,2026-03-11T12:24:07.783164Z,elea,0.1.1,ef66ed9,hash,f3.bin,hash,2.9505,5242880,,,blake3
5,21,2026-03-11T12:24:07.799134Z,elea,0.1.1,ef66ed9,add,f5.bin,backend_store,14.048417,5242880,,Zstd,blake3
5,21,2026-03-11T12:24:07.799206Z,elea,0.1.1,ef66ed9,add,f3.bin,backend_store,13.976625,5242880,,Zstd,blake3
5,21,2026-03-11T12:24:07.799333Z,elea,0.1.1,ef66ed9,add,f2.bin,backend_store,14.285709,5242880,,Zstd,blake3
5,21,2026-03-11T12:24:07.799499Z,elea,0.1.1,ef66ed9,add,f5.bin,add_file_total,19.333667,5242880,,Zstd,blake3
5,21,2026-03-11T12:24:07.799589Z,elea,0.1.1,ef66ed9,add,f1.bin,backend_store,14.553875000000001,5242880,,Zstd,blake3
5,21,2026-03-11T12:24:07.799605Z,elea,0.1.1,ef66ed9,add,f4.bin,backend_store,14.491666,5242880,,Zstd,blake3
5,21,2026-03-11T12:24:07.801401Z,elea,0.1.1,ef66ed9,add,f3.bin,add_file_total,21.253042,5242880,,Zstd,blake3
5,21,2026-03-11T12:24:07.801443Z,elea,0.1.1,ef66ed9,add,f2.bin,add_file_total,21.308207999999997,5242880,,Zstd,blake3
5,21,2026-03-11T12:24:07.801487Z,elea,0.1.1,ef66ed9,add,f1.bin,add_file_total,21.3325,5242880,,Zstd,blake3
5,21,2026-03-11T12:24:07.801519Z,elea,0.1.1,ef66ed9,add,f4.bin,add_file_total,21.387083,5242880,,Zstd,blake3
5,21,2026-03-11T12:24:07.801568Z,elea,0.1.1,ef66ed9,add,,add_total,21.495625,,5,Zstd,blake3
5,22,2026-03-11T12:24:07.88831Z,elea,0.1.1,ef66ed9,hash,f3.bin,hash,3.001833,5242880,,,blake3
5,22,2026-03-11T12:24:07.888292Z,elea,0.1.1,ef66ed9,hash,f5.bin,hash,2.983167,5242880,,,blake3
5,22,2026-03-11T12:24:07.888174Z,elea,0.1.1,ef66ed9,hash,f2.bin,hash,2.896458,5242880,,,blake3
5,22,2026-03-11T12:24:07.888321Z,elea,0.1.1,ef66ed9,hash,f4.bin,hash,3.007834,5242880,,,blake3
5,22,2026-03-11T12:24:07.888209Z,elea,0.1.1,ef66ed9,hash,f1.bin,hash,2.913,5242880,,,blake3
5,22,2026-03-11T12:24:07.902963Z,elea,0.1.1,ef66ed9,add,f1.bin,backend_store,12.880291999999999,5242880,,Zstd,blake3
5,22,2026-03-11T12:24:07.903034Z,elea,0.1.1,ef66ed9,add,f2.bin,backend_store,13.035375,5242880,,Zstd,blake3
5,22,2026-03-11T12:24:07.903111Z,elea,0.1.1,ef66ed9,add,f4.bin,backend_store,13.0685,5242880,,Zstd,blake3
5,22,2026-03-11T12:24:07.90317Z,elea,0.1.1,ef66ed9,add,f3.bin,backend_store,13.207958000000001,5242880,,Zstd,blake3
5,22,2026-03-11T12:24:07.903196Z,elea,0.1.1,ef66ed9,add,f1.bin,add_file_total,17.947875,5242880,,Zstd,blake3
5,22,2026-03-11T12:24:07.903203Z,elea,0.1.1,ef66ed9,add,f5.bin,backend_store,13.219208,5242880,,Zstd,blake3
5,22,2026-03-11T12:24:07.905475Z,elea,0.1.1,ef66ed9,add,f2.bin,add_file_total,20.235957999999997,5242880,,Zstd,blake3
5,22,2026-03-11T12:24:07.905527Z,elea,0.1.1,ef66ed9,add,f4.bin,add_file_total,20.278750000000002,5242880,,Zstd,blake3
5,22,2026-03-11T12:24:07.905573Z,elea,0.1.1,ef66ed9,add,f3.bin,add_file_total,20.328792,5242880,,Zstd,blake3
5,22,2026-03-11T12:24:07.905617Z,elea,0.1.1,ef66ed9,add,f5.bin,add_file_total,20.368000000000002,5242880,,Zstd,blake3
5,22,2026-03-11T12:24:07.905684Z,elea,0.1.1,ef66ed9,add,,add_total,20.484291000000002,,5,Zstd,blake3
5,23,2026-03-11T12:24:07.990945Z,elea,0.1.1,ef66ed9,hash,f2.bin,hash,2.917209,5242880,,,blake3
5,23,2026-03-11T12:24:07.990937Z,elea,0.1.1,ef66ed9,hash,f3.bin,hash,2.90625,5242880,,,blake3
5,23,2026-03-11T12:24:07.990977Z,elea,0.1.1,ef66ed9,hash,f1.bin,hash,2.943292,5242880,,,blake3
5,23,2026-03-11T12:24:07.990907Z,elea,0.1.1,ef66ed9,hash,f5.bin,hash,2.893083,5242880,,,blake3
5,23,2026-03-11T12:24:07.990922Z,elea,0.1.1,ef66ed9,hash,f4.bin,hash,2.9029580000000004,5242880,,,blake3
5,23,2026-03-11T12:24:08.012967Z,elea,0.1.1,ef66ed9,add,f2.bin,backend_store,20.3815,5242880,,Zstd,blake3
5,23,2026-03-11T12:24:08.012972Z,elea,0.1.1,ef66ed9,add,f5.bin,backend_store,20.327042,5242880,,Zstd,blake3
5,23,2026-03-11T12:24:08.013014Z,elea,0.1.1,ef66ed9,add,f1.bin,backend_store,20.3875,5242880,,Zstd,blake3
5,23,2026-03-11T12:24:08.013063Z,elea,0.1.1,ef66ed9,add,f3.bin,backend_store,20.4635,5242880,,Zstd,blake3
5,23,2026-03-11T12:24:08.013076Z,elea,0.1.1,ef66ed9,add,f4.bin,backend_store,20.407334,5242880,,Zstd,blake3
5,23,2026-03-11T12:24:08.013269Z,elea,0.1.1,ef66ed9,add,f5.bin,add_file_total,25.312583,5242880,,Zstd,blake3
5,23,2026-03-11T12:24:08.015406Z,elea,0.1.1,ef66ed9,add,f1.bin,add_file_total,27.443749999999998,5242880,,Zstd,blake3
5,23,2026-03-11T12:24:08.015452Z,elea,0.1.1,ef66ed9,add,f4.bin,add_file_total,27.498166,5242880,,Zstd,blake3
5,23,2026-03-11T12:24:08.015487Z,elea,0.1.1,ef66ed9,add,f2.bin,add_file_total,27.526167,5242880,,Zstd,blake3
5,23,2026-03-11T12:24:08.015517Z,elea,0.1.1,ef66ed9,add,f3.bin,add_file_total,27.558292,5242880,,Zstd,blake3
5,23,2026-03-11T12:24:08.015567Z,elea,0.1.1,ef66ed9,add,,add_total,27.650084,,5,Zstd,blake3
5,24,2026-03-11T12:24:08.101197Z,elea,0.1.1,ef66ed9,hash,f3.bin,hash,2.989584,5242880,,,blake3
5,24,2026-03-11T12:24:08.101136Z,elea,0.1.1,ef66ed9,hash,f1.bin,hash,2.91175,5242880,,,blake3
5,24,2026-03-11T12:24:08.101169Z,elea,0.1.1,ef66ed9,hash,f4.bin,hash,2.902584,5242880,,,blake3
5,24,2026-03-11T12:24:08.101152Z,elea,0.1.1,ef66ed9,hash,f2.bin,hash,2.914792,5242880,,,blake3
5,24,2026-03-11T12:24:08.10118Z,elea,0.1.1,ef66ed9,hash,f5.bin,hash,2.9104579999999998,5242880,,,blake3
5,24,2026-03-11T12:24:08.116482Z,elea,0.1.1,ef66ed9,add,f4.bin,backend_store,13.603041999999999,5242880,,Zstd,blake3
5,24,2026-03-11T12:24:08.116489Z,elea,0.1.1,ef66ed9,add,f5.bin,backend_store,13.405791,5242880,,Zstd,blake3
5,24,2026-03-11T12:24:08.116618Z,elea,0.1.1,ef66ed9,add,f2.bin,backend_store,13.714792,5242880,,Zstd,blake3
5,24,2026-03-11T12:24:08.116671Z,elea,0.1.1,ef66ed9,add,f3.bin,backend_store,13.842875,5242880,,Zstd,blake3
5,24,2026-03-11T12:24:08.116762Z,elea,0.1.1,ef66ed9,add,f4.bin,add_file_total,18.586083,5242880,,Zstd,blake3
5,24,2026-03-11T12:24:08.116841Z,elea,0.1.1,ef66ed9,add,f1.bin,backend_store,13.994542000000001,5242880,,Zstd,blake3
5,24,2026-03-11T12:24:08.118928Z,elea,0.1.1,ef66ed9,add,f2.bin,add_file_total,20.75025,5242880,,Zstd,blake3
5,24,2026-03-11T12:24:08.118976Z,elea,0.1.1,ef66ed9,add,f5.bin,add_file_total,20.794542,5242880,,Zstd,blake3
5,24,2026-03-11T12:24:08.119022Z,elea,0.1.1,ef66ed9,add,f3.bin,add_file_total,20.853291,5242880,,Zstd,blake3
5,24,2026-03-11T12:24:08.119066Z,elea,0.1.1,ef66ed9,add,f1.bin,add_file_total,20.895500000000002,5242880,,Zstd,blake3
5,24,2026-03-11T12:24:08.119134Z,elea,0.1.1,ef66ed9,add,,add_total,20.995542,,5,Zstd,blake3
5,25,2026-03-11T12:24:08.202674Z,elea,0.1.1,ef66ed9,hash,f4.bin,hash,2.9368749999999997,5242880,,,blake3
5,25,2026-03-11T12:24:08.202653Z,elea,0.1.1,ef66ed9,hash,f3.bin,hash,2.9473339999999997,5242880,,,blake3
5,25,2026-03-11T12:24:08.202616Z,elea,0.1.1,ef66ed9,hash,f5.bin,hash,2.8905,5242880,,,blake3
5,25,2026-03-11T12:24:08.202686Z,elea,0.1.1,ef66ed9,hash,f2.bin,hash,2.9432080000000003,5242880,,,blake3
5,25,2026-03-11T12:24:08.202702Z,elea,0.1.1,ef66ed9,hash,f1.bin,hash,2.9871250000000003,5242880,,,blake3
5,25,2026-03-11T12:24:08.217299Z,elea,0.1.1,ef66ed9,add,f2.bin,backend_store,12.800707999999998,5242880,,Zstd,blake3
5,25,2026-03-11T12:24:08.217315Z,elea,0.1.1,ef66ed9,add,f4.bin,backend_store,12.872875,5242880,,Zstd,blake3
5,25,2026-03-11T12:24:08.217409Z,elea,0.1.1,ef66ed9,add,f1.bin,backend_store,12.892624999999999,5242880,,Zstd,blake3
5,25,2026-03-11T12:24:08.217455Z,elea,0.1.1,ef66ed9,add,f3.bin,backend_store,13.025583000000001,5242880,,Zstd,blake3
5,25,2026-03-11T12:24:08.217514Z,elea,0.1.1,ef66ed9,add,f4.bin,add_file_total,17.815958,5242880,,Zstd,blake3
5,25,2026-03-11T12:24:08.217565Z,elea,0.1.1,ef66ed9,add,f5.bin,backend_store,13.100000000000001,5242880,,Zstd,blake3
5,25,2026-03-11T12:24:08.219822Z,elea,0.1.1,ef66ed9,add,f2.bin,add_file_total,20.135458,5242880,,Zstd,blake3
5,25,2026-03-11T12:24:08.219876Z,elea,0.1.1,ef66ed9,add,f1.bin,add_file_total,20.199167,5242880,,Zstd,blake3
5,25,2026-03-11T12:24:08.219925Z,elea,0.1.1,ef66ed9,add,f3.bin,add_file_total,20.255625,5242880,,Zstd,blake3
5,25,2026-03-11T12:24:08.219971Z,elea,0.1.1,ef66ed9,add,f5.bin,add_file_total,20.291417,5242880,,Zstd,blake3
5,25,2026-03-11T12:24:08.220045Z,elea,0.1.1,ef66ed9,add,,add_total,20.40875,,5,Zstd,blake3
10,1,2026-03-11T12:24:08.370813Z,elea,0.1.1,ef66ed9,hash,f1.bin,hash,5.879292,10485760,,,blake3
10,1,2026-03-11T12:24:08.370782Z,elea,0.1.1,ef66ed9,hash,f2.bin,hash,5.837084,10485760,,,blake3
10,1,2026-03-11T12:24:08.370836Z,elea,0.1.1,ef66ed9,hash,f5.bin,hash,5.859541999999999,10485760,,,blake3
10,1,2026-03-11T12:24:08.370902Z,elea,0.1.1,ef66ed9,hash,f3.bin,hash,5.909125,10485760,,,blake3
10,1,2026-03-11T12:24:08.370849Z,elea,0.1.1,ef66ed9,hash,f4.bin,hash,5.887667,10485760,,,blake3
10,1,2026-03-11T12:24:08.39982Z,elea,0.1.1,ef66ed9,add,f1.bin,backend_store,27.180667,10485760,,Zstd,blake3
10,1,2026-03-11T12:24:08.399826Z,elea,0.1.1,ef66ed9,add,f4.bin,backend_store,27.072834,10485760,,Zstd,blake3
10,1,2026-03-11T12:24:08.399891Z,elea,0.1.1,ef66ed9,add,f2.bin,backend_store,27.222125,10485760,,Zstd,blake3
10,1,2026-03-11T12:24:08.399908Z,elea,0.1.1,ef66ed9,add,f3.bin,backend_store,27.168375,10485760,,Zstd,blake3
10,1,2026-03-11T12:24:08.40004Z,elea,0.1.1,ef66ed9,add,f4.bin,add_file_total,35.126,10485760,,Zstd,blake3
10,1,2026-03-11T12:24:08.400054Z,elea,0.1.1,ef66ed9,add,f5.bin,backend_store,27.336792,10485760,,Zstd,blake3
10,1,2026-03-11T12:24:08.400696Z,elea,0.1.1,ef66ed9,add,f1.bin,add_file_total,35.804,10485760,,Zstd,blake3
10,1,2026-03-11T12:24:08.400751Z,elea,0.1.1,ef66ed9,add,f3.bin,add_file_total,35.838166,10485760,,Zstd,blake3
10,1,2026-03-11T12:24:08.400808Z,elea,0.1.1,ef66ed9,add,f2.bin,add_file_total,35.884625,10485760,,Zstd,blake3
10,1,2026-03-11T12:24:08.400839Z,elea,0.1.1,ef66ed9,add,f5.bin,add_file_total,35.921709,10485760,,Zstd,blake3
10,1,2026-03-11T12:24:08.400928Z,elea,0.1.1,ef66ed9,add,,add_total,36.065667000000005,,5,Zstd,blake3
10,2,2026-03-11T12:24:08.559212Z,elea,0.1.1,ef66ed9,hash,f2.bin,hash,6.5156670000000005,10485760,,,blake3
10,2,2026-03-11T12:24:08.559045Z,elea,0.1.1,ef66ed9,hash,f5.bin,hash,6.393959000000001,10485760,,,blake3
10,2,2026-03-11T12:24:08.558542Z,elea,0.1.1,ef66ed9,hash,f1.bin,hash,5.895125,10485760,,,blake3
10,2,2026-03-11T12:24:08.558853Z,elea,0.1.1,ef66ed9,hash,f4.bin,hash,6.188792,10485760,,,blake3
10,2,2026-03-11T12:24:08.558491Z,elea,0.1.1,ef66ed9,hash,f3.bin,hash,5.8455829999999995,10485760,,,blake3
10,2,2026-03-11T12:24:08.60145Z,elea,0.1.1,ef66ed9,add,f2.bin,backend_store,41.200584,10485760,,Zstd,blake3
10,2,2026-03-11T12:24:08.601937Z,elea,0.1.1,ef66ed9,add,f2.bin,add_file_total,49.324417000000004,10485760,,Zstd,blake3
10,2,2026-03-11T12:24:08.602135Z,elea,0.1.1,ef66ed9,add,f1.bin,backend_store,41.806292,10485760,,Zstd,blake3
10,2,2026-03-11T12:24:08.602465Z,elea,0.1.1,ef66ed9,add,f1.bin,add_file_total,49.864875000000005,10485760,,Zstd,blake3
10,2,2026-03-11T12:24:08.602549Z,elea,0.1.1,ef66ed9,add,f5.bin,backend_store,42.283833,10485760,,Zstd,blake3
10,2,2026-03-11T12:24:08.602806Z,elea,0.1.1,ef66ed9,add,f5.bin,add_file_total,50.167042,10485760,,Zstd,blake3
10,2,2026-03-11T12:24:08.602875Z,elea,0.1.1,ef66ed9,add,f3.bin,backend_store,42.459833,10485760,,Zstd,blake3
10,2,2026-03-11T12:24:08.603094Z,elea,0.1.1,ef66ed9,add,f3.bin,add_file_total,50.493333,10485760,,Zstd,blake3
10,2,2026-03-11T12:24:08.603247Z,elea,0.1.1,ef66ed9,add,f4.bin,backend_store,42.860459,10485760,,Zstd,blake3
10,2,2026-03-11T12:24:08.603366Z,elea,0.1.1,ef66ed9,add,f4.bin,add_file_total,50.757625,10485760,,Zstd,blake3
10,2,2026-03-11T12:24:08.60357Z,elea,0.1.1,ef66ed9,add,,add_total,50.979957999999996,,5,Zstd,blake3
10,3,2026-03-11T12:24:08.753421Z,elea,0.1.1,ef66ed9,hash,f5.bin,hash,5.822833999999999,10485760,,,blake3
10,3,2026-03-11T12:24:08.753387Z,elea,0.1.1,ef66ed9,hash,f1.bin,hash,5.828792,10485760,,,blake3
10,3,2026-03-11T12:24:08.753409Z,elea,0.1.1,ef66ed9,hash,f4.bin,hash,5.833375,10485760,,,blake3
10,3,2026-03-11T12:24:08.75347Z,elea,0.1.1,ef66ed9,hash,f2.bin,hash,5.844417,10485760,,,blake3
10,3,2026-03-11T12:24:08.753444Z,elea,0.1.1,ef66ed9,hash,f3.bin,hash,5.838583,10485760,,,blake3
10,3,2026-03-11T12:24:08.783085Z,elea,0.1.1,ef66ed9,add,f5.bin,backend_store,27.986,10485760,,Zstd,blake3
10,3,2026-03-11T12:24:08.783093Z,elea,0.1.1,ef66ed9,add,f1.bin,backend_store,27.810292,10485760,,Zstd,blake3
10,3,2026-03-11T12:24:08.783127Z,elea,0.1.1,ef66ed9,add,f3.bin,backend_store,28.003625,10485760,,Zstd,blake3
10,3,2026-03-11T12:24:08.78332Z,elea,0.1.1,ef66ed9,add,f4.bin,backend_store,28.177042,10485760,,Zstd,blake3
10,3,2026-03-11T12:24:08.783358Z,elea,0.1.1,ef66ed9,add,f1.bin,add_file_total,35.840958,10485760,,Zstd,blake3
10,3,2026-03-11T12:24:08.783497Z,elea,0.1.1,ef66ed9,add,f2.bin,backend_store,28.3345,10485760,,Zstd,blake3
10,3,2026-03-11T12:24:08.784044Z,elea,0.1.1,ef66ed9,add,f5.bin,add_file_total,36.508041999999996,10485760,,Zstd,blake3
10,3,2026-03-11T12:24:08.784102Z,elea,0.1.1,ef66ed9,add,f3.bin,add_file_total,36.564083999999994,10485760,,Zstd,blake3
10,3,2026-03-11T12:24:08.784145Z,elea,0.1.1,ef66ed9,add,f4.bin,add_file_total,36.611375,10485760,,Zstd,blake3
10,3,2026-03-11T12:24:08.784185Z,elea,0.1.1,ef66ed9,add,f2.bin,add_file_total,36.6475,10485760,,Zstd,blake3
10,3,2026-03-11T12:24:08.784249Z,elea,0.1.1,ef66ed9,add,,add_total,36.76925000000001,,5,Zstd,blake3
10,4,2026-03-11T12:24:08.93376Z,elea,0.1.1,ef66ed9,hash,f4.bin,hash,5.791042,10485760,,,blake3
10,4,2026-03-11T12:24:08.933769Z,elea,0.1.1,ef66ed9,hash,f5.bin,hash,5.755332999999999,10485760,,,blake3
10,4,2026-03-11T12:24:08.933744Z,elea,0.1.1,ef66ed9,hash,f3.bin,hash,5.796125,10485760,,,blake3
10,4,2026-03-11T12:24:08.933754Z,elea,0.1.1,ef66ed9,hash,f2.bin,hash,5.799208999999999,10485760,,,blake3
10,4,2026-03-11T12:24:08.933778Z,elea,0.1.1,ef66ed9,hash,f1.bin,hash,5.793208,10485760,,,blake3
10,4,2026-03-11T12:24:08.962642Z,elea,0.1.1,ef66ed9,add,f3.bin,backend_store,26.965374999999998,10485760,,Zstd,blake3
10,4,2026-03-11T12:24:08.962661Z,elea,0.1.1,ef66ed9,add,f1.bin,backend_store,26.934666,10485760,,Zstd,blake3
10,4,2026-03-11T12:24:08.962696Z,elea,0.1.1,ef66ed9,add,f2.bin,backend_store,26.992375,10485760,,Zstd,blake3
10,4,2026-03-11T12:24:08.962895Z,elea,0.1.1,ef66ed9,add,f3.bin,add_file_total,34.9905,10485760,,Zstd,blake3
10,4,2026-03-11T12:24:08.962925Z,elea,0.1.1,ef66ed9,add,f4.bin,backend_store,27.293582999999998,10485760,,Zstd,blake3
10,4,2026-03-11T12:24:08.963021Z,elea,0.1.1,ef66ed9,add,f5.bin,backend_store,27.373084,10485760,,Zstd,blake3
10,4,2026-03-11T12:24:08.963367Z,elea,0.1.1,ef66ed9,add,f1.bin,add_file_total,35.44625,10485760,,Zstd,blake3
10,4,2026-03-11T12:24:08.963562Z,elea,0.1.1,ef66ed9,add,f2.bin,add_file_total,35.638625,10485760,,Zstd,blake3
10,4,2026-03-11T12:24:08.963599Z,elea,0.1.1,ef66ed9,add,f4.bin,add_file_total,35.679500000000004,10485760,,Zstd,blake3
10,4,2026-03-11T12:24:08.963644Z,elea,0.1.1,ef66ed9,add,f5.bin,add_file_total,35.717666,10485760,,Zstd,blake3
10,4,2026-03-11T12:24:08.963709Z,elea,0.1.1,ef66ed9,add,,add_total,35.830875,,5,Zstd,blake3
10,5,2026-03-11T12:24:09.111352Z,elea,0.1.1,ef66ed9,hash,f2.bin,hash,5.827625,10485760,,,blake3
10,5,2026-03-11T12:24:09.111367Z,elea,0.1.1,ef66ed9,hash,f1.bin,hash,5.799083,10485760,,,blake3
10,5,2026-03-11T12:24:09.111381Z,elea,0.1.1,ef66ed9,hash,f3.bin,hash,5.845875,10485760,,,blake3
10,5,2026-03-11T12:24:09.111357Z,elea,0.1.1,ef66ed9,hash,f4.bin,hash,5.800917,10485760,,,blake3
10,5,2026-03-11T12:24:09.111299Z,elea,0.1.1,ef66ed9,hash,f5.bin,hash,5.769166,10485760,,,blake3
10,5,2026-03-11T12:24:09.140124Z,elea,0.1.1,ef66ed9,add,f2.bin,backend_store,27.184666999999997,10485760,,Zstd,blake3
10,5,2026-03-11T12:24:09.14047Z,elea,0.1.1,ef66ed9,add,f2.bin,add_file_total,34.986375,10485760,,Zstd,blake3
10,5,2026-03-11T12:24:09.140499Z,elea,0.1.1,ef66ed9,add,f4.bin,backend_store,27.483917,10485760,,Zstd,blake3
10,5,2026-03-11T12:24:09.140618Z,elea,0.1.1,ef66ed9,add,f1.bin,backend_store,27.658542,10485760,,Zstd,blake3
10,5,2026-03-11T12:24:09.140639Z,elea,0.1.1,ef66ed9,add,f5.bin,backend_store,27.595667000000002,10485760,,Zstd,blake3
10,5,2026-03-11T12:24:09.140687Z,elea,0.1.1,ef66ed9,add,f4.bin,add_file_total,35.177042,10485760,,Zstd,blake3
10,5,2026-03-11T12:24:09.140718Z,elea,0.1.1,ef66ed9,add,f3.bin,backend_store,27.716542,10485760,,Zstd,blake3
10,5,2026-03-11T12:24:09.141287Z,elea,0.1.1,ef66ed9,add,f1.bin,add_file_total,35.77825,10485760,,Zstd,blake3
10,5,2026-03-11T12:24:09.141331Z,elea,0.1.1,ef66ed9,add,f5.bin,add_file_total,35.823959,10485760,,Zstd,blake3
10,5,2026-03-11T12:24:09.141372Z,elea,0.1.1,ef66ed9,add,f3.bin,add_file_total,35.865459,10485760,,Zstd,blake3
10,5,2026-03-11T12:24:09.141435Z,elea,0.1.1,ef66ed9,add,,add_total,35.97925,,5,Zstd,blake3
10,6,2026-03-11T12:24:09.311425Z,elea,0.1.1,ef66ed9,hash,f2.bin,hash,5.8716669999999995,10485760,,,blake3
10,6,2026-03-11T12:24:09.311041Z,elea,0.1.1,ef66ed9,hash,f5.bin,hash,5.590917,10485760,,,blake3
10,6,2026-03-11T12:24:09.311411Z,elea,0.1.1,ef66ed9,hash,f4.bin,hash,5.930334,10485760,,,blake3
10,6,2026-03-11T12:24:09.311385Z,elea,0.1.1,ef66ed9,hash,f3.bin,hash,5.864209,10485760,,,blake3
10,6,2026-03-11T12:24:09.3114Z,elea,0.1.1,ef66ed9,hash,f1.bin,hash,5.891917,10485760,,,blake3
10,6,2026-03-11T12:24:09.33909Z,elea,0.1.1,ef66ed9,add,f2.bin,backend_store,26.2185,10485760,,Zstd,blake3
10,6,2026-03-11T12:24:09.339335Z,elea,0.1.1,ef66ed9,add,f2.bin,add_file_total,33.871792,10485760,,Zstd,blake3
10,6,2026-03-11T12:24:09.339341Z,elea,0.1.1,ef66ed9,add,f4.bin,backend_store,26.432582999999997,10485760,,Zstd,blake3
10,6,2026-03-11T12:24:09.339364Z,elea,0.1.1,ef66ed9,add,f1.bin,backend_store,26.397416,10485760,,Zstd,blake3
10,6,2026-03-11T12:24:09.339464Z,elea,0.1.1,ef66ed9,add,f5.bin,backend_store,26.586334,10485760,,Zstd,blake3
10,6,2026-03-11T12:24:09.33952Z,elea,0.1.1,ef66ed9,add,f3.bin,backend_store,26.583084,10485760,,Zstd,blake3
10,6,2026-03-11T12:24:09.339729Z,elea,0.1.1,ef66ed9,add,f4.bin,add_file_total,34.270125,10485760,,Zstd,blake3
10,6,2026-03-11T12:24:09.34011Z,elea,0.1.1,ef66ed9,add,f1.bin,add_file_total,34.648041,10485760,,Zstd,blake3
10,6,2026-03-11T12:24:09.340153Z,elea,0.1.1,ef66ed9,add,f5.bin,add_file_total,34.733624999999996,10485760,,Zstd,blake3
10,6,2026-03-11T12:24:09.340202Z,elea,0.1.1,ef66ed9,add,f3.bin,add_file_total,34.738709,10485760,,Zstd,blake3
10,6,2026-03-11T12:24:09.340277Z,elea,0.1.1,ef66ed9,add,,add_total,34.890583,,5,Zstd,blake3
10,7,2026-03-11T12:24:09.487805Z,elea,0.1.1,ef66ed9,hash,f3.bin,hash,5.795166,10485760,,,blake3
10,7,2026-03-11T12:24:09.48784Z,elea,0.1.1,ef66ed9,hash,f4.bin,hash,5.85925,10485760,,,blake3
10,7,2026-03-11T12:24:09.487878Z,elea,0.1.1,ef66ed9,hash,f2.bin,hash,5.8783330000000005,10485760,,,blake3
10,7,2026-03-11T12:24:09.487868Z,elea,0.1.1,ef66ed9,hash,f1.bin,hash,5.867792000000001,10485760,,,blake3
10,7,2026-03-11T12:24:09.487748Z,elea,0.1.1,ef66ed9,hash,f5.bin,hash,5.729917,10485760,,,blake3
10,7,2026-03-11T12:24:09.515315Z,elea,0.1.1,ef66ed9,add,f3.bin,backend_store,25.809667,10485760,,Zstd,blake3
10,7,2026-03-11T12:24:09.51553Z,elea,0.1.1,ef66ed9,add,f5.bin,backend_store,25.921542,10485760,,Zstd,blake3
10,7,2026-03-11T12:24:09.515551Z,elea,0.1.1,ef66ed9,add,f3.bin,add_file_total,33.593708,10485760,,Zstd,blake3
10,7,2026-03-11T12:24:09.515621Z,elea,0.1.1,ef66ed9,add,f4.bin,backend_store,26.098291999999997,10485760,,Zstd,blake3
10,7,2026-03-11T12:24:09.515681Z,elea,0.1.1,ef66ed9,add,f1.bin,backend_store,26.067333,10485760,,Zstd,blake3
10,7,2026-03-11T12:24:09.515742Z,elea,0.1.1,ef66ed9,add,f2.bin,backend_store,26.178707999999997,10485760,,Zstd,blake3
10,7,2026-03-11T12:24:09.516175Z,elea,0.1.1,ef66ed9,add,f5.bin,add_file_total,34.215208,10485760,,Zstd,blake3
10,7,2026-03-11T12:24:09.516289Z,elea,0.1.1,ef66ed9,add,f4.bin,add_file_total,34.350291999999996,10485760,,Zstd,blake3
10,7,2026-03-11T12:24:09.51633Z,elea,0.1.1,ef66ed9,add,f1.bin,add_file_total,34.373958,10485760,,Zstd,blake3
10,7,2026-03-11T12:24:09.516381Z,elea,0.1.1,ef66ed9,add,f2.bin,add_file_total,34.422333,10485760,,Zstd,blake3
10,7,2026-03-11T12:24:09.516447Z,elea,0.1.1,ef66ed9,add,,add_total,34.545667,,5,Zstd,blake3
10,8,2026-03-11T12:24:09.662655Z,elea,0.1.1,ef66ed9,hash,f4.bin,hash,5.813292000000001,10485760,,,blake3
10,8,2026-03-11T12:24:09.662581Z,elea,0.1.1,ef66ed9,hash,f5.bin,hash,5.720291,10485760,,,blake3
10,8,2026-03-11T12:24:09.662746Z,elea,0.1.1,ef66ed9,hash,f3.bin,hash,5.836375,10485760,,,blake3
10,8,2026-03-11T12:24:09.662487Z,elea,0.1.1,ef66ed9,hash,f1.bin,hash,5.601709,10485760,,,blake3
10,8,2026-03-11T12:24:09.66273Z,elea,0.1.1,ef66ed9,hash,f2.bin,hash,5.8180000000000005,10485760,,,blake3
10,8,2026-03-11T12:24:09.690422Z,elea,0.1.1,ef66ed9,add,f4.bin,backend_store,25.828916,10485760,,Zstd,blake3
10,8,2026-03-11T12:24:09.690451Z,elea,0.1.1,ef66ed9,add,f2.bin,backend_store,25.759332999999998,10485760,,Zstd,blake3
10,8,2026-03-11T12:24:09.690508Z,elea,0.1.1,ef66ed9,add,f3.bin,backend_store,25.868291000000003,10485760,,Zstd,blake3
10,8,2026-03-11T12:24:09.690644Z,elea,0.1.1,ef66ed9,add,f4.bin,add_file_total,33.838,10485760,,Zstd,blake3
10,8,2026-03-11T12:24:09.690685Z,elea,0.1.1,ef66ed9,add,f5.bin,backend_store,26.077583,10485760,,Zstd,blake3
10,8,2026-03-11T12:24:09.690863Z,elea,0.1.1,ef66ed9,add,f1.bin,backend_store,26.203750000000003,10485760,,Zstd,blake3
10,8,2026-03-11T12:24:09.691113Z,elea,0.1.1,ef66ed9,add,f2.bin,add_file_total,34.280375,10485760,,Zstd,blake3
10,8,2026-03-11T12:24:09.691358Z,elea,0.1.1,ef66ed9,add,f3.bin,add_file_total,34.523291,10485760,,Zstd,blake3
10,8,2026-03-11T12:24:09.6914Z,elea,0.1.1,ef66ed9,add,f5.bin,add_file_total,34.56625,10485760,,Zstd,blake3
10,8,2026-03-11T12:24:09.691439Z,elea,0.1.1,ef66ed9,add,f1.bin,add_file_total,34.60916700000001,10485760,,Zstd,blake3
10,8,2026-03-11T12:24:09.691497Z,elea,0.1.1,ef66ed9,add,,add_total,34.717749999999995,,5,Zstd,blake3
10,9,2026-03-11T12:24:09.847544Z,elea,0.1.1,ef66ed9,hash,f2.bin,hash,6.0816669999999995,10485760,,,blake3
10,9,2026-03-11T12:24:09.848829Z,elea,0.1.1,ef66ed9,hash,f4.bin,hash,7.3757079999999995,10485760,,,blake3
10,9,2026-03-11T12:24:09.848081Z,elea,0.1.1,ef66ed9,hash,f5.bin,hash,6.657958000000001,10485760,,,blake3
10,9,2026-03-11T12:24:09.847332Z,elea,0.1.1,ef66ed9,hash,f1.bin,hash,5.9632499999999995,10485760,,,blake3
10,9,2026-03-11T12:24:09.848619Z,elea,0.1.1,ef66ed9,hash,f3.bin,hash,7.226542,10485760,,,blake3
10,9,2026-03-11T12:24:09.878531Z,elea,0.1.1,ef66ed9,add,f3.bin,backend_store,29.29925,10485760,,Zstd,blake3
10,9,2026-03-11T12:24:09.878539Z,elea,0.1.1,ef66ed9,add,f2.bin,backend_store,29.447791000000002,10485760,,Zstd,blake3
10,9,2026-03-11T12:24:09.878611Z,elea,0.1.1,ef66ed9,add,f1.bin,backend_store,29.436375,10485760,,Zstd,blake3
10,9,2026-03-11T12:24:09.878785Z,elea,0.1.1,ef66ed9,add,f5.bin,backend_store,29.63375,10485760,,Zstd,blake3
10,9,2026-03-11T12:24:09.878797Z,elea,0.1.1,ef66ed9,add,f3.bin,add_file_total,37.405792,10485760,,Zstd,blake3
10,9,2026-03-11T12:24:09.878841Z,elea,0.1.1,ef66ed9,add,f4.bin,backend_store,29.74,10485760,,Zstd,blake3
10,9,2026-03-11T12:24:09.879436Z,elea,0.1.1,ef66ed9,add,f2.bin,add_file_total,38.03675,10485760,,Zstd,blake3
10,9,2026-03-11T12:24:09.879489Z,elea,0.1.1,ef66ed9,add,f1.bin,add_file_total,38.184083,10485760,,Zstd,blake3
10,9,2026-03-11T12:24:09.879528Z,elea,0.1.1,ef66ed9,add,f5.bin,add_file_total,38.188792,10485760,,Zstd,blake3
10,9,2026-03-11T12:24:09.879563Z,elea,0.1.1,ef66ed9,add,f4.bin,add_file_total,38.165333000000004,10485760,,Zstd,blake3
10,9,2026-03-11T12:24:09.879631Z,elea,0.1.1,ef66ed9,add,,add_total,38.41125,,5,Zstd,blake3
10,10,2026-03-11T12:24:10.02674Z,elea,0.1.1,ef66ed9,hash,f2.bin,hash,5.833209,10485760,,,blake3
10,10,2026-03-11T12:24:10.026771Z,elea,0.1.1,ef66ed9,hash,f1.bin,hash,5.815875,10485760,,,blake3
10,10,2026-03-11T12:24:10.026728Z,elea,0.1.1,ef66ed9,hash,f3.bin,hash,5.8235,10485760,,,blake3
10,10,2026-03-11T12:24:10.02632Z,elea,0.1.1,ef66ed9,hash,f4.bin,hash,5.394209,10485760,,,blake3
10,10,2026-03-11T12:24:10.026718Z,elea,0.1.1,ef66ed9,hash,f5.bin,hash,5.76525,10485760,,,blake3
10,10,2026-03-11T12:24:10.05619Z,elea,0.1.1,ef66ed9,add,f2.bin,backend_store,27.746541,10485760,,Zstd,blake3
10,10,2026-03-11T12:24:10.056256Z,elea,0.1.1,ef66ed9,add,f3.bin,backend_store,27.775000000000002,10485760,,Zstd,blake3
10,10,2026-03-11T12:24:10.05637Z,elea,0.1.1,ef66ed9,add,f5.bin,backend_store,27.821624999999997,10485760,,Zstd,blake3
10,10,2026-03-11T12:24:10.056413Z,elea,0.1.1,ef66ed9,add,f2.bin,add_file_total,35.526416999999995,10485760,,Zstd,blake3
10,10,2026-03-11T12:24:10.056519Z,elea,0.1.1,ef66ed9,add,f1.bin,backend_store,28.068666999999998,10485760,,Zstd,blake3
10,10,2026-03-11T12:24:10.056716Z,elea,0.1.1,ef66ed9,add,f4.bin,backend_store,28.205833,10485760,,Zstd,blake3
10,10,2026-03-11T12:24:10.05681Z,elea,0.1.1,ef66ed9,add,f3.bin,add_file_total,35.951208,10485760,,Zstd,blake3
10,10,2026-03-11T12:24:10.057055Z,elea,0.1.1,ef66ed9,add,f5.bin,add_file_total,36.168290999999996,10485760,,Zstd,blake3
10,10,2026-03-11T12:24:10.057101Z,elea,0.1.1,ef66ed9,add,f1.bin,add_file_total,36.212709000000004,10485760,,Zstd,blake3
10,10,2026-03-11T12:24:10.057138Z,elea,0.1.1,ef66ed9,add,f4.bin,add_file_total,36.231708000000005,10485760,,Zstd,blake3
10,10,2026-03-11T12:24:10.057206Z,elea,0.1.1,ef66ed9,add,,add_total,36.386874999999996,,5,Zstd,blake3
10,11,2026-03-11T12:24:10.202437Z,elea,0.1.1,ef66ed9,hash,f2.bin,hash,5.805458000000001,10485760,,,blake3
10,11,2026-03-11T12:24:10.202429Z,elea,0.1.1,ef66ed9,hash,f4.bin,hash,5.791041,10485760,,,blake3
10,11,2026-03-11T12:24:10.202417Z,elea,0.1.1,ef66ed9,hash,f3.bin,hash,5.797791,10485760,,,blake3
10,11,2026-03-11T12:24:10.20246Z,elea,0.1.1,ef66ed9,hash,f1.bin,hash,5.851625,10485760,,,blake3
10,11,2026-03-11T12:24:10.202377Z,elea,0.1.1,ef66ed9,hash,f5.bin,hash,5.772875,10485760,,,blake3
10,11,2026-03-11T12:24:10.226377Z,elea,0.1.1,ef66ed9,add,f4.bin,backend_store,22.176458,10485760,,Zstd,blake3
10,11,2026-03-11T12:24:10.226414Z,elea,0.1.1,ef66ed9,add,f3.bin,backend_store,22.172917,10485760,,Zstd,blake3
10,11,2026-03-11T12:24:10.226428Z,elea,0.1.1,ef66ed9,add,f2.bin,backend_store,22.239542,10485760,,Zstd,blake3
10,11,2026-03-11T12:24:10.22648Z,elea,0.1.1,ef66ed9,add,f1.bin,backend_store,22.217417,10485760,,Zstd,blake3
10,11,2026-03-11T12:24:10.226578Z,elea,0.1.1,ef66ed9,add,f5.bin,backend_store,22.301958,10485760,,Zstd,blake3
10,11,2026-03-11T12:24:10.2266Z,elea,0.1.1,ef66ed9,add,f2.bin,add_file_total,30.009125,10485760,,Zstd,blake3
10,11,2026-03-11T12:24:10.227376Z,elea,0.1.1,ef66ed9,add,f4.bin,add_file_total,30.783417,10485760,,Zstd,blake3
10,11,2026-03-11T12:24:10.227419Z,elea,0.1.1,ef66ed9,add,f3.bin,add_file_total,30.828208999999998,10485760,,Zstd,blake3
10,11,2026-03-11T12:24:10.227461Z,elea,0.1.1,ef66ed9,add,f1.bin,add_file_total,30.877167,10485760,,Zstd,blake3
10,11,2026-03-11T12:24:10.227507Z,elea,0.1.1,ef66ed9,add,f5.bin,add_file_total,30.938750000000002,10485760,,Zstd,blake3
10,11,2026-03-11T12:24:10.227554Z,elea,0.1.1,ef66ed9,add,,add_total,31.023125,,5,Zstd,blake3
10,12,2026-03-11T12:24:10.37723Z,elea,0.1.1,ef66ed9,hash,f4.bin,hash,6.339583,10485760,,,blake3
10,12,2026-03-11T12:24:10.376818Z,elea,0.1.1,ef66ed9,hash,f3.bin,hash,5.965458,10485760,,,blake3
10,12,2026-03-11T12:24:10.377076Z,elea,0.1.1,ef66ed9,hash,f1.bin,hash,6.250167,10485760,,,blake3
10,12,2026-03-11T12:24:10.376651Z,elea,0.1.1,ef66ed9,hash,f2.bin,hash,5.809540999999999,10485760,,,blake3
10,12,2026-03-11T12:24:10.377056Z,elea,0.1.1,ef66ed9,hash,f5.bin,hash,6.185291,10485760,,,blake3
10,12,2026-03-11T12:24:10.420165Z,elea,0.1.1,ef66ed9,add,f2.bin,backend_store,41.25975,10485760,,Zstd,blake3
10,12,2026-03-11T12:24:10.42078Z,elea,0.1.1,ef66ed9,add,f2.bin,add_file_total,49.963375,10485760,,Zstd,blake3
10,12,2026-03-11T12:24:10.420808Z,elea,0.1.1,ef66ed9,add,f1.bin,backend_store,41.941542,10485760,,Zstd,blake3
10,12,2026-03-11T12:24:10.420969Z,elea,0.1.1,ef66ed9,add,f5.bin,backend_store,42.003,10485760,,Zstd,blake3
10,12,2026-03-11T12:24:10.421345Z,elea,0.1.1,ef66ed9,add,f4.bin,backend_store,42.458375,10485760,,Zstd,blake3
10,12,2026-03-11T12:24:10.421364Z,elea,0.1.1,ef66ed9,add,f1.bin,add_file_total,50.497041,10485760,,Zstd,blake3
10,12,2026-03-11T12:24:10.421381Z,elea,0.1.1,ef66ed9,add,f3.bin,backend_store,42.557917,10485760,,Zstd,blake3
10,12,2026-03-11T12:24:10.421592Z,elea,0.1.1,ef66ed9,add,f5.bin,add_file_total,50.7365,10485760,,Zstd,blake3
10,12,2026-03-11T12:24:10.421722Z,elea,0.1.1,ef66ed9,add,f4.bin,add_file_total,50.899417,10485760,,Zstd,blake3
10,12,2026-03-11T12:24:10.421813Z,elea,0.1.1,ef66ed9,add,f3.bin,add_file_total,50.998000000000005,10485760,,Zstd,blake3
10,12,2026-03-11T12:24:10.421897Z,elea,0.1.1,ef66ed9,add,,add_total,51.132208999999996,,5,Zstd,blake3
10,13,2026-03-11T12:24:10.575893Z,elea,0.1.1,ef66ed9,hash,f4.bin,hash,5.841749999999999,10485760,,,blake3
10,13,2026-03-11T12:24:10.575613Z,elea,0.1.1,ef66ed9,hash,f1.bin,hash,5.477333,10485760,,,blake3
10,13,2026-03-11T12:24:10.575873Z,elea,0.1.1,ef66ed9,hash,f3.bin,hash,5.8232919999999995,10485760,,,blake3
10,13,2026-03-11T12:24:10.575903Z,elea,0.1.1,ef66ed9,hash,f2.bin,hash,5.796625,10485760,,,blake3
10,13,2026-03-11T12:24:10.575828Z,elea,0.1.1,ef66ed9,hash,f5.bin,hash,5.7629589999999995,10485760,,,blake3
10,13,2026-03-11T12:24:10.612226Z,elea,0.1.1,ef66ed9,add,f5.bin,backend_store,34.408583,10485760,,Zstd,blake3
10,13,2026-03-11T12:24:10.612312Z,elea,0.1.1,ef66ed9,add,f2.bin,backend_store,34.532875,10485760,,Zstd,blake3
10,13,2026-03-11T12:24:10.612412Z,elea,0.1.1,ef66ed9,add,f4.bin,backend_store,34.734874999999995,10485760,,Zstd,blake3
10,13,2026-03-11T12:24:10.612509Z,elea,0.1.1,ef66ed9,add,f5.bin,add_file_total,42.492875,10485760,,Zstd,blake3
10,13,2026-03-11T12:24:10.612633Z,elea,0.1.1,ef66ed9,add,f1.bin,backend_store,34.918916,10485760,,Zstd,blake3
10,13,2026-03-11T12:24:10.612671Z,elea,0.1.1,ef66ed9,add,f2.bin,add_file_total,42.654583,10485760,,Zstd,blake3
10,13,2026-03-11T12:24:10.612872Z,elea,0.1.1,ef66ed9,add,f3.bin,backend_store,35.129875,10485760,,Zstd,blake3
10,13,2026-03-11T12:24:10.612879Z,elea,0.1.1,ef66ed9,add,f4.bin,add_file_total,42.885666,10485760,,Zstd,blake3
10,13,2026-03-11T12:24:10.613123Z,elea,0.1.1,ef66ed9,add,f1.bin,add_file_total,43.085792,10485760,,Zstd,blake3
10,13,2026-03-11T12:24:10.613162Z,elea,0.1.1,ef66ed9,add,f3.bin,add_file_total,43.150583,10485760,,Zstd,blake3
10,13,2026-03-11T12:24:10.613218Z,elea,0.1.1,ef66ed9,add,,add_total,43.267042,,5,Zstd,blake3
10,14,2026-03-11T12:24:10.759142Z,elea,0.1.1,ef66ed9,hash,f2.bin,hash,5.790458,10485760,,,blake3
10,14,2026-03-11T12:24:10.759186Z,elea,0.1.1,ef66ed9,hash,f3.bin,hash,5.797,10485760,,,blake3
10,14,2026-03-11T12:24:10.759168Z,elea,0.1.1,ef66ed9,hash,f1.bin,hash,5.78925,10485760,,,blake3
10,14,2026-03-11T12:24:10.759134Z,elea,0.1.1,ef66ed9,hash,f5.bin,hash,5.741708,10485760,,,blake3
10,14,2026-03-11T12:24:10.759177Z,elea,0.1.1,ef66ed9,hash,f4.bin,hash,5.802583,10485760,,,blake3
10,14,2026-03-11T12:24:10.783282Z,elea,0.1.1,ef66ed9,add,f2.bin,backend_store,22.166667,10485760,,Zstd,blake3
10,14,2026-03-11T12:24:10.783307Z,elea,0.1.1,ef66ed9,add,f4.bin,backend_store,22.096292,10485760,,Zstd,blake3
10,14,2026-03-11T12:24:10.783422Z,elea,0.1.1,ef66ed9,add,f3.bin,backend_store,22.293416,10485760,,Zstd,blake3
10,14,2026-03-11T12:24:10.783446Z,elea,0.1.1,ef66ed9,add,f5.bin,backend_store,22.264041,10485760,,Zstd,blake3
10,14,2026-03-11T12:24:10.783514Z,elea,0.1.1,ef66ed9,add,f2.bin,add_file_total,30.198083,10485760,,Zstd,blake3
10,14,2026-03-11T12:24:10.783756Z,elea,0.1.1,ef66ed9,add,f1.bin,backend_store,22.594959000000003,10485760,,Zstd,blake3
10,14,2026-03-11T12:24:10.783973Z,elea,0.1.1,ef66ed9,add,f4.bin,add_file_total,30.632375,10485760,,Zstd,blake3
10,14,2026-03-11T12:24:10.784223Z,elea,0.1.1,ef66ed9,add,f3.bin,add_file_total,30.877625,10485760,,Zstd,blake3
10,14,2026-03-11T12:24:10.784265Z,elea,0.1.1,ef66ed9,add,f5.bin,add_file_total,30.919375,10485760,,Zstd,blake3
10,14,2026-03-11T12:24:10.784301Z,elea,0.1.1,ef66ed9,add,f1.bin,add_file_total,30.960583,10485760,,Zstd,blake3
10,14,2026-03-11T12:24:10.784363Z,elea,0.1.1,ef66ed9,add,,add_total,31.072458,,5,Zstd,blake3
10,15,2026-03-11T12:24:10.934528Z,elea,0.1.1,ef66ed9,hash,f5.bin,hash,5.752833,10485760,,,blake3
10,15,2026-03-11T12:24:10.93461Z,elea,0.1.1,ef66ed9,hash,f1.bin,hash,5.8479589999999995,10485760,,,blake3
10,15,2026-03-11T12:24:10.934747Z,elea,0.1.1,ef66ed9,hash,f2.bin,hash,6.005292,10485760,,,blake3
10,15,2026-03-11T12:24:10.934565Z,elea,0.1.1,ef66ed9,hash,f4.bin,hash,5.844458,10485760,,,blake3
10,15,2026-03-11T12:24:10.934521Z,elea,0.1.1,ef66ed9,hash,f3.bin,hash,5.812,10485760,,,blake3
10,15,2026-03-11T12:24:10.959573Z,elea,0.1.1,ef66ed9,add,f5.bin,backend_store,23.331625000000003,10485760,,Zstd,blake3
10,15,2026-03-11T12:24:10.959779Z,elea,0.1.1,ef66ed9,add,f5.bin,add_file_total,31.112417,10485760,,Zstd,blake3
10,15,2026-03-11T12:24:10.959895Z,elea,0.1.1,ef66ed9,add,f3.bin,backend_store,23.630374999999997,10485760,,Zstd,blake3
10,15,2026-03-11T12:24:10.959933Z,elea,0.1.1,ef66ed9,add,f4.bin,backend_store,23.628458000000002,10485760,,Zstd,blake3
10,15,2026-03-11T12:24:10.959994Z,elea,0.1.1,ef66ed9,add,f2.bin,backend_store,23.705458,10485760,,Zstd,blake3
10,15,2026-03-11T12:24:10.960078Z,elea,0.1.1,ef66ed9,add,f3.bin,add_file_total,31.412708,10485760,,Zstd,blake3
10,15,2026-03-11T12:24:10.960116Z,elea,0.1.1,ef66ed9,add,f1.bin,backend_store,23.799709,10485760,,Zstd,blake3
10,15,2026-03-11T12:24:10.960679Z,elea,0.1.1,ef66ed9,add,f4.bin,add_file_total,32.012208,10485760,,Zstd,blake3
10,15,2026-03-11T12:24:10.960725Z,elea,0.1.1,ef66ed9,add,f2.bin,add_file_total,32.055665999999995,10485760,,Zstd,blake3
10,15,2026-03-11T12:24:10.960769Z,elea,0.1.1,ef66ed9,add,f1.bin,add_file_total,32.1015,10485760,,Zstd,blake3
10,15,2026-03-11T12:24:10.960829Z,elea,0.1.1,ef66ed9,add,,add_total,32.224583,,5,Zstd,blake3
10,16,2026-03-11T12:24:11.115896Z,elea,0.1.1,ef66ed9,hash,f2.bin,hash,5.967875,10485760,,,blake3
10,16,2026-03-11T12:24:11.115701Z,elea,0.1.1,ef66ed9,hash,f4.bin,hash,5.794874999999999,10485760,,,blake3
10,16,2026-03-11T12:24:11.115923Z,elea,0.1.1,ef66ed9,hash,f3.bin,hash,6.0152920000000005,10485760,,,blake3
10,16,2026-03-11T12:24:11.115757Z,elea,0.1.1,ef66ed9,hash,f1.bin,hash,5.837833,10485760,,,blake3
10,16,2026-03-11T12:24:11.115693Z,elea,0.1.1,ef66ed9,hash,f5.bin,hash,5.746583,10485760,,,blake3
10,16,2026-03-11T12:24:11.140372Z,elea,0.1.1,ef66ed9,add,f4.bin,backend_store,22.82275,10485760,,Zstd,blake3
10,16,2026-03-11T12:24:11.140384Z,elea,0.1.1,ef66ed9,add,f2.bin,backend_store,22.860292,10485760,,Zstd,blake3
10,16,2026-03-11T12:24:11.140409Z,elea,0.1.1,ef66ed9,add,f5.bin,backend_store,22.785667,10485760,,Zstd,blake3
10,16,2026-03-11T12:24:11.140463Z,elea,0.1.1,ef66ed9,add,f3.bin,backend_store,22.88925,10485760,,Zstd,blake3
10,16,2026-03-11T12:24:11.140478Z,elea,0.1.1,ef66ed9,add,f1.bin,backend_store,22.889916,10485760,,Zstd,blake3
10,16,2026-03-11T12:24:11.140599Z,elea,0.1.1,ef66ed9,add,f4.bin,add_file_total,30.732458,10485760,,Zstd,blake3
10,16,2026-03-11T12:24:11.141089Z,elea,0.1.1,ef66ed9,add,f5.bin,add_file_total,31.208541999999998,10485760,,Zstd,blake3
10,16,2026-03-11T12:24:11.141191Z,elea,0.1.1,ef66ed9,add,f2.bin,add_file_total,31.313916999999996,10485760,,Zstd,blake3
10,16,2026-03-11T12:24:11.141235Z,elea,0.1.1,ef66ed9,add,f3.bin,add_file_total,31.358833000000004,10485760,,Zstd,blake3
10,16,2026-03-11T12:24:11.141277Z,elea,0.1.1,ef66ed9,add,f1.bin,add_file_total,31.399583000000003,10485760,,Zstd,blake3
10,16,2026-03-11T12:24:11.141343Z,elea,0.1.1,ef66ed9,add,,add_total,31.518791999999998,,5,Zstd,blake3
10,17,2026-03-11T12:24:11.29Z,elea,0.1.1,ef66ed9,hash,f1.bin,hash,5.821833,10485760,,,blake3
10,17,2026-03-11T12:24:11.289972Z,elea,0.1.1,ef66ed9,hash,f3.bin,hash,5.777834,10485760,,,blake3
10,17,2026-03-11T12:24:11.289925Z,elea,0.1.1,ef66ed9,hash,f5.bin,hash,5.786375,10485760,,,blake3
10,17,2026-03-11T12:24:11.289943Z,elea,0.1.1,ef66ed9,hash,f4.bin,hash,5.824249999999999,10485760,,,blake3
10,17,2026-03-11T12:24:11.289989Z,elea,0.1.1,ef66ed9,hash,f2.bin,hash,5.793292,10485760,,,blake3
10,17,2026-03-11T12:24:11.315059Z,elea,0.1.1,ef66ed9,add,f1.bin,backend_store,23.59025,10485760,,Zstd,blake3
10,17,2026-03-11T12:24:11.315095Z,elea,0.1.1,ef66ed9,add,f3.bin,backend_store,23.614708,10485760,,Zstd,blake3
10,17,2026-03-11T12:24:11.315276Z,elea,0.1.1,ef66ed9,add,f4.bin,backend_store,23.735,10485760,,Zstd,blake3
10,17,2026-03-11T12:24:11.315342Z,elea,0.1.1,ef66ed9,add,f3.bin,add_file_total,31.219417,10485760,,Zstd,blake3
10,17,2026-03-11T12:24:11.315491Z,elea,0.1.1,ef66ed9,add,f1.bin,add_file_total,31.378584,10485760,,Zstd,blake3
10,17,2026-03-11T12:24:11.31553Z,elea,0.1.1,ef66ed9,add,f4.bin,add_file_total,31.452083,10485760,,Zstd,blake3
10,17,2026-03-11T12:24:11.315708Z,elea,0.1.1,ef66ed9,add,f5.bin,backend_store,24.19925,10485760,,Zstd,blake3
10,17,2026-03-11T12:24:11.315762Z,elea,0.1.1,ef66ed9,add,f2.bin,backend_store,24.173875000000002,10485760,,Zstd,blake3
10,17,2026-03-11T12:24:11.315842Z,elea,0.1.1,ef66ed9,add,f5.bin,add_file_total,31.742417000000003,10485760,,Zstd,blake3
10,17,2026-03-11T12:24:11.316054Z,elea,0.1.1,ef66ed9,add,f2.bin,add_file_total,31.940458,10485760,,Zstd,blake3
10,17,2026-03-11T12:24:11.316129Z,elea,0.1.1,ef66ed9,add,,add_total,32.085,,5,Zstd,blake3
10,18,2026-03-11T12:24:11.463993Z,elea,0.1.1,ef66ed9,hash,f2.bin,hash,5.831,10485760,,,blake3
10,18,2026-03-11T12:24:11.464003Z,elea,0.1.1,ef66ed9,hash,f1.bin,hash,5.812167,10485760,,,blake3
10,18,2026-03-11T12:24:11.463979Z,elea,0.1.1,ef66ed9,hash,f3.bin,hash,5.789458,10485760,,,blake3
10,18,2026-03-11T12:24:11.463924Z,elea,0.1.1,ef66ed9,hash,f5.bin,hash,5.7190829999999995,10485760,,,blake3
10,18,2026-03-11T12:24:11.463553Z,elea,0.1.1,ef66ed9,hash,f4.bin,hash,5.4091249999999995,10485760,,,blake3
10,18,2026-03-11T12:24:11.488239Z,elea,0.1.1,ef66ed9,add,f2.bin,backend_store,22.54875,10485760,,Zstd,blake3
10,18,2026-03-11T12:24:11.488259Z,elea,0.1.1,ef66ed9,add,f1.bin,backend_store,22.553625,10485760,,Zstd,blake3
10,18,2026-03-11T12:24:11.48835Z,elea,0.1.1,ef66ed9,add,f3.bin,backend_store,22.584375,10485760,,Zstd,blake3
10,18,2026-03-11T12:24:11.488477Z,elea,0.1.1,ef66ed9,add,f2.bin,add_file_total,30.353167,10485760,,Zstd,blake3
10,18,2026-03-11T12:24:11.488488Z,elea,0.1.1,ef66ed9,add,f5.bin,backend_store,22.734917,10485760,,Zstd,blake3
10,18,2026-03-11T12:24:11.488709Z,elea,0.1.1,ef66ed9,add,f4.bin,backend_store,22.971916,10485760,,Zstd,blake3
10,18,2026-03-11T12:24:11.488922Z,elea,0.1.1,ef66ed9,add,f3.bin,add_file_total,30.799457999999998,10485760,,Zstd,blake3
10,18,2026-03-11T12:24:11.489168Z,elea,0.1.1,ef66ed9,add,f1.bin,add_file_total,31.0425,10485760,,Zstd,blake3
10,18,2026-03-11T12:24:11.489207Z,elea,0.1.1,ef66ed9,add,f5.bin,add_file_total,31.080167,10485760,,Zstd,blake3
10,18,2026-03-11T12:24:11.489254Z,elea,0.1.1,ef66ed9,add,f4.bin,add_file_total,31.150750000000002,10485760,,Zstd,blake3
10,18,2026-03-11T12:24:11.489311Z,elea,0.1.1,ef66ed9,add,,add_total,31.234042,,5,Zstd,blake3
10,19,2026-03-11T12:24:11.660332Z,elea,0.1.1,ef66ed9,hash,f5.bin,hash,7.824207999999999,10485760,,,blake3
10,19,2026-03-11T12:24:11.658663Z,elea,0.1.1,ef66ed9,hash,f1.bin,hash,6.3325830000000005,10485760,,,blake3
10,19,2026-03-11T12:24:11.659267Z,elea,0.1.1,ef66ed9,hash,f4.bin,hash,6.901375000000001,10485760,,,blake3
10,19,2026-03-11T12:24:11.659923Z,elea,0.1.1,ef66ed9,hash,f3.bin,hash,7.583167,10485760,,,blake3
10,19,2026-03-11T12:24:11.658262Z,elea,0.1.1,ef66ed9,hash,f2.bin,hash,5.951,10485760,,,blake3
10,19,2026-03-11T12:24:11.69322Z,elea,0.1.1,ef66ed9,add,f4.bin,backend_store,31.072499999999998,10485760,,Zstd,blake3
10,19,2026-03-11T12:24:11.69338Z,elea,0.1.1,ef66ed9,add,f5.bin,backend_store,31.422791999999998,10485760,,Zstd,blake3
10,19,2026-03-11T12:24:11.693414Z,elea,0.1.1,ef66ed9,add,f3.bin,backend_store,31.2265,10485760,,Zstd,blake3
10,19,2026-03-11T12:24:11.693445Z,elea,0.1.1,ef66ed9,add,f4.bin,add_file_total,41.147749999999995,10485760,,Zstd,blake3
10,19,2026-03-11T12:24:11.693471Z,elea,0.1.1,ef66ed9,add,f2.bin,backend_store,31.190458,10485760,,Zstd,blake3
10,19,2026-03-11T12:24:11.693604Z,elea,0.1.1,ef66ed9,add,f1.bin,backend_store,31.492583999999997,10485760,,Zstd,blake3
10,19,2026-03-11T12:24:11.694216Z,elea,0.1.1,ef66ed9,add,f5.bin,add_file_total,41.918917,10485760,,Zstd,blake3
10,19,2026-03-11T12:24:11.69427Z,elea,0.1.1,ef66ed9,add,f3.bin,add_file_total,41.9775,10485760,,Zstd,blake3
10,19,2026-03-11T12:24:11.694315Z,elea,0.1.1,ef66ed9,add,f2.bin,add_file_total,42.046209000000005,10485760,,Zstd,blake3
10,19,2026-03-11T12:24:11.694356Z,elea,0.1.1,ef66ed9,add,f1.bin,add_file_total,42.063333,10485760,,Zstd,blake3
10,19,2026-03-11T12:24:11.694423Z,elea,0.1.1,ef66ed9,add,,add_total,42.200792,,5,Zstd,blake3
10,20,2026-03-11T12:24:11.843888Z,elea,0.1.1,ef66ed9,hash,f1.bin,hash,5.853542,10485760,,,blake3
10,20,2026-03-11T12:24:11.843785Z,elea,0.1.1,ef66ed9,hash,f3.bin,hash,5.67375,10485760,,,blake3
10,20,2026-03-11T12:24:11.843878Z,elea,0.1.1,ef66ed9,hash,f5.bin,hash,5.829375000000001,10485760,,,blake3
10,20,2026-03-11T12:24:11.843915Z,elea,0.1.1,ef66ed9,hash,f4.bin,hash,5.853167,10485760,,,blake3
10,20,2026-03-11T12:24:11.843952Z,elea,0.1.1,ef66ed9,hash,f2.bin,hash,5.86725,10485760,,,blake3
10,20,2026-03-11T12:24:11.873474Z,elea,0.1.1,ef66ed9,add,f2.bin,backend_store,27.840709,10485760,,Zstd,blake3
10,20,2026-03-11T12:24:11.873575Z,elea,0.1.1,ef66ed9,add,f1.bin,backend_store,28.035042,10485760,,Zstd,blake3
10,20,2026-03-11T12:24:11.873708Z,elea,0.1.1,ef66ed9,add,f2.bin,add_file_total,35.658958,10485760,,Zstd,blake3
10,20,2026-03-11T12:24:11.873754Z,elea,0.1.1,ef66ed9,add,f1.bin,add_file_total,35.758207999999996,10485760,,Zstd,blake3
10,20,2026-03-11T12:24:11.873918Z,elea,0.1.1,ef66ed9,add,f4.bin,backend_store,28.314875,10485760,,Zstd,blake3
10,20,2026-03-11T12:24:11.87402Z,elea,0.1.1,ef66ed9,add,f5.bin,backend_store,28.4365,10485760,,Zstd,blake3
10,20,2026-03-11T12:24:11.874057Z,elea,0.1.1,ef66ed9,add,f4.bin,add_file_total,36.036458,10485760,,Zstd,blake3
10,20,2026-03-11T12:24:11.874171Z,elea,0.1.1,ef66ed9,add,f3.bin,backend_store,28.610457999999998,10485760,,Zstd,blake3
10,20,2026-03-11T12:24:11.874254Z,elea,0.1.1,ef66ed9,add,f5.bin,add_file_total,36.240874999999996,10485760,,Zstd,blake3
10,20,2026-03-11T12:24:11.874476Z,elea,0.1.1,ef66ed9,add,f3.bin,add_file_total,36.42775,10485760,,Zstd,blake3
10,20,2026-03-11T12:24:11.874531Z,elea,0.1.1,ef66ed9,add,,add_total,36.568000000000005,,5,Zstd,blake3
10,21,2026-03-11T12:24:12.024461Z,elea,0.1.1,ef66ed9,hash,f2.bin,hash,5.948625,10485760,,,blake3
10,21,2026-03-11T12:24:12.024048Z,elea,0.1.1,ef66ed9,hash,f5.bin,hash,5.542959,10485760,,,blake3
10,21,2026-03-11T12:24:12.024127Z,elea,0.1.1,ef66ed9,hash,f3.bin,hash,5.609041,10485760,,,blake3
10,21,2026-03-11T12:24:12.024433Z,elea,0.1.1,ef66ed9,hash,f1.bin,hash,5.931916,10485760,,,blake3
10,21,2026-03-11T12:24:12.024448Z,elea,0.1.1,ef66ed9,hash,f4.bin,hash,5.9407499999999995,10485760,,,blake3
10,21,2026-03-11T12:24:12.058184Z,elea,0.1.1,ef66ed9,add,f1.bin,backend_store,32.024833,10485760,,Zstd,blake3
10,21,2026-03-11T12:24:12.0584Z,elea,0.1.1,ef66ed9,add,f1.bin,add_file_total,39.926,10485760,,Zstd,blake3
10,21,2026-03-11T12:24:12.058411Z,elea,0.1.1,ef66ed9,add,f3.bin,backend_store,32.282375,10485760,,Zstd,blake3
10,21,2026-03-11T12:24:12.058509Z,elea,0.1.1,ef66ed9,add,f2.bin,backend_store,32.428791,10485760,,Zstd,blake3
10,21,2026-03-11T12:24:12.058567Z,elea,0.1.1,ef66ed9,add,f5.bin,backend_store,32.459250000000004,10485760,,Zstd,blake3
10,21,2026-03-11T12:24:12.058602Z,elea,0.1.1,ef66ed9,add,f4.bin,backend_store,32.41575,10485760,,Zstd,blake3
10,21,2026-03-11T12:24:12.059213Z,elea,0.1.1,ef66ed9,add,f3.bin,add_file_total,40.742292,10485760,,Zstd,blake3
10,21,2026-03-11T12:24:12.059258Z,elea,0.1.1,ef66ed9,add,f2.bin,add_file_total,40.781417,10485760,,Zstd,blake3
10,21,2026-03-11T12:24:12.0593Z,elea,0.1.1,ef66ed9,add,f5.bin,add_file_total,40.828,10485760,,Zstd,blake3
10,21,2026-03-11T12:24:12.059349Z,elea,0.1.1,ef66ed9,add,f4.bin,add_file_total,40.898792,10485760,,Zstd,blake3
10,21,2026-03-11T12:24:12.0594Z,elea,0.1.1,ef66ed9,add,,add_total,40.993292000000004,,5,Zstd,blake3
10,22,2026-03-11T12:24:12.207799Z,elea,0.1.1,ef66ed9,hash,f1.bin,hash,5.887665999999999,10485760,,,blake3
10,22,2026-03-11T12:24:12.207729Z,elea,0.1.1,ef66ed9,hash,f5.bin,hash,5.746916000000001,10485760,,,blake3
10,22,2026-03-11T12:24:12.207766Z,elea,0.1.1,ef66ed9,hash,f2.bin,hash,5.845291,10485760,,,blake3
10,22,2026-03-11T12:24:12.20774Z,elea,0.1.1,ef66ed9,hash,f4.bin,hash,5.789333,10485760,,,blake3
10,22,2026-03-11T12:24:12.207998Z,elea,0.1.1,ef66ed9,hash,f3.bin,hash,6.038084,10485760,,,blake3
10,22,2026-03-11T12:24:12.243638Z,elea,0.1.1,ef66ed9,add,f1.bin,backend_store,33.713791,10485760,,Zstd,blake3
10,22,2026-03-11T12:24:12.243821Z,elea,0.1.1,ef66ed9,add,f2.bin,backend_store,33.857125,10485760,,Zstd,blake3
10,22,2026-03-11T12:24:12.244041Z,elea,0.1.1,ef66ed9,add,f1.bin,add_file_total,42.164125,10485760,,Zstd,blake3
10,22,2026-03-11T12:24:12.244096Z,elea,0.1.1,ef66ed9,add,f4.bin,backend_store,34.115917,10485760,,Zstd,blake3
10,22,2026-03-11T12:24:12.244191Z,elea,0.1.1,ef66ed9,add,f2.bin,add_file_total,42.286375,10485760,,Zstd,blake3
10,22,2026-03-11T12:24:12.244273Z,elea,0.1.1,ef66ed9,add,f4.bin,add_file_total,42.35825,10485760,,Zstd,blake3
10,22,2026-03-11T12:24:12.244324Z,elea,0.1.1,ef66ed9,add,f3.bin,backend_store,34.311958,10485760,,Zstd,blake3
10,22,2026-03-11T12:24:12.244457Z,elea,0.1.1,ef66ed9,add,f3.bin,add_file_total,42.560959000000004,10485760,,Zstd,blake3
10,22,2026-03-11T12:24:12.244595Z,elea,0.1.1,ef66ed9,add,f5.bin,backend_store,34.663582999999996,10485760,,Zstd,blake3
10,22,2026-03-11T12:24:12.244736Z,elea,0.1.1,ef66ed9,add,f5.bin,add_file_total,42.810583,10485760,,Zstd,blake3
10,22,2026-03-11T12:24:12.244804Z,elea,0.1.1,ef66ed9,add,,add_total,42.9655,,5,Zstd,blake3
10,23,2026-03-11T12:24:12.394839Z,elea,0.1.1,ef66ed9,hash,f5.bin,hash,5.765875,10485760,,,blake3
10,23,2026-03-11T12:24:12.394908Z,elea,0.1.1,ef66ed9,hash,f4.bin,hash,5.824666,10485760,,,blake3
10,23,2026-03-11T12:24:12.394917Z,elea,0.1.1,ef66ed9,hash,f3.bin,hash,5.850417,10485760,,,blake3
10,23,2026-03-11T12:24:12.394926Z,elea,0.1.1,ef66ed9,hash,f2.bin,hash,5.812083,10485760,,,blake3
10,23,2026-03-11T12:24:12.394704Z,elea,0.1.1,ef66ed9,hash,f1.bin,hash,5.611334,10485760,,,blake3
10,23,2026-03-11T12:24:12.418967Z,elea,0.1.1,ef66ed9,add,f4.bin,backend_store,22.404583,10485760,,Zstd,blake3
10,23,2026-03-11T12:24:12.418984Z,elea,0.1.1,ef66ed9,add,f2.bin,backend_store,22.364042,10485760,,Zstd,blake3
10,23,2026-03-11T12:24:12.419183Z,elea,0.1.1,ef66ed9,add,f3.bin,backend_store,22.582834,10485760,,Zstd,blake3
10,23,2026-03-11T12:24:12.419207Z,elea,0.1.1,ef66ed9,add,f4.bin,add_file_total,30.175583,10485760,,Zstd,blake3
10,23,2026-03-11T12:24:12.419365Z,elea,0.1.1,ef66ed9,add,f2.bin,add_file_total,30.32975,10485760,,Zstd,blake3
10,23,2026-03-11T12:24:12.419468Z,elea,0.1.1,ef66ed9,add,f5.bin,backend_store,22.933625,10485760,,Zstd,blake3
10,23,2026-03-11T12:24:12.419481Z,elea,0.1.1,ef66ed9,add,f1.bin,backend_store,22.834958,10485760,,Zstd,blake3
10,23,2026-03-11T12:24:12.419823Z,elea,0.1.1,ef66ed9,add,f3.bin,add_file_total,30.798125,10485760,,Zstd,blake3
10,23,2026-03-11T12:24:12.419869Z,elea,0.1.1,ef66ed9,add,f5.bin,add_file_total,30.842833,10485760,,Zstd,blake3
10,23,2026-03-11T12:24:12.419907Z,elea,0.1.1,ef66ed9,add,f1.bin,add_file_total,30.876542,10485760,,Zstd,blake3
10,23,2026-03-11T12:24:12.419983Z,elea,0.1.1,ef66ed9,add,,add_total,30.999624999999998,,5,Zstd,blake3
10,24,2026-03-11T12:24:12.56714Z,elea,0.1.1,ef66ed9,hash,f4.bin,hash,5.835083,10485760,,,blake3
10,24,2026-03-11T12:24:12.567068Z,elea,0.1.1,ef66ed9,hash,f2.bin,hash,5.829333,10485760,,,blake3
10,24,2026-03-11T12:24:12.567025Z,elea,0.1.1,ef66ed9,hash,f5.bin,hash,5.7489159999999995,10485760,,,blake3
10,24,2026-03-11T12:24:12.567097Z,elea,0.1.1,ef66ed9,hash,f1.bin,hash,5.840625,10485760,,,blake3
10,24,2026-03-11T12:24:12.567115Z,elea,0.1.1,ef66ed9,hash,f3.bin,hash,5.824291,10485760,,,blake3
10,24,2026-03-11T12:24:12.590481Z,elea,0.1.1,ef66ed9,add,f4.bin,backend_store,21.829625,10485760,,Zstd,blake3
10,24,2026-03-11T12:24:12.590768Z,elea,0.1.1,ef66ed9,add,f4.bin,add_file_total,29.536083,10485760,,Zstd,blake3
10,24,2026-03-11T12:24:12.590856Z,elea,0.1.1,ef66ed9,add,f5.bin,backend_store,22.156292,10485760,,Zstd,blake3
10,24,2026-03-11T12:24:12.591049Z,elea,0.1.1,ef66ed9,add,f5.bin,add_file_total,29.824625,10485760,,Zstd,blake3
10,24,2026-03-11T12:24:12.591218Z,elea,0.1.1,ef66ed9,add,f1.bin,backend_store,22.487457999999997,10485760,,Zstd,blake3
10,24,2026-03-11T12:24:12.591297Z,elea,0.1.1,ef66ed9,add,f3.bin,backend_store,22.560167,10485760,,Zstd,blake3
10,24,2026-03-11T12:24:12.591336Z,elea,0.1.1,ef66ed9,add,f2.bin,backend_store,22.6445,10485760,,Zstd,blake3
10,24,2026-03-11T12:24:12.591365Z,elea,0.1.1,ef66ed9,add,f1.bin,add_file_total,30.141250000000003,10485760,,Zstd,blake3
10,24,2026-03-11T12:24:12.591798Z,elea,0.1.1,ef66ed9,add,f3.bin,add_file_total,30.56775,10485760,,Zstd,blake3
10,24,2026-03-11T12:24:12.591843Z,elea,0.1.1,ef66ed9,add,f2.bin,add_file_total,30.637792,10485760,,Zstd,blake3
10,24,2026-03-11T12:24:12.591892Z,elea,0.1.1,ef66ed9,add,,add_total,30.713417,,5,Zstd,blake3
10,25,2026-03-11T12:24:12.743Z,elea,0.1.1,ef66ed9,hash,f5.bin,hash,5.773667,10485760,,,blake3
10,25,2026-03-11T12:24:12.743095Z,elea,0.1.1,ef66ed9,hash,f3.bin,hash,5.8336250000000005,10485760,,,blake3
10,25,2026-03-11T12:24:12.743028Z,elea,0.1.1,ef66ed9,hash,f4.bin,hash,5.786708,10485760,,,blake3
10,25,2026-03-11T12:24:12.743133Z,elea,0.1.1,ef66ed9,hash,f2.bin,hash,5.846208000000001,10485760,,,blake3
10,25,2026-03-11T12:24:12.743109Z,elea,0.1.1,ef66ed9,hash,f1.bin,hash,5.823167,10485760,,,blake3
10,25,2026-03-11T12:24:12.767039Z,elea,0.1.1,ef66ed9,add,f3.bin,backend_store,22.152292,10485760,,Zstd,blake3
10,25,2026-03-11T12:24:12.767123Z,elea,0.1.1,ef66ed9,add,f2.bin,backend_store,22.172,10485760,,Zstd,blake3
10,25,2026-03-11T12:24:12.767151Z,elea,0.1.1,ef66ed9,add,f4.bin,backend_store,22.247709,10485760,,Zstd,blake3
10,25,2026-03-11T12:24:12.767311Z,elea,0.1.1,ef66ed9,add,f3.bin,add_file_total,30.105041999999997,10485760,,Zstd,blake3
10,25,2026-03-11T12:24:12.767508Z,elea,0.1.1,ef66ed9,add,f4.bin,add_file_total,30.303583,10485760,,Zstd,blake3
10,25,2026-03-11T12:24:12.767529Z,elea,0.1.1,ef66ed9,add,f1.bin,backend_store,22.57975,10485760,,Zstd,blake3
10,25,2026-03-11T12:24:12.767552Z,elea,0.1.1,ef66ed9,add,f5.bin,backend_store,22.694958,10485760,,Zstd,blake3
10,25,2026-03-11T12:24:12.767973Z,elea,0.1.1,ef66ed9,add,f2.bin,add_file_total,30.763334,10485760,,Zstd,blake3
10,25,2026-03-11T12:24:12.768017Z,elea,0.1.1,ef66ed9,add,f1.bin,add_file_total,30.80875,10485760,,Zstd,blake3
10,25,2026-03-11T12:24:12.768063Z,elea,0.1.1,ef66ed9,add,f5.bin,add_file_total,30.876333,10485760,,Zstd,blake3
10,25,2026-03-11T12:24:12.768109Z,elea,0.1.1,ef66ed9,add,,add_total,30.961291,,5,Zstd,blake3
50,1,2026-03-11T12:24:13.432289Z,elea,0.1.1,ef66ed9,hash,f1.bin,hash,29.61175,52428800,,,blake3
50,1,2026-03-11T12:24:13.432244Z,elea,0.1.1,ef66ed9,hash,f3.bin,hash,29.561916,52428800,,,blake3
50,1,2026-03-11T12:24:13.432079Z,elea,0.1.1,ef66ed9,hash,f5.bin,hash,29.433708,52428800,,,blake3
50,1,2026-03-11T12:24:13.431888Z,elea,0.1.1,ef66ed9,hash,f2.bin,hash,29.215083,52428800,,,blake3
50,1,2026-03-11T12:24:13.432303Z,elea,0.1.1,ef66ed9,hash,f4.bin,hash,29.633833,52428800,,,blake3
50,1,2026-03-11T12:24:13.592903Z,elea,0.1.1,ef66ed9,add,f3.bin,backend_store,158.987875,52428800,,Zstd,blake3
50,1,2026-03-11T12:24:13.593136Z,elea,0.1.1,ef66ed9,add,f3.bin,add_file_total,190.51725,52428800,,Zstd,blake3
50,1,2026-03-11T12:24:13.594011Z,elea,0.1.1,ef66ed9,add,f2.bin,backend_store,160.06362499999997,52428800,,Zstd,blake3
50,1,2026-03-11T12:24:13.594044Z,elea,0.1.1,ef66ed9,add,f1.bin,backend_store,160.179167,52428800,,Zstd,blake3
50,1,2026-03-11T12:24:13.594173Z,elea,0.1.1,ef66ed9,add,f2.bin,add_file_total,191.558292,52428800,,Zstd,blake3
50,1,2026-03-11T12:24:13.594289Z,elea,0.1.1,ef66ed9,add,f4.bin,backend_store,160.263875,52428800,,Zstd,blake3
50,1,2026-03-11T12:24:13.594565Z,elea,0.1.1,ef66ed9,add,f1.bin,add_file_total,191.94762500000002,52428800,,Zstd,blake3
50,1,2026-03-11T12:24:13.594613Z,elea,0.1.1,ef66ed9,add,f4.bin,add_file_total,192.005166,52428800,,Zstd,blake3
50,1,2026-03-11T12:24:13.594935Z,elea,0.1.1,ef66ed9,add,f5.bin,backend_store,161.02237499999998,52428800,,Zstd,blake3
50,1,2026-03-11T12:24:13.59505Z,elea,0.1.1,ef66ed9,add,f5.bin,add_file_total,192.44312499999998,52428800,,Zstd,blake3
50,1,2026-03-11T12:24:13.595103Z,elea,0.1.1,ef66ed9,add,,add_total,192.533916,,5,Zstd,blake3
50,2,2026-03-11T12:24:14.29122Z,elea,0.1.1,ef66ed9,hash,f4.bin,hash,28.908083,52428800,,,blake3
50,2,2026-03-11T12:24:14.291209Z,elea,0.1.1,ef66ed9,hash,f1.bin,hash,28.873791999999998,52428800,,,blake3
50,2,2026-03-11T12:24:14.29135Z,elea,0.1.1,ef66ed9,hash,f3.bin,hash,28.983792,52428800,,,blake3
50,2,2026-03-11T12:24:14.290953Z,elea,0.1.1,ef66ed9,hash,f5.bin,hash,28.597792000000002,52428800,,,blake3
50,2,2026-03-11T12:24:14.29129Z,elea,0.1.1,ef66ed9,hash,f2.bin,hash,28.962959,52428800,,,blake3
50,2,2026-03-11T12:24:14.416737Z,elea,0.1.1,ef66ed9,add,f2.bin,backend_store,124.079125,52428800,,Zstd,blake3
50,2,2026-03-11T12:24:14.416983Z,elea,0.1.1,ef66ed9,add,f2.bin,add_file_total,154.72020799999999,52428800,,Zstd,blake3
50,2,2026-03-11T12:24:14.418019Z,elea,0.1.1,ef66ed9,add,f4.bin,backend_store,125.439042,52428800,,Zstd,blake3
50,2,2026-03-11T12:24:14.418259Z,elea,0.1.1,ef66ed9,add,f4.bin,add_file_total,155.99675,52428800,,Zstd,blake3
50,2,2026-03-11T12:24:14.418572Z,elea,0.1.1,ef66ed9,add,f5.bin,backend_store,125.933875,52428800,,Zstd,blake3
50,2,2026-03-11T12:24:14.418718Z,elea,0.1.1,ef66ed9,add,f5.bin,add_file_total,156.446125,52428800,,Zstd,blake3
50,2,2026-03-11T12:24:14.418971Z,elea,0.1.1,ef66ed9,add,f1.bin,backend_store,126.36975,52428800,,Zstd,blake3
50,2,2026-03-11T12:24:14.41909Z,elea,0.1.1,ef66ed9,add,f1.bin,add_file_total,156.819667,52428800,,Zstd,blake3
50,2,2026-03-11T12:24:14.419407Z,elea,0.1.1,ef66ed9,add,f3.bin,backend_store,126.778958,52428800,,Zstd,blake3
50,2,2026-03-11T12:24:14.419525Z,elea,0.1.1,ef66ed9,add,f3.bin,add_file_total,157.24041699999998,52428800,,Zstd,blake3
50,2,2026-03-11T12:24:14.419589Z,elea,0.1.1,ef66ed9,add,,add_total,157.36795800000002,,5,Zstd,blake3
50,3,2026-03-11T12:24:15.082797Z,elea,0.1.1,ef66ed9,hash,f1.bin,hash,29.0575,52428800,,,blake3
50,3,2026-03-11T12:24:15.083082Z,elea,0.1.1,ef66ed9,hash,f4.bin,hash,29.248791999999998,52428800,,,blake3
50,3,2026-03-11T12:24:15.082875Z,elea,0.1.1,ef66ed9,hash,f3.bin,hash,29.127709000000003,52428800,,,blake3
50,3,2026-03-11T12:24:15.083067Z,elea,0.1.1,ef66ed9,hash,f5.bin,hash,29.334916,52428800,,,blake3
50,3,2026-03-11T12:24:15.082786Z,elea,0.1.1,ef66ed9,hash,f2.bin,hash,29.068165999999998,52428800,,,blake3
50,3,2026-03-11T12:24:15.207296Z,elea,0.1.1,ef66ed9,add,f4.bin,backend_store,122.54537499999999,52428800,,Zstd,blake3
50,3,2026-03-11T12:24:15.207987Z,elea,0.1.1,ef66ed9,add,f3.bin,backend_store,123.22604199999999,52428800,,Zstd,blake3
50,3,2026-03-11T12:24:15.208197Z,elea,0.1.1,ef66ed9,add,f2.bin,backend_store,123.37075,52428800,,Zstd,blake3
50,3,2026-03-11T12:24:15.208535Z,elea,0.1.1,ef66ed9,add,f1.bin,backend_store,123.81575000000001,52428800,,Zstd,blake3
50,3,2026-03-11T12:24:15.208879Z,elea,0.1.1,ef66ed9,add,f5.bin,backend_store,124.081125,52428800,,Zstd,blake3
50,3,2026-03-11T12:24:15.210038Z,elea,0.1.1,ef66ed9,add,f4.bin,add_file_total,156.317041,52428800,,Zstd,blake3
50,3,2026-03-11T12:24:15.210084Z,elea,0.1.1,ef66ed9,add,f3.bin,add_file_total,156.392208,52428800,,Zstd,blake3
50,3,2026-03-11T12:24:15.210129Z,elea,0.1.1,ef66ed9,add,f2.bin,add_file_total,156.456083,52428800,,Zstd,blake3
50,3,2026-03-11T12:24:15.210185Z,elea,0.1.1,ef66ed9,add,f1.bin,add_file_total,156.499833,52428800,,Zstd,blake3
50,3,2026-03-11T12:24:15.210231Z,elea,0.1.1,ef66ed9,add,f5.bin,add_file_total,156.543917,52428800,,Zstd,blake3
50,3,2026-03-11T12:24:15.2103Z,elea,0.1.1,ef66ed9,add,,add_total,156.653,,5,Zstd,blake3
50,4,2026-03-11T12:24:15.876605Z,elea,0.1.1,ef66ed9,hash,f3.bin,hash,29.632208,52428800,,,blake3
50,4,2026-03-11T12:24:15.876749Z,elea,0.1.1,ef66ed9,hash,f1.bin,hash,29.766292,52428800,,,blake3
50,4,2026-03-11T12:24:15.876246Z,elea,0.1.1,ef66ed9,hash,f4.bin,hash,29.28925,52428800,,,blake3
50,4,2026-03-11T12:24:15.876327Z,elea,0.1.1,ef66ed9,hash,f2.bin,hash,29.392667,52428800,,,blake3
50,4,2026-03-11T12:24:15.876578Z,elea,0.1.1,ef66ed9,hash,f5.bin,hash,29.614625,52428800,,,blake3
50,4,2026-03-11T12:24:16.049024Z,elea,0.1.1,ef66ed9,add,f3.bin,backend_store,170.80575000000002,52428800,,Zstd,blake3
50,4,2026-03-11T12:24:16.049318Z,elea,0.1.1,ef66ed9,add,f3.bin,add_file_total,202.41695900000002,52428800,,Zstd,blake3
50,4,2026-03-11T12:24:16.049822Z,elea,0.1.1,ef66ed9,add,f5.bin,backend_store,171.398625,52428800,,Zstd,blake3
50,4,2026-03-11T12:24:16.050004Z,elea,0.1.1,ef66ed9,add,f5.bin,add_file_total,203.10175,52428800,,Zstd,blake3
50,4,2026-03-11T12:24:16.050314Z,elea,0.1.1,ef66ed9,add,f2.bin,backend_store,172.030084,52428800,,Zstd,blake3
50,4,2026-03-11T12:24:16.05049Z,elea,0.1.1,ef66ed9,add,f2.bin,add_file_total,203.5915,52428800,,Zstd,blake3
50,4,2026-03-11T12:24:16.050771Z,elea,0.1.1,ef66ed9,add,f4.bin,backend_store,172.520542,52428800,,Zstd,blake3
50,4,2026-03-11T12:24:16.05091Z,elea,0.1.1,ef66ed9,add,f4.bin,add_file_total,204.008209,52428800,,Zstd,blake3
50,4,2026-03-11T12:24:16.051083Z,elea,0.1.1,ef66ed9,add,f1.bin,backend_store,172.869541,52428800,,Zstd,blake3
50,4,2026-03-11T12:24:16.051205Z,elea,0.1.1,ef66ed9,add,f1.bin,add_file_total,204.297625,52428800,,Zstd,blake3
50,4,2026-03-11T12:24:16.051268Z,elea,0.1.1,ef66ed9,add,,add_total,204.429917,,5,Zstd,blake3
50,5,2026-03-11T12:24:16.722434Z,elea,0.1.1,ef66ed9,hash,f1.bin,hash,28.774916,52428800,,,blake3
50,5,2026-03-11T12:24:16.722585Z,elea,0.1.1,ef66ed9,hash,f2.bin,hash,28.942125,52428800,,,blake3
50,5,2026-03-11T12:24:16.722152Z,elea,0.1.1,ef66ed9,hash,f4.bin,hash,28.549625,52428800,,,blake3
50,5,2026-03-11T12:24:16.722721Z,elea,0.1.1,ef66ed9,hash,f5.bin,hash,29.108625,52428800,,,blake3
50,5,2026-03-11T12:24:16.722749Z,elea,0.1.1,ef66ed9,hash,f3.bin,hash,29.127958999999997,52428800,,,blake3
50,5,2026-03-11T12:24:16.857047Z,elea,0.1.1,ef66ed9,add,f1.bin,backend_store,132.685,52428800,,Zstd,blake3
50,5,2026-03-11T12:24:16.85733Z,elea,0.1.1,ef66ed9,add,f1.bin,add_file_total,163.748208,52428800,,Zstd,blake3
50,5,2026-03-11T12:24:16.858497Z,elea,0.1.1,ef66ed9,add,f4.bin,backend_store,134.09495900000002,52428800,,Zstd,blake3
50,5,2026-03-11T12:24:16.858687Z,elea,0.1.1,ef66ed9,add,f4.bin,add_file_total,165.12525,52428800,,Zstd,blake3
50,5,2026-03-11T12:24:16.858996Z,elea,0.1.1,ef66ed9,add,f5.bin,backend_store,134.557833,52428800,,Zstd,blake3
50,5,2026-03-11T12:24:16.859137Z,elea,0.1.1,ef66ed9,add,f5.bin,add_file_total,165.57691699999998,52428800,,Zstd,blake3
50,5,2026-03-11T12:24:16.859721Z,elea,0.1.1,ef66ed9,add,f3.bin,backend_store,135.243084,52428800,,Zstd,blake3
50,5,2026-03-11T12:24:16.859835Z,elea,0.1.1,ef66ed9,add,f2.bin,backend_store,135.458833,52428800,,Zstd,blake3
50,5,2026-03-11T12:24:16.859867Z,elea,0.1.1,ef66ed9,add,f3.bin,add_file_total,166.296458,52428800,,Zstd,blake3
50,5,2026-03-11T12:24:16.860031Z,elea,0.1.1,ef66ed9,add,f2.bin,add_file_total,166.45825,52428800,,Zstd,blake3
50,5,2026-03-11T12:24:16.860093Z,elea,0.1.1,ef66ed9,add,,add_total,166.57587500000002,,5,Zstd,blake3
50,6,2026-03-11T12:24:17.52363Z,elea,0.1.1,ef66ed9,hash,f3.bin,hash,28.885041,52428800,,,blake3
50,6,2026-03-11T12:24:17.523874Z,elea,0.1.1,ef66ed9,hash,f5.bin,hash,29.122917,52428800,,,blake3
50,6,2026-03-11T12:24:17.52365Z,elea,0.1.1,ef66ed9,hash,f4.bin,hash,28.889917,52428800,,,blake3
50,6,2026-03-11T12:24:17.523964Z,elea,0.1.1,ef66ed9,hash,f2.bin,hash,29.194541,52428800,,,blake3
50,6,2026-03-11T12:24:17.523734Z,elea,0.1.1,ef66ed9,hash,f1.bin,hash,28.950416999999998,52428800,,,blake3
50,6,2026-03-11T12:24:17.674521Z,elea,0.1.1,ef66ed9,add,f3.bin,backend_store,148.72437499999998,52428800,,Zstd,blake3
50,6,2026-03-11T12:24:17.674827Z,elea,0.1.1,ef66ed9,add,f3.bin,add_file_total,180.118708,52428800,,Zstd,blake3
50,6,2026-03-11T12:24:17.675078Z,elea,0.1.1,ef66ed9,add,f5.bin,backend_store,149.275209,52428800,,Zstd,blake3
50,6,2026-03-11T12:24:17.675247Z,elea,0.1.1,ef66ed9,add,f5.bin,add_file_total,180.51987499999998,52428800,,Zstd,blake3
50,6,2026-03-11T12:24:17.675991Z,elea,0.1.1,ef66ed9,add,f1.bin,backend_store,150.10225,52428800,,Zstd,blake3
50,6,2026-03-11T12:24:17.676165Z,elea,0.1.1,ef66ed9,add,f1.bin,add_file_total,181.4325,52428800,,Zstd,blake3
50,6,2026-03-11T12:24:17.676327Z,elea,0.1.1,ef66ed9,add,f2.bin,backend_store,150.457125,52428800,,Zstd,blake3
50,6,2026-03-11T12:24:17.676486Z,elea,0.1.1,ef66ed9,add,f2.bin,add_file_total,181.754792,52428800,,Zstd,blake3
50,6,2026-03-11T12:24:17.676809Z,elea,0.1.1,ef66ed9,add,f4.bin,backend_store,150.965584,52428800,,Zstd,blake3
50,6,2026-03-11T12:24:17.676936Z,elea,0.1.1,ef66ed9,add,f4.bin,add_file_total,182.207625,52428800,,Zstd,blake3
50,6,2026-03-11T12:24:17.676987Z,elea,0.1.1,ef66ed9,add,,add_total,182.31062500000002,,5,Zstd,blake3
50,7,2026-03-11T12:24:18.344933Z,elea,0.1.1,ef66ed9,hash,f4.bin,hash,30.629707999999997,52428800,,,blake3
50,7,2026-03-11T12:24:18.34486Z,elea,0.1.1,ef66ed9,hash,f3.bin,hash,30.503125,52428800,,,blake3
50,7,2026-03-11T12:24:18.344949Z,elea,0.1.1,ef66ed9,hash,f5.bin,hash,30.610583000000002,52428800,,,blake3
50,7,2026-03-11T12:24:18.344558Z,elea,0.1.1,ef66ed9,hash,f2.bin,hash,30.232208,52428800,,,blake3
50,7,2026-03-11T12:24:18.344191Z,elea,0.1.1,ef66ed9,hash,f1.bin,hash,29.893875,52428800,,,blake3
50,7,2026-03-11T12:24:18.502376Z,elea,0.1.1,ef66ed9,add,f1.bin,backend_store,155.94904200000002,52428800,,Zstd,blake3
50,7,2026-03-11T12:24:18.502624Z,elea,0.1.1,ef66ed9,add,f1.bin,add_file_total,188.37400000000002,52428800,,Zstd,blake3
50,7,2026-03-11T12:24:18.502737Z,elea,0.1.1,ef66ed9,add,f3.bin,backend_store,156.414167,52428800,,Zstd,blake3
50,7,2026-03-11T12:24:18.502892Z,elea,0.1.1,ef66ed9,add,f3.bin,add_file_total,188.623375,52428800,,Zstd,blake3
50,7,2026-03-11T12:24:18.503941Z,elea,0.1.1,ef66ed9,add,f5.bin,backend_store,157.586584,52428800,,Zstd,blake3
50,7,2026-03-11T12:24:18.504085Z,elea,0.1.1,ef66ed9,add,f5.bin,add_file_total,189.815708,52428800,,Zstd,blake3
50,7,2026-03-11T12:24:18.504174Z,elea,0.1.1,ef66ed9,add,f2.bin,backend_store,157.783625,52428800,,Zstd,blake3
50,7,2026-03-11T12:24:18.504303Z,elea,0.1.1,ef66ed9,add,f2.bin,add_file_total,190.03087499999998,52428800,,Zstd,blake3
50,7,2026-03-11T12:24:18.504608Z,elea,0.1.1,ef66ed9,add,f4.bin,backend_store,158.30545800000002,52428800,,Zstd,blake3
50,7,2026-03-11T12:24:18.504733Z,elea,0.1.1,ef66ed9,add,f4.bin,add_file_total,190.46625,52428800,,Zstd,blake3
50,7,2026-03-11T12:24:18.50478Z,elea,0.1.1,ef66ed9,add,,add_total,190.568208,,5,Zstd,blake3
50,8,2026-03-11T12:24:19.145963Z,elea,0.1.1,ef66ed9,hash,f5.bin,hash,28.903666,52428800,,,blake3
50,8,2026-03-11T12:24:19.146105Z,elea,0.1.1,ef66ed9,hash,f3.bin,hash,29.034916000000003,52428800,,,blake3
50,8,2026-03-11T12:24:19.146236Z,elea,0.1.1,ef66ed9,hash,f1.bin,hash,29.185709,52428800,,,blake3
50,8,2026-03-11T12:24:19.145948Z,elea,0.1.1,ef66ed9,hash,f2.bin,hash,28.90625,52428800,,,blake3
50,8,2026-03-11T12:24:19.145974Z,elea,0.1.1,ef66ed9,hash,f4.bin,hash,28.934292,52428800,,,blake3
50,8,2026-03-11T12:24:19.270968Z,elea,0.1.1,ef66ed9,add,f3.bin,backend_store,122.96633299999999,52428800,,Zstd,blake3
50,8,2026-03-11T12:24:19.271394Z,elea,0.1.1,ef66ed9,add,f3.bin,add_file_total,154.38666700000002,52428800,,Zstd,blake3
50,8,2026-03-11T12:24:19.272033Z,elea,0.1.1,ef66ed9,add,f5.bin,backend_store,124.045834,52428800,,Zstd,blake3
50,8,2026-03-11T12:24:19.272209Z,elea,0.1.1,ef66ed9,add,f5.bin,add_file_total,155.205542,52428800,,Zstd,blake3
50,8,2026-03-11T12:24:19.273112Z,elea,0.1.1,ef66ed9,add,f1.bin,backend_store,125.088542,52428800,,Zstd,blake3
50,8,2026-03-11T12:24:19.273276Z,elea,0.1.1,ef66ed9,add,f1.bin,add_file_total,156.27325,52428800,,Zstd,blake3
50,8,2026-03-11T12:24:19.273601Z,elea,0.1.1,ef66ed9,add,f4.bin,backend_store,125.50983299999999,52428800,,Zstd,blake3
50,8,2026-03-11T12:24:19.273751Z,elea,0.1.1,ef66ed9,add,f4.bin,add_file_total,156.75074999999998,52428800,,Zstd,blake3
50,8,2026-03-11T12:24:19.274399Z,elea,0.1.1,ef66ed9,add,f2.bin,backend_store,126.34466699999999,52428800,,Zstd,blake3
50,8,2026-03-11T12:24:19.274539Z,elea,0.1.1,ef66ed9,add,f2.bin,add_file_total,157.539708,52428800,,Zstd,blake3
50,8,2026-03-11T12:24:19.274601Z,elea,0.1.1,ef66ed9,add,,add_total,157.66395799999998,,5,Zstd,blake3
50,9,2026-03-11T12:24:19.9242Z,elea,0.1.1,ef66ed9,hash,f3.bin,hash,29.128125,52428800,,,blake3
50,9,2026-03-11T12:24:19.924069Z,elea,0.1.1,ef66ed9,hash,f1.bin,hash,28.9825,52428800,,,blake3
50,9,2026-03-11T12:24:19.924258Z,elea,0.1.1,ef66ed9,hash,f2.bin,hash,29.1245,52428800,,,blake3
50,9,2026-03-11T12:24:19.924562Z,elea,0.1.1,ef66ed9,hash,f5.bin,hash,29.468542,52428800,,,blake3
50,9,2026-03-11T12:24:19.924246Z,elea,0.1.1,ef66ed9,hash,f4.bin,hash,29.137333,52428800,,,blake3
50,9,2026-03-11T12:24:20.055826Z,elea,0.1.1,ef66ed9,add,f1.bin,backend_store,129.77237499999998,52428800,,Zstd,blake3
50,9,2026-03-11T12:24:20.056402Z,elea,0.1.1,ef66ed9,add,f4.bin,backend_store,130.265667,52428800,,Zstd,blake3
50,9,2026-03-11T12:24:20.057074Z,elea,0.1.1,ef66ed9,add,f2.bin,backend_store,130.998209,52428800,,Zstd,blake3
50,9,2026-03-11T12:24:20.057256Z,elea,0.1.1,ef66ed9,add,f5.bin,backend_store,131.148833,52428800,,Zstd,blake3
50,9,2026-03-11T12:24:20.057545Z,elea,0.1.1,ef66ed9,add,f3.bin,backend_store,131.51595799999998,52428800,,Zstd,blake3
50,9,2026-03-11T12:24:20.057971Z,elea,0.1.1,ef66ed9,add,f1.bin,add_file_total,162.92991600000002,52428800,,Zstd,blake3
50,9,2026-03-11T12:24:20.058015Z,elea,0.1.1,ef66ed9,add,f4.bin,add_file_total,162.962416,52428800,,Zstd,blake3
50,9,2026-03-11T12:24:20.058061Z,elea,0.1.1,ef66ed9,add,f2.bin,add_file_total,162.997417,52428800,,Zstd,blake3
50,9,2026-03-11T12:24:20.058112Z,elea,0.1.1,ef66ed9,add,f5.bin,add_file_total,163.060334,52428800,,Zstd,blake3
50,9,2026-03-11T12:24:20.058154Z,elea,0.1.1,ef66ed9,add,f3.bin,add_file_total,163.118792,52428800,,Zstd,blake3
50,9,2026-03-11T12:24:20.05821Z,elea,0.1.1,ef66ed9,add,,add_total,163.218583,,5,Zstd,blake3
50,10,2026-03-11T12:24:20.7132Z,elea,0.1.1,ef66ed9,hash,f1.bin,hash,29.291917,52428800,,,blake3
50,10,2026-03-11T12:24:20.713129Z,elea,0.1.1,ef66ed9,hash,f3.bin,hash,29.202208,52428800,,,blake3
50,10,2026-03-11T12:24:20.713009Z,elea,0.1.1,ef66ed9,hash,f2.bin,hash,29.120459,52428800,,,blake3
50,10,2026-03-11T12:24:20.713087Z,elea,0.1.1,ef66ed9,hash,f5.bin,hash,29.195084,52428800,,,blake3
50,10,2026-03-11T12:24:20.712359Z,elea,0.1.1,ef66ed9,hash,f4.bin,hash,28.496417,52428800,,,blake3
50,10,2026-03-11T12:24:20.847855Z,elea,0.1.1,ef66ed9,add,f1.bin,backend_store,133.363166,52428800,,Zstd,blake3
50,10,2026-03-11T12:24:20.848219Z,elea,0.1.1,ef66ed9,add,f1.bin,add_file_total,164.37787500000002,52428800,,Zstd,blake3
50,10,2026-03-11T12:24:20.848562Z,elea,0.1.1,ef66ed9,add,f2.bin,backend_store,134.019833,52428800,,Zstd,blake3
50,10,2026-03-11T12:24:20.848783Z,elea,0.1.1,ef66ed9,add,f2.bin,add_file_total,164.94404200000002,52428800,,Zstd,blake3
50,10,2026-03-11T12:24:20.849582Z,elea,0.1.1,ef66ed9,add,f4.bin,backend_store,134.998125,52428800,,Zstd,blake3
50,10,2026-03-11T12:24:20.849761Z,elea,0.1.1,ef66ed9,add,f4.bin,add_file_total,165.942875,52428800,,Zstd,blake3
50,10,2026-03-11T12:24:20.851132Z,elea,0.1.1,ef66ed9,add,f5.bin,backend_store,136.558166,52428800,,Zstd,blake3
50,10,2026-03-11T12:24:20.851289Z,elea,0.1.1,ef66ed9,add,f5.bin,add_file_total,167.44916600000002,52428800,,Zstd,blake3
50,10,2026-03-11T12:24:20.851533Z,elea,0.1.1,ef66ed9,add,f3.bin,backend_store,137.030125,52428800,,Zstd,blake3
50,10,2026-03-11T12:24:20.851668Z,elea,0.1.1,ef66ed9,add,f3.bin,add_file_total,167.824917,52428800,,Zstd,blake3
50,10,2026-03-11T12:24:20.851735Z,elea,0.1.1,ef66ed9,add,,add_total,167.939625,,5,Zstd,blake3
50,11,2026-03-11T12:24:21.504867Z,elea,0.1.1,ef66ed9,hash,f3.bin,hash,29.277333,52428800,,,blake3
50,11,2026-03-11T12:24:21.50479Z,elea,0.1.1,ef66ed9,hash,f5.bin,hash,29.163208,52428800,,,blake3
50,11,2026-03-11T12:24:21.504332Z,elea,0.1.1,ef66ed9,hash,f2.bin,hash,28.740416,52428800,,,blake3
50,11,2026-03-11T12:24:21.504436Z,elea,0.1.1,ef66ed9,hash,f1.bin,hash,28.833542,52428800,,,blake3
50,11,2026-03-11T12:24:21.504772Z,elea,0.1.1,ef66ed9,hash,f4.bin,hash,29.161042000000002,52428800,,,blake3
50,11,2026-03-11T12:24:21.655231Z,elea,0.1.1,ef66ed9,add,f3.bin,backend_store,148.67175,52428800,,Zstd,blake3
50,11,2026-03-11T12:24:21.655517Z,elea,0.1.1,ef66ed9,add,f3.bin,add_file_total,179.949584,52428800,,Zstd,blake3
50,11,2026-03-11T12:24:21.657155Z,elea,0.1.1,ef66ed9,add,f5.bin,backend_store,150.579625,52428800,,Zstd,blake3
50,11,2026-03-11T12:24:21.657346Z,elea,0.1.1,ef66ed9,add,f5.bin,add_file_total,181.77312500000002,52428800,,Zstd,blake3
50,11,2026-03-11T12:24:21.657818Z,elea,0.1.1,ef66ed9,add,f1.bin,backend_store,151.194417,52428800,,Zstd,blake3
50,11,2026-03-11T12:24:21.657979Z,elea,0.1.1,ef66ed9,add,f1.bin,add_file_total,182.40916700000002,52428800,,Zstd,blake3
50,11,2026-03-11T12:24:21.658524Z,elea,0.1.1,ef66ed9,add,f4.bin,backend_store,151.87158300000002,52428800,,Zstd,blake3
50,11,2026-03-11T12:24:21.658657Z,elea,0.1.1,ef66ed9,add,f4.bin,add_file_total,183.086625,52428800,,Zstd,blake3
50,11,2026-03-11T12:24:21.658904Z,elea,0.1.1,ef66ed9,add,f2.bin,backend_store,152.293917,52428800,,Zstd,blake3
50,11,2026-03-11T12:24:21.65903Z,elea,0.1.1,ef66ed9,add,f2.bin,add_file_total,183.485,52428800,,Zstd,blake3
50,11,2026-03-11T12:24:21.659074Z,elea,0.1.1,ef66ed9,add,,add_total,183.55575,,5,Zstd,blake3
50,12,2026-03-11T12:24:22.305561Z,elea,0.1.1,ef66ed9,hash,f1.bin,hash,28.91925,52428800,,,blake3
50,12,2026-03-11T12:24:22.305662Z,elea,0.1.1,ef66ed9,hash,f3.bin,hash,29.010583999999998,52428800,,,blake3
50,12,2026-03-11T12:24:22.305836Z,elea,0.1.1,ef66ed9,hash,f5.bin,hash,29.1645,52428800,,,blake3
50,12,2026-03-11T12:24:22.305764Z,elea,0.1.1,ef66ed9,hash,f2.bin,hash,29.146291,52428800,,,blake3
50,12,2026-03-11T12:24:22.306086Z,elea,0.1.1,ef66ed9,hash,f4.bin,hash,29.480249999999998,52428800,,,blake3
50,12,2026-03-11T12:24:22.439104Z,elea,0.1.1,ef66ed9,add,f2.bin,backend_store,131.90699999999998,52428800,,Zstd,blake3
50,12,2026-03-11T12:24:22.439333Z,elea,0.1.1,ef66ed9,add,f2.bin,add_file_total,162.751917,52428800,,Zstd,blake3
50,12,2026-03-11T12:24:22.439904Z,elea,0.1.1,ef66ed9,add,f3.bin,backend_store,132.777542,52428800,,Zstd,blake3
50,12,2026-03-11T12:24:22.4401Z,elea,0.1.1,ef66ed9,add,f3.bin,add_file_total,163.51570800000002,52428800,,Zstd,blake3
50,12,2026-03-11T12:24:22.442949Z,elea,0.1.1,ef66ed9,add,f4.bin,backend_store,135.72975000000002,52428800,,Zstd,blake3
50,12,2026-03-11T12:24:22.44352Z,elea,0.1.1,ef66ed9,add,f5.bin,backend_store,136.35825,52428800,,Zstd,blake3
50,12,2026-03-11T12:24:22.443728Z,elea,0.1.1,ef66ed9,add,f4.bin,add_file_total,167.167417,52428800,,Zstd,blake3
50,12,2026-03-11T12:24:22.44379Z,elea,0.1.1,ef66ed9,add,f5.bin,add_file_total,167.204625,52428800,,Zstd,blake3
50,12,2026-03-11T12:24:22.444048Z,elea,0.1.1,ef66ed9,add,f1.bin,backend_store,136.944542,52428800,,Zstd,blake3
50,12,2026-03-11T12:24:22.444204Z,elea,0.1.1,ef66ed9,add,f1.bin,add_file_total,167.621791,52428800,,Zstd,blake3
50,12,2026-03-11T12:24:22.444252Z,elea,0.1.1,ef66ed9,add,,add_total,167.723667,,5,Zstd,blake3
50,13,2026-03-11T12:24:23.090365Z,elea,0.1.1,ef66ed9,hash,f3.bin,hash,29.169583999999997,52428800,,,blake3
50,13,2026-03-11T12:24:23.090222Z,elea,0.1.1,ef66ed9,hash,f4.bin,hash,29.041999999999998,52428800,,,blake3
50,13,2026-03-11T12:24:23.090135Z,elea,0.1.1,ef66ed9,hash,f1.bin,hash,28.944667,52428800,,,blake3
50,13,2026-03-11T12:24:23.090468Z,elea,0.1.1,ef66ed9,hash,f2.bin,hash,29.252083000000002,52428800,,,blake3
50,13,2026-03-11T12:24:23.090256Z,elea,0.1.1,ef66ed9,hash,f5.bin,hash,29.044667,52428800,,,blake3
50,13,2026-03-11T12:24:23.218958Z,elea,0.1.1,ef66ed9,add,f5.bin,backend_store,126.79133300000001,52428800,,Zstd,blake3
50,13,2026-03-11T12:24:23.219209Z,elea,0.1.1,ef66ed9,add,f5.bin,add_file_total,158.04433400000002,52428800,,Zstd,blake3
50,13,2026-03-11T12:24:23.219833Z,elea,0.1.1,ef66ed9,add,f2.bin,backend_store,127.70295800000001,52428800,,Zstd,blake3
50,13,2026-03-11T12:24:23.219995Z,elea,0.1.1,ef66ed9,add,f2.bin,add_file_total,158.83045800000002,52428800,,Zstd,blake3
50,13,2026-03-11T12:24:23.220368Z,elea,0.1.1,ef66ed9,add,f3.bin,backend_store,128.309042,52428800,,Zstd,blake3
50,13,2026-03-11T12:24:23.220501Z,elea,0.1.1,ef66ed9,add,f3.bin,add_file_total,159.337708,52428800,,Zstd,blake3
50,13,2026-03-11T12:24:23.221125Z,elea,0.1.1,ef66ed9,add,f1.bin,backend_store,129.0165,52428800,,Zstd,blake3
50,13,2026-03-11T12:24:23.221266Z,elea,0.1.1,ef66ed9,add,f1.bin,add_file_total,160.099834,52428800,,Zstd,blake3
50,13,2026-03-11T12:24:23.221548Z,elea,0.1.1,ef66ed9,add,f4.bin,backend_store,129.454875,52428800,,Zstd,blake3
50,13,2026-03-11T12:24:23.22165Z,elea,0.1.1,ef66ed9,add,f4.bin,add_file_total,160.510709,52428800,,Zstd,blake3
50,13,2026-03-11T12:24:23.221705Z,elea,0.1.1,ef66ed9,add,,add_total,160.58708299999998,,5,Zstd,blake3
50,14,2026-03-11T12:24:23.873313Z,elea,0.1.1,ef66ed9,hash,f3.bin,hash,29.471375000000002,52428800,,,blake3
50,14,2026-03-11T12:24:23.872868Z,elea,0.1.1,ef66ed9,hash,f2.bin,hash,28.997708,52428800,,,blake3
50,14,2026-03-11T12:24:23.873248Z,elea,0.1.1,ef66ed9,hash,f5.bin,hash,29.433125,52428800,,,blake3
50,14,2026-03-11T12:24:23.873052Z,elea,0.1.1,ef66ed9,hash,f1.bin,hash,29.223792,52428800,,,blake3
50,14,2026-03-11T12:24:23.873107Z,elea,0.1.1,ef66ed9,hash,f4.bin,hash,29.245166,52428800,,,blake3
50,14,2026-03-11T12:24:24.004172Z,elea,0.1.1,ef66ed9,add,f3.bin,backend_store,129.236208,52428800,,Zstd,blake3
50,14,2026-03-11T12:24:24.004308Z,elea,0.1.1,ef66ed9,add,f2.bin,backend_store,129.35066700000002,52428800,,Zstd,blake3
50,14,2026-03-11T12:24:24.005086Z,elea,0.1.1,ef66ed9,add,f5.bin,backend_store,130.098042,52428800,,Zstd,blake3
50,14,2026-03-11T12:24:24.005547Z,elea,0.1.1,ef66ed9,add,f1.bin,backend_store,130.54016700000003,52428800,,Zstd,blake3
50,14,2026-03-11T12:24:24.005797Z,elea,0.1.1,ef66ed9,add,f4.bin,backend_store,130.748375,52428800,,Zstd,blake3
50,14,2026-03-11T12:24:24.007045Z,elea,0.1.1,ef66ed9,add,f3.bin,add_file_total,163.24433299999998,52428800,,Zstd,blake3
50,14,2026-03-11T12:24:24.007095Z,elea,0.1.1,ef66ed9,add,f2.bin,add_file_total,163.281917,52428800,,Zstd,blake3
50,14,2026-03-11T12:24:24.00715Z,elea,0.1.1,ef66ed9,add,f5.bin,add_file_total,163.367166,52428800,,Zstd,blake3
50,14,2026-03-11T12:24:24.007188Z,elea,0.1.1,ef66ed9,add,f1.bin,add_file_total,163.39712500000002,52428800,,Zstd,blake3
50,14,2026-03-11T12:24:24.007232Z,elea,0.1.1,ef66ed9,add,f4.bin,add_file_total,163.417958,52428800,,Zstd,blake3
50,14,2026-03-11T12:24:24.007298Z,elea,0.1.1,ef66ed9,add,,add_total,163.552959,,5,Zstd,blake3
50,15,2026-03-11T12:24:24.663884Z,elea,0.1.1,ef66ed9,hash,f4.bin,hash,29.052167,52428800,,,blake3
50,15,2026-03-11T12:24:24.663923Z,elea,0.1.1,ef66ed9,hash,f5.bin,hash,29.094083,52428800,,,blake3
50,15,2026-03-11T12:24:24.663835Z,elea,0.1.1,ef66ed9,hash,f1.bin,hash,29.030791,52428800,,,blake3
50,15,2026-03-11T12:24:24.663873Z,elea,0.1.1,ef66ed9,hash,f2.bin,hash,29.026375,52428800,,,blake3
50,15,2026-03-11T12:24:24.663378Z,elea,0.1.1,ef66ed9,hash,f3.bin,hash,28.576959,52428800,,,blake3
50,15,2026-03-11T12:24:24.805932Z,elea,0.1.1,ef66ed9,add,f4.bin,backend_store,140.363333,52428800,,Zstd,blake3
50,15,2026-03-11T12:24:24.80595Z,elea,0.1.1,ef66ed9,add,f3.bin,backend_store,140.294542,52428800,,Zstd,blake3
50,15,2026-03-11T12:24:24.806226Z,elea,0.1.1,ef66ed9,add,f3.bin,add_file_total,171.464083,52428800,,Zstd,blake3
50,15,2026-03-11T12:24:24.806312Z,elea,0.1.1,ef66ed9,add,f4.bin,add_file_total,171.516125,52428800,,Zstd,blake3
50,15,2026-03-11T12:24:24.806507Z,elea,0.1.1,ef66ed9,add,f5.bin,backend_store,140.918958,52428800,,Zstd,blake3
50,15,2026-03-11T12:24:24.806663Z,elea,0.1.1,ef66ed9,add,f5.bin,add_file_total,171.87875,52428800,,Zstd,blake3
50,15,2026-03-11T12:24:24.80787Z,elea,0.1.1,ef66ed9,add,f1.bin,backend_store,142.25716699999998,52428800,,Zstd,blake3
50,15,2026-03-11T12:24:24.808012Z,elea,0.1.1,ef66ed9,add,f1.bin,add_file_total,173.220833,52428800,,Zstd,blake3
50,15,2026-03-11T12:24:24.808195Z,elea,0.1.1,ef66ed9,add,f2.bin,backend_store,142.548125,52428800,,Zstd,blake3
50,15,2026-03-11T12:24:24.808317Z,elea,0.1.1,ef66ed9,add,f2.bin,add_file_total,173.514834,52428800,,Zstd,blake3
50,15,2026-03-11T12:24:24.808394Z,elea,0.1.1,ef66ed9,add,,add_total,173.67825000000002,,5,Zstd,blake3
50,16,2026-03-11T12:24:25.457226Z,elea,0.1.1,ef66ed9,hash,f4.bin,hash,28.812625,52428800,,,blake3
50,16,2026-03-11T12:24:25.457421Z,elea,0.1.1,ef66ed9,hash,f2.bin,hash,29.03175,52428800,,,blake3
50,16,2026-03-11T12:24:25.457969Z,elea,0.1.1,ef66ed9,hash,f3.bin,hash,29.570458000000002,52428800,,,blake3
50,16,2026-03-11T12:24:25.457388Z,elea,0.1.1,ef66ed9,hash,f5.bin,hash,29.013709,52428800,,,blake3
50,16,2026-03-11T12:24:25.457569Z,elea,0.1.1,ef66ed9,hash,f1.bin,hash,29.183792,52428800,,,blake3
50,16,2026-03-11T12:24:25.590832Z,elea,0.1.1,ef66ed9,add,f5.bin,backend_store,131.36516600000002,52428800,,Zstd,blake3
50,16,2026-03-11T12:24:25.591218Z,elea,0.1.1,ef66ed9,add,f5.bin,add_file_total,162.880959,52428800,,Zstd,blake3
50,16,2026-03-11T12:24:25.609461Z,elea,0.1.1,ef66ed9,add,f2.bin,backend_store,150.045791,52428800,,Zstd,blake3
50,16,2026-03-11T12:24:25.609646Z,elea,0.1.1,ef66ed9,add,f2.bin,add_file_total,181.29049999999998,52428800,,Zstd,blake3
50,16,2026-03-11T12:24:25.617988Z,elea,0.1.1,ef66ed9,add,f3.bin,backend_store,158.570167,52428800,,Zstd,blake3
50,16,2026-03-11T12:24:25.618123Z,elea,0.1.1,ef66ed9,add,f3.bin,add_file_total,189.764917,52428800,,Zstd,blake3
50,16,2026-03-11T12:24:25.620763Z,elea,0.1.1,ef66ed9,add,f1.bin,backend_store,161.283791,52428800,,Zstd,blake3
50,16,2026-03-11T12:24:25.620795Z,elea,0.1.1,ef66ed9,add,f4.bin,backend_store,161.419417,52428800,,Zstd,blake3
50,16,2026-03-11T12:24:25.620953Z,elea,0.1.1,ef66ed9,add,f1.bin,add_file_total,192.58875,52428800,,Zstd,blake3
50,16,2026-03-11T12:24:25.621071Z,elea,0.1.1,ef66ed9,add,f4.bin,add_file_total,192.7035,52428800,,Zstd,blake3
50,16,2026-03-11T12:24:25.621141Z,elea,0.1.1,ef66ed9,add,,add_total,192.845459,,5,Zstd,blake3
50,17,2026-03-11T12:24:26.294061Z,elea,0.1.1,ef66ed9,hash,f2.bin,hash,28.9065,52428800,,,blake3
50,17,2026-03-11T12:24:26.294385Z,elea,0.1.1,ef66ed9,hash,f3.bin,hash,29.181458,52428800,,,blake3
50,17,2026-03-11T12:24:26.294244Z,elea,0.1.1,ef66ed9,hash,f1.bin,hash,29.056375,52428800,,,blake3
50,17,2026-03-11T12:24:26.294273Z,elea,0.1.1,ef66ed9,hash,f4.bin,hash,29.100709,52428800,,,blake3
50,17,2026-03-11T12:24:26.293973Z,elea,0.1.1,ef66ed9,hash,f5.bin,hash,28.8315,52428800,,,blake3
50,17,2026-03-11T12:24:26.450949Z,elea,0.1.1,ef66ed9,add,f2.bin,backend_store,155.538958,52428800,,Zstd,blake3
50,17,2026-03-11T12:24:26.451277Z,elea,0.1.1,ef66ed9,add,f2.bin,add_file_total,186.15395800000002,52428800,,Zstd,blake3
50,17,2026-03-11T12:24:26.451916Z,elea,0.1.1,ef66ed9,add,f1.bin,backend_store,156.4735,52428800,,Zstd,blake3
50,17,2026-03-11T12:24:26.452074Z,elea,0.1.1,ef66ed9,add,f1.bin,add_file_total,186.950625,52428800,,Zstd,blake3
50,17,2026-03-11T12:24:26.455071Z,elea,0.1.1,ef66ed9,add,f4.bin,backend_store,159.59799999999998,52428800,,Zstd,blake3
50,17,2026-03-11T12:24:26.45526Z,elea,0.1.1,ef66ed9,add,f4.bin,add_file_total,190.13,52428800,,Zstd,blake3
50,17,2026-03-11T12:24:26.457619Z,elea,0.1.1,ef66ed9,add,f3.bin,backend_store,162.195,52428800,,Zstd,blake3
50,17,2026-03-11T12:24:26.45777Z,elea,0.1.1,ef66ed9,add,f3.bin,add_file_total,192.646708,52428800,,Zstd,blake3
50,17,2026-03-11T12:24:26.462539Z,elea,0.1.1,ef66ed9,add,f5.bin,backend_store,167.03020800000002,52428800,,Zstd,blake3
50,17,2026-03-11T12:24:26.46265Z,elea,0.1.1,ef66ed9,add,f5.bin,add_file_total,197.546625,52428800,,Zstd,blake3
50,17,2026-03-11T12:24:26.462706Z,elea,0.1.1,ef66ed9,add,,add_total,197.637375,,5,Zstd,blake3
50,18,2026-03-11T12:24:27.131856Z,elea,0.1.1,ef66ed9,hash,f1.bin,hash,29.206709,52428800,,,blake3
50,18,2026-03-11T12:24:27.131838Z,elea,0.1.1,ef66ed9,hash,f3.bin,hash,29.2105,52428800,,,blake3
50,18,2026-03-11T12:24:27.131595Z,elea,0.1.1,ef66ed9,hash,f2.bin,hash,28.950792,52428800,,,blake3
50,18,2026-03-11T12:24:27.131876Z,elea,0.1.1,ef66ed9,hash,f5.bin,hash,29.258584,52428800,,,blake3
50,18,2026-03-11T12:24:27.131152Z,elea,0.1.1,ef66ed9,hash,f4.bin,hash,28.536875,52428800,,,blake3
50,18,2026-03-11T12:24:27.280679Z,elea,0.1.1,ef66ed9,add,f5.bin,backend_store,147.268333,52428800,,Zstd,blake3
50,18,2026-03-11T12:24:27.280886Z,elea,0.1.1,ef66ed9,add,f5.bin,add_file_total,178.306125,52428800,,Zstd,blake3
50,18,2026-03-11T12:24:27.282284Z,elea,0.1.1,ef66ed9,add,f1.bin,backend_store,148.949042,52428800,,Zstd,blake3
50,18,2026-03-11T12:24:27.282312Z,elea,0.1.1,ef66ed9,add,f3.bin,backend_store,148.96300000000002,52428800,,Zstd,blake3
50,18,2026-03-11T12:24:27.28245Z,elea,0.1.1,ef66ed9,add,f1.bin,add_file_total,179.853125,52428800,,Zstd,blake3
50,18,2026-03-11T12:24:27.282704Z,elea,0.1.1,ef66ed9,add,f3.bin,add_file_total,180.12245900000002,52428800,,Zstd,blake3
50,18,2026-03-11T12:24:27.282878Z,elea,0.1.1,ef66ed9,add,f4.bin,backend_store,149.43254100000001,52428800,,Zstd,blake3
50,18,2026-03-11T12:24:27.283025Z,elea,0.1.1,ef66ed9,add,f4.bin,add_file_total,180.459417,52428800,,Zstd,blake3
50,18,2026-03-11T12:24:27.285751Z,elea,0.1.1,ef66ed9,add,f2.bin,backend_store,152.377625,52428800,,Zstd,blake3
50,18,2026-03-11T12:24:27.285885Z,elea,0.1.1,ef66ed9,add,f2.bin,add_file_total,183.299083,52428800,,Zstd,blake3
50,18,2026-03-11T12:24:27.285946Z,elea,0.1.1,ef66ed9,add,,add_total,183.4195,,5,Zstd,blake3
50,19,2026-03-11T12:24:27.975733Z,elea,0.1.1,ef66ed9,hash,f1.bin,hash,29.200667,52428800,,,blake3
50,19,2026-03-11T12:24:27.975611Z,elea,0.1.1,ef66ed9,hash,f3.bin,hash,29.11625,52428800,,,blake3
50,19,2026-03-11T12:24:27.975767Z,elea,0.1.1,ef66ed9,hash,f5.bin,hash,29.185334,52428800,,,blake3
50,19,2026-03-11T12:24:27.975854Z,elea,0.1.1,ef66ed9,hash,f2.bin,hash,29.297957999999998,52428800,,,blake3
50,19,2026-03-11T12:24:27.975753Z,elea,0.1.1,ef66ed9,hash,f4.bin,hash,29.217625,52428800,,,blake3
50,19,2026-03-11T12:24:28.13261Z,elea,0.1.1,ef66ed9,add,f5.bin,backend_store,152.820375,52428800,,Zstd,blake3
50,19,2026-03-11T12:24:28.134153Z,elea,0.1.1,ef66ed9,add,f5.bin,add_file_total,187.672958,52428800,,Zstd,blake3
50,19,2026-03-11T12:24:28.136869Z,elea,0.1.1,ef66ed9,add,f1.bin,backend_store,157.12825,52428800,,Zstd,blake3
50,19,2026-03-11T12:24:28.136946Z,elea,0.1.1,ef66ed9,add,f4.bin,backend_store,157.09087499999998,52428800,,Zstd,blake3
50,19,2026-03-11T12:24:28.137058Z,elea,0.1.1,ef66ed9,add,f1.bin,add_file_total,190.588334,52428800,,Zstd,blake3
50,19,2026-03-11T12:24:28.138421Z,elea,0.1.1,ef66ed9,add,f4.bin,add_file_total,191.947833,52428800,,Zstd,blake3
50,19,2026-03-11T12:24:28.142136Z,elea,0.1.1,ef66ed9,add,f2.bin,backend_store,162.31087499999998,52428800,,Zstd,blake3
50,19,2026-03-11T12:24:28.142265Z,elea,0.1.1,ef66ed9,add,f2.bin,add_file_total,195.791292,52428800,,Zstd,blake3
50,19,2026-03-11T12:24:28.14323Z,elea,0.1.1,ef66ed9,add,f3.bin,backend_store,163.474459,52428800,,Zstd,blake3
50,19,2026-03-11T12:24:28.143333Z,elea,0.1.1,ef66ed9,add,f3.bin,add_file_total,196.87758399999998,52428800,,Zstd,blake3
50,19,2026-03-11T12:24:28.14339Z,elea,0.1.1,ef66ed9,add,,add_total,196.972875,,5,Zstd,blake3
50,20,2026-03-11T12:24:28.826499Z,elea,0.1.1,ef66ed9,hash,f5.bin,hash,29.119542000000003,52428800,,,blake3
50,20,2026-03-11T12:24:28.826552Z,elea,0.1.1,ef66ed9,hash,f2.bin,hash,29.125249999999998,52428800,,,blake3
50,20,2026-03-11T12:24:28.826318Z,elea,0.1.1,ef66ed9,hash,f1.bin,hash,28.945792,52428800,,,blake3
50,20,2026-03-11T12:24:28.826333Z,elea,0.1.1,ef66ed9,hash,f3.bin,hash,28.916667,52428800,,,blake3
50,20,2026-03-11T12:24:28.826384Z,elea,0.1.1,ef66ed9,hash,f4.bin,hash,28.994542000000003,52428800,,,blake3
50,20,2026-03-11T12:24:28.967897Z,elea,0.1.1,ef66ed9,add,f3.bin,backend_store,139.5815,52428800,,Zstd,blake3
50,20,2026-03-11T12:24:28.968232Z,elea,0.1.1,ef66ed9,add,f3.bin,add_file_total,170.872792,52428800,,Zstd,blake3
50,20,2026-03-11T12:24:28.968291Z,elea,0.1.1,ef66ed9,add,f4.bin,backend_store,139.951709,52428800,,Zstd,blake3
50,20,2026-03-11T12:24:28.96849Z,elea,0.1.1,ef66ed9,add,f4.bin,add_file_total,171.123333,52428800,,Zstd,blake3
50,20,2026-03-11T12:24:28.974572Z,elea,0.1.1,ef66ed9,add,f5.bin,backend_store,146.323666,52428800,,Zstd,blake3
50,20,2026-03-11T12:24:28.974787Z,elea,0.1.1,ef66ed9,add,f5.bin,add_file_total,177.43158300000002,52428800,,Zstd,blake3
50,20,2026-03-11T12:24:28.974908Z,elea,0.1.1,ef66ed9,add,f2.bin,backend_store,146.660417,52428800,,Zstd,blake3
50,20,2026-03-11T12:24:28.975045Z,elea,0.1.1,ef66ed9,add,f2.bin,add_file_total,177.684333,52428800,,Zstd,blake3
50,20,2026-03-11T12:24:28.976393Z,elea,0.1.1,ef66ed9,add,f1.bin,backend_store,148.11516699999999,52428800,,Zstd,blake3
50,20,2026-03-11T12:24:28.976534Z,elea,0.1.1,ef66ed9,add,f1.bin,add_file_total,179.205208,52428800,,Zstd,blake3
50,20,2026-03-11T12:24:28.976589Z,elea,0.1.1,ef66ed9,add,,add_total,179.281834,,5,Zstd,blake3
50,21,2026-03-11T12:24:29.628763Z,elea,0.1.1,ef66ed9,hash,f3.bin,hash,28.965459,52428800,,,blake3
50,21,2026-03-11T12:24:29.629156Z,elea,0.1.1,ef66ed9,hash,f2.bin,hash,29.34425,52428800,,,blake3
50,21,2026-03-11T12:24:29.628874Z,elea,0.1.1,ef66ed9,hash,f4.bin,hash,29.100167,52428800,,,blake3
50,21,2026-03-11T12:24:29.628778Z,elea,0.1.1,ef66ed9,hash,f1.bin,hash,28.950625000000002,52428800,,,blake3
50,21,2026-03-11T12:24:29.628434Z,elea,0.1.1,ef66ed9,hash,f5.bin,hash,28.647083,52428800,,,blake3
50,21,2026-03-11T12:24:29.768962Z,elea,0.1.1,ef66ed9,add,f2.bin,backend_store,138.790958,52428800,,Zstd,blake3
50,21,2026-03-11T12:24:29.769159Z,elea,0.1.1,ef66ed9,add,f4.bin,backend_store,138.960334,52428800,,Zstd,blake3
50,21,2026-03-11T12:24:29.769167Z,elea,0.1.1,ef66ed9,add,f2.bin,add_file_total,169.39575000000002,52428800,,Zstd,blake3
50,21,2026-03-11T12:24:29.769546Z,elea,0.1.1,ef66ed9,add,f4.bin,add_file_total,169.81125,52428800,,Zstd,blake3
50,21,2026-03-11T12:24:29.773179Z,elea,0.1.1,ef66ed9,add,f3.bin,backend_store,143.02954200000002,52428800,,Zstd,blake3
50,21,2026-03-11T12:24:29.7732Z,elea,0.1.1,ef66ed9,add,f1.bin,backend_store,142.9685,52428800,,Zstd,blake3
50,21,2026-03-11T12:24:29.773237Z,elea,0.1.1,ef66ed9,add,f5.bin,backend_store,142.982625,52428800,,Zstd,blake3
50,21,2026-03-11T12:24:29.773345Z,elea,0.1.1,ef66ed9,add,f3.bin,add_file_total,173.581417,52428800,,Zstd,blake3
50,21,2026-03-11T12:24:29.773645Z,elea,0.1.1,ef66ed9,add,f1.bin,add_file_total,173.887416,52428800,,Zstd,blake3
50,21,2026-03-11T12:24:29.773674Z,elea,0.1.1,ef66ed9,add,f5.bin,add_file_total,173.912291,52428800,,Zstd,blake3
50,21,2026-03-11T12:24:29.773738Z,elea,0.1.1,ef66ed9,add,,add_total,174.027125,,5,Zstd,blake3
50,22,2026-03-11T12:24:30.462435Z,elea,0.1.1,ef66ed9,hash,f3.bin,hash,29.011374999999997,52428800,,,blake3
50,22,2026-03-11T12:24:30.462323Z,elea,0.1.1,ef66ed9,hash,f5.bin,hash,28.910917,52428800,,,blake3
50,22,2026-03-11T12:24:30.462362Z,elea,0.1.1,ef66ed9,hash,f4.bin,hash,28.872709,52428800,,,blake3
50,22,2026-03-11T12:24:30.462346Z,elea,0.1.1,ef66ed9,hash,f1.bin,hash,28.924792,52428800,,,blake3
50,22,2026-03-11T12:24:30.462556Z,elea,0.1.1,ef66ed9,hash,f2.bin,hash,29.151417,52428800,,,blake3
50,22,2026-03-11T12:24:30.595505Z,elea,0.1.1,ef66ed9,add,f3.bin,backend_store,131.101667,52428800,,Zstd,blake3
50,22,2026-03-11T12:24:30.59576Z,elea,0.1.1,ef66ed9,add,f3.bin,add_file_total,162.392125,52428800,,Zstd,blake3
50,22,2026-03-11T12:24:30.596498Z,elea,0.1.1,ef66ed9,add,f1.bin,backend_store,132.027208,52428800,,Zstd,blake3
50,22,2026-03-11T12:24:30.596684Z,elea,0.1.1,ef66ed9,add,f1.bin,add_file_total,163.318917,52428800,,Zstd,blake3
50,22,2026-03-11T12:24:30.596692Z,elea,0.1.1,ef66ed9,add,f2.bin,backend_store,132.191,52428800,,Zstd,blake3
50,22,2026-03-11T12:24:30.596837Z,elea,0.1.1,ef66ed9,add,f2.bin,add_file_total,163.47625,52428800,,Zstd,blake3
50,22,2026-03-11T12:24:30.598532Z,elea,0.1.1,ef66ed9,add,f5.bin,backend_store,134.117959,52428800,,Zstd,blake3
50,22,2026-03-11T12:24:30.598678Z,elea,0.1.1,ef66ed9,add,f5.bin,add_file_total,165.321708,52428800,,Zstd,blake3
50,22,2026-03-11T12:24:30.602024Z,elea,0.1.1,ef66ed9,add,f4.bin,backend_store,137.571458,52428800,,Zstd,blake3
50,22,2026-03-11T12:24:30.602156Z,elea,0.1.1,ef66ed9,add,f4.bin,add_file_total,168.787542,52428800,,Zstd,blake3
50,22,2026-03-11T12:24:30.602224Z,elea,0.1.1,ef66ed9,add,,add_total,168.90570799999998,,5,Zstd,blake3
50,23,2026-03-11T12:24:31.256886Z,elea,0.1.1,ef66ed9,hash,f5.bin,hash,28.936208,52428800,,,blake3
50,23,2026-03-11T12:24:31.257028Z,elea,0.1.1,ef66ed9,hash,f4.bin,hash,29.099125,52428800,,,blake3
50,23,2026-03-11T12:24:31.256991Z,elea,0.1.1,ef66ed9,hash,f3.bin,hash,29.076833,52428800,,,blake3
50,23,2026-03-11T12:24:31.256777Z,elea,0.1.1,ef66ed9,hash,f1.bin,hash,28.886541,52428800,,,blake3
50,23,2026-03-11T12:24:31.256793Z,elea,0.1.1,ef66ed9,hash,f2.bin,hash,28.869583000000002,52428800,,,blake3
50,23,2026-03-11T12:24:31.410514Z,elea,0.1.1,ef66ed9,add,f5.bin,backend_store,151.72970899999999,52428800,,Zstd,blake3
50,23,2026-03-11T12:24:31.410705Z,elea,0.1.1,ef66ed9,add,f5.bin,add_file_total,182.840459,52428800,,Zstd,blake3
50,23,2026-03-11T12:24:31.412265Z,elea,0.1.1,ef66ed9,add,f3.bin,backend_store,153.440167,52428800,,Zstd,blake3
50,23,2026-03-11T12:24:31.412395Z,elea,0.1.1,ef66ed9,add,f3.bin,add_file_total,184.533375,52428800,,Zstd,blake3
50,23,2026-03-11T12:24:31.418194Z,elea,0.1.1,ef66ed9,add,f2.bin,backend_store,159.311041,52428800,,Zstd,blake3
50,23,2026-03-11T12:24:31.418362Z,elea,0.1.1,ef66ed9,add,f2.bin,add_file_total,190.501584,52428800,,Zstd,blake3
50,23,2026-03-11T12:24:31.420143Z,elea,0.1.1,ef66ed9,add,f1.bin,backend_store,161.27470799999998,52428800,,Zstd,blake3
50,23,2026-03-11T12:24:31.420286Z,elea,0.1.1,ef66ed9,add,f1.bin,add_file_total,192.442584,52428800,,Zstd,blake3
50,23,2026-03-11T12:24:31.422097Z,elea,0.1.1,ef66ed9,add,f4.bin,backend_store,163.303625,52428800,,Zstd,blake3
50,23,2026-03-11T12:24:31.422243Z,elea,0.1.1,ef66ed9,add,f4.bin,add_file_total,194.379209,52428800,,Zstd,blake3
50,23,2026-03-11T12:24:31.422305Z,elea,0.1.1,ef66ed9,add,,add_total,194.49291599999998,,5,Zstd,blake3
50,24,2026-03-11T12:24:32.115308Z,elea,0.1.1,ef66ed9,hash,f2.bin,hash,28.8505,52428800,,,blake3
50,24,2026-03-11T12:24:32.115226Z,elea,0.1.1,ef66ed9,hash,f1.bin,hash,28.82875,52428800,,,blake3
50,24,2026-03-11T12:24:32.115485Z,elea,0.1.1,ef66ed9,hash,f3.bin,hash,29.055999999999997,52428800,,,blake3
50,24,2026-03-11T12:24:32.11534Z,elea,0.1.1,ef66ed9,hash,f4.bin,hash,28.932125,52428800,,,blake3
50,24,2026-03-11T12:24:32.115325Z,elea,0.1.1,ef66ed9,hash,f5.bin,hash,28.928667,52428800,,,blake3
50,24,2026-03-11T12:24:32.262842Z,elea,0.1.1,ef66ed9,add,f1.bin,backend_store,145.37924999999998,52428800,,Zstd,blake3
50,24,2026-03-11T12:24:32.264722Z,elea,0.1.1,ef66ed9,add,f1.bin,add_file_total,178.408333,52428800,,Zstd,blake3
50,24,2026-03-11T12:24:32.265225Z,elea,0.1.1,ef66ed9,add,f4.bin,backend_store,147.71725,52428800,,Zstd,blake3
50,24,2026-03-11T12:24:32.265438Z,elea,0.1.1,ef66ed9,add,f4.bin,add_file_total,179.12366699999998,52428800,,Zstd,blake3
50,24,2026-03-11T12:24:32.266636Z,elea,0.1.1,ef66ed9,add,f5.bin,backend_store,149.072416,52428800,,Zstd,blake3
50,24,2026-03-11T12:24:32.266781Z,elea,0.1.1,ef66ed9,add,f5.bin,add_file_total,180.467875,52428800,,Zstd,blake3
50,24,2026-03-11T12:24:32.267315Z,elea,0.1.1,ef66ed9,add,f2.bin,backend_store,149.883875,52428800,,Zstd,blake3
50,24,2026-03-11T12:24:32.267346Z,elea,0.1.1,ef66ed9,add,f3.bin,backend_store,149.85025,52428800,,Zstd,blake3
50,24,2026-03-11T12:24:32.267472Z,elea,0.1.1,ef66ed9,add,f2.bin,add_file_total,181.155625,52428800,,Zstd,blake3
50,24,2026-03-11T12:24:32.267639Z,elea,0.1.1,ef66ed9,add,f3.bin,add_file_total,181.32725,52428800,,Zstd,blake3
50,24,2026-03-11T12:24:32.267694Z,elea,0.1.1,ef66ed9,add,,add_total,181.46266699999998,,5,Zstd,blake3
50,25,2026-03-11T12:24:32.967089Z,elea,0.1.1,ef66ed9,hash,f4.bin,hash,29.529459,52428800,,,blake3
50,25,2026-03-11T12:24:32.966154Z,elea,0.1.1,ef66ed9,hash,f1.bin,hash,28.532042,52428800,,,blake3
50,25,2026-03-11T12:24:32.967115Z,elea,0.1.1,ef66ed9,hash,f3.bin,hash,29.534917,52428800,,,blake3
50,25,2026-03-11T12:24:32.967071Z,elea,0.1.1,ef66ed9,hash,f2.bin,hash,29.497875,52428800,,,blake3
50,25,2026-03-11T12:24:32.967108Z,elea,0.1.1,ef66ed9,hash,f5.bin,hash,29.492625,52428800,,,blake3
50,25,2026-03-11T12:24:33.098493Z,elea,0.1.1,ef66ed9,add,f1.bin,backend_store,130.091917,52428800,,Zstd,blake3
50,25,2026-03-11T12:24:33.099974Z,elea,0.1.1,ef66ed9,add,f1.bin,add_file_total,162.417708,52428800,,Zstd,blake3
50,25,2026-03-11T12:24:33.107099Z,elea,0.1.1,ef66ed9,add,f4.bin,backend_store,138.709875,52428800,,Zstd,blake3
50,25,2026-03-11T12:24:33.107318Z,elea,0.1.1,ef66ed9,add,f4.bin,add_file_total,169.810334,52428800,,Zstd,blake3
50,25,2026-03-11T12:24:33.11149Z,elea,0.1.1,ef66ed9,add,f5.bin,backend_store,142.9985,52428800,,Zstd,blake3
50,25,2026-03-11T12:24:33.111677Z,elea,0.1.1,ef66ed9,add,f5.bin,add_file_total,174.155542,52428800,,Zstd,blake3
50,25,2026-03-11T12:24:33.112241Z,elea,0.1.1,ef66ed9,add,f2.bin,backend_store,143.778083,52428800,,Zstd,blake3
50,25,2026-03-11T12:24:33.112373Z,elea,0.1.1,ef66ed9,add,f2.bin,add_file_total,174.86175,52428800,,Zstd,blake3
50,25,2026-03-11T12:24:33.116417Z,elea,0.1.1,ef66ed9,add,f3.bin,backend_store,147.971542,52428800,,Zstd,blake3
50,25,2026-03-11T12:24:33.116556Z,elea,0.1.1,ef66ed9,add,f3.bin,add_file_total,179.03870799999999,52428800,,Zstd,blake3
50,25,2026-03-11T12:24:33.116623Z,elea,0.1.1,ef66ed9,add,,add_total,179.150959,,5,Zstd,blake3
