size_mb,rep,timestamp,user,dvs_version,git_commit,command,file,step,duration_ms,file_size_bytes,num_files,compression,hash_algorithm
2,7,2026-03-11T12:19:54.06808Z,elea,0.1.1,ef66ed9,hash,f3.bin,hash,1.191459,2097152,,,blake3
2,7,2026-03-11T12:19:54.068073Z,elea,0.1.1,ef66ed9,hash,f5.bin,hash,1.174417,2097152,,,blake3
2,7,2026-03-11T12:19:54.068055Z,elea,0.1.1,ef66ed9,hash,f4.bin,hash,1.184333,2097152,,,blake3
2,7,2026-03-11T12:19:54.068092Z,elea,0.1.1,ef66ed9,hash,f1.bin,hash,1.186625,2097152,,,blake3
2,7,2026-03-11T12:19:54.068064Z,elea,0.1.1,ef66ed9,hash,f2.bin,hash,1.182625,2097152,,,blake3
2,7,2026-03-11T12:19:54.074194Z,elea,0.1.1,ef66ed9,add,f3.bin,backend_store,4.734999999999999,2097152,,Zstd,blake3
2,7,2026-03-11T12:19:54.0744Z,elea,0.1.1,ef66ed9,add,f4.bin,backend_store,4.879458,2097152,,Zstd,blake3
2,7,2026-03-11T12:19:54.074455Z,elea,0.1.1,ef66ed9,add,f1.bin,backend_store,4.888417,2097152,,Zstd,blake3
2,7,2026-03-11T12:19:54.074477Z,elea,0.1.1,ef66ed9,add,f3.bin,add_file_total,7.629708,2097152,,Zstd,blake3
2,7,2026-03-11T12:19:54.074592Z,elea,0.1.1,ef66ed9,add,f2.bin,backend_store,4.993333,2097152,,Zstd,blake3
2,7,2026-03-11T12:19:54.074709Z,elea,0.1.1,ef66ed9,add,f5.bin,backend_store,5.224833,2097152,,Zstd,blake3
2,7,2026-03-11T12:19:54.074886Z,elea,0.1.1,ef66ed9,add,f4.bin,add_file_total,8.041292,2097152,,Zstd,blake3
2,7,2026-03-11T12:19:54.075108Z,elea,0.1.1,ef66ed9,add,f1.bin,add_file_total,8.254,2097152,,Zstd,blake3
2,7,2026-03-11T12:19:54.075147Z,elea,0.1.1,ef66ed9,add,f2.bin,add_file_total,8.300500000000001,2097152,,Zstd,blake3
2,7,2026-03-11T12:19:54.075178Z,elea,0.1.1,ef66ed9,add,f5.bin,add_file_total,8.32775,2097152,,Zstd,blake3
2,7,2026-03-11T12:19:54.075292Z,elea,0.1.1,ef66ed9,add,,add_total,8.492084,,5,Zstd,blake3
5,6,2026-03-11T12:19:54.163417Z,elea,0.1.1,ef66ed9,hash,f4.bin,hash,2.916625,5242880,,,blake3
5,6,2026-03-11T12:19:54.163435Z,elea,0.1.1,ef66ed9,hash,f1.bin,hash,2.921584,5242880,,,blake3
5,6,2026-03-11T12:19:54.163397Z,elea,0.1.1,ef66ed9,hash,f5.bin,hash,2.8995420000000003,5242880,,,blake3
5,6,2026-03-11T12:19:54.163451Z,elea,0.1.1,ef66ed9,hash,f3.bin,hash,2.932458,5242880,,,blake3
5,6,2026-03-11T12:19:54.163442Z,elea,0.1.1,ef66ed9,hash,f2.bin,hash,2.96,5242880,,,blake3
5,6,2026-03-11T12:19:54.176322Z,elea,0.1.1,ef66ed9,add,f1.bin,backend_store,11.025165999999999,5242880,,Zstd,blake3
5,6,2026-03-11T12:19:54.176327Z,elea,0.1.1,ef66ed9,add,f4.bin,backend_store,11.055250000000001,5242880,,Zstd,blake3
5,6,2026-03-11T12:19:54.17634Z,elea,0.1.1,ef66ed9,add,f2.bin,backend_store,10.987042,5242880,,Zstd,blake3
5,6,2026-03-11T12:19:54.176358Z,elea,0.1.1,ef66ed9,add,f5.bin,backend_store,11.065083,5242880,,Zstd,blake3
5,6,2026-03-11T12:19:54.176383Z,elea,0.1.1,ef66ed9,add,f3.bin,backend_store,11.056291,5242880,,Zstd,blake3
5,6,2026-03-11T12:19:54.176566Z,elea,0.1.1,ef66ed9,add,f5.bin,add_file_total,16.118916000000002,5242880,,Zstd,blake3
5,6,2026-03-11T12:19:54.179076Z,elea,0.1.1,ef66ed9,add,f2.bin,add_file_total,18.629791,5242880,,Zstd,blake3
5,6,2026-03-11T12:19:54.17913Z,elea,0.1.1,ef66ed9,add,f1.bin,add_file_total,18.675084000000002,5242880,,Zstd,blake3
5,6,2026-03-11T12:19:54.179184Z,elea,0.1.1,ef66ed9,add,f3.bin,add_file_total,18.728749999999998,5242880,,Zstd,blake3
5,6,2026-03-11T12:19:54.179238Z,elea,0.1.1,ef66ed9,add,f4.bin,add_file_total,18.782166,5242880,,Zstd,blake3
5,6,2026-03-11T12:19:54.179307Z,elea,0.1.1,ef66ed9,add,,add_total,18.893375,,5,Zstd,blake3
5,8,2026-03-11T12:19:54.261697Z,elea,0.1.1,ef66ed9,hash,f2.bin,hash,2.908375,5242880,,,blake3
5,8,2026-03-11T12:19:54.261671Z,elea,0.1.1,ef66ed9,hash,f1.bin,hash,2.916625,5242880,,,blake3
5,8,2026-03-11T12:19:54.261661Z,elea,0.1.1,ef66ed9,hash,f5.bin,hash,2.8783749999999997,5242880,,,blake3
5,8,2026-03-11T12:19:54.261688Z,elea,0.1.1,ef66ed9,hash,f3.bin,hash,2.899583,5242880,,,blake3
5,8,2026-03-11T12:19:54.261679Z,elea,0.1.1,ef66ed9,hash,f4.bin,hash,2.8835,5242880,,,blake3
5,8,2026-03-11T12:19:54.274055Z,elea,0.1.1,ef66ed9,add,f5.bin,backend_store,10.746125000000001,5242880,,Zstd,blake3
5,8,2026-03-11T12:19:54.274079Z,elea,0.1.1,ef66ed9,add,f4.bin,backend_store,10.706458,5242880,,Zstd,blake3
5,8,2026-03-11T12:19:54.274145Z,elea,0.1.1,ef66ed9,add,f2.bin,backend_store,10.867208,5242880,,Zstd,blake3
5,8,2026-03-11T12:19:54.274157Z,elea,0.1.1,ef66ed9,add,f3.bin,backend_store,10.816667,5242880,,Zstd,blake3
5,8,2026-03-11T12:19:54.274199Z,elea,0.1.1,ef66ed9,add,f1.bin,backend_store,10.897458,5242880,,Zstd,blake3
5,8,2026-03-11T12:19:54.274259Z,elea,0.1.1,ef66ed9,add,f5.bin,add_file_total,15.539917,5242880,,Zstd,blake3
5,8,2026-03-11T12:19:54.276758Z,elea,0.1.1,ef66ed9,add,f4.bin,add_file_total,18.036542,5242880,,Zstd,blake3
5,8,2026-03-11T12:19:54.276793Z,elea,0.1.1,ef66ed9,add,f3.bin,add_file_total,18.079749999999997,5242880,,Zstd,blake3
5,8,2026-03-11T12:19:54.276842Z,elea,0.1.1,ef66ed9,add,f1.bin,add_file_total,18.13175,5242880,,Zstd,blake3
5,8,2026-03-11T12:19:54.276889Z,elea,0.1.1,ef66ed9,add,f2.bin,add_file_total,18.172875,5242880,,Zstd,blake3
5,8,2026-03-11T12:19:54.276959Z,elea,0.1.1,ef66ed9,add,,add_total,18.280625,,5,Zstd,blake3
2,9,2026-03-11T12:19:54.325981Z,elea,0.1.1,ef66ed9,hash,f1.bin,hash,1.2142920000000001,2097152,,,blake3
2,9,2026-03-11T12:19:54.325919Z,elea,0.1.1,ef66ed9,hash,f3.bin,hash,1.207167,2097152,,,blake3
2,9,2026-03-11T12:19:54.325953Z,elea,0.1.1,ef66ed9,hash,f4.bin,hash,1.188709,2097152,,,blake3
2,9,2026-03-11T12:19:54.325938Z,elea,0.1.1,ef66ed9,hash,f2.bin,hash,1.211041,2097152,,,blake3
2,9,2026-03-11T12:19:54.32597Z,elea,0.1.1,ef66ed9,hash,f5.bin,hash,1.210875,2097152,,,blake3
2,9,2026-03-11T12:19:54.3324Z,elea,0.1.1,ef66ed9,add,f3.bin,backend_store,4.8009580000000005,2097152,,Zstd,blake3
2,9,2026-03-11T12:19:54.332451Z,elea,0.1.1,ef66ed9,add,f5.bin,backend_store,4.7853330000000005,2097152,,Zstd,blake3
2,9,2026-03-11T12:19:54.332588Z,elea,0.1.1,ef66ed9,add,f3.bin,add_file_total,7.915333,2097152,,Zstd,blake3
2,9,2026-03-11T12:19:54.332606Z,elea,0.1.1,ef66ed9,add,f1.bin,backend_store,5.023209,2097152,,Zstd,blake3
2,9,2026-03-11T12:19:54.332659Z,elea,0.1.1,ef66ed9,add,f4.bin,backend_store,5.033875,2097152,,Zstd,blake3
2,9,2026-03-11T12:19:54.332774Z,elea,0.1.1,ef66ed9,add,f2.bin,backend_store,5.128917,2097152,,Zstd,blake3
2,9,2026-03-11T12:19:54.333162Z,elea,0.1.1,ef66ed9,add,f5.bin,add_file_total,8.474625,2097152,,Zstd,blake3
2,9,2026-03-11T12:19:54.333255Z,elea,0.1.1,ef66ed9,add,f1.bin,add_file_total,8.566749999999999,2097152,,Zstd,blake3
2,9,2026-03-11T12:19:54.333303Z,elea,0.1.1,ef66ed9,add,f4.bin,add_file_total,8.610125,2097152,,Zstd,blake3
2,9,2026-03-11T12:19:54.33334Z,elea,0.1.1,ef66ed9,add,f2.bin,add_file_total,8.654083,2097152,,Zstd,blake3
2,9,2026-03-11T12:19:54.333395Z,elea,0.1.1,ef66ed9,add,,add_total,8.754625,,5,Zstd,blake3
50,21,2026-03-11T12:19:54.975266Z,elea,0.1.1,ef66ed9,hash,f1.bin,hash,29.203458,52428800,,,blake3
50,21,2026-03-11T12:19:54.975169Z,elea,0.1.1,ef66ed9,hash,f5.bin,hash,29.121084,52428800,,,blake3
50,21,2026-03-11T12:19:54.975074Z,elea,0.1.1,ef66ed9,hash,f2.bin,hash,29.050666999999997,52428800,,,blake3
50,21,2026-03-11T12:19:54.975235Z,elea,0.1.1,ef66ed9,hash,f4.bin,hash,29.15125,52428800,,,blake3
50,21,2026-03-11T12:19:54.975374Z,elea,0.1.1,ef66ed9,hash,f3.bin,hash,29.273125,52428800,,,blake3
50,21,2026-03-11T12:19:55.108799Z,elea,0.1.1,ef66ed9,add,f3.bin,backend_store,131.51258399999998,52428800,,Zstd,blake3
50,21,2026-03-11T12:19:55.10908Z,elea,0.1.1,ef66ed9,add,f3.bin,add_file_total,163.079125,52428800,,Zstd,blake3
50,21,2026-03-11T12:19:55.10913Z,elea,0.1.1,ef66ed9,add,f2.bin,backend_store,131.994042,52428800,,Zstd,blake3
50,21,2026-03-11T12:19:55.109318Z,elea,0.1.1,ef66ed9,add,f2.bin,add_file_total,163.344917,52428800,,Zstd,blake3
50,21,2026-03-11T12:19:55.110314Z,elea,0.1.1,ef66ed9,add,f1.bin,backend_store,133.233041,52428800,,Zstd,blake3
50,21,2026-03-11T12:19:55.110481Z,elea,0.1.1,ef66ed9,add,f1.bin,add_file_total,164.483458,52428800,,Zstd,blake3
50,21,2026-03-11T12:19:55.110754Z,elea,0.1.1,ef66ed9,add,f5.bin,backend_store,133.653875,52428800,,Zstd,blake3
50,21,2026-03-11T12:19:55.110849Z,elea,0.1.1,ef66ed9,add,f4.bin,backend_store,133.6995,52428800,,Zstd,blake3
50,21,2026-03-11T12:19:55.110898Z,elea,0.1.1,ef66ed9,add,f5.bin,add_file_total,164.918083,52428800,,Zstd,blake3
50,21,2026-03-11T12:19:55.111107Z,elea,0.1.1,ef66ed9,add,f4.bin,add_file_total,165.10870799999998,52428800,,Zstd,blake3
50,21,2026-03-11T12:19:55.111179Z,elea,0.1.1,ef66ed9,add,,add_total,165.256291,,5,Zstd,blake3
2,11,2026-03-11T12:19:55.164472Z,elea,0.1.1,ef66ed9,hash,f2.bin,hash,1.211,2097152,,,blake3
2,11,2026-03-11T12:19:55.164577Z,elea,0.1.1,ef66ed9,hash,f4.bin,hash,1.2923749999999998,2097152,,,blake3
2,11,2026-03-11T12:19:55.164523Z,elea,0.1.1,ef66ed9,hash,f3.bin,hash,1.250542,2097152,,,blake3
2,11,2026-03-11T12:19:55.164456Z,elea,0.1.1,ef66ed9,hash,f1.bin,hash,1.212416,2097152,,,blake3
2,11,2026-03-11T12:19:55.164498Z,elea,0.1.1,ef66ed9,hash,f5.bin,hash,1.208375,2097152,,,blake3
2,11,2026-03-11T12:19:55.172188Z,elea,0.1.1,ef66ed9,add,f1.bin,backend_store,6.125249999999999,2097152,,Zstd,blake3
2,11,2026-03-11T12:19:55.172274Z,elea,0.1.1,ef66ed9,add,f4.bin,backend_store,6.247166,2097152,,Zstd,blake3
2,11,2026-03-11T12:19:55.172367Z,elea,0.1.1,ef66ed9,add,f2.bin,backend_store,6.356416,2097152,,Zstd,blake3
2,11,2026-03-11T12:19:55.172477Z,elea,0.1.1,ef66ed9,add,f4.bin,add_file_total,9.246167,2097152,,Zstd,blake3
2,11,2026-03-11T12:19:55.172504Z,elea,0.1.1,ef66ed9,add,f5.bin,backend_store,6.4204170000000005,2097152,,Zstd,blake3
2,11,2026-03-11T12:19:55.172702Z,elea,0.1.1,ef66ed9,add,f3.bin,backend_store,6.6544170000000005,2097152,,Zstd,blake3
2,11,2026-03-11T12:19:55.172894Z,elea,0.1.1,ef66ed9,add,f1.bin,add_file_total,9.685875,2097152,,Zstd,blake3
2,11,2026-03-11T12:19:55.173096Z,elea,0.1.1,ef66ed9,add,f2.bin,add_file_total,9.870166999999999,2097152,,Zstd,blake3
2,11,2026-03-11T12:19:55.173139Z,elea,0.1.1,ef66ed9,add,f5.bin,add_file_total,9.906583999999999,2097152,,Zstd,blake3
2,11,2026-03-11T12:19:55.173174Z,elea,0.1.1,ef66ed9,add,f3.bin,add_file_total,9.946750000000002,2097152,,Zstd,blake3
2,11,2026-03-11T12:19:55.173236Z,elea,0.1.1,ef66ed9,add,,add_total,10.064958,,5,Zstd,blake3
5,2,2026-03-11T12:19:55.259941Z,elea,0.1.1,ef66ed9,hash,f1.bin,hash,2.9358750000000002,5242880,,,blake3
5,2,2026-03-11T12:19:55.259932Z,elea,0.1.1,ef66ed9,hash,f2.bin,hash,2.937584,5242880,,,blake3
5,2,2026-03-11T12:19:55.259897Z,elea,0.1.1,ef66ed9,hash,f5.bin,hash,2.909875,5242880,,,blake3
5,2,2026-03-11T12:19:55.259915Z,elea,0.1.1,ef66ed9,hash,f4.bin,hash,2.935167,5242880,,,blake3
5,2,2026-03-11T12:19:55.259988Z,elea,0.1.1,ef66ed9,hash,f3.bin,hash,2.975166,5242880,,,blake3
5,2,2026-03-11T12:19:55.27317Z,elea,0.1.1,ef66ed9,add,f1.bin,backend_store,11.326667,5242880,,Zstd,blake3
5,2,2026-03-11T12:19:55.273419Z,elea,0.1.1,ef66ed9,add,f1.bin,add_file_total,16.466667,5242880,,Zstd,blake3
5,2,2026-03-11T12:19:55.273688Z,elea,0.1.1,ef66ed9,add,f3.bin,backend_store,11.740416,5242880,,Zstd,blake3
5,2,2026-03-11T12:19:55.273811Z,elea,0.1.1,ef66ed9,add,f4.bin,backend_store,11.887125,5242880,,Zstd,blake3
5,2,2026-03-11T12:19:55.273837Z,elea,0.1.1,ef66ed9,add,f3.bin,add_file_total,16.885167,5242880,,Zstd,blake3
5,2,2026-03-11T12:19:55.273855Z,elea,0.1.1,ef66ed9,add,f5.bin,backend_store,11.921167,5242880,,Zstd,blake3
5,2,2026-03-11T12:19:55.273967Z,elea,0.1.1,ef66ed9,add,f2.bin,backend_store,12.115334,5242880,,Zstd,blake3
5,2,2026-03-11T12:19:55.275683Z,elea,0.1.1,ef66ed9,add,f4.bin,add_file_total,18.739458,5242880,,Zstd,blake3
5,2,2026-03-11T12:19:55.275722Z,elea,0.1.1,ef66ed9,add,f5.bin,add_file_total,18.775625,5242880,,Zstd,blake3
5,2,2026-03-11T12:19:55.275755Z,elea,0.1.1,ef66ed9,add,f2.bin,add_file_total,18.805708,5242880,,Zstd,blake3
5,2,2026-03-11T12:19:55.275812Z,elea,0.1.1,ef66ed9,add,,add_total,18.904917,,5,Zstd,blake3
1,21,2026-03-11T12:19:55.314571Z,elea,0.1.1,ef66ed9,hash,f2.bin,hash,0.6181249999999999,1048576,,,blake3
1,21,2026-03-11T12:19:55.314564Z,elea,0.1.1,ef66ed9,hash,f4.bin,hash,0.616833,1048576,,,blake3
1,21,2026-03-11T12:19:55.314555Z,elea,0.1.1,ef66ed9,hash,f5.bin,hash,0.621542,1048576,,,blake3
1,21,2026-03-11T12:19:55.314539Z,elea,0.1.1,ef66ed9,hash,f1.bin,hash,0.617084,1048576,,,blake3
1,21,2026-03-11T12:19:55.31453Z,elea,0.1.1,ef66ed9,hash,f3.bin,hash,0.621916,1048576,,,blake3
1,21,2026-03-11T12:19:55.318411Z,elea,0.1.1,ef66ed9,add,f2.bin,backend_store,2.376916,1048576,,Zstd,blake3
1,21,2026-03-11T12:19:55.318608Z,elea,0.1.1,ef66ed9,add,f2.bin,add_file_total,4.708167,1048576,,Zstd,blake3
1,21,2026-03-11T12:19:55.318657Z,elea,0.1.1,ef66ed9,add,f5.bin,backend_store,2.589041,1048576,,Zstd,blake3
1,21,2026-03-11T12:19:55.318726Z,elea,0.1.1,ef66ed9,add,f4.bin,backend_store,2.664958,1048576,,Zstd,blake3
1,21,2026-03-11T12:19:55.318874Z,elea,0.1.1,ef66ed9,add,f1.bin,backend_store,2.7723750000000003,1048576,,Zstd,blake3
1,21,2026-03-11T12:19:55.31889Z,elea,0.1.1,ef66ed9,add,f5.bin,add_file_total,4.992375,1048576,,Zstd,blake3
1,21,2026-03-11T12:19:55.31894Z,elea,0.1.1,ef66ed9,add,f3.bin,backend_store,2.7569169999999996,1048576,,Zstd,blake3
1,21,2026-03-11T12:19:55.319021Z,elea,0.1.1,ef66ed9,add,f4.bin,add_file_total,5.12425,1048576,,Zstd,blake3
1,21,2026-03-11T12:19:55.319065Z,elea,0.1.1,ef66ed9,add,f1.bin,add_file_total,5.1707089999999996,1048576,,Zstd,blake3
1,21,2026-03-11T12:19:55.319103Z,elea,0.1.1,ef66ed9,add,f3.bin,add_file_total,5.23125,1048576,,Zstd,blake3
1,21,2026-03-11T12:19:55.319151Z,elea,0.1.1,ef66ed9,add,,add_total,5.302667,,5,Zstd,blake3
1,17,2026-03-11T12:19:55.356997Z,elea,0.1.1,ef66ed9,hash,f1.bin,hash,0.6096670000000001,1048576,,,blake3
1,17,2026-03-11T12:19:55.35694Z,elea,0.1.1,ef66ed9,hash,f4.bin,hash,0.599459,1048576,,,blake3
1,17,2026-03-11T12:19:55.356989Z,elea,0.1.1,ef66ed9,hash,f3.bin,hash,0.616708,1048576,,,blake3
1,17,2026-03-11T12:19:55.356946Z,elea,0.1.1,ef66ed9,hash,f5.bin,hash,0.596125,1048576,,,blake3
1,17,2026-03-11T12:19:55.356968Z,elea,0.1.1,ef66ed9,hash,f2.bin,hash,0.607875,1048576,,,blake3
1,17,2026-03-11T12:19:55.362183Z,elea,0.1.1,ef66ed9,add,f3.bin,backend_store,3.756792,1048576,,Zstd,blake3
1,17,2026-03-11T12:19:55.362269Z,elea,0.1.1,ef66ed9,add,f5.bin,backend_store,3.813584,1048576,,Zstd,blake3
1,17,2026-03-11T12:19:55.362279Z,elea,0.1.1,ef66ed9,add,f1.bin,backend_store,3.879417,1048576,,Zstd,blake3
1,17,2026-03-11T12:19:55.36239Z,elea,0.1.1,ef66ed9,add,f3.bin,add_file_total,6.06975,1048576,,Zstd,blake3
1,17,2026-03-11T12:19:55.36244Z,elea,0.1.1,ef66ed9,add,f2.bin,backend_store,3.9442920000000004,1048576,,Zstd,blake3
1,17,2026-03-11T12:19:55.362467Z,elea,0.1.1,ef66ed9,add,f4.bin,backend_store,4.066167,1048576,,Zstd,blake3
1,17,2026-03-11T12:19:55.362559Z,elea,0.1.1,ef66ed9,add,f1.bin,add_file_total,6.237209,1048576,,Zstd,blake3
1,17,2026-03-11T12:19:55.362599Z,elea,0.1.1,ef66ed9,add,f5.bin,add_file_total,6.28375,1048576,,Zstd,blake3
1,17,2026-03-11T12:19:55.362634Z,elea,0.1.1,ef66ed9,add,f2.bin,add_file_total,6.318458,1048576,,Zstd,blake3
1,17,2026-03-11T12:19:55.362666Z,elea,0.1.1,ef66ed9,add,f4.bin,add_file_total,6.369792,1048576,,Zstd,blake3
1,17,2026-03-11T12:19:55.362716Z,elea,0.1.1,ef66ed9,add,,add_total,6.456542,,5,Zstd,blake3
1,25,2026-03-11T12:19:55.420773Z,elea,0.1.1,ef66ed9,hash,f1.bin,hash,0.613541,1048576,,,blake3
1,25,2026-03-11T12:19:55.420763Z,elea,0.1.1,ef66ed9,hash,f5.bin,hash,0.6006670000000001,1048576,,,blake3
1,25,2026-03-11T12:19:55.420751Z,elea,0.1.1,ef66ed9,hash,f3.bin,hash,0.60875,1048576,,,blake3
1,25,2026-03-11T12:19:55.420736Z,elea,0.1.1,ef66ed9,hash,f4.bin,hash,0.602042,1048576,,,blake3
1,25,2026-03-11T12:19:55.420782Z,elea,0.1.1,ef66ed9,hash,f2.bin,hash,0.608125,1048576,,,blake3
1,25,2026-03-11T12:19:55.42504Z,elea,0.1.1,ef66ed9,add,f5.bin,backend_store,3.106625,1048576,,Zstd,blake3
1,25,2026-03-11T12:19:55.425082Z,elea,0.1.1,ef66ed9,add,f1.bin,backend_store,3.157916,1048576,,Zstd,blake3
1,25,2026-03-11T12:19:55.425262Z,elea,0.1.1,ef66ed9,add,f2.bin,backend_store,3.250208,1048576,,Zstd,blake3
1,25,2026-03-11T12:19:55.425323Z,elea,0.1.1,ef66ed9,add,f3.bin,backend_store,3.365041,1048576,,Zstd,blake3
1,25,2026-03-11T12:19:55.425362Z,elea,0.1.1,ef66ed9,add,f5.bin,add_file_total,5.232792,1048576,,Zstd,blake3
1,25,2026-03-11T12:19:55.425461Z,elea,0.1.1,ef66ed9,add,f4.bin,backend_store,3.4750419999999997,1048576,,Zstd,blake3
1,25,2026-03-11T12:19:55.425501Z,elea,0.1.1,ef66ed9,add,f1.bin,add_file_total,5.374625,1048576,,Zstd,blake3
1,25,2026-03-11T12:19:55.42554Z,elea,0.1.1,ef66ed9,add,f2.bin,add_file_total,5.421042,1048576,,Zstd,blake3
1,25,2026-03-11T12:19:55.425585Z,elea,0.1.1,ef66ed9,add,f3.bin,add_file_total,5.457417,1048576,,Zstd,blake3
1,25,2026-03-11T12:19:55.425617Z,elea,0.1.1,ef66ed9,add,f4.bin,add_file_total,5.523166000000001,1048576,,Zstd,blake3
1,25,2026-03-11T12:19:55.425666Z,elea,0.1.1,ef66ed9,add,,add_total,5.604125,,5,Zstd,blake3
50,2,2026-03-11T12:19:56.073686Z,elea,0.1.1,ef66ed9,hash,f5.bin,hash,33.001042,52428800,,,blake3
50,2,2026-03-11T12:19:56.072988Z,elea,0.1.1,ef66ed9,hash,f2.bin,hash,32.31375,52428800,,,blake3
50,2,2026-03-11T12:19:56.073609Z,elea,0.1.1,ef66ed9,hash,f4.bin,hash,32.912917,52428800,,,blake3
50,2,2026-03-11T12:19:56.073054Z,elea,0.1.1,ef66ed9,hash,f3.bin,hash,32.443666,52428800,,,blake3
50,2,2026-03-11T12:19:56.073973Z,elea,0.1.1,ef66ed9,hash,f1.bin,hash,33.325792,52428800,,,blake3
50,2,2026-03-11T12:19:56.23245Z,elea,0.1.1,ef66ed9,add,f4.bin,backend_store,157.231375,52428800,,Zstd,blake3
50,2,2026-03-11T12:19:56.232774Z,elea,0.1.1,ef66ed9,add,f4.bin,add_file_total,192.15316700000002,52428800,,Zstd,blake3
50,2,2026-03-11T12:19:56.233637Z,elea,0.1.1,ef66ed9,add,f3.bin,backend_store,158.34020900000002,52428800,,Zstd,blake3
50,2,2026-03-11T12:19:56.233807Z,elea,0.1.1,ef66ed9,add,f3.bin,add_file_total,193.237791,52428800,,Zstd,blake3
50,2,2026-03-11T12:19:56.233905Z,elea,0.1.1,ef66ed9,add,f2.bin,backend_store,158.729542,52428800,,Zstd,blake3
50,2,2026-03-11T12:19:56.23395Z,elea,0.1.1,ef66ed9,add,f1.bin,backend_store,158.600917,52428800,,Zstd,blake3
50,2,2026-03-11T12:19:56.234218Z,elea,0.1.1,ef66ed9,add,f2.bin,add_file_total,193.576834,52428800,,Zstd,blake3
50,2,2026-03-11T12:19:56.234277Z,elea,0.1.1,ef66ed9,add,f1.bin,add_file_total,193.687042,52428800,,Zstd,blake3
50,2,2026-03-11T12:19:56.23466Z,elea,0.1.1,ef66ed9,add,f5.bin,backend_store,159.498542,52428800,,Zstd,blake3
50,2,2026-03-11T12:19:56.234802Z,elea,0.1.1,ef66ed9,add,f5.bin,add_file_total,194.162791,52428800,,Zstd,blake3
50,2,2026-03-11T12:19:56.234873Z,elea,0.1.1,ef66ed9,add,,add_total,194.329541,,5,Zstd,blake3
1,12,2026-03-11T12:19:56.27347Z,elea,0.1.1,ef66ed9,hash,f1.bin,hash,0.6009169999999999,1048576,,,blake3
1,12,2026-03-11T12:19:56.273478Z,elea,0.1.1,ef66ed9,hash,f5.bin,hash,0.595209,1048576,,,blake3
1,12,2026-03-11T12:19:56.273486Z,elea,0.1.1,ef66ed9,hash,f2.bin,hash,0.6,1048576,,,blake3
1,12,2026-03-11T12:19:56.273455Z,elea,0.1.1,ef66ed9,hash,f4.bin,hash,0.598209,1048576,,,blake3
1,12,2026-03-11T12:19:56.273499Z,elea,0.1.1,ef66ed9,hash,f3.bin,hash,0.602708,1048576,,,blake3
1,12,2026-03-11T12:19:56.27786Z,elea,0.1.1,ef66ed9,add,f2.bin,backend_store,3.077208,1048576,,Zstd,blake3
1,12,2026-03-11T12:19:56.27788Z,elea,0.1.1,ef66ed9,add,f1.bin,backend_store,3.1259159999999997,1048576,,Zstd,blake3
1,12,2026-03-11T12:19:56.278029Z,elea,0.1.1,ef66ed9,add,f4.bin,backend_store,3.215292,1048576,,Zstd,blake3
1,12,2026-03-11T12:19:56.278054Z,elea,0.1.1,ef66ed9,add,f5.bin,backend_store,3.291875,1048576,,Zstd,blake3
1,12,2026-03-11T12:19:56.278068Z,elea,0.1.1,ef66ed9,add,f3.bin,backend_store,3.2190410000000003,1048576,,Zstd,blake3
1,12,2026-03-11T12:19:56.278115Z,elea,0.1.1,ef66ed9,add,f1.bin,add_file_total,5.277875,1048576,,Zstd,blake3
1,12,2026-03-11T12:19:56.278256Z,elea,0.1.1,ef66ed9,add,f2.bin,add_file_total,5.414458,1048576,,Zstd,blake3
1,12,2026-03-11T12:19:56.278291Z,elea,0.1.1,ef66ed9,add,f4.bin,add_file_total,5.474749999999999,1048576,,Zstd,blake3
1,12,2026-03-11T12:19:56.278331Z,elea,0.1.1,ef66ed9,add,f5.bin,add_file_total,5.491958,1048576,,Zstd,blake3
1,12,2026-03-11T12:19:56.278373Z,elea,0.1.1,ef66ed9,add,f3.bin,add_file_total,5.530792,1048576,,Zstd,blake3
1,12,2026-03-11T12:19:56.278433Z,elea,0.1.1,ef66ed9,add,,add_total,5.644666,,5,Zstd,blake3
2,25,2026-03-11T12:19:56.325914Z,elea,0.1.1,ef66ed9,hash,f3.bin,hash,1.1670420000000001,2097152,,,blake3
2,25,2026-03-11T12:19:56.325905Z,elea,0.1.1,ef66ed9,hash,f1.bin,hash,1.17275,2097152,,,blake3
2,25,2026-03-11T12:19:56.325877Z,elea,0.1.1,ef66ed9,hash,f2.bin,hash,1.1760410000000001,2097152,,,blake3
2,25,2026-03-11T12:19:56.325891Z,elea,0.1.1,ef66ed9,hash,f4.bin,hash,1.1807919999999998,2097152,,,blake3
2,25,2026-03-11T12:19:56.325885Z,elea,0.1.1,ef66ed9,hash,f5.bin,hash,1.163583,2097152,,,blake3
2,25,2026-03-11T12:19:56.33259Z,elea,0.1.1,ef66ed9,add,f3.bin,backend_store,5.326334,2097152,,Zstd,blake3
2,25,2026-03-11T12:19:56.332768Z,elea,0.1.1,ef66ed9,add,f3.bin,add_file_total,8.085292,2097152,,Zstd,blake3
2,25,2026-03-11T12:19:56.332874Z,elea,0.1.1,ef66ed9,add,f1.bin,backend_store,5.583625,2097152,,Zstd,blake3
2,25,2026-03-11T12:19:56.332896Z,elea,0.1.1,ef66ed9,add,f5.bin,backend_store,5.54575,2097152,,Zstd,blake3
2,25,2026-03-11T12:19:56.332916Z,elea,0.1.1,ef66ed9,add,f2.bin,backend_store,5.607167,2097152,,Zstd,blake3
2,25,2026-03-11T12:19:56.33293Z,elea,0.1.1,ef66ed9,add,f4.bin,backend_store,5.595417,2097152,,Zstd,blake3
2,25,2026-03-11T12:19:56.333629Z,elea,0.1.1,ef66ed9,add,f1.bin,add_file_total,8.945791999999999,2097152,,Zstd,blake3
2,25,2026-03-11T12:19:56.333677Z,elea,0.1.1,ef66ed9,add,f5.bin,add_file_total,8.996125000000001,2097152,,Zstd,blake3
2,25,2026-03-11T12:19:56.333712Z,elea,0.1.1,ef66ed9,add,f2.bin,add_file_total,9.050958,2097152,,Zstd,blake3
2,25,2026-03-11T12:19:56.333744Z,elea,0.1.1,ef66ed9,add,f4.bin,add_file_total,9.066334000000001,2097152,,Zstd,blake3
2,25,2026-03-11T12:19:56.333791Z,elea,0.1.1,ef66ed9,add,,add_total,9.1675,,5,Zstd,blake3
10,4,2026-03-11T12:19:56.476743Z,elea,0.1.1,ef66ed9,hash,f2.bin,hash,5.850292,10485760,,,blake3
10,4,2026-03-11T12:19:56.476662Z,elea,0.1.1,ef66ed9,hash,f5.bin,hash,5.752041,10485760,,,blake3
10,4,2026-03-11T12:19:56.476701Z,elea,0.1.1,ef66ed9,hash,f4.bin,hash,5.779707999999999,10485760,,,blake3
10,4,2026-03-11T12:19:56.476774Z,elea,0.1.1,ef66ed9,hash,f3.bin,hash,5.819167,10485760,,,blake3
10,4,2026-03-11T12:19:56.476766Z,elea,0.1.1,ef66ed9,hash,f1.bin,hash,5.827375,10485760,,,blake3
10,4,2026-03-11T12:19:56.503775Z,elea,0.1.1,ef66ed9,add,f5.bin,backend_store,25.359458,10485760,,Zstd,blake3
10,4,2026-03-11T12:19:56.503858Z,elea,0.1.1,ef66ed9,add,f4.bin,backend_store,25.413333,10485760,,Zstd,blake3
10,4,2026-03-11T12:19:56.503986Z,elea,0.1.1,ef66ed9,add,f5.bin,add_file_total,33.106542000000005,10485760,,Zstd,blake3
10,4,2026-03-11T12:19:56.504028Z,elea,0.1.1,ef66ed9,add,f4.bin,add_file_total,33.148458,10485760,,Zstd,blake3
10,4,2026-03-11T12:19:56.506635Z,elea,0.1.1,ef66ed9,add,f1.bin,backend_store,28.137041,10485760,,Zstd,blake3
10,4,2026-03-11T12:19:56.506643Z,elea,0.1.1,ef66ed9,add,f3.bin,backend_store,28.174375,10485760,,Zstd,blake3
10,4,2026-03-11T12:19:56.506674Z,elea,0.1.1,ef66ed9,add,f2.bin,backend_store,28.271459,10485760,,Zstd,blake3
10,4,2026-03-11T12:19:56.506773Z,elea,0.1.1,ef66ed9,add,f1.bin,add_file_total,35.893208,10485760,,Zstd,blake3
10,4,2026-03-11T12:19:56.507281Z,elea,0.1.1,ef66ed9,add,f2.bin,add_file_total,36.424917,10485760,,Zstd,blake3
10,4,2026-03-11T12:19:56.507324Z,elea,0.1.1,ef66ed9,add,f3.bin,add_file_total,36.444125,10485760,,Zstd,blake3
10,4,2026-03-11T12:19:56.507386Z,elea,0.1.1,ef66ed9,add,,add_total,36.561625,,5,Zstd,blake3
5,18,2026-03-11T12:19:56.590944Z,elea,0.1.1,ef66ed9,hash,f2.bin,hash,2.913625,5242880,,,blake3
5,18,2026-03-11T12:19:56.590921Z,elea,0.1.1,ef66ed9,hash,f4.bin,hash,2.901041,5242880,,,blake3
5,18,2026-03-11T12:19:56.590883Z,elea,0.1.1,ef66ed9,hash,f5.bin,hash,2.882834,5242880,,,blake3
5,18,2026-03-11T12:19:56.590907Z,elea,0.1.1,ef66ed9,hash,f3.bin,hash,2.9056249999999997,5242880,,,blake3
5,18,2026-03-11T12:19:56.590938Z,elea,0.1.1,ef66ed9,hash,f1.bin,hash,2.920041,5242880,,,blake3
5,18,2026-03-11T12:19:56.60494Z,elea,0.1.1,ef66ed9,add,f5.bin,backend_store,12.297709000000001,5242880,,Zstd,blake3
5,18,2026-03-11T12:19:56.605119Z,elea,0.1.1,ef66ed9,add,f2.bin,backend_store,12.515334,5242880,,Zstd,blake3
5,18,2026-03-11T12:19:56.605172Z,elea,0.1.1,ef66ed9,add,f1.bin,backend_store,12.462667,5242880,,Zstd,blake3
5,18,2026-03-11T12:19:56.605209Z,elea,0.1.1,ef66ed9,add,f3.bin,backend_store,12.524791,5242880,,Zstd,blake3
5,18,2026-03-11T12:19:56.605216Z,elea,0.1.1,ef66ed9,add,f5.bin,add_file_total,17.256417,5242880,,Zstd,blake3
5,18,2026-03-11T12:19:56.605266Z,elea,0.1.1,ef66ed9,add,f4.bin,backend_store,12.628542,5242880,,Zstd,blake3
5,18,2026-03-11T12:19:56.607718Z,elea,0.1.1,ef66ed9,add,f2.bin,add_file_total,19.755125,5242880,,Zstd,blake3
5,18,2026-03-11T12:19:56.607773Z,elea,0.1.1,ef66ed9,add,f1.bin,add_file_total,19.8105,5242880,,Zstd,blake3
5,18,2026-03-11T12:19:56.607817Z,elea,0.1.1,ef66ed9,add,f4.bin,add_file_total,19.854416999999998,5242880,,Zstd,blake3
5,18,2026-03-11T12:19:56.60788Z,elea,0.1.1,ef66ed9,add,f3.bin,add_file_total,19.919,5242880,,Zstd,blake3
5,18,2026-03-11T12:19:56.607947Z,elea,0.1.1,ef66ed9,add,,add_total,20.020041999999997,,5,Zstd,blake3
1,20,2026-03-11T12:19:56.644978Z,elea,0.1.1,ef66ed9,hash,f2.bin,hash,0.605833,1048576,,,blake3
1,20,2026-03-11T12:19:56.644996Z,elea,0.1.1,ef66ed9,hash,f5.bin,hash,0.5910829999999999,1048576,,,blake3
1,20,2026-03-11T12:19:56.644954Z,elea,0.1.1,ef66ed9,hash,f1.bin,hash,0.601666,1048576,,,blake3
1,20,2026-03-11T12:19:56.645037Z,elea,0.1.1,ef66ed9,hash,f3.bin,hash,0.672959,1048576,,,blake3
1,20,2026-03-11T12:19:56.644987Z,elea,0.1.1,ef66ed9,hash,f4.bin,hash,0.596167,1048576,,,blake3
1,20,2026-03-11T12:19:56.650209Z,elea,0.1.1,ef66ed9,add,f4.bin,backend_store,3.878666,1048576,,Zstd,blake3
1,20,2026-03-11T12:19:56.650255Z,elea,0.1.1,ef66ed9,add,f5.bin,backend_store,4.011417,1048576,,Zstd,blake3
1,20,2026-03-11T12:19:56.650362Z,elea,0.1.1,ef66ed9,add,f2.bin,backend_store,4.1305,1048576,,Zstd,blake3
1,20,2026-03-11T12:19:56.650369Z,elea,0.1.1,ef66ed9,add,f4.bin,add_file_total,6.022416,1048576,,Zstd,blake3
1,20,2026-03-11T12:19:56.650398Z,elea,0.1.1,ef66ed9,add,f3.bin,backend_store,4.114083999999999,1048576,,Zstd,blake3
1,20,2026-03-11T12:19:56.650466Z,elea,0.1.1,ef66ed9,add,f1.bin,backend_store,4.190250000000001,1048576,,Zstd,blake3
1,20,2026-03-11T12:19:56.650598Z,elea,0.1.1,ef66ed9,add,f5.bin,add_file_total,6.255415999999999,1048576,,Zstd,blake3
1,20,2026-03-11T12:19:56.650633Z,elea,0.1.1,ef66ed9,add,f2.bin,add_file_total,6.2918330000000005,1048576,,Zstd,blake3
1,20,2026-03-11T12:19:56.650662Z,elea,0.1.1,ef66ed9,add,f3.bin,add_file_total,6.3205420000000005,1048576,,Zstd,blake3
1,20,2026-03-11T12:19:56.650695Z,elea,0.1.1,ef66ed9,add,f1.bin,add_file_total,6.375,1048576,,Zstd,blake3
1,20,2026-03-11T12:19:56.650741Z,elea,0.1.1,ef66ed9,add,,add_total,6.443083,,5,Zstd,blake3
50,14,2026-03-11T12:19:57.296298Z,elea,0.1.1,ef66ed9,hash,f1.bin,hash,30.507958000000002,52428800,,,blake3
50,14,2026-03-11T12:19:57.296052Z,elea,0.1.1,ef66ed9,hash,f5.bin,hash,30.267833,52428800,,,blake3
50,14,2026-03-11T12:19:57.296187Z,elea,0.1.1,ef66ed9,hash,f2.bin,hash,30.40625,52428800,,,blake3
50,14,2026-03-11T12:19:57.296036Z,elea,0.1.1,ef66ed9,hash,f3.bin,hash,30.281291,52428800,,,blake3
50,14,2026-03-11T12:19:57.296196Z,elea,0.1.1,ef66ed9,hash,f4.bin,hash,30.42975,52428800,,,blake3
50,14,2026-03-11T12:19:57.468755Z,elea,0.1.1,ef66ed9,add,f5.bin,backend_store,171.05100000000002,52428800,,Zstd,blake3
50,14,2026-03-11T12:19:57.469329Z,elea,0.1.1,ef66ed9,add,f1.bin,backend_store,171.663875,52428800,,Zstd,blake3
50,14,2026-03-11T12:19:57.469342Z,elea,0.1.1,ef66ed9,add,f5.bin,add_file_total,203.621583,52428800,,Zstd,blake3
50,14,2026-03-11T12:19:57.469587Z,elea,0.1.1,ef66ed9,add,f1.bin,add_file_total,203.863416,52428800,,Zstd,blake3
50,14,2026-03-11T12:19:57.470066Z,elea,0.1.1,ef66ed9,add,f2.bin,backend_store,172.35600000000002,52428800,,Zstd,blake3
50,14,2026-03-11T12:19:57.470203Z,elea,0.1.1,ef66ed9,add,f2.bin,add_file_total,204.479583,52428800,,Zstd,blake3
50,14,2026-03-11T12:19:57.47065Z,elea,0.1.1,ef66ed9,add,f3.bin,backend_store,172.902666,52428800,,Zstd,blake3
50,14,2026-03-11T12:19:57.47075Z,elea,0.1.1,ef66ed9,add,f3.bin,add_file_total,205.04645799999997,52428800,,Zstd,blake3
50,14,2026-03-11T12:19:57.470829Z,elea,0.1.1,ef66ed9,add,f4.bin,backend_store,173.05670800000001,52428800,,Zstd,blake3
50,14,2026-03-11T12:19:57.471015Z,elea,0.1.1,ef66ed9,add,f4.bin,add_file_total,205.294833,52428800,,Zstd,blake3
50,14,2026-03-11T12:19:57.471075Z,elea,0.1.1,ef66ed9,add,,add_total,205.412125,,5,Zstd,blake3
50,9,2026-03-11T12:19:58.128737Z,elea,0.1.1,ef66ed9,hash,f3.bin,hash,28.980041,52428800,,,blake3
50,9,2026-03-11T12:19:58.128717Z,elea,0.1.1,ef66ed9,hash,f1.bin,hash,28.968917,52428800,,,blake3
50,9,2026-03-11T12:19:58.128779Z,elea,0.1.1,ef66ed9,hash,f5.bin,hash,28.989167,52428800,,,blake3
50,9,2026-03-11T12:19:58.128961Z,elea,0.1.1,ef66ed9,hash,f4.bin,hash,29.221583,52428800,,,blake3
50,9,2026-03-11T12:19:58.128694Z,elea,0.1.1,ef66ed9,hash,f2.bin,hash,28.909458,52428800,,,blake3
50,9,2026-03-11T12:19:58.254017Z,elea,0.1.1,ef66ed9,add,f5.bin,backend_store,123.29837500000001,52428800,,Zstd,blake3
50,9,2026-03-11T12:19:58.254233Z,elea,0.1.1,ef66ed9,add,f5.bin,add_file_total,154.519958,52428800,,Zstd,blake3
50,9,2026-03-11T12:19:58.254317Z,elea,0.1.1,ef66ed9,add,f2.bin,backend_store,123.532625,52428800,,Zstd,blake3
50,9,2026-03-11T12:19:58.254468Z,elea,0.1.1,ef66ed9,add,f2.bin,add_file_total,154.756667,52428800,,Zstd,blake3
50,9,2026-03-11T12:19:58.255516Z,elea,0.1.1,ef66ed9,add,f3.bin,backend_store,124.84375,52428800,,Zstd,blake3
50,9,2026-03-11T12:19:58.255655Z,elea,0.1.1,ef66ed9,add,f3.bin,add_file_total,155.94608300000002,52428800,,Zstd,blake3
50,9,2026-03-11T12:19:58.255661Z,elea,0.1.1,ef66ed9,add,f4.bin,backend_store,124.89958299999999,52428800,,Zstd,blake3
50,9,2026-03-11T12:19:58.255847Z,elea,0.1.1,ef66ed9,add,f4.bin,add_file_total,156.1455,52428800,,Zstd,blake3
50,9,2026-03-11T12:19:58.256072Z,elea,0.1.1,ef66ed9,add,f1.bin,backend_store,125.36945899999999,52428800,,Zstd,blake3
50,9,2026-03-11T12:19:58.256182Z,elea,0.1.1,ef66ed9,add,f1.bin,add_file_total,156.49625,52428800,,Zstd,blake3
50,9,2026-03-11T12:19:58.256232Z,elea,0.1.1,ef66ed9,add,,add_total,156.579208,,5,Zstd,blake3
50,1,2026-03-11T12:19:58.887781Z,elea,0.1.1,ef66ed9,hash,f1.bin,hash,28.980042,52428800,,,blake3
50,1,2026-03-11T12:19:58.8877Z,elea,0.1.1,ef66ed9,hash,f3.bin,hash,28.898332999999997,52428800,,,blake3
50,1,2026-03-11T12:19:58.887815Z,elea,0.1.1,ef66ed9,hash,f2.bin,hash,29.031041000000002,52428800,,,blake3
50,1,2026-03-11T12:19:58.887836Z,elea,0.1.1,ef66ed9,hash,f5.bin,hash,29.059749999999998,52428800,,,blake3
50,1,2026-03-11T12:19:58.887719Z,elea,0.1.1,ef66ed9,hash,f4.bin,hash,28.951375000000002,52428800,,,blake3
50,1,2026-03-11T12:19:59.025481Z,elea,0.1.1,ef66ed9,add,f3.bin,backend_store,135.72462499999997,52428800,,Zstd,blake3
50,1,2026-03-11T12:19:59.025734Z,elea,0.1.1,ef66ed9,add,f3.bin,add_file_total,166.978709,52428800,,Zstd,blake3
50,1,2026-03-11T12:19:59.026731Z,elea,0.1.1,ef66ed9,add,f1.bin,backend_store,136.988542,52428800,,Zstd,blake3
50,1,2026-03-11T12:19:59.026903Z,elea,0.1.1,ef66ed9,add,f1.bin,add_file_total,168.148416,52428800,,Zstd,blake3
50,1,2026-03-11T12:19:59.027437Z,elea,0.1.1,ef66ed9,add,f4.bin,backend_store,137.586375,52428800,,Zstd,blake3
50,1,2026-03-11T12:19:59.027591Z,elea,0.1.1,ef66ed9,add,f4.bin,add_file_total,168.861125,52428800,,Zstd,blake3
50,1,2026-03-11T12:19:59.028056Z,elea,0.1.1,ef66ed9,add,f2.bin,backend_store,138.276666,52428800,,Zstd,blake3
50,1,2026-03-11T12:19:59.028203Z,elea,0.1.1,ef66ed9,add,f2.bin,add_file_total,169.449084,52428800,,Zstd,blake3
50,1,2026-03-11T12:19:59.028362Z,elea,0.1.1,ef66ed9,add,f5.bin,backend_store,138.536041,52428800,,Zstd,blake3
50,1,2026-03-11T12:19:59.028475Z,elea,0.1.1,ef66ed9,add,f5.bin,add_file_total,169.72216600000002,52428800,,Zstd,blake3
50,1,2026-03-11T12:19:59.028529Z,elea,0.1.1,ef66ed9,add,,add_total,169.832708,,5,Zstd,blake3
10,15,2026-03-11T12:19:59.191171Z,elea,0.1.1,ef66ed9,hash,f3.bin,hash,5.842417,10485760,,,blake3
10,15,2026-03-11T12:19:59.191193Z,elea,0.1.1,ef66ed9,hash,f2.bin,hash,5.835958,10485760,,,blake3
10,15,2026-03-11T12:19:59.191085Z,elea,0.1.1,ef66ed9,hash,f5.bin,hash,5.763708,10485760,,,blake3
10,15,2026-03-11T12:19:59.191208Z,elea,0.1.1,ef66ed9,hash,f1.bin,hash,5.872790999999999,10485760,,,blake3
10,15,2026-03-11T12:19:59.191177Z,elea,0.1.1,ef66ed9,hash,f4.bin,hash,5.830541,10485760,,,blake3
10,15,2026-03-11T12:19:59.217761Z,elea,0.1.1,ef66ed9,add,f3.bin,backend_store,24.986250000000002,10485760,,Zstd,blake3
10,15,2026-03-11T12:19:59.217931Z,elea,0.1.1,ef66ed9,add,f3.bin,add_file_total,32.642292000000005,10485760,,Zstd,blake3
10,15,2026-03-11T12:19:59.217944Z,elea,0.1.1,ef66ed9,add,f2.bin,backend_store,25.140666999999997,10485760,,Zstd,blake3
10,15,2026-03-11T12:19:59.217964Z,elea,0.1.1,ef66ed9,add,f1.bin,backend_store,25.117959,10485760,,Zstd,blake3
10,15,2026-03-11T12:19:59.218006Z,elea,0.1.1,ef66ed9,add,f4.bin,backend_store,25.135832999999998,10485760,,Zstd,blake3
10,15,2026-03-11T12:19:59.218037Z,elea,0.1.1,ef66ed9,add,f5.bin,backend_store,25.200125,10485760,,Zstd,blake3
10,15,2026-03-11T12:19:59.218761Z,elea,0.1.1,ef66ed9,add,f1.bin,add_file_total,33.4635,10485760,,Zstd,blake3
10,15,2026-03-11T12:19:59.218801Z,elea,0.1.1,ef66ed9,add,f2.bin,add_file_total,33.498625,10485760,,Zstd,blake3
10,15,2026-03-11T12:19:59.218844Z,elea,0.1.1,ef66ed9,add,f4.bin,add_file_total,33.544667,10485760,,Zstd,blake3
10,15,2026-03-11T12:19:59.218883Z,elea,0.1.1,ef66ed9,add,f5.bin,add_file_total,33.605334,10485760,,Zstd,blake3
10,15,2026-03-11T12:19:59.218932Z,elea,0.1.1,ef66ed9,add,,add_total,33.689791,,5,Zstd,blake3
1,7,2026-03-11T12:19:59.254614Z,elea,0.1.1,ef66ed9,hash,f1.bin,hash,0.607083,1048576,,,blake3
1,7,2026-03-11T12:19:59.254594Z,elea,0.1.1,ef66ed9,hash,f3.bin,hash,0.598333,1048576,,,blake3
1,7,2026-03-11T12:19:59.254585Z,elea,0.1.1,ef66ed9,hash,f5.bin,hash,0.601958,1048576,,,blake3
1,7,2026-03-11T12:19:59.254621Z,elea,0.1.1,ef66ed9,hash,f4.bin,hash,0.602083,1048576,,,blake3
1,7,2026-03-11T12:19:59.254603Z,elea,0.1.1,ef66ed9,hash,f2.bin,hash,0.5967910000000001,1048576,,,blake3
1,7,2026-03-11T12:19:59.259021Z,elea,0.1.1,ef66ed9,add,f1.bin,backend_store,2.963541,1048576,,Zstd,blake3
1,7,2026-03-11T12:19:59.259066Z,elea,0.1.1,ef66ed9,add,f3.bin,backend_store,2.989833,1048576,,Zstd,blake3
1,7,2026-03-11T12:19:59.259109Z,elea,0.1.1,ef66ed9,add,f2.bin,backend_store,2.9545,1048576,,Zstd,blake3
1,7,2026-03-11T12:19:59.259129Z,elea,0.1.1,ef66ed9,add,f4.bin,backend_store,3.011125,1048576,,Zstd,blake3
1,7,2026-03-11T12:19:59.259181Z,elea,0.1.1,ef66ed9,add,f1.bin,add_file_total,5.22525,1048576,,Zstd,blake3
1,7,2026-03-11T12:19:59.259225Z,elea,0.1.1,ef66ed9,add,f5.bin,backend_store,3.1294999999999997,1048576,,Zstd,blake3
1,7,2026-03-11T12:19:59.259463Z,elea,0.1.1,ef66ed9,add,f3.bin,add_file_total,5.516125000000001,1048576,,Zstd,blake3
1,7,2026-03-11T12:19:59.259494Z,elea,0.1.1,ef66ed9,add,f4.bin,add_file_total,5.538375,1048576,,Zstd,blake3
1,7,2026-03-11T12:19:59.259533Z,elea,0.1.1,ef66ed9,add,f2.bin,add_file_total,5.57875,1048576,,Zstd,blake3
1,7,2026-03-11T12:19:59.259563Z,elea,0.1.1,ef66ed9,add,f5.bin,add_file_total,5.615708,1048576,,Zstd,blake3
1,7,2026-03-11T12:19:59.259612Z,elea,0.1.1,ef66ed9,add,,add_total,5.704792,,5,Zstd,blake3
2,20,2026-03-11T12:19:59.306448Z,elea,0.1.1,ef66ed9,hash,f2.bin,hash,1.1779169999999999,2097152,,,blake3
2,20,2026-03-11T12:19:59.306441Z,elea,0.1.1,ef66ed9,hash,f4.bin,hash,1.178458,2097152,,,blake3
2,20,2026-03-11T12:19:59.306461Z,elea,0.1.1,ef66ed9,hash,f1.bin,hash,1.19725,2097152,,,blake3
2,20,2026-03-11T12:19:59.306432Z,elea,0.1.1,ef66ed9,hash,f5.bin,hash,1.165375,2097152,,,blake3
2,20,2026-03-11T12:19:59.306422Z,elea,0.1.1,ef66ed9,hash,f3.bin,hash,1.183542,2097152,,,blake3
2,20,2026-03-11T12:19:59.312852Z,elea,0.1.1,ef66ed9,add,f2.bin,backend_store,5.180458,2097152,,Zstd,blake3
2,20,2026-03-11T12:19:59.312941Z,elea,0.1.1,ef66ed9,add,f5.bin,backend_store,5.2615,2097152,,Zstd,blake3
2,20,2026-03-11T12:19:59.312974Z,elea,0.1.1,ef66ed9,add,f3.bin,backend_store,5.224792,2097152,,Zstd,blake3
2,20,2026-03-11T12:19:59.31301Z,elea,0.1.1,ef66ed9,add,f2.bin,add_file_total,7.787541999999999,2097152,,Zstd,blake3
2,20,2026-03-11T12:19:59.313016Z,elea,0.1.1,ef66ed9,add,f4.bin,backend_store,5.288167,2097152,,Zstd,blake3
2,20,2026-03-11T12:19:59.313025Z,elea,0.1.1,ef66ed9,add,f1.bin,backend_store,5.323708,2097152,,Zstd,blake3
2,20,2026-03-11T12:19:59.313762Z,elea,0.1.1,ef66ed9,add,f5.bin,add_file_total,8.536999999999999,2097152,,Zstd,blake3
2,20,2026-03-11T12:19:59.3138Z,elea,0.1.1,ef66ed9,add,f3.bin,add_file_total,8.605125,2097152,,Zstd,blake3
2,20,2026-03-11T12:19:59.313833Z,elea,0.1.1,ef66ed9,add,f4.bin,add_file_total,8.623542,2097152,,Zstd,blake3
2,20,2026-03-11T12:19:59.31387Z,elea,0.1.1,ef66ed9,add,f1.bin,add_file_total,8.652709,2097152,,Zstd,blake3
2,20,2026-03-11T12:19:59.313931Z,elea,0.1.1,ef66ed9,add,,add_total,8.770874999999998,,5,Zstd,blake3
2,21,2026-03-11T12:19:59.363038Z,elea,0.1.1,ef66ed9,hash,f1.bin,hash,1.194875,2097152,,,blake3
2,21,2026-03-11T12:19:59.363017Z,elea,0.1.1,ef66ed9,hash,f4.bin,hash,1.170292,2097152,,,blake3
2,21,2026-03-11T12:19:59.363029Z,elea,0.1.1,ef66ed9,hash,f5.bin,hash,1.1850829999999999,2097152,,,blake3
2,21,2026-03-11T12:19:59.363045Z,elea,0.1.1,ef66ed9,hash,f2.bin,hash,1.203959,2097152,,,blake3
2,21,2026-03-11T12:19:59.362988Z,elea,0.1.1,ef66ed9,hash,f3.bin,hash,1.1811250000000002,2097152,,,blake3
2,21,2026-03-11T12:19:59.369877Z,elea,0.1.1,ef66ed9,add,f4.bin,backend_store,5.342458,2097152,,Zstd,blake3
2,21,2026-03-11T12:19:59.370065Z,elea,0.1.1,ef66ed9,add,f2.bin,backend_store,5.4843340000000005,2097152,,Zstd,blake3
2,21,2026-03-11T12:19:59.370076Z,elea,0.1.1,ef66ed9,add,f4.bin,add_file_total,8.29325,2097152,,Zstd,blake3
2,21,2026-03-11T12:19:59.370165Z,elea,0.1.1,ef66ed9,add,f1.bin,backend_store,5.65125,2097152,,Zstd,blake3
2,21,2026-03-11T12:19:59.370174Z,elea,0.1.1,ef66ed9,add,f5.bin,backend_store,5.609625,2097152,,Zstd,blake3
2,21,2026-03-11T12:19:59.370228Z,elea,0.1.1,ef66ed9,add,f3.bin,backend_store,5.6272079999999995,2097152,,Zstd,blake3
2,21,2026-03-11T12:19:59.37057Z,elea,0.1.1,ef66ed9,add,f2.bin,add_file_total,8.791583000000001,2097152,,Zstd,blake3
2,21,2026-03-11T12:19:59.370778Z,elea,0.1.1,ef66ed9,add,f1.bin,add_file_total,8.999292,2097152,,Zstd,blake3
2,21,2026-03-11T12:19:59.370818Z,elea,0.1.1,ef66ed9,add,f5.bin,add_file_total,9.03725,2097152,,Zstd,blake3
2,21,2026-03-11T12:19:59.370857Z,elea,0.1.1,ef66ed9,add,f3.bin,add_file_total,9.083499999999999,2097152,,Zstd,blake3
2,21,2026-03-11T12:19:59.370911Z,elea,0.1.1,ef66ed9,add,,add_total,9.172082999999999,,5,Zstd,blake3
2,19,2026-03-11T12:19:59.418184Z,elea,0.1.1,ef66ed9,hash,f5.bin,hash,1.169583,2097152,,,blake3
2,19,2026-03-11T12:19:59.418202Z,elea,0.1.1,ef66ed9,hash,f2.bin,hash,1.168292,2097152,,,blake3
2,19,2026-03-11T12:19:59.418166Z,elea,0.1.1,ef66ed9,hash,f3.bin,hash,1.168584,2097152,,,blake3
2,19,2026-03-11T12:19:59.418194Z,elea,0.1.1,ef66ed9,hash,f1.bin,hash,1.17825,2097152,,,blake3
2,19,2026-03-11T12:19:59.418175Z,elea,0.1.1,ef66ed9,hash,f4.bin,hash,1.15875,2097152,,,blake3
2,19,2026-03-11T12:19:59.425054Z,elea,0.1.1,ef66ed9,add,f1.bin,backend_store,5.2225,2097152,,Zstd,blake3
2,19,2026-03-11T12:19:59.425064Z,elea,0.1.1,ef66ed9,add,f2.bin,backend_store,5.279083,2097152,,Zstd,blake3
2,19,2026-03-11T12:19:59.425118Z,elea,0.1.1,ef66ed9,add,f3.bin,backend_store,5.308,2097152,,Zstd,blake3
2,19,2026-03-11T12:19:59.425143Z,elea,0.1.1,ef66ed9,add,f5.bin,backend_store,5.377125,2097152,,Zstd,blake3
2,19,2026-03-11T12:19:59.425277Z,elea,0.1.1,ef66ed9,add,f4.bin,backend_store,5.426375,2097152,,Zstd,blake3
2,19,2026-03-11T12:19:59.425283Z,elea,0.1.1,ef66ed9,add,f2.bin,add_file_total,8.328083,2097152,,Zstd,blake3
2,19,2026-03-11T12:19:59.425975Z,elea,0.1.1,ef66ed9,add,f1.bin,add_file_total,9.022374999999998,2097152,,Zstd,blake3
2,19,2026-03-11T12:19:59.426014Z,elea,0.1.1,ef66ed9,add,f3.bin,add_file_total,9.067250000000001,2097152,,Zstd,blake3
2,19,2026-03-11T12:19:59.426054Z,elea,0.1.1,ef66ed9,add,f5.bin,add_file_total,9.104125,2097152,,Zstd,blake3
2,19,2026-03-11T12:19:59.426085Z,elea,0.1.1,ef66ed9,add,f4.bin,add_file_total,9.132125,2097152,,Zstd,blake3
2,19,2026-03-11T12:19:59.426135Z,elea,0.1.1,ef66ed9,add,,add_total,9.234375,,5,Zstd,blake3
10,19,2026-03-11T12:19:59.570758Z,elea,0.1.1,ef66ed9,hash,f2.bin,hash,5.781208,10485760,,,blake3
10,19,2026-03-11T12:19:59.570789Z,elea,0.1.1,ef66ed9,hash,f1.bin,hash,5.780542,10485760,,,blake3
10,19,2026-03-11T12:19:59.570718Z,elea,0.1.1,ef66ed9,hash,f5.bin,hash,5.719292,10485760,,,blake3
10,19,2026-03-11T12:19:59.570748Z,elea,0.1.1,ef66ed9,hash,f3.bin,hash,5.787833,10485760,,,blake3
10,19,2026-03-11T12:19:59.570733Z,elea,0.1.1,ef66ed9,hash,f4.bin,hash,5.769917,10485760,,,blake3
10,19,2026-03-11T12:19:59.597845Z,elea,0.1.1,ef66ed9,add,f3.bin,backend_store,25.337834,10485760,,Zstd,blake3
10,19,2026-03-11T12:19:59.597908Z,elea,0.1.1,ef66ed9,add,f1.bin,backend_store,25.436459000000003,10485760,,Zstd,blake3
10,19,2026-03-11T12:19:59.598154Z,elea,0.1.1,ef66ed9,add,f1.bin,add_file_total,33.221833,10485760,,Zstd,blake3
10,19,2026-03-11T12:19:59.598208Z,elea,0.1.1,ef66ed9,add,f2.bin,backend_store,25.749292,10485760,,Zstd,blake3
10,19,2026-03-11T12:19:59.598333Z,elea,0.1.1,ef66ed9,add,f3.bin,add_file_total,33.427,10485760,,Zstd,blake3
10,19,2026-03-11T12:19:59.598366Z,elea,0.1.1,ef66ed9,add,f4.bin,backend_store,25.834709,10485760,,Zstd,blake3
10,19,2026-03-11T12:19:59.598479Z,elea,0.1.1,ef66ed9,add,f5.bin,backend_store,25.979334,10485760,,Zstd,blake3
10,19,2026-03-11T12:19:59.598655Z,elea,0.1.1,ef66ed9,add,f2.bin,add_file_total,33.7265,10485760,,Zstd,blake3
10,19,2026-03-11T12:19:59.598757Z,elea,0.1.1,ef66ed9,add,f4.bin,add_file_total,33.829917,10485760,,Zstd,blake3
10,19,2026-03-11T12:19:59.598804Z,elea,0.1.1,ef66ed9,add,f5.bin,add_file_total,33.874666999999995,10485760,,Zstd,blake3
10,19,2026-03-11T12:19:59.59887Z,elea,0.1.1,ef66ed9,add,,add_total,33.9955,,5,Zstd,blake3
10,3,2026-03-11T12:19:59.743784Z,elea,0.1.1,ef66ed9,hash,f4.bin,hash,5.747458000000001,10485760,,,blake3
10,3,2026-03-11T12:19:59.743791Z,elea,0.1.1,ef66ed9,hash,f3.bin,hash,5.7906249999999995,10485760,,,blake3
10,3,2026-03-11T12:19:59.743798Z,elea,0.1.1,ef66ed9,hash,f1.bin,hash,5.786375,10485760,,,blake3
10,3,2026-03-11T12:19:59.743751Z,elea,0.1.1,ef66ed9,hash,f5.bin,hash,5.7199160000000004,10485760,,,blake3
10,3,2026-03-11T12:19:59.743808Z,elea,0.1.1,ef66ed9,hash,f2.bin,hash,5.790083,10485760,,,blake3
10,3,2026-03-11T12:19:59.770847Z,elea,0.1.1,ef66ed9,add,f3.bin,backend_store,25.319667,10485760,,Zstd,blake3
10,3,2026-03-11T12:19:59.77087Z,elea,0.1.1,ef66ed9,add,f4.bin,backend_store,25.372249999999998,10485760,,Zstd,blake3
10,3,2026-03-11T12:19:59.770902Z,elea,0.1.1,ef66ed9,add,f5.bin,backend_store,25.314541,10485760,,Zstd,blake3
10,3,2026-03-11T12:19:59.771148Z,elea,0.1.1,ef66ed9,add,f3.bin,add_file_total,33.178667000000004,10485760,,Zstd,blake3
10,3,2026-03-11T12:19:59.77123Z,elea,0.1.1,ef66ed9,add,f1.bin,backend_store,25.676375,10485760,,Zstd,blake3
10,3,2026-03-11T12:19:59.771325Z,elea,0.1.1,ef66ed9,add,f2.bin,backend_store,25.702625,10485760,,Zstd,blake3
10,3,2026-03-11T12:19:59.771505Z,elea,0.1.1,ef66ed9,add,f4.bin,add_file_total,33.5165,10485760,,Zstd,blake3
10,3,2026-03-11T12:19:59.771747Z,elea,0.1.1,ef66ed9,add,f5.bin,add_file_total,33.758125,10485760,,Zstd,blake3
10,3,2026-03-11T12:19:59.771795Z,elea,0.1.1,ef66ed9,add,f1.bin,add_file_total,33.81,10485760,,Zstd,blake3
10,3,2026-03-11T12:19:59.771839Z,elea,0.1.1,ef66ed9,add,f2.bin,add_file_total,33.850625,10485760,,Zstd,blake3
10,3,2026-03-11T12:19:59.771902Z,elea,0.1.1,ef66ed9,add,,add_total,33.964124999999996,,5,Zstd,blake3
5,4,2026-03-11T12:19:59.858394Z,elea,0.1.1,ef66ed9,hash,f1.bin,hash,2.9169579999999997,5242880,,,blake3
5,4,2026-03-11T12:19:59.858376Z,elea,0.1.1,ef66ed9,hash,f4.bin,hash,2.9086659999999998,5242880,,,blake3
5,4,2026-03-11T12:19:59.858291Z,elea,0.1.1,ef66ed9,hash,f5.bin,hash,2.8725,5242880,,,blake3
5,4,2026-03-11T12:19:59.858384Z,elea,0.1.1,ef66ed9,hash,f3.bin,hash,2.9363750000000004,5242880,,,blake3
5,4,2026-03-11T12:19:59.858403Z,elea,0.1.1,ef66ed9,hash,f2.bin,hash,2.947042,5242880,,,blake3
5,4,2026-03-11T12:19:59.872625Z,elea,0.1.1,ef66ed9,add,f5.bin,backend_store,12.525625,5242880,,Zstd,blake3
5,4,2026-03-11T12:19:59.872763Z,elea,0.1.1,ef66ed9,add,f2.bin,backend_store,12.60875,5242880,,Zstd,blake3
5,4,2026-03-11T12:19:59.872819Z,elea,0.1.1,ef66ed9,add,f4.bin,backend_store,12.743917,5242880,,Zstd,blake3
5,4,2026-03-11T12:19:59.872865Z,elea,0.1.1,ef66ed9,add,f3.bin,backend_store,12.738542,5242880,,Zstd,blake3
5,4,2026-03-11T12:19:59.872903Z,elea,0.1.1,ef66ed9,add,f5.bin,add_file_total,17.525667000000002,5242880,,Zstd,blake3
5,4,2026-03-11T12:19:59.872964Z,elea,0.1.1,ef66ed9,add,f1.bin,backend_store,12.904499999999999,5242880,,Zstd,blake3
5,4,2026-03-11T12:19:59.875246Z,elea,0.1.1,ef66ed9,add,f2.bin,add_file_total,19.852083999999998,5242880,,Zstd,blake3
5,4,2026-03-11T12:19:59.875296Z,elea,0.1.1,ef66ed9,add,f3.bin,add_file_total,19.896542,5242880,,Zstd,blake3
5,4,2026-03-11T12:19:59.875334Z,elea,0.1.1,ef66ed9,add,f4.bin,add_file_total,19.933458,5242880,,Zstd,blake3
5,4,2026-03-11T12:19:59.87538Z,elea,0.1.1,ef66ed9,add,f1.bin,add_file_total,19.98025,5242880,,Zstd,blake3
5,4,2026-03-11T12:19:59.875443Z,elea,0.1.1,ef66ed9,add,,add_total,20.107542,,5,Zstd,blake3
1,3,2026-03-11T12:19:59.910376Z,elea,0.1.1,ef66ed9,hash,f4.bin,hash,0.593083,1048576,,,blake3
1,3,2026-03-11T12:19:59.910359Z,elea,0.1.1,ef66ed9,hash,f3.bin,hash,0.5970409999999999,1048576,,,blake3
1,3,2026-03-11T12:19:59.910351Z,elea,0.1.1,ef66ed9,hash,f5.bin,hash,0.592584,1048576,,,blake3
1,3,2026-03-11T12:19:59.910368Z,elea,0.1.1,ef66ed9,hash,f1.bin,hash,0.5998330000000001,1048576,,,blake3
1,3,2026-03-11T12:19:59.910342Z,elea,0.1.1,ef66ed9,hash,f2.bin,hash,0.601375,1048576,,,blake3
1,3,2026-03-11T12:19:59.914576Z,elea,0.1.1,ef66ed9,add,f5.bin,backend_store,3.017792,1048576,,Zstd,blake3
1,3,2026-03-11T12:19:59.914617Z,elea,0.1.1,ef66ed9,add,f1.bin,backend_store,3.078625,1048576,,Zstd,blake3
1,3,2026-03-11T12:19:59.914645Z,elea,0.1.1,ef66ed9,add,f4.bin,backend_store,3.134542,1048576,,Zstd,blake3
1,3,2026-03-11T12:19:59.914679Z,elea,0.1.1,ef66ed9,add,f2.bin,backend_store,3.0467079999999997,1048576,,Zstd,blake3
1,3,2026-03-11T12:19:59.914778Z,elea,0.1.1,ef66ed9,add,f5.bin,add_file_total,5.068,1048576,,Zstd,blake3
1,3,2026-03-11T12:19:59.91484Z,elea,0.1.1,ef66ed9,add,f1.bin,add_file_total,5.12975,1048576,,Zstd,blake3
1,3,2026-03-11T12:19:59.914903Z,elea,0.1.1,ef66ed9,add,f4.bin,add_file_total,5.192125,1048576,,Zstd,blake3
1,3,2026-03-11T12:19:59.914957Z,elea,0.1.1,ef66ed9,add,f3.bin,backend_store,3.268166,1048576,,Zstd,blake3
1,3,2026-03-11T12:19:59.915001Z,elea,0.1.1,ef66ed9,add,f2.bin,add_file_total,5.299792,1048576,,Zstd,blake3
1,3,2026-03-11T12:19:59.915101Z,elea,0.1.1,ef66ed9,add,f3.bin,add_file_total,5.40375,1048576,,Zstd,blake3
1,3,2026-03-11T12:19:59.915182Z,elea,0.1.1,ef66ed9,add,,add_total,5.523208,,5,Zstd,blake3
2,23,2026-03-11T12:19:59.966252Z,elea,0.1.1,ef66ed9,hash,f3.bin,hash,1.1713330000000002,2097152,,,blake3
2,23,2026-03-11T12:19:59.966221Z,elea,0.1.1,ef66ed9,hash,f4.bin,hash,1.175125,2097152,,,blake3
2,23,2026-03-11T12:19:59.96623Z,elea,0.1.1,ef66ed9,hash,f5.bin,hash,1.1682089999999998,2097152,,,blake3
2,23,2026-03-11T12:19:59.966265Z,elea,0.1.1,ef66ed9,hash,f1.bin,hash,1.185,2097152,,,blake3
2,23,2026-03-11T12:19:59.966242Z,elea,0.1.1,ef66ed9,hash,f2.bin,hash,1.177292,2097152,,,blake3
2,23,2026-03-11T12:19:59.974081Z,elea,0.1.1,ef66ed9,add,f3.bin,backend_store,6.53575,2097152,,Zstd,blake3
2,23,2026-03-11T12:19:59.974115Z,elea,0.1.1,ef66ed9,add,f4.bin,backend_store,6.556583000000001,2097152,,Zstd,blake3
2,23,2026-03-11T12:19:59.974278Z,elea,0.1.1,ef66ed9,add,f3.bin,add_file_total,9.261875,2097152,,Zstd,blake3
2,23,2026-03-11T12:19:59.974317Z,elea,0.1.1,ef66ed9,add,f1.bin,backend_store,6.7173750000000005,2097152,,Zstd,blake3
2,23,2026-03-11T12:19:59.974329Z,elea,0.1.1,ef66ed9,add,f2.bin,backend_store,6.709375,2097152,,Zstd,blake3
2,23,2026-03-11T12:19:59.974346Z,elea,0.1.1,ef66ed9,add,f5.bin,backend_store,6.761209,2097152,,Zstd,blake3
2,23,2026-03-11T12:19:59.974996Z,elea,0.1.1,ef66ed9,add,f4.bin,add_file_total,9.988458,2097152,,Zstd,blake3
2,23,2026-03-11T12:19:59.975044Z,elea,0.1.1,ef66ed9,add,f2.bin,add_file_total,10.03075,2097152,,Zstd,blake3
2,23,2026-03-11T12:19:59.975098Z,elea,0.1.1,ef66ed9,add,f1.bin,add_file_total,10.074625000000001,2097152,,Zstd,blake3
2,23,2026-03-11T12:19:59.975131Z,elea,0.1.1,ef66ed9,add,f5.bin,add_file_total,10.120375,2097152,,Zstd,blake3
2,23,2026-03-11T12:19:59.975176Z,elea,0.1.1,ef66ed9,add,,add_total,10.214083,,5,Zstd,blake3
50,13,2026-03-11T12:20:00.603054Z,elea,0.1.1,ef66ed9,hash,f2.bin,hash,29.252167,52428800,,,blake3
50,13,2026-03-11T12:20:00.602954Z,elea,0.1.1,ef66ed9,hash,f3.bin,hash,29.176166,52428800,,,blake3
50,13,2026-03-11T12:20:00.603062Z,elea,0.1.1,ef66ed9,hash,f4.bin,hash,29.282625,52428800,,,blake3
50,13,2026-03-11T12:20:00.602977Z,elea,0.1.1,ef66ed9,hash,f5.bin,hash,29.158666999999998,52428800,,,blake3
50,13,2026-03-11T12:20:00.602965Z,elea,0.1.1,ef66ed9,hash,f1.bin,hash,29.210208,52428800,,,blake3
50,13,2026-03-11T12:20:00.735429Z,elea,0.1.1,ef66ed9,add,f2.bin,backend_store,130.53187499999999,52428800,,Zstd,blake3
50,13,2026-03-11T12:20:00.737757Z,elea,0.1.1,ef66ed9,add,f1.bin,backend_store,132.75883299999998,52428800,,Zstd,blake3
50,13,2026-03-11T12:20:00.738473Z,elea,0.1.1,ef66ed9,add,f2.bin,add_file_total,164.740583,52428800,,Zstd,blake3
50,13,2026-03-11T12:20:00.738595Z,elea,0.1.1,ef66ed9,add,f3.bin,backend_store,133.68425,52428800,,Zstd,blake3
50,13,2026-03-11T12:20:00.738637Z,elea,0.1.1,ef66ed9,add,f5.bin,backend_store,133.669375,52428800,,Zstd,blake3
50,13,2026-03-11T12:20:00.738765Z,elea,0.1.1,ef66ed9,add,f1.bin,add_file_total,165.050792,52428800,,Zstd,blake3
50,13,2026-03-11T12:20:00.738879Z,elea,0.1.1,ef66ed9,add,f3.bin,add_file_total,165.149334,52428800,,Zstd,blake3
50,13,2026-03-11T12:20:00.738953Z,elea,0.1.1,ef66ed9,add,f5.bin,add_file_total,165.212625,52428800,,Zstd,blake3
50,13,2026-03-11T12:20:00.739206Z,elea,0.1.1,ef66ed9,add,f4.bin,backend_store,134.275042,52428800,,Zstd,blake3
50,13,2026-03-11T12:20:00.739325Z,elea,0.1.1,ef66ed9,add,f4.bin,add_file_total,165.592209,52428800,,Zstd,blake3
50,13,2026-03-11T12:20:00.739391Z,elea,0.1.1,ef66ed9,add,,add_total,165.72162500000002,,5,Zstd,blake3
5,22,2026-03-11T12:20:00.84036Z,elea,0.1.1,ef66ed9,hash,f5.bin,hash,2.927166,5242880,,,blake3
5,22,2026-03-11T12:20:00.840421Z,elea,0.1.1,ef66ed9,hash,f1.bin,hash,2.942291,5242880,,,blake3
5,22,2026-03-11T12:20:00.840388Z,elea,0.1.1,ef66ed9,hash,f4.bin,hash,2.9086659999999998,5242880,,,blake3
5,22,2026-03-11T12:20:00.840407Z,elea,0.1.1,ef66ed9,hash,f2.bin,hash,2.9441659999999996,5242880,,,blake3
5,22,2026-03-11T12:20:00.84044Z,elea,0.1.1,ef66ed9,hash,f3.bin,hash,2.948042,5242880,,,blake3
5,22,2026-03-11T12:20:00.856081Z,elea,0.1.1,ef66ed9,add,f3.bin,backend_store,13.671417,5242880,,Zstd,blake3
5,22,2026-03-11T12:20:00.856118Z,elea,0.1.1,ef66ed9,add,f2.bin,backend_store,13.744417,5242880,,Zstd,blake3
5,22,2026-03-11T12:20:00.85631Z,elea,0.1.1,ef66ed9,add,f5.bin,backend_store,14.018459,5242880,,Zstd,blake3
5,22,2026-03-11T12:20:00.856323Z,elea,0.1.1,ef66ed9,add,f3.bin,add_file_total,18.914709,5242880,,Zstd,blake3
5,22,2026-03-11T12:20:00.856344Z,elea,0.1.1,ef66ed9,add,f1.bin,backend_store,14.041292,5242880,,Zstd,blake3
5,22,2026-03-11T12:20:00.856522Z,elea,0.1.1,ef66ed9,add,f4.bin,backend_store,14.180750000000002,5242880,,Zstd,blake3
5,22,2026-03-11T12:20:00.858551Z,elea,0.1.1,ef66ed9,add,f2.bin,add_file_total,21.142542,5242880,,Zstd,blake3
5,22,2026-03-11T12:20:00.85862Z,elea,0.1.1,ef66ed9,add,f5.bin,add_file_total,21.232708,5242880,,Zstd,blake3
5,22,2026-03-11T12:20:00.858664Z,elea,0.1.1,ef66ed9,add,f1.bin,add_file_total,21.257709,5242880,,Zstd,blake3
5,22,2026-03-11T12:20:00.85872Z,elea,0.1.1,ef66ed9,add,f4.bin,add_file_total,21.298083,5242880,,Zstd,blake3
5,22,2026-03-11T12:20:00.858787Z,elea,0.1.1,ef66ed9,add,,add_total,21.436417,,5,Zstd,blake3
2,15,2026-03-11T12:20:00.911485Z,elea,0.1.1,ef66ed9,hash,f1.bin,hash,1.2199170000000001,2097152,,,blake3
2,15,2026-03-11T12:20:00.911522Z,elea,0.1.1,ef66ed9,hash,f4.bin,hash,1.229042,2097152,,,blake3
2,15,2026-03-11T12:20:00.911545Z,elea,0.1.1,ef66ed9,hash,f3.bin,hash,1.23925,2097152,,,blake3
2,15,2026-03-11T12:20:00.911535Z,elea,0.1.1,ef66ed9,hash,f2.bin,hash,1.221916,2097152,,,blake3
2,15,2026-03-11T12:20:00.911471Z,elea,0.1.1,ef66ed9,hash,f5.bin,hash,1.188709,2097152,,,blake3
2,15,2026-03-11T12:20:00.921925Z,elea,0.1.1,ef66ed9,add,f4.bin,backend_store,8.504375,2097152,,Zstd,blake3
2,15,2026-03-11T12:20:00.921957Z,elea,0.1.1,ef66ed9,add,f1.bin,backend_store,8.543000000000001,2097152,,Zstd,blake3
2,15,2026-03-11T12:20:00.922021Z,elea,0.1.1,ef66ed9,add,f2.bin,backend_store,8.470542,2097152,,Zstd,blake3
2,15,2026-03-11T12:20:00.9221Z,elea,0.1.1,ef66ed9,add,f3.bin,backend_store,8.640958000000001,2097152,,Zstd,blake3
2,15,2026-03-11T12:20:00.922115Z,elea,0.1.1,ef66ed9,add,f5.bin,backend_store,8.512458,2097152,,Zstd,blake3
2,15,2026-03-11T12:20:00.922193Z,elea,0.1.1,ef66ed9,add,f1.bin,add_file_total,11.961083,2097152,,Zstd,blake3
2,15,2026-03-11T12:20:00.922785Z,elea,0.1.1,ef66ed9,add,f2.bin,add_file_total,12.553166,2097152,,Zstd,blake3
2,15,2026-03-11T12:20:00.92283Z,elea,0.1.1,ef66ed9,add,f4.bin,add_file_total,12.587166999999999,2097152,,Zstd,blake3
2,15,2026-03-11T12:20:00.922869Z,elea,0.1.1,ef66ed9,add,f3.bin,add_file_total,12.628917,2097152,,Zstd,blake3
2,15,2026-03-11T12:20:00.922906Z,elea,0.1.1,ef66ed9,add,f5.bin,add_file_total,12.646792,2097152,,Zstd,blake3
2,15,2026-03-11T12:20:00.922962Z,elea,0.1.1,ef66ed9,add,,add_total,12.774083000000001,,5,Zstd,blake3
10,9,2026-03-11T12:20:01.074761Z,elea,0.1.1,ef66ed9,hash,f2.bin,hash,5.984459,10485760,,,blake3
10,9,2026-03-11T12:20:01.074634Z,elea,0.1.1,ef66ed9,hash,f1.bin,hash,5.877583,10485760,,,blake3
10,9,2026-03-11T12:20:01.074584Z,elea,0.1.1,ef66ed9,hash,f4.bin,hash,5.782875,10485760,,,blake3
10,9,2026-03-11T12:20:01.074644Z,elea,0.1.1,ef66ed9,hash,f3.bin,hash,5.858375,10485760,,,blake3
10,9,2026-03-11T12:20:01.074574Z,elea,0.1.1,ef66ed9,hash,f5.bin,hash,5.811958,10485760,,,blake3
10,9,2026-03-11T12:20:01.105175Z,elea,0.1.1,ef66ed9,add,f1.bin,backend_store,29.050958,10485760,,Zstd,blake3
10,9,2026-03-11T12:20:01.105302Z,elea,0.1.1,ef66ed9,add,f5.bin,backend_store,28.936166,10485760,,Zstd,blake3
10,9,2026-03-11T12:20:01.105428Z,elea,0.1.1,ef66ed9,add,f1.bin,add_file_total,36.71625,10485760,,Zstd,blake3
10,9,2026-03-11T12:20:01.105549Z,elea,0.1.1,ef66ed9,add,f3.bin,backend_store,29.359417,10485760,,Zstd,blake3
10,9,2026-03-11T12:20:01.105611Z,elea,0.1.1,ef66ed9,add,f2.bin,backend_store,29.506833,10485760,,Zstd,blake3
10,9,2026-03-11T12:20:01.105647Z,elea,0.1.1,ef66ed9,add,f5.bin,add_file_total,36.914708,10485760,,Zstd,blake3
10,9,2026-03-11T12:20:01.105713Z,elea,0.1.1,ef66ed9,add,f4.bin,backend_store,29.561125,10485760,,Zstd,blake3
10,9,2026-03-11T12:20:01.106137Z,elea,0.1.1,ef66ed9,add,f3.bin,add_file_total,37.404125,10485760,,Zstd,blake3
10,9,2026-03-11T12:20:01.106179Z,elea,0.1.1,ef66ed9,add,f2.bin,add_file_total,37.444375,10485760,,Zstd,blake3
10,9,2026-03-11T12:20:01.106228Z,elea,0.1.1,ef66ed9,add,f4.bin,add_file_total,37.489542,10485760,,Zstd,blake3
10,9,2026-03-11T12:20:01.106304Z,elea,0.1.1,ef66ed9,add,,add_total,37.616875,,5,Zstd,blake3
50,22,2026-03-11T12:20:01.767743Z,elea,0.1.1,ef66ed9,hash,f2.bin,hash,28.995707999999997,52428800,,,blake3
50,22,2026-03-11T12:20:01.767673Z,elea,0.1.1,ef66ed9,hash,f5.bin,hash,28.948332999999998,52428800,,,blake3
50,22,2026-03-11T12:20:01.767815Z,elea,0.1.1,ef66ed9,hash,f1.bin,hash,29.067292000000002,52428800,,,blake3
50,22,2026-03-11T12:20:01.767726Z,elea,0.1.1,ef66ed9,hash,f3.bin,hash,28.962583,52428800,,,blake3
50,22,2026-03-11T12:20:01.767694Z,elea,0.1.1,ef66ed9,hash,f4.bin,hash,28.91325,52428800,,,blake3
50,22,2026-03-11T12:20:01.89698Z,elea,0.1.1,ef66ed9,add,f2.bin,backend_store,127.36254199999999,52428800,,Zstd,blake3
50,22,2026-03-11T12:20:01.897245Z,elea,0.1.1,ef66ed9,add,f2.bin,add_file_total,158.55504100000002,52428800,,Zstd,blake3
50,22,2026-03-11T12:20:01.898089Z,elea,0.1.1,ef66ed9,add,f1.bin,backend_store,128.42895800000002,52428800,,Zstd,blake3
50,22,2026-03-11T12:20:01.898236Z,elea,0.1.1,ef66ed9,add,f1.bin,add_file_total,159.546083,52428800,,Zstd,blake3
50,22,2026-03-11T12:20:01.898288Z,elea,0.1.1,ef66ed9,add,f3.bin,backend_store,128.597917,52428800,,Zstd,blake3
50,22,2026-03-11T12:20:01.898447Z,elea,0.1.1,ef66ed9,add,f3.bin,add_file_total,159.757333,52428800,,Zstd,blake3
50,22,2026-03-11T12:20:01.898681Z,elea,0.1.1,ef66ed9,add,f5.bin,backend_store,129.041167,52428800,,Zstd,blake3
50,22,2026-03-11T12:20:01.898816Z,elea,0.1.1,ef66ed9,add,f5.bin,add_file_total,160.15337499999998,52428800,,Zstd,blake3
50,22,2026-03-11T12:20:01.899108Z,elea,0.1.1,ef66ed9,add,f4.bin,backend_store,129.410417,52428800,,Zstd,blake3
50,22,2026-03-11T12:20:01.899225Z,elea,0.1.1,ef66ed9,add,f4.bin,add_file_total,160.51654200000002,52428800,,Zstd,blake3
50,22,2026-03-11T12:20:01.899294Z,elea,0.1.1,ef66ed9,add,,add_total,160.658666,,5,Zstd,blake3
2,17,2026-03-11T12:20:01.955048Z,elea,0.1.1,ef66ed9,hash,f5.bin,hash,1.182542,2097152,,,blake3
2,17,2026-03-11T12:20:01.955078Z,elea,0.1.1,ef66ed9,hash,f3.bin,hash,1.200333,2097152,,,blake3
2,17,2026-03-11T12:20:01.955166Z,elea,0.1.1,ef66ed9,hash,f2.bin,hash,1.269792,2097152,,,blake3
2,17,2026-03-11T12:20:01.955087Z,elea,0.1.1,ef66ed9,hash,f4.bin,hash,1.1938330000000001,2097152,,,blake3
2,17,2026-03-11T12:20:01.955177Z,elea,0.1.1,ef66ed9,hash,f1.bin,hash,1.2727089999999999,2097152,,,blake3
2,17,2026-03-11T12:20:01.963966Z,elea,0.1.1,ef66ed9,add,f1.bin,backend_store,7.216374999999999,2097152,,Zstd,blake3
2,17,2026-03-11T12:20:01.963988Z,elea,0.1.1,ef66ed9,add,f3.bin,backend_store,7.3214999999999995,2097152,,Zstd,blake3
2,17,2026-03-11T12:20:01.964008Z,elea,0.1.1,ef66ed9,add,f2.bin,backend_store,7.322625,2097152,,Zstd,blake3
2,17,2026-03-11T12:20:01.964042Z,elea,0.1.1,ef66ed9,add,f5.bin,backend_store,7.384875,2097152,,Zstd,blake3
2,17,2026-03-11T12:20:01.964171Z,elea,0.1.1,ef66ed9,add,f3.bin,add_file_total,10.324875,2097152,,Zstd,blake3
2,17,2026-03-11T12:20:01.964226Z,elea,0.1.1,ef66ed9,add,f4.bin,backend_store,7.504625,2097152,,Zstd,blake3
2,17,2026-03-11T12:20:01.964864Z,elea,0.1.1,ef66ed9,add,f1.bin,add_file_total,11.006834,2097152,,Zstd,blake3
2,17,2026-03-11T12:20:01.964897Z,elea,0.1.1,ef66ed9,add,f2.bin,add_file_total,11.044458,2097152,,Zstd,blake3
2,17,2026-03-11T12:20:01.964936Z,elea,0.1.1,ef66ed9,add,f5.bin,add_file_total,11.106,2097152,,Zstd,blake3
2,17,2026-03-11T12:20:01.964977Z,elea,0.1.1,ef66ed9,add,f4.bin,add_file_total,11.127875000000001,2097152,,Zstd,blake3
2,17,2026-03-11T12:20:01.965039Z,elea,0.1.1,ef66ed9,add,,add_total,11.249500000000001,,5,Zstd,blake3
10,12,2026-03-11T12:20:02.118245Z,elea,0.1.1,ef66ed9,hash,f1.bin,hash,5.88775,10485760,,,blake3
10,12,2026-03-11T12:20:02.118292Z,elea,0.1.1,ef66ed9,hash,f3.bin,hash,5.900125,10485760,,,blake3
10,12,2026-03-11T12:20:02.118257Z,elea,0.1.1,ef66ed9,hash,f4.bin,hash,5.877291,10485760,,,blake3
10,12,2026-03-11T12:20:02.118304Z,elea,0.1.1,ef66ed9,hash,f2.bin,hash,5.932334,10485760,,,blake3
10,12,2026-03-11T12:20:02.118276Z,elea,0.1.1,ef66ed9,hash,f5.bin,hash,5.8939580000000005,10485760,,,blake3
10,12,2026-03-11T12:20:02.154363Z,elea,0.1.1,ef66ed9,add,f3.bin,backend_store,34.541875,10485760,,Zstd,blake3
10,12,2026-03-11T12:20:02.154383Z,elea,0.1.1,ef66ed9,add,f2.bin,backend_store,34.504542,10485760,,Zstd,blake3
10,12,2026-03-11T12:20:02.154451Z,elea,0.1.1,ef66ed9,add,f1.bin,backend_store,34.646083000000004,10485760,,Zstd,blake3
10,12,2026-03-11T12:20:02.154505Z,elea,0.1.1,ef66ed9,add,f4.bin,backend_store,34.6515,10485760,,Zstd,blake3
10,12,2026-03-11T12:20:02.154615Z,elea,0.1.1,ef66ed9,add,f3.bin,add_file_total,42.276292,10485760,,Zstd,blake3
10,12,2026-03-11T12:20:02.154635Z,elea,0.1.1,ef66ed9,add,f5.bin,backend_store,34.719042,10485760,,Zstd,blake3
10,12,2026-03-11T12:20:02.15531Z,elea,0.1.1,ef66ed9,add,f2.bin,add_file_total,42.969333,10485760,,Zstd,blake3
10,12,2026-03-11T12:20:02.155368Z,elea,0.1.1,ef66ed9,add,f1.bin,add_file_total,43.047667,10485760,,Zstd,blake3
10,12,2026-03-11T12:20:02.155401Z,elea,0.1.1,ef66ed9,add,f4.bin,add_file_total,43.062125,10485760,,Zstd,blake3
10,12,2026-03-11T12:20:02.155454Z,elea,0.1.1,ef66ed9,add,f5.bin,add_file_total,43.107791999999996,10485760,,Zstd,blake3
10,12,2026-03-11T12:20:02.155533Z,elea,0.1.1,ef66ed9,add,,add_total,43.241917,,5,Zstd,blake3
10,11,2026-03-11T12:20:02.305617Z,elea,0.1.1,ef66ed9,hash,f3.bin,hash,5.862832999999999,10485760,,,blake3
10,11,2026-03-11T12:20:02.305587Z,elea,0.1.1,ef66ed9,hash,f2.bin,hash,5.8605,10485760,,,blake3
10,11,2026-03-11T12:20:02.305569Z,elea,0.1.1,ef66ed9,hash,f4.bin,hash,5.879625,10485760,,,blake3
10,11,2026-03-11T12:20:02.305606Z,elea,0.1.1,ef66ed9,hash,f1.bin,hash,5.858875,10485760,,,blake3
10,11,2026-03-11T12:20:02.305641Z,elea,0.1.1,ef66ed9,hash,f5.bin,hash,5.9497919999999995,10485760,,,blake3
10,11,2026-03-11T12:20:02.334777Z,elea,0.1.1,ef66ed9,add,f3.bin,backend_store,27.133582999999998,10485760,,Zstd,blake3
10,11,2026-03-11T12:20:02.335018Z,elea,0.1.1,ef66ed9,add,f3.bin,add_file_total,35.353708,10485760,,Zstd,blake3
10,11,2026-03-11T12:20:02.335126Z,elea,0.1.1,ef66ed9,add,f5.bin,backend_store,27.394917,10485760,,Zstd,blake3
10,11,2026-03-11T12:20:02.335268Z,elea,0.1.1,ef66ed9,add,f2.bin,backend_store,27.599375,10485760,,Zstd,blake3
10,11,2026-03-11T12:20:02.335274Z,elea,0.1.1,ef66ed9,add,f5.bin,add_file_total,35.61025,10485760,,Zstd,blake3
10,11,2026-03-11T12:20:02.335312Z,elea,0.1.1,ef66ed9,add,f4.bin,backend_store,27.637791,10485760,,Zstd,blake3
10,11,2026-03-11T12:20:02.335467Z,elea,0.1.1,ef66ed9,add,f1.bin,backend_store,27.762875,10485760,,Zstd,blake3
10,11,2026-03-11T12:20:02.335648Z,elea,0.1.1,ef66ed9,add,f2.bin,add_file_total,35.984458,10485760,,Zstd,blake3
10,11,2026-03-11T12:20:02.335871Z,elea,0.1.1,ef66ed9,add,f4.bin,add_file_total,36.230125,10485760,,Zstd,blake3
10,11,2026-03-11T12:20:02.335916Z,elea,0.1.1,ef66ed9,add,f1.bin,add_file_total,36.251,10485760,,Zstd,blake3
10,11,2026-03-11T12:20:02.335984Z,elea,0.1.1,ef66ed9,add,,add_total,36.367625000000004,,5,Zstd,blake3
10,6,2026-03-11T12:20:02.486457Z,elea,0.1.1,ef66ed9,hash,f1.bin,hash,5.839583,10485760,,,blake3
10,6,2026-03-11T12:20:02.486431Z,elea,0.1.1,ef66ed9,hash,f4.bin,hash,5.796333,10485760,,,blake3
10,6,2026-03-11T12:20:02.486489Z,elea,0.1.1,ef66ed9,hash,f3.bin,hash,5.8218749999999995,10485760,,,blake3
10,6,2026-03-11T12:20:02.486537Z,elea,0.1.1,ef66ed9,hash,f2.bin,hash,5.852666999999999,10485760,,,blake3
10,6,2026-03-11T12:20:02.486398Z,elea,0.1.1,ef66ed9,hash,f5.bin,hash,5.7382919999999995,10485760,,,blake3
10,6,2026-03-11T12:20:02.513736Z,elea,0.1.1,ef66ed9,add,f5.bin,backend_store,24.609334,10485760,,Zstd,blake3
10,6,2026-03-11T12:20:02.513818Z,elea,0.1.1,ef66ed9,add,f2.bin,backend_store,24.714750000000002,10485760,,Zstd,blake3
10,6,2026-03-11T12:20:02.51384Z,elea,0.1.1,ef66ed9,add,f1.bin,backend_store,24.793166,10485760,,Zstd,blake3
10,6,2026-03-11T12:20:02.513846Z,elea,0.1.1,ef66ed9,add,f3.bin,backend_store,24.768874999999998,10485760,,Zstd,blake3
10,6,2026-03-11T12:20:02.513931Z,elea,0.1.1,ef66ed9,add,f5.bin,add_file_total,33.325333,10485760,,Zstd,blake3
10,6,2026-03-11T12:20:02.513973Z,elea,0.1.1,ef66ed9,add,f4.bin,backend_store,24.919125,10485760,,Zstd,blake3
10,6,2026-03-11T12:20:02.514582Z,elea,0.1.1,ef66ed9,add,f2.bin,add_file_total,33.974917,10485760,,Zstd,blake3
10,6,2026-03-11T12:20:02.51468Z,elea,0.1.1,ef66ed9,add,f1.bin,add_file_total,34.097792,10485760,,Zstd,blake3
10,6,2026-03-11T12:20:02.514733Z,elea,0.1.1,ef66ed9,add,f3.bin,add_file_total,34.127167,10485760,,Zstd,blake3
10,6,2026-03-11T12:20:02.514779Z,elea,0.1.1,ef66ed9,add,f4.bin,add_file_total,34.173792,10485760,,Zstd,blake3
10,6,2026-03-11T12:20:02.514845Z,elea,0.1.1,ef66ed9,add,,add_total,34.284166,,5,Zstd,blake3
1,10,2026-03-11T12:20:02.55145Z,elea,0.1.1,ef66ed9,hash,f3.bin,hash,0.614,1048576,,,blake3
1,10,2026-03-11T12:20:02.551417Z,elea,0.1.1,ef66ed9,hash,f5.bin,hash,0.5975419999999999,1048576,,,blake3
1,10,2026-03-11T12:20:02.551443Z,elea,0.1.1,ef66ed9,hash,f2.bin,hash,0.603166,1048576,,,blake3
1,10,2026-03-11T12:20:02.551425Z,elea,0.1.1,ef66ed9,hash,f1.bin,hash,0.598,1048576,,,blake3
1,10,2026-03-11T12:20:02.551405Z,elea,0.1.1,ef66ed9,hash,f4.bin,hash,0.602042,1048576,,,blake3
1,10,2026-03-11T12:20:02.555534Z,elea,0.1.1,ef66ed9,add,f3.bin,backend_store,2.751459,1048576,,Zstd,blake3
1,10,2026-03-11T12:20:02.555547Z,elea,0.1.1,ef66ed9,add,f2.bin,backend_store,2.725208,1048576,,Zstd,blake3
1,10,2026-03-11T12:20:02.555614Z,elea,0.1.1,ef66ed9,add,f4.bin,backend_store,2.7508749999999997,1048576,,Zstd,blake3
1,10,2026-03-11T12:20:02.555679Z,elea,0.1.1,ef66ed9,add,f1.bin,backend_store,2.833,1048576,,Zstd,blake3
1,10,2026-03-11T12:20:02.55569Z,elea,0.1.1,ef66ed9,add,f3.bin,add_file_total,4.899749999999999,1048576,,Zstd,blake3
1,10,2026-03-11T12:20:02.555699Z,elea,0.1.1,ef66ed9,add,f5.bin,backend_store,2.900125,1048576,,Zstd,blake3
1,10,2026-03-11T12:20:02.555934Z,elea,0.1.1,ef66ed9,add,f2.bin,add_file_total,5.141125,1048576,,Zstd,blake3
1,10,2026-03-11T12:20:02.55597Z,elea,0.1.1,ef66ed9,add,f4.bin,add_file_total,5.203917,1048576,,Zstd,blake3
1,10,2026-03-11T12:20:02.556002Z,elea,0.1.1,ef66ed9,add,f1.bin,add_file_total,5.212709,1048576,,Zstd,blake3
1,10,2026-03-11T12:20:02.556041Z,elea,0.1.1,ef66ed9,add,f5.bin,add_file_total,5.253833,1048576,,Zstd,blake3
1,10,2026-03-11T12:20:02.556089Z,elea,0.1.1,ef66ed9,add,,add_total,5.351917,,5,Zstd,blake3
50,11,2026-03-11T12:20:03.192572Z,elea,0.1.1,ef66ed9,hash,f1.bin,hash,29.187209,52428800,,,blake3
50,11,2026-03-11T12:20:03.192563Z,elea,0.1.1,ef66ed9,hash,f3.bin,hash,29.123666999999998,52428800,,,blake3
50,11,2026-03-11T12:20:03.192542Z,elea,0.1.1,ef66ed9,hash,f5.bin,hash,29.158125,52428800,,,blake3
50,11,2026-03-11T12:20:03.192557Z,elea,0.1.1,ef66ed9,hash,f4.bin,hash,29.160124999999997,52428800,,,blake3
50,11,2026-03-11T12:20:03.192649Z,elea,0.1.1,ef66ed9,hash,f2.bin,hash,29.224415999999998,52428800,,,blake3
50,11,2026-03-11T12:20:03.33122Z,elea,0.1.1,ef66ed9,add,f2.bin,backend_store,136.913417,52428800,,Zstd,blake3
50,11,2026-03-11T12:20:03.331566Z,elea,0.1.1,ef66ed9,add,f2.bin,add_file_total,168.21979100000001,52428800,,Zstd,blake3
50,11,2026-03-11T12:20:03.332048Z,elea,0.1.1,ef66ed9,add,f5.bin,backend_store,137.80825,52428800,,Zstd,blake3
50,11,2026-03-11T12:20:03.332236Z,elea,0.1.1,ef66ed9,add,f5.bin,add_file_total,168.892458,52428800,,Zstd,blake3
50,11,2026-03-11T12:20:03.332693Z,elea,0.1.1,ef66ed9,add,f1.bin,backend_store,138.49587499999998,52428800,,Zstd,blake3
50,11,2026-03-11T12:20:03.332895Z,elea,0.1.1,ef66ed9,add,f1.bin,add_file_total,169.57445900000002,52428800,,Zstd,blake3
50,11,2026-03-11T12:20:03.333166Z,elea,0.1.1,ef66ed9,add,f3.bin,backend_store,138.95433300000002,52428800,,Zstd,blake3
50,11,2026-03-11T12:20:03.333279Z,elea,0.1.1,ef66ed9,add,f3.bin,add_file_total,169.93466700000002,52428800,,Zstd,blake3
50,11,2026-03-11T12:20:03.334699Z,elea,0.1.1,ef66ed9,add,f4.bin,backend_store,140.43004200000001,52428800,,Zstd,blake3
50,11,2026-03-11T12:20:03.334835Z,elea,0.1.1,ef66ed9,add,f4.bin,add_file_total,171.49145800000002,52428800,,Zstd,blake3
50,11,2026-03-11T12:20:03.334896Z,elea,0.1.1,ef66ed9,add,,add_total,171.598084,,5,Zstd,blake3
1,19,2026-03-11T12:20:03.374591Z,elea,0.1.1,ef66ed9,hash,f3.bin,hash,0.598708,1048576,,,blake3
1,19,2026-03-11T12:20:03.374563Z,elea,0.1.1,ef66ed9,hash,f1.bin,hash,0.59925,1048576,,,blake3
1,19,2026-03-11T12:20:03.374583Z,elea,0.1.1,ef66ed9,hash,f5.bin,hash,0.601,1048576,,,blake3
1,19,2026-03-11T12:20:03.374551Z,elea,0.1.1,ef66ed9,hash,f4.bin,hash,0.598875,1048576,,,blake3
1,19,2026-03-11T12:20:03.374571Z,elea,0.1.1,ef66ed9,hash,f2.bin,hash,0.5994579999999999,1048576,,,blake3
1,19,2026-03-11T12:20:03.378781Z,elea,0.1.1,ef66ed9,add,f1.bin,backend_store,2.729583,1048576,,Zstd,blake3
1,19,2026-03-11T12:20:03.378964Z,elea,0.1.1,ef66ed9,add,f1.bin,add_file_total,5.022083,1048576,,Zstd,blake3
1,19,2026-03-11T12:20:03.378985Z,elea,0.1.1,ef66ed9,add,f3.bin,backend_store,2.9395,1048576,,Zstd,blake3
1,19,2026-03-11T12:20:03.379022Z,elea,0.1.1,ef66ed9,add,f4.bin,backend_store,2.9251669999999996,1048576,,Zstd,blake3
1,19,2026-03-11T12:20:03.379048Z,elea,0.1.1,ef66ed9,add,f5.bin,backend_store,2.969209,1048576,,Zstd,blake3
1,19,2026-03-11T12:20:03.379061Z,elea,0.1.1,ef66ed9,add,f2.bin,backend_store,2.924042,1048576,,Zstd,blake3
1,19,2026-03-11T12:20:03.379343Z,elea,0.1.1,ef66ed9,add,f3.bin,add_file_total,5.393958,1048576,,Zstd,blake3
1,19,2026-03-11T12:20:03.379392Z,elea,0.1.1,ef66ed9,add,f4.bin,add_file_total,5.470917,1048576,,Zstd,blake3
1,19,2026-03-11T12:20:03.379433Z,elea,0.1.1,ef66ed9,add,f5.bin,add_file_total,5.489375,1048576,,Zstd,blake3
1,19,2026-03-11T12:20:03.379488Z,elea,0.1.1,ef66ed9,add,f2.bin,add_file_total,5.545792,1048576,,Zstd,blake3
1,19,2026-03-11T12:20:03.379538Z,elea,0.1.1,ef66ed9,add,,add_total,5.647791,,5,Zstd,blake3
10,14,2026-03-11T12:20:03.524047Z,elea,0.1.1,ef66ed9,hash,f1.bin,hash,5.85525,10485760,,,blake3
10,14,2026-03-11T12:20:03.524036Z,elea,0.1.1,ef66ed9,hash,f2.bin,hash,5.8350420000000005,10485760,,,blake3
10,14,2026-03-11T12:20:03.524056Z,elea,0.1.1,ef66ed9,hash,f3.bin,hash,5.836959,10485760,,,blake3
10,14,2026-03-11T12:20:03.524014Z,elea,0.1.1,ef66ed9,hash,f4.bin,hash,5.8270420000000005,10485760,,,blake3
10,14,2026-03-11T12:20:03.523976Z,elea,0.1.1,ef66ed9,hash,f5.bin,hash,5.765875,10485760,,,blake3
10,14,2026-03-11T12:20:03.549571Z,elea,0.1.1,ef66ed9,add,f2.bin,backend_store,23.898374999999998,10485760,,Zstd,blake3
10,14,2026-03-11T12:20:03.549825Z,elea,0.1.1,ef66ed9,add,f2.bin,add_file_total,31.6625,10485760,,Zstd,blake3
10,14,2026-03-11T12:20:03.550332Z,elea,0.1.1,ef66ed9,add,f5.bin,backend_store,24.590167,10485760,,Zstd,blake3
10,14,2026-03-11T12:20:03.550497Z,elea,0.1.1,ef66ed9,add,f5.bin,add_file_total,32.333334,10485760,,Zstd,blake3
10,14,2026-03-11T12:20:03.550922Z,elea,0.1.1,ef66ed9,add,f3.bin,backend_store,25.231040999999998,10485760,,Zstd,blake3
10,14,2026-03-11T12:20:03.55104Z,elea,0.1.1,ef66ed9,add,f4.bin,backend_store,25.32175,10485760,,Zstd,blake3
10,14,2026-03-11T12:20:03.551073Z,elea,0.1.1,ef66ed9,add,f3.bin,add_file_total,32.906749999999995,10485760,,Zstd,blake3
10,14,2026-03-11T12:20:03.551249Z,elea,0.1.1,ef66ed9,add,f4.bin,add_file_total,33.088459,10485760,,Zstd,blake3
10,14,2026-03-11T12:20:03.551352Z,elea,0.1.1,ef66ed9,add,f1.bin,backend_store,25.714458,10485760,,Zstd,blake3
10,14,2026-03-11T12:20:03.55146Z,elea,0.1.1,ef66ed9,add,f1.bin,add_file_total,33.319958,10485760,,Zstd,blake3
10,14,2026-03-11T12:20:03.551509Z,elea,0.1.1,ef66ed9,add,,add_total,33.390583,,5,Zstd,blake3
1,6,2026-03-11T12:20:03.589288Z,elea,0.1.1,ef66ed9,hash,f5.bin,hash,0.615375,1048576,,,blake3
1,6,2026-03-11T12:20:03.589279Z,elea,0.1.1,ef66ed9,hash,f1.bin,hash,0.632416,1048576,,,blake3
1,6,2026-03-11T12:20:03.589255Z,elea,0.1.1,ef66ed9,hash,f4.bin,hash,0.613792,1048576,,,blake3
1,6,2026-03-11T12:20:03.589295Z,elea,0.1.1,ef66ed9,hash,f3.bin,hash,0.628959,1048576,,,blake3
1,6,2026-03-11T12:20:03.589245Z,elea,0.1.1,ef66ed9,hash,f2.bin,hash,0.618583,1048576,,,blake3
1,6,2026-03-11T12:20:03.593492Z,elea,0.1.1,ef66ed9,add,f5.bin,backend_store,2.781791,1048576,,Zstd,blake3
1,6,2026-03-11T12:20:03.593504Z,elea,0.1.1,ef66ed9,add,f1.bin,backend_store,2.76825,1048576,,Zstd,blake3
1,6,2026-03-11T12:20:03.593541Z,elea,0.1.1,ef66ed9,add,f4.bin,backend_store,2.788792,1048576,,Zstd,blake3
1,6,2026-03-11T12:20:03.593586Z,elea,0.1.1,ef66ed9,add,f2.bin,backend_store,2.786542,1048576,,Zstd,blake3
1,6,2026-03-11T12:20:03.593693Z,elea,0.1.1,ef66ed9,add,f5.bin,add_file_total,5.072542,1048576,,Zstd,blake3
1,6,2026-03-11T12:20:03.593701Z,elea,0.1.1,ef66ed9,add,f3.bin,backend_store,2.916625,1048576,,Zstd,blake3
1,6,2026-03-11T12:20:03.593909Z,elea,0.1.1,ef66ed9,add,f1.bin,add_file_total,5.296125,1048576,,Zstd,blake3
1,6,2026-03-11T12:20:03.593951Z,elea,0.1.1,ef66ed9,add,f4.bin,add_file_total,5.339917,1048576,,Zstd,blake3
1,6,2026-03-11T12:20:03.593984Z,elea,0.1.1,ef66ed9,add,f2.bin,add_file_total,5.398959,1048576,,Zstd,blake3
1,6,2026-03-11T12:20:03.594019Z,elea,0.1.1,ef66ed9,add,f3.bin,add_file_total,5.405167,1048576,,Zstd,blake3
1,6,2026-03-11T12:20:03.594066Z,elea,0.1.1,ef66ed9,add,,add_total,5.521458,,5,Zstd,blake3
5,10,2026-03-11T12:20:03.682064Z,elea,0.1.1,ef66ed9,hash,f5.bin,hash,3.053458,5242880,,,blake3
5,10,2026-03-11T12:20:03.681968Z,elea,0.1.1,ef66ed9,hash,f2.bin,hash,2.96675,5242880,,,blake3
5,10,2026-03-11T12:20:03.682034Z,elea,0.1.1,ef66ed9,hash,f3.bin,hash,3.032125,5242880,,,blake3
5,10,2026-03-11T12:20:03.681976Z,elea,0.1.1,ef66ed9,hash,f1.bin,hash,2.959625,5242880,,,blake3
5,10,2026-03-11T12:20:03.682019Z,elea,0.1.1,ef66ed9,hash,f4.bin,hash,3.021417,5242880,,,blake3
5,10,2026-03-11T12:20:03.696774Z,elea,0.1.1,ef66ed9,add,f4.bin,backend_store,12.956834,5242880,,Zstd,blake3
5,10,2026-03-11T12:20:03.697043Z,elea,0.1.1,ef66ed9,add,f1.bin,backend_store,13.246541,5242880,,Zstd,blake3
5,10,2026-03-11T12:20:03.697116Z,elea,0.1.1,ef66ed9,add,f5.bin,backend_store,13.404084000000001,5242880,,Zstd,blake3
5,10,2026-03-11T12:20:03.697162Z,elea,0.1.1,ef66ed9,add,f4.bin,add_file_total,18.208834,5242880,,Zstd,blake3
5,10,2026-03-11T12:20:03.697209Z,elea,0.1.1,ef66ed9,add,f3.bin,backend_store,13.443125,5242880,,Zstd,blake3
5,10,2026-03-11T12:20:03.697239Z,elea,0.1.1,ef66ed9,add,f2.bin,backend_store,13.504959000000001,5242880,,Zstd,blake3
5,10,2026-03-11T12:20:03.699238Z,elea,0.1.1,ef66ed9,add,f1.bin,add_file_total,20.276292,5242880,,Zstd,blake3
5,10,2026-03-11T12:20:03.699283Z,elea,0.1.1,ef66ed9,add,f5.bin,add_file_total,20.3295,5242880,,Zstd,blake3
5,10,2026-03-11T12:20:03.699339Z,elea,0.1.1,ef66ed9,add,f3.bin,add_file_total,20.396,5242880,,Zstd,blake3
5,10,2026-03-11T12:20:03.699388Z,elea,0.1.1,ef66ed9,add,f2.bin,add_file_total,20.433291999999998,5242880,,Zstd,blake3
5,10,2026-03-11T12:20:03.699461Z,elea,0.1.1,ef66ed9,add,,add_total,20.552167,,5,Zstd,blake3
2,18,2026-03-11T12:20:03.749897Z,elea,0.1.1,ef66ed9,hash,f1.bin,hash,1.216125,2097152,,,blake3
2,18,2026-03-11T12:20:03.749889Z,elea,0.1.1,ef66ed9,hash,f2.bin,hash,1.2631249999999998,2097152,,,blake3
2,18,2026-03-11T12:20:03.749864Z,elea,0.1.1,ef66ed9,hash,f5.bin,hash,1.210041,2097152,,,blake3
2,18,2026-03-11T12:20:03.749879Z,elea,0.1.1,ef66ed9,hash,f4.bin,hash,1.248833,2097152,,,blake3
2,18,2026-03-11T12:20:03.749821Z,elea,0.1.1,ef66ed9,hash,f3.bin,hash,1.1911669999999999,2097152,,,blake3
2,18,2026-03-11T12:20:03.756955Z,elea,0.1.1,ef66ed9,add,f5.bin,backend_store,5.3677079999999995,2097152,,Zstd,blake3
2,18,2026-03-11T12:20:03.756962Z,elea,0.1.1,ef66ed9,add,f2.bin,backend_store,5.408834000000001,2097152,,Zstd,blake3
2,18,2026-03-11T12:20:03.756976Z,elea,0.1.1,ef66ed9,add,f3.bin,backend_store,5.374167,2097152,,Zstd,blake3
2,18,2026-03-11T12:20:03.757031Z,elea,0.1.1,ef66ed9,add,f1.bin,backend_store,5.511208,2097152,,Zstd,blake3
2,18,2026-03-11T12:20:03.757114Z,elea,0.1.1,ef66ed9,add,f4.bin,backend_store,5.525666999999999,2097152,,Zstd,blake3
2,18,2026-03-11T12:20:03.757161Z,elea,0.1.1,ef66ed9,add,f2.bin,add_file_total,8.630792,2097152,,Zstd,blake3
2,18,2026-03-11T12:20:03.757856Z,elea,0.1.1,ef66ed9,add,f1.bin,add_file_total,9.306958,2097152,,Zstd,blake3
2,18,2026-03-11T12:20:03.7579Z,elea,0.1.1,ef66ed9,add,f3.bin,add_file_total,9.371459,2097152,,Zstd,blake3
2,18,2026-03-11T12:20:03.757951Z,elea,0.1.1,ef66ed9,add,f5.bin,add_file_total,9.407291,2097152,,Zstd,blake3
2,18,2026-03-11T12:20:03.757981Z,elea,0.1.1,ef66ed9,add,f4.bin,add_file_total,9.438333,2097152,,Zstd,blake3
2,18,2026-03-11T12:20:03.758041Z,elea,0.1.1,ef66ed9,add,,add_total,9.595374999999999,,5,Zstd,blake3
1,13,2026-03-11T12:20:03.796144Z,elea,0.1.1,ef66ed9,hash,f4.bin,hash,0.601458,1048576,,,blake3
1,13,2026-03-11T12:20:03.796175Z,elea,0.1.1,ef66ed9,hash,f3.bin,hash,0.613542,1048576,,,blake3
1,13,2026-03-11T12:20:03.796153Z,elea,0.1.1,ef66ed9,hash,f5.bin,hash,0.5992080000000001,1048576,,,blake3
1,13,2026-03-11T12:20:03.796184Z,elea,0.1.1,ef66ed9,hash,f2.bin,hash,0.61175,1048576,,,blake3
1,13,2026-03-11T12:20:03.796158Z,elea,0.1.1,ef66ed9,hash,f1.bin,hash,0.612209,1048576,,,blake3
1,13,2026-03-11T12:20:03.801166Z,elea,0.1.1,ef66ed9,add,f3.bin,backend_store,3.604541,1048576,,Zstd,blake3
1,13,2026-03-11T12:20:03.801193Z,elea,0.1.1,ef66ed9,add,f4.bin,backend_store,3.649083,1048576,,Zstd,blake3
1,13,2026-03-11T12:20:03.801373Z,elea,0.1.1,ef66ed9,add,f5.bin,backend_store,3.7868329999999997,1048576,,Zstd,blake3
1,13,2026-03-11T12:20:03.801385Z,elea,0.1.1,ef66ed9,add,f3.bin,add_file_total,5.867375,1048576,,Zstd,blake3
1,13,2026-03-11T12:20:03.801473Z,elea,0.1.1,ef66ed9,add,f2.bin,backend_store,3.8285419999999997,1048576,,Zstd,blake3
1,13,2026-03-11T12:20:03.801496Z,elea,0.1.1,ef66ed9,add,f4.bin,add_file_total,5.996375,1048576,,Zstd,blake3
1,13,2026-03-11T12:20:03.801506Z,elea,0.1.1,ef66ed9,add,f1.bin,backend_store,3.717792,1048576,,Zstd,blake3
1,13,2026-03-11T12:20:03.801607Z,elea,0.1.1,ef66ed9,add,f5.bin,add_file_total,6.102416,1048576,,Zstd,blake3
1,13,2026-03-11T12:20:03.801635Z,elea,0.1.1,ef66ed9,add,f2.bin,add_file_total,6.128541,1048576,,Zstd,blake3
1,13,2026-03-11T12:20:03.801663Z,elea,0.1.1,ef66ed9,add,f1.bin,add_file_total,6.167334,1048576,,Zstd,blake3
1,13,2026-03-11T12:20:03.801717Z,elea,0.1.1,ef66ed9,add,,add_total,6.262833,,5,Zstd,blake3
10,25,2026-03-11T12:20:03.951666Z,elea,0.1.1,ef66ed9,hash,f2.bin,hash,5.807958,10485760,,,blake3
10,25,2026-03-11T12:20:03.951663Z,elea,0.1.1,ef66ed9,hash,f1.bin,hash,5.817625,10485760,,,blake3
10,25,2026-03-11T12:20:03.951696Z,elea,0.1.1,ef66ed9,hash,f3.bin,hash,5.818625,10485760,,,blake3
10,25,2026-03-11T12:20:03.951683Z,elea,0.1.1,ef66ed9,hash,f5.bin,hash,5.786833,10485760,,,blake3
10,25,2026-03-11T12:20:03.951675Z,elea,0.1.1,ef66ed9,hash,f4.bin,hash,5.807083,10485760,,,blake3
10,25,2026-03-11T12:20:03.985419Z,elea,0.1.1,ef66ed9,add,f3.bin,backend_store,31.994083999999997,10485760,,Zstd,blake3
10,25,2026-03-11T12:20:03.985567Z,elea,0.1.1,ef66ed9,add,f1.bin,backend_store,32.174082999999996,10485760,,Zstd,blake3
10,25,2026-03-11T12:20:03.985799Z,elea,0.1.1,ef66ed9,add,f3.bin,add_file_total,39.972874999999995,10485760,,Zstd,blake3
10,25,2026-03-11T12:20:03.985881Z,elea,0.1.1,ef66ed9,add,f1.bin,add_file_total,40.072875,10485760,,Zstd,blake3
10,25,2026-03-11T12:20:03.986609Z,elea,0.1.1,ef66ed9,add,f2.bin,backend_store,33.235125,10485760,,Zstd,blake3
10,25,2026-03-11T12:20:03.986757Z,elea,0.1.1,ef66ed9,add,f2.bin,add_file_total,40.939457999999995,10485760,,Zstd,blake3
10,25,2026-03-11T12:20:03.986921Z,elea,0.1.1,ef66ed9,add,f5.bin,backend_store,33.475334000000004,10485760,,Zstd,blake3
10,25,2026-03-11T12:20:03.987131Z,elea,0.1.1,ef66ed9,add,f5.bin,add_file_total,41.30975,10485760,,Zstd,blake3
10,25,2026-03-11T12:20:03.987222Z,elea,0.1.1,ef66ed9,add,f4.bin,backend_store,33.735792000000004,10485760,,Zstd,blake3
10,25,2026-03-11T12:20:03.987368Z,elea,0.1.1,ef66ed9,add,f4.bin,add_file_total,41.55175,10485760,,Zstd,blake3
10,25,2026-03-11T12:20:03.987428Z,elea,0.1.1,ef66ed9,add,,add_total,41.649167,,5,Zstd,blake3
5,1,2026-03-11T12:20:04.080881Z,elea,0.1.1,ef66ed9,hash,f4.bin,hash,2.995292,5242880,,,blake3
5,1,2026-03-11T12:20:04.080867Z,elea,0.1.1,ef66ed9,hash,f2.bin,hash,2.9659999999999997,5242880,,,blake3
5,1,2026-03-11T12:20:04.080842Z,elea,0.1.1,ef66ed9,hash,f5.bin,hash,2.988834,5242880,,,blake3
5,1,2026-03-11T12:20:04.080899Z,elea,0.1.1,ef66ed9,hash,f3.bin,hash,2.9975829999999997,5242880,,,blake3
5,1,2026-03-11T12:20:04.080892Z,elea,0.1.1,ef66ed9,hash,f1.bin,hash,3.011209,5242880,,,blake3
5,1,2026-03-11T12:20:04.09771Z,elea,0.1.1,ef66ed9,add,f5.bin,backend_store,14.735167,5242880,,Zstd,blake3
5,1,2026-03-11T12:20:04.098011Z,elea,0.1.1,ef66ed9,add,f5.bin,add_file_total,20.206208,5242880,,Zstd,blake3
5,1,2026-03-11T12:20:04.098112Z,elea,0.1.1,ef66ed9,add,f3.bin,backend_store,15.090708,5242880,,Zstd,blake3
5,1,2026-03-11T12:20:04.098141Z,elea,0.1.1,ef66ed9,add,f2.bin,backend_store,15.203041,5242880,,Zstd,blake3
5,1,2026-03-11T12:20:04.098168Z,elea,0.1.1,ef66ed9,add,f1.bin,backend_store,15.116458,5242880,,Zstd,blake3
5,1,2026-03-11T12:20:04.098483Z,elea,0.1.1,ef66ed9,add,f4.bin,backend_store,15.554167000000001,5242880,,Zstd,blake3
5,1,2026-03-11T12:20:04.099586Z,elea,0.1.1,ef66ed9,add,f1.bin,add_file_total,21.775125,5242880,,Zstd,blake3
5,1,2026-03-11T12:20:04.099799Z,elea,0.1.1,ef66ed9,add,f3.bin,add_file_total,21.9735,5242880,,Zstd,blake3
5,1,2026-03-11T12:20:04.09992Z,elea,0.1.1,ef66ed9,add,f2.bin,add_file_total,22.0925,5242880,,Zstd,blake3
5,1,2026-03-11T12:20:04.099957Z,elea,0.1.1,ef66ed9,add,f4.bin,add_file_total,22.145417000000002,5242880,,Zstd,blake3
5,1,2026-03-11T12:20:04.100016Z,elea,0.1.1,ef66ed9,add,,add_total,22.256166,,5,Zstd,blake3
5,21,2026-03-11T12:20:04.190078Z,elea,0.1.1,ef66ed9,hash,f4.bin,hash,2.967375,5242880,,,blake3
5,21,2026-03-11T12:20:04.190047Z,elea,0.1.1,ef66ed9,hash,f3.bin,hash,2.945334,5242880,,,blake3
5,21,2026-03-11T12:20:04.190093Z,elea,0.1.1,ef66ed9,hash,f1.bin,hash,3.019584,5242880,,,blake3
5,21,2026-03-11T12:20:04.19006Z,elea,0.1.1,ef66ed9,hash,f5.bin,hash,2.937125,5242880,,,blake3
5,21,2026-03-11T12:20:04.190029Z,elea,0.1.1,ef66ed9,hash,f2.bin,hash,2.9450000000000003,5242880,,,blake3
5,21,2026-03-11T12:20:04.206492Z,elea,0.1.1,ef66ed9,add,f2.bin,backend_store,14.423041,5242880,,Zstd,blake3
5,21,2026-03-11T12:20:04.206514Z,elea,0.1.1,ef66ed9,add,f1.bin,backend_store,14.613375,5242880,,Zstd,blake3
5,21,2026-03-11T12:20:04.206521Z,elea,0.1.1,ef66ed9,add,f5.bin,backend_store,14.594375,5242880,,Zstd,blake3
5,21,2026-03-11T12:20:04.206685Z,elea,0.1.1,ef66ed9,add,f4.bin,backend_store,14.833,5242880,,Zstd,blake3
5,21,2026-03-11T12:20:04.206713Z,elea,0.1.1,ef66ed9,add,f3.bin,backend_store,14.845958,5242880,,Zstd,blake3
5,21,2026-03-11T12:20:04.206725Z,elea,0.1.1,ef66ed9,add,f2.bin,add_file_total,19.6845,5242880,,Zstd,blake3
5,21,2026-03-11T12:20:04.208977Z,elea,0.1.1,ef66ed9,add,f5.bin,add_file_total,21.930374999999998,5242880,,Zstd,blake3
5,21,2026-03-11T12:20:04.209032Z,elea,0.1.1,ef66ed9,add,f1.bin,add_file_total,22.005541,5242880,,Zstd,blake3
5,21,2026-03-11T12:20:04.209076Z,elea,0.1.1,ef66ed9,add,f4.bin,add_file_total,22.03275,5242880,,Zstd,blake3
5,21,2026-03-11T12:20:04.209126Z,elea,0.1.1,ef66ed9,add,f3.bin,add_file_total,22.083542,5242880,,Zstd,blake3
5,21,2026-03-11T12:20:04.209182Z,elea,0.1.1,ef66ed9,add,,add_total,22.196875000000002,,5,Zstd,blake3
5,13,2026-03-11T12:20:04.300405Z,elea,0.1.1,ef66ed9,hash,f2.bin,hash,2.978709,5242880,,,blake3
5,13,2026-03-11T12:20:04.300358Z,elea,0.1.1,ef66ed9,hash,f3.bin,hash,2.963,5242880,,,blake3
5,13,2026-03-11T12:20:04.300367Z,elea,0.1.1,ef66ed9,hash,f4.bin,hash,2.947667,5242880,,,blake3
5,13,2026-03-11T12:20:04.300393Z,elea,0.1.1,ef66ed9,hash,f5.bin,hash,2.953167,5242880,,,blake3
5,13,2026-03-11T12:20:04.300382Z,elea,0.1.1,ef66ed9,hash,f1.bin,hash,2.944458,5242880,,,blake3
5,13,2026-03-11T12:20:04.314564Z,elea,0.1.1,ef66ed9,add,f2.bin,backend_store,12.641167,5242880,,Zstd,blake3
5,13,2026-03-11T12:20:04.314576Z,elea,0.1.1,ef66ed9,add,f4.bin,backend_store,12.616499999999998,5242880,,Zstd,blake3
5,13,2026-03-11T12:20:04.314633Z,elea,0.1.1,ef66ed9,add,f5.bin,backend_store,12.64525,5242880,,Zstd,blake3
5,13,2026-03-11T12:20:04.314642Z,elea,0.1.1,ef66ed9,add,f3.bin,backend_store,12.7065,5242880,,Zstd,blake3
5,13,2026-03-11T12:20:04.314696Z,elea,0.1.1,ef66ed9,add,f1.bin,backend_store,12.681542,5242880,,Zstd,blake3
5,13,2026-03-11T12:20:04.314803Z,elea,0.1.1,ef66ed9,add,f2.bin,add_file_total,17.441499999999998,5242880,,Zstd,blake3
5,13,2026-03-11T12:20:04.316898Z,elea,0.1.1,ef66ed9,add,f4.bin,add_file_total,19.53875,5242880,,Zstd,blake3
5,13,2026-03-11T12:20:04.316938Z,elea,0.1.1,ef66ed9,add,f5.bin,add_file_total,19.586667,5242880,,Zstd,blake3
5,13,2026-03-11T12:20:04.316978Z,elea,0.1.1,ef66ed9,add,f3.bin,add_file_total,19.626417,5242880,,Zstd,blake3
5,13,2026-03-11T12:20:04.317014Z,elea,0.1.1,ef66ed9,add,f1.bin,add_file_total,19.656042,5242880,,Zstd,blake3
5,13,2026-03-11T12:20:04.317063Z,elea,0.1.1,ef66ed9,add,,add_total,19.758416,,5,Zstd,blake3
2,12,2026-03-11T12:20:04.36514Z,elea,0.1.1,ef66ed9,hash,f1.bin,hash,1.205167,2097152,,,blake3
2,12,2026-03-11T12:20:04.365147Z,elea,0.1.1,ef66ed9,hash,f3.bin,hash,1.208917,2097152,,,blake3
2,12,2026-03-11T12:20:04.36513Z,elea,0.1.1,ef66ed9,hash,f2.bin,hash,1.202666,2097152,,,blake3
2,12,2026-03-11T12:20:04.365121Z,elea,0.1.1,ef66ed9,hash,f5.bin,hash,1.1988750000000001,2097152,,,blake3
2,12,2026-03-11T12:20:04.365111Z,elea,0.1.1,ef66ed9,hash,f4.bin,hash,1.208458,2097152,,,blake3
2,12,2026-03-11T12:20:04.37175Z,elea,0.1.1,ef66ed9,add,f1.bin,backend_store,5.289584,2097152,,Zstd,blake3
2,12,2026-03-11T12:20:04.371809Z,elea,0.1.1,ef66ed9,add,f3.bin,backend_store,5.341,2097152,,Zstd,blake3
2,12,2026-03-11T12:20:04.371934Z,elea,0.1.1,ef66ed9,add,f4.bin,backend_store,5.404959,2097152,,Zstd,blake3
2,12,2026-03-11T12:20:04.371944Z,elea,0.1.1,ef66ed9,add,f1.bin,add_file_total,8.061625,2097152,,Zstd,blake3
2,12,2026-03-11T12:20:04.371953Z,elea,0.1.1,ef66ed9,add,f5.bin,backend_store,5.429042,2097152,,Zstd,blake3
2,12,2026-03-11T12:20:04.372057Z,elea,0.1.1,ef66ed9,add,f2.bin,backend_store,5.5650830000000004,2097152,,Zstd,blake3
2,12,2026-03-11T12:20:04.372488Z,elea,0.1.1,ef66ed9,add,f3.bin,add_file_total,8.603375,2097152,,Zstd,blake3
2,12,2026-03-11T12:20:04.372634Z,elea,0.1.1,ef66ed9,add,f4.bin,add_file_total,8.773125,2097152,,Zstd,blake3
2,12,2026-03-11T12:20:04.372667Z,elea,0.1.1,ef66ed9,add,f5.bin,add_file_total,8.791,2097152,,Zstd,blake3
2,12,2026-03-11T12:20:04.372697Z,elea,0.1.1,ef66ed9,add,f2.bin,add_file_total,8.820375,2097152,,Zstd,blake3
2,12,2026-03-11T12:20:04.37275Z,elea,0.1.1,ef66ed9,add,,add_total,8.921083999999999,,5,Zstd,blake3
2,4,2026-03-11T12:20:04.421935Z,elea,0.1.1,ef66ed9,hash,f5.bin,hash,1.177041,2097152,,,blake3
2,4,2026-03-11T12:20:04.421952Z,elea,0.1.1,ef66ed9,hash,f4.bin,hash,1.174833,2097152,,,blake3
2,4,2026-03-11T12:20:04.421943Z,elea,0.1.1,ef66ed9,hash,f1.bin,hash,1.20525,2097152,,,blake3
2,4,2026-03-11T12:20:04.421961Z,elea,0.1.1,ef66ed9,hash,f3.bin,hash,1.193667,2097152,,,blake3
2,4,2026-03-11T12:20:04.421926Z,elea,0.1.1,ef66ed9,hash,f2.bin,hash,1.195791,2097152,,,blake3
2,4,2026-03-11T12:20:04.428381Z,elea,0.1.1,ef66ed9,add,f3.bin,backend_store,5.156125,2097152,,Zstd,blake3
2,4,2026-03-11T12:20:04.428439Z,elea,0.1.1,ef66ed9,add,f2.bin,backend_store,5.155125,2097152,,Zstd,blake3
2,4,2026-03-11T12:20:04.428566Z,elea,0.1.1,ef66ed9,add,f3.bin,add_file_total,7.869707999999999,2097152,,Zstd,blake3
2,4,2026-03-11T12:20:04.428576Z,elea,0.1.1,ef66ed9,add,f4.bin,backend_store,5.306667,2097152,,Zstd,blake3
2,4,2026-03-11T12:20:04.428596Z,elea,0.1.1,ef66ed9,add,f1.bin,backend_store,5.343166,2097152,,Zstd,blake3
2,4,2026-03-11T12:20:04.428804Z,elea,0.1.1,ef66ed9,add,f5.bin,backend_store,5.593292,2097152,,Zstd,blake3
2,4,2026-03-11T12:20:04.429073Z,elea,0.1.1,ef66ed9,add,f2.bin,add_file_total,8.380792,2097152,,Zstd,blake3
2,4,2026-03-11T12:20:04.42928Z,elea,0.1.1,ef66ed9,add,f4.bin,add_file_total,8.581625,2097152,,Zstd,blake3
2,4,2026-03-11T12:20:04.429315Z,elea,0.1.1,ef66ed9,add,f1.bin,add_file_total,8.635916,2097152,,Zstd,blake3
2,4,2026-03-11T12:20:04.429357Z,elea,0.1.1,ef66ed9,add,f5.bin,add_file_total,8.660708,2097152,,Zstd,blake3
2,4,2026-03-11T12:20:04.429412Z,elea,0.1.1,ef66ed9,add,,add_total,8.766625,,5,Zstd,blake3
5,19,2026-03-11T12:20:04.512402Z,elea,0.1.1,ef66ed9,hash,f1.bin,hash,2.919208,5242880,,,blake3
5,19,2026-03-11T12:20:04.512454Z,elea,0.1.1,ef66ed9,hash,f5.bin,hash,2.941166,5242880,,,blake3
5,19,2026-03-11T12:20:04.51238Z,elea,0.1.1,ef66ed9,hash,f3.bin,hash,2.906667,5242880,,,blake3
5,19,2026-03-11T12:20:04.512422Z,elea,0.1.1,ef66ed9,hash,f2.bin,hash,2.928333,5242880,,,blake3
5,19,2026-03-11T12:20:04.512411Z,elea,0.1.1,ef66ed9,hash,f4.bin,hash,2.887791,5242880,,,blake3
5,19,2026-03-11T12:20:04.526558Z,elea,0.1.1,ef66ed9,add,f1.bin,backend_store,12.639667000000001,5242880,,Zstd,blake3
5,19,2026-03-11T12:20:04.526756Z,elea,0.1.1,ef66ed9,add,f1.bin,add_file_total,17.301958,5242880,,Zstd,blake3
5,19,2026-03-11T12:20:04.526782Z,elea,0.1.1,ef66ed9,add,f2.bin,backend_store,12.797708,5242880,,Zstd,blake3
5,19,2026-03-11T12:20:04.526812Z,elea,0.1.1,ef66ed9,add,f4.bin,backend_store,12.681708,5242880,,Zstd,blake3
5,19,2026-03-11T12:20:04.526896Z,elea,0.1.1,ef66ed9,add,f3.bin,backend_store,12.886791,5242880,,Zstd,blake3
5,19,2026-03-11T12:20:04.526944Z,elea,0.1.1,ef66ed9,add,f5.bin,backend_store,12.991417,5242880,,Zstd,blake3
5,19,2026-03-11T12:20:04.528846Z,elea,0.1.1,ef66ed9,add,f2.bin,add_file_total,19.381958,5242880,,Zstd,blake3
5,19,2026-03-11T12:20:04.529128Z,elea,0.1.1,ef66ed9,add,f4.bin,add_file_total,19.664958,5242880,,Zstd,blake3
5,19,2026-03-11T12:20:04.529174Z,elea,0.1.1,ef66ed9,add,f3.bin,add_file_total,19.741667,5242880,,Zstd,blake3
5,19,2026-03-11T12:20:04.529216Z,elea,0.1.1,ef66ed9,add,f5.bin,add_file_total,19.757958,5242880,,Zstd,blake3
5,19,2026-03-11T12:20:04.529283Z,elea,0.1.1,ef66ed9,add,,add_total,19.877042,,5,Zstd,blake3
1,24,2026-03-11T12:20:04.582782Z,elea,0.1.1,ef66ed9,hash,f2.bin,hash,0.624583,1048576,,,blake3
1,24,2026-03-11T12:20:04.582816Z,elea,0.1.1,ef66ed9,hash,f1.bin,hash,0.61425,1048576,,,blake3
1,24,2026-03-11T12:20:04.582756Z,elea,0.1.1,ef66ed9,hash,f5.bin,hash,0.6091249999999999,1048576,,,blake3
1,24,2026-03-11T12:20:04.582806Z,elea,0.1.1,ef66ed9,hash,f3.bin,hash,0.627458,1048576,,,blake3
1,24,2026-03-11T12:20:04.582747Z,elea,0.1.1,ef66ed9,hash,f4.bin,hash,0.6136670000000001,1048576,,,blake3
1,24,2026-03-11T12:20:04.587024Z,elea,0.1.1,ef66ed9,add,f2.bin,backend_store,2.7811250000000003,1048576,,Zstd,blake3
1,24,2026-03-11T12:20:04.587038Z,elea,0.1.1,ef66ed9,add,f1.bin,backend_store,2.790542,1048576,,Zstd,blake3
1,24,2026-03-11T12:20:04.587051Z,elea,0.1.1,ef66ed9,add,f3.bin,backend_store,2.747542,1048576,,Zstd,blake3
1,24,2026-03-11T12:20:04.587129Z,elea,0.1.1,ef66ed9,add,f4.bin,backend_store,2.8133749999999997,1048576,,Zstd,blake3
1,24,2026-03-11T12:20:04.587144Z,elea,0.1.1,ef66ed9,add,f5.bin,backend_store,2.868334,1048576,,Zstd,blake3
1,24,2026-03-11T12:20:04.587229Z,elea,0.1.1,ef66ed9,add,f1.bin,add_file_total,5.108542,1048576,,Zstd,blake3
1,24,2026-03-11T12:20:04.587412Z,elea,0.1.1,ef66ed9,add,f3.bin,add_file_total,5.2921249999999995,1048576,,Zstd,blake3
1,24,2026-03-11T12:20:04.587446Z,elea,0.1.1,ef66ed9,add,f2.bin,add_file_total,5.3386249999999995,1048576,,Zstd,blake3
1,24,2026-03-11T12:20:04.587481Z,elea,0.1.1,ef66ed9,add,f4.bin,add_file_total,5.386,1048576,,Zstd,blake3
1,24,2026-03-11T12:20:04.587514Z,elea,0.1.1,ef66ed9,add,f5.bin,add_file_total,5.404583,1048576,,Zstd,blake3
1,24,2026-03-11T12:20:04.587561Z,elea,0.1.1,ef66ed9,add,,add_total,5.505625,,5,Zstd,blake3
2,8,2026-03-11T12:20:04.634998Z,elea,0.1.1,ef66ed9,hash,f1.bin,hash,1.1838339999999998,2097152,,,blake3
2,8,2026-03-11T12:20:04.634967Z,elea,0.1.1,ef66ed9,hash,f5.bin,hash,1.1645830000000001,2097152,,,blake3
2,8,2026-03-11T12:20:04.635025Z,elea,0.1.1,ef66ed9,hash,f4.bin,hash,1.174667,2097152,,,blake3
2,8,2026-03-11T12:20:04.635017Z,elea,0.1.1,ef66ed9,hash,f2.bin,hash,1.180333,2097152,,,blake3
2,8,2026-03-11T12:20:04.635008Z,elea,0.1.1,ef66ed9,hash,f3.bin,hash,1.177458,2097152,,,blake3
2,8,2026-03-11T12:20:04.641561Z,elea,0.1.1,ef66ed9,add,f2.bin,backend_store,5.054375,2097152,,Zstd,blake3
2,8,2026-03-11T12:20:04.641582Z,elea,0.1.1,ef66ed9,add,f1.bin,backend_store,5.135583,2097152,,Zstd,blake3
2,8,2026-03-11T12:20:04.641599Z,elea,0.1.1,ef66ed9,add,f5.bin,backend_store,5.143708,2097152,,Zstd,blake3
2,8,2026-03-11T12:20:04.641761Z,elea,0.1.1,ef66ed9,add,f4.bin,backend_store,5.27625,2097152,,Zstd,blake3
2,8,2026-03-11T12:20:04.64177Z,elea,0.1.1,ef66ed9,add,f1.bin,add_file_total,7.973917,2097152,,Zstd,blake3
2,8,2026-03-11T12:20:04.641797Z,elea,0.1.1,ef66ed9,add,f3.bin,backend_store,5.281041999999999,2097152,,Zstd,blake3
2,8,2026-03-11T12:20:04.642507Z,elea,0.1.1,ef66ed9,add,f2.bin,add_file_total,8.709583,2097152,,Zstd,blake3
2,8,2026-03-11T12:20:04.642549Z,elea,0.1.1,ef66ed9,add,f5.bin,add_file_total,8.7785,2097152,,Zstd,blake3
2,8,2026-03-11T12:20:04.642594Z,elea,0.1.1,ef66ed9,add,f3.bin,add_file_total,8.799125,2097152,,Zstd,blake3
2,8,2026-03-11T12:20:04.642622Z,elea,0.1.1,ef66ed9,add,f4.bin,add_file_total,8.826374999999999,2097152,,Zstd,blake3
2,8,2026-03-11T12:20:04.642695Z,elea,0.1.1,ef66ed9,add,,add_total,8.950709,,5,Zstd,blake3
50,19,2026-03-11T12:20:05.300792Z,elea,0.1.1,ef66ed9,hash,f4.bin,hash,29.638084,52428800,,,blake3
50,19,2026-03-11T12:20:05.300838Z,elea,0.1.1,ef66ed9,hash,f2.bin,hash,29.666334,52428800,,,blake3
50,19,2026-03-11T12:20:05.300486Z,elea,0.1.1,ef66ed9,hash,f3.bin,hash,29.296708000000002,52428800,,,blake3
50,19,2026-03-11T12:20:05.300502Z,elea,0.1.1,ef66ed9,hash,f1.bin,hash,29.306167000000002,52428800,,,blake3
50,19,2026-03-11T12:20:05.300828Z,elea,0.1.1,ef66ed9,hash,f5.bin,hash,29.665083,52428800,,,blake3
50,19,2026-03-11T12:20:05.455378Z,elea,0.1.1,ef66ed9,add,f5.bin,backend_store,153.061667,52428800,,Zstd,blake3
50,19,2026-03-11T12:20:05.455647Z,elea,0.1.1,ef66ed9,add,f5.bin,add_file_total,184.5135,52428800,,Zstd,blake3
50,19,2026-03-11T12:20:05.457143Z,elea,0.1.1,ef66ed9,add,f3.bin,backend_store,154.992667,52428800,,Zstd,blake3
50,19,2026-03-11T12:20:05.45732Z,elea,0.1.1,ef66ed9,add,f3.bin,add_file_total,186.178542,52428800,,Zstd,blake3
50,19,2026-03-11T12:20:05.457595Z,elea,0.1.1,ef66ed9,add,f4.bin,backend_store,155.478333,52428800,,Zstd,blake3
50,19,2026-03-11T12:20:05.457747Z,elea,0.1.1,ef66ed9,add,f4.bin,add_file_total,186.628875,52428800,,Zstd,blake3
50,19,2026-03-11T12:20:05.458009Z,elea,0.1.1,ef66ed9,add,f2.bin,backend_store,155.86845899999997,52428800,,Zstd,blake3
50,19,2026-03-11T12:20:05.458162Z,elea,0.1.1,ef66ed9,add,f2.bin,add_file_total,187.025083,52428800,,Zstd,blake3
50,19,2026-03-11T12:20:05.458354Z,elea,0.1.1,ef66ed9,add,f1.bin,backend_store,156.167959,52428800,,Zstd,blake3
50,19,2026-03-11T12:20:05.458501Z,elea,0.1.1,ef66ed9,add,f1.bin,add_file_total,187.359709,52428800,,Zstd,blake3
50,19,2026-03-11T12:20:05.458586Z,elea,0.1.1,ef66ed9,add,,add_total,187.49125,,5,Zstd,blake3
50,17,2026-03-11T12:20:06.130874Z,elea,0.1.1,ef66ed9,hash,f1.bin,hash,28.902417,52428800,,,blake3
50,17,2026-03-11T12:20:06.13101Z,elea,0.1.1,ef66ed9,hash,f4.bin,hash,29.030208,52428800,,,blake3
50,17,2026-03-11T12:20:06.131018Z,elea,0.1.1,ef66ed9,hash,f5.bin,hash,29.067417000000003,52428800,,,blake3
50,17,2026-03-11T12:20:06.130626Z,elea,0.1.1,ef66ed9,hash,f2.bin,hash,28.694167,52428800,,,blake3
50,17,2026-03-11T12:20:06.130939Z,elea,0.1.1,ef66ed9,hash,f3.bin,hash,28.937333,52428800,,,blake3
50,17,2026-03-11T12:20:06.260784Z,elea,0.1.1,ef66ed9,add,f5.bin,backend_store,127.972709,52428800,,Zstd,blake3
50,17,2026-03-11T12:20:06.261042Z,elea,0.1.1,ef66ed9,add,f5.bin,add_file_total,159.12837499999998,52428800,,Zstd,blake3
50,17,2026-03-11T12:20:06.26134Z,elea,0.1.1,ef66ed9,add,f4.bin,backend_store,128.555084,52428800,,Zstd,blake3
50,17,2026-03-11T12:20:06.261534Z,elea,0.1.1,ef66ed9,add,f4.bin,add_file_total,159.620958,52428800,,Zstd,blake3
50,17,2026-03-11T12:20:06.263005Z,elea,0.1.1,ef66ed9,add,f1.bin,backend_store,130.238875,52428800,,Zstd,blake3
50,17,2026-03-11T12:20:06.263177Z,elea,0.1.1,ef66ed9,add,f1.bin,add_file_total,161.263416,52428800,,Zstd,blake3
50,17,2026-03-11T12:20:06.263277Z,elea,0.1.1,ef66ed9,add,f2.bin,backend_store,130.434542,52428800,,Zstd,blake3
50,17,2026-03-11T12:20:06.263405Z,elea,0.1.1,ef66ed9,add,f2.bin,add_file_total,161.51674999999997,52428800,,Zstd,blake3
50,17,2026-03-11T12:20:06.263699Z,elea,0.1.1,ef66ed9,add,f3.bin,backend_store,130.833416,52428800,,Zstd,blake3
50,17,2026-03-11T12:20:06.263814Z,elea,0.1.1,ef66ed9,add,f3.bin,add_file_total,161.895708,52428800,,Zstd,blake3
50,17,2026-03-11T12:20:06.263883Z,elea,0.1.1,ef66ed9,add,,add_total,162.018417,,5,Zstd,blake3
50,12,2026-03-11T12:20:06.913773Z,elea,0.1.1,ef66ed9,hash,f3.bin,hash,28.967834,52428800,,,blake3
50,12,2026-03-11T12:20:06.913871Z,elea,0.1.1,ef66ed9,hash,f5.bin,hash,29.044207999999998,52428800,,,blake3
50,12,2026-03-11T12:20:06.913727Z,elea,0.1.1,ef66ed9,hash,f1.bin,hash,28.930584,52428800,,,blake3
50,12,2026-03-11T12:20:06.913938Z,elea,0.1.1,ef66ed9,hash,f4.bin,hash,29.095416,52428800,,,blake3
50,12,2026-03-11T12:20:06.913882Z,elea,0.1.1,ef66ed9,hash,f2.bin,hash,29.105249999999998,52428800,,,blake3
50,12,2026-03-11T12:20:07.044111Z,elea,0.1.1,ef66ed9,add,f3.bin,backend_store,128.320667,52428800,,Zstd,blake3
50,12,2026-03-11T12:20:07.044384Z,elea,0.1.1,ef66ed9,add,f3.bin,add_file_total,159.62312500000002,52428800,,Zstd,blake3
50,12,2026-03-11T12:20:07.046672Z,elea,0.1.1,ef66ed9,add,f4.bin,backend_store,130.82958299999999,52428800,,Zstd,blake3
50,12,2026-03-11T12:20:07.046869Z,elea,0.1.1,ef66ed9,add,f4.bin,add_file_total,162.106458,52428800,,Zstd,blake3
50,12,2026-03-11T12:20:07.047187Z,elea,0.1.1,ef66ed9,add,f5.bin,backend_store,131.379916,52428800,,Zstd,blake3
50,12,2026-03-11T12:20:07.048835Z,elea,0.1.1,ef66ed9,add,f5.bin,add_file_total,164.073291,52428800,,Zstd,blake3
50,12,2026-03-11T12:20:07.049144Z,elea,0.1.1,ef66ed9,add,f2.bin,backend_store,133.247917,52428800,,Zstd,blake3
50,12,2026-03-11T12:20:07.049583Z,elea,0.1.1,ef66ed9,add,f1.bin,backend_store,133.76850000000002,52428800,,Zstd,blake3
50,12,2026-03-11T12:20:07.049751Z,elea,0.1.1,ef66ed9,add,f2.bin,add_file_total,165.023833,52428800,,Zstd,blake3
50,12,2026-03-11T12:20:07.049827Z,elea,0.1.1,ef66ed9,add,f1.bin,add_file_total,165.073792,52428800,,Zstd,blake3
50,12,2026-03-11T12:20:07.049879Z,elea,0.1.1,ef66ed9,add,,add_total,165.186625,,5,Zstd,blake3
5,25,2026-03-11T12:20:07.139583Z,elea,0.1.1,ef66ed9,hash,f4.bin,hash,2.8870419999999997,5242880,,,blake3
5,25,2026-03-11T12:20:07.139563Z,elea,0.1.1,ef66ed9,hash,f3.bin,hash,2.8977500000000003,5242880,,,blake3
5,25,2026-03-11T12:20:07.139568Z,elea,0.1.1,ef66ed9,hash,f2.bin,hash,2.913708,5242880,,,blake3
5,25,2026-03-11T12:20:07.139607Z,elea,0.1.1,ef66ed9,hash,f1.bin,hash,2.914625,5242880,,,blake3
5,25,2026-03-11T12:20:07.139598Z,elea,0.1.1,ef66ed9,hash,f5.bin,hash,2.877667,5242880,,,blake3
5,25,2026-03-11T12:20:07.154075Z,elea,0.1.1,ef66ed9,add,f2.bin,backend_store,12.679041,5242880,,Zstd,blake3
5,25,2026-03-11T12:20:07.154105Z,elea,0.1.1,ef66ed9,add,f5.bin,backend_store,12.651833,5242880,,Zstd,blake3
5,25,2026-03-11T12:20:07.154137Z,elea,0.1.1,ef66ed9,add,f1.bin,backend_store,12.710542,5242880,,Zstd,blake3
5,25,2026-03-11T12:20:07.154256Z,elea,0.1.1,ef66ed9,add,f4.bin,backend_store,12.896374999999999,5242880,,Zstd,blake3
5,25,2026-03-11T12:20:07.154265Z,elea,0.1.1,ef66ed9,add,f3.bin,backend_store,12.8915,5242880,,Zstd,blake3
5,25,2026-03-11T12:20:07.154332Z,elea,0.1.1,ef66ed9,add,f5.bin,add_file_total,17.712542000000003,5242880,,Zstd,blake3
5,25,2026-03-11T12:20:07.156745Z,elea,0.1.1,ef66ed9,add,f1.bin,add_file_total,20.146708999999998,5242880,,Zstd,blake3
5,25,2026-03-11T12:20:07.156793Z,elea,0.1.1,ef66ed9,add,f2.bin,add_file_total,20.186958,5242880,,Zstd,blake3
5,25,2026-03-11T12:20:07.156839Z,elea,0.1.1,ef66ed9,add,f3.bin,add_file_total,20.232834,5242880,,Zstd,blake3
5,25,2026-03-11T12:20:07.156883Z,elea,0.1.1,ef66ed9,add,f4.bin,add_file_total,20.269083000000002,5242880,,Zstd,blake3
5,25,2026-03-11T12:20:07.156942Z,elea,0.1.1,ef66ed9,add,,add_total,20.396333,,5,Zstd,blake3
10,7,2026-03-11T12:20:07.301671Z,elea,0.1.1,ef66ed9,hash,f2.bin,hash,5.814208000000001,10485760,,,blake3
10,7,2026-03-11T12:20:07.30168Z,elea,0.1.1,ef66ed9,hash,f3.bin,hash,5.839584,10485760,,,blake3
10,7,2026-03-11T12:20:07.301687Z,elea,0.1.1,ef66ed9,hash,f1.bin,hash,5.833667,10485760,,,blake3
10,7,2026-03-11T12:20:07.301659Z,elea,0.1.1,ef66ed9,hash,f4.bin,hash,5.835,10485760,,,blake3
10,7,2026-03-11T12:20:07.301641Z,elea,0.1.1,ef66ed9,hash,f5.bin,hash,5.813208,10485760,,,blake3
10,7,2026-03-11T12:20:07.327403Z,elea,0.1.1,ef66ed9,add,f5.bin,backend_store,24.255209,10485760,,Zstd,blake3
10,7,2026-03-11T12:20:07.327419Z,elea,0.1.1,ef66ed9,add,f1.bin,backend_store,24.297375,10485760,,Zstd,blake3
10,7,2026-03-11T12:20:07.327432Z,elea,0.1.1,ef66ed9,add,f3.bin,backend_store,24.345416,10485760,,Zstd,blake3
10,7,2026-03-11T12:20:07.327647Z,elea,0.1.1,ef66ed9,add,f5.bin,add_file_total,31.869875,10485760,,Zstd,blake3
10,7,2026-03-11T12:20:07.327848Z,elea,0.1.1,ef66ed9,add,f3.bin,add_file_total,32.051834,10485760,,Zstd,blake3
10,7,2026-03-11T12:20:07.327945Z,elea,0.1.1,ef66ed9,add,f1.bin,add_file_total,32.168124999999996,10485760,,Zstd,blake3
10,7,2026-03-11T12:20:07.328563Z,elea,0.1.1,ef66ed9,add,f4.bin,backend_store,25.318042,10485760,,Zstd,blake3
10,7,2026-03-11T12:20:07.328708Z,elea,0.1.1,ef66ed9,add,f4.bin,add_file_total,32.936083999999994,10485760,,Zstd,blake3
10,7,2026-03-11T12:20:07.328983Z,elea,0.1.1,ef66ed9,add,f2.bin,backend_store,25.925084000000002,10485760,,Zstd,blake3
10,7,2026-03-11T12:20:07.329093Z,elea,0.1.1,ef66ed9,add,f2.bin,add_file_total,33.311708,10485760,,Zstd,blake3
10,7,2026-03-11T12:20:07.329162Z,elea,0.1.1,ef66ed9,add,,add_total,33.429541,,5,Zstd,blake3
5,5,2026-03-11T12:20:07.413896Z,elea,0.1.1,ef66ed9,hash,f3.bin,hash,2.8817500000000003,5242880,,,blake3
5,5,2026-03-11T12:20:07.413829Z,elea,0.1.1,ef66ed9,hash,f5.bin,hash,2.884375,5242880,,,blake3
5,5,2026-03-11T12:20:07.413888Z,elea,0.1.1,ef66ed9,hash,f1.bin,hash,2.926542,5242880,,,blake3
5,5,2026-03-11T12:20:07.413875Z,elea,0.1.1,ef66ed9,hash,f2.bin,hash,2.899625,5242880,,,blake3
5,5,2026-03-11T12:20:07.413866Z,elea,0.1.1,ef66ed9,hash,f4.bin,hash,2.8766249999999998,5242880,,,blake3
5,5,2026-03-11T12:20:07.428251Z,elea,0.1.1,ef66ed9,add,f3.bin,backend_store,12.635458999999999,5242880,,Zstd,blake3
5,5,2026-03-11T12:20:07.428296Z,elea,0.1.1,ef66ed9,add,f5.bin,backend_store,12.669292,5242880,,Zstd,blake3
5,5,2026-03-11T12:20:07.428318Z,elea,0.1.1,ef66ed9,add,f4.bin,backend_store,12.617125,5242880,,Zstd,blake3
5,5,2026-03-11T12:20:07.428389Z,elea,0.1.1,ef66ed9,add,f1.bin,backend_store,12.745083000000001,5242880,,Zstd,blake3
5,5,2026-03-11T12:20:07.428455Z,elea,0.1.1,ef66ed9,add,f3.bin,add_file_total,17.539875,5242880,,Zstd,blake3
5,5,2026-03-11T12:20:07.428478Z,elea,0.1.1,ef66ed9,add,f2.bin,backend_store,12.803709,5242880,,Zstd,blake3
5,5,2026-03-11T12:20:07.429523Z,elea,0.1.1,ef66ed9,add,f5.bin,add_file_total,18.626334,5242880,,Zstd,blake3
5,5,2026-03-11T12:20:07.429989Z,elea,0.1.1,ef66ed9,add,f4.bin,add_file_total,19.076333,5242880,,Zstd,blake3
5,5,2026-03-11T12:20:07.430455Z,elea,0.1.1,ef66ed9,add,f1.bin,add_file_total,19.546208,5242880,,Zstd,blake3
5,5,2026-03-11T12:20:07.430707Z,elea,0.1.1,ef66ed9,add,f2.bin,add_file_total,19.79675,5242880,,Zstd,blake3
5,5,2026-03-11T12:20:07.430767Z,elea,0.1.1,ef66ed9,add,,add_total,19.904457999999998,,5,Zstd,blake3
1,4,2026-03-11T12:20:07.465813Z,elea,0.1.1,ef66ed9,hash,f1.bin,hash,0.6084579999999999,1048576,,,blake3
1,4,2026-03-11T12:20:07.465798Z,elea,0.1.1,ef66ed9,hash,f4.bin,hash,0.602958,1048576,,,blake3
1,4,2026-03-11T12:20:07.465805Z,elea,0.1.1,ef66ed9,hash,f2.bin,hash,0.601125,1048576,,,blake3
1,4,2026-03-11T12:20:07.465821Z,elea,0.1.1,ef66ed9,hash,f5.bin,hash,0.606208,1048576,,,blake3
1,4,2026-03-11T12:20:07.465788Z,elea,0.1.1,ef66ed9,hash,f3.bin,hash,0.610833,1048576,,,blake3
1,4,2026-03-11T12:20:07.469744Z,elea,0.1.1,ef66ed9,add,f1.bin,backend_store,2.6624589999999997,1048576,,Zstd,blake3
1,4,2026-03-11T12:20:07.46986Z,elea,0.1.1,ef66ed9,add,f5.bin,backend_store,2.719042,1048576,,Zstd,blake3
1,4,2026-03-11T12:20:07.469923Z,elea,0.1.1,ef66ed9,add,f1.bin,add_file_total,4.762541000000001,1048576,,Zstd,blake3
1,4,2026-03-11T12:20:07.470098Z,elea,0.1.1,ef66ed9,add,f5.bin,add_file_total,4.934458,1048576,,Zstd,blake3
1,4,2026-03-11T12:20:07.470209Z,elea,0.1.1,ef66ed9,add,f2.bin,backend_store,3.092584,1048576,,Zstd,blake3
1,4,2026-03-11T12:20:07.470225Z,elea,0.1.1,ef66ed9,add,f4.bin,backend_store,3.129709,1048576,,Zstd,blake3
1,4,2026-03-11T12:20:07.470238Z,elea,0.1.1,ef66ed9,add,f3.bin,backend_store,3.086541,1048576,,Zstd,blake3
1,4,2026-03-11T12:20:07.470326Z,elea,0.1.1,ef66ed9,add,f2.bin,add_file_total,5.166208999999999,1048576,,Zstd,blake3
1,4,2026-03-11T12:20:07.470397Z,elea,0.1.1,ef66ed9,add,f3.bin,add_file_total,5.258,1048576,,Zstd,blake3
1,4,2026-03-11T12:20:07.470424Z,elea,0.1.1,ef66ed9,add,f4.bin,add_file_total,5.2617080000000005,1048576,,Zstd,blake3
1,4,2026-03-11T12:20:07.470486Z,elea,0.1.1,ef66ed9,add,,add_total,5.3718330000000005,,5,Zstd,blake3
50,25,2026-03-11T12:20:08.118064Z,elea,0.1.1,ef66ed9,hash,f3.bin,hash,28.903208,52428800,,,blake3
50,25,2026-03-11T12:20:08.118041Z,elea,0.1.1,ef66ed9,hash,f1.bin,hash,28.874750000000002,52428800,,,blake3
50,25,2026-03-11T12:20:08.118253Z,elea,0.1.1,ef66ed9,hash,f5.bin,hash,29.088541999999997,52428800,,,blake3
50,25,2026-03-11T12:20:08.118211Z,elea,0.1.1,ef66ed9,hash,f2.bin,hash,29.1,52428800,,,blake3
50,25,2026-03-11T12:20:08.118168Z,elea,0.1.1,ef66ed9,hash,f4.bin,hash,29.048667000000002,52428800,,,blake3
50,25,2026-03-11T12:20:08.246041Z,elea,0.1.1,ef66ed9,add,f1.bin,backend_store,125.902875,52428800,,Zstd,blake3
50,25,2026-03-11T12:20:08.246289Z,elea,0.1.1,ef66ed9,add,f1.bin,add_file_total,157.16495899999998,52428800,,Zstd,blake3
50,25,2026-03-11T12:20:08.247062Z,elea,0.1.1,ef66ed9,add,f3.bin,backend_store,126.93970900000001,52428800,,Zstd,blake3
50,25,2026-03-11T12:20:08.247218Z,elea,0.1.1,ef66ed9,add,f3.bin,add_file_total,158.12129199999998,52428800,,Zstd,blake3
50,25,2026-03-11T12:20:08.247487Z,elea,0.1.1,ef66ed9,add,f4.bin,backend_store,127.21083399999999,52428800,,Zstd,blake3
50,25,2026-03-11T12:20:08.247627Z,elea,0.1.1,ef66ed9,add,f4.bin,add_file_total,158.53062500000001,52428800,,Zstd,blake3
50,25,2026-03-11T12:20:08.24851Z,elea,0.1.1,ef66ed9,add,f2.bin,backend_store,128.29483299999998,52428800,,Zstd,blake3
50,25,2026-03-11T12:20:08.249202Z,elea,0.1.1,ef66ed9,add,f5.bin,backend_store,129.03495900000001,52428800,,Zstd,blake3
50,25,2026-03-11T12:20:08.255797Z,elea,0.1.1,ef66ed9,add,f2.bin,add_file_total,166.723917,52428800,,Zstd,blake3
50,25,2026-03-11T12:20:08.25611Z,elea,0.1.1,ef66ed9,add,f5.bin,add_file_total,167.0095,52428800,,Zstd,blake3
50,25,2026-03-11T12:20:08.256172Z,elea,0.1.1,ef66ed9,add,,add_total,167.14487499999998,,5,Zstd,blake3
2,10,2026-03-11T12:20:08.34773Z,elea,0.1.1,ef66ed9,hash,f4.bin,hash,1.2052910000000001,2097152,,,blake3
2,10,2026-03-11T12:20:08.347768Z,elea,0.1.1,ef66ed9,hash,f2.bin,hash,1.2001659999999998,2097152,,,blake3
2,10,2026-03-11T12:20:08.347778Z,elea,0.1.1,ef66ed9,hash,f3.bin,hash,1.225708,2097152,,,blake3
2,10,2026-03-11T12:20:08.347745Z,elea,0.1.1,ef66ed9,hash,f1.bin,hash,1.2252910000000001,2097152,,,blake3
2,10,2026-03-11T12:20:08.347758Z,elea,0.1.1,ef66ed9,hash,f5.bin,hash,1.1889159999999999,2097152,,,blake3
2,10,2026-03-11T12:20:08.357127Z,elea,0.1.1,ef66ed9,add,f2.bin,backend_store,7.796708000000001,2097152,,Zstd,blake3
2,10,2026-03-11T12:20:08.357206Z,elea,0.1.1,ef66ed9,add,f3.bin,backend_store,7.854916,2097152,,Zstd,blake3
2,10,2026-03-11T12:20:08.357398Z,elea,0.1.1,ef66ed9,add,f5.bin,backend_store,7.975917000000001,2097152,,Zstd,blake3
2,10,2026-03-11T12:20:08.357445Z,elea,0.1.1,ef66ed9,add,f2.bin,add_file_total,10.956917,2097152,,Zstd,blake3
2,10,2026-03-11T12:20:08.357509Z,elea,0.1.1,ef66ed9,add,f4.bin,backend_store,8.199875,2097152,,Zstd,blake3
2,10,2026-03-11T12:20:08.357697Z,elea,0.1.1,ef66ed9,add,f1.bin,backend_store,8.326041,2097152,,Zstd,blake3
2,10,2026-03-11T12:20:08.357831Z,elea,0.1.1,ef66ed9,add,f3.bin,add_file_total,11.327666,2097152,,Zstd,blake3
2,10,2026-03-11T12:20:08.358003Z,elea,0.1.1,ef66ed9,add,f5.bin,add_file_total,11.520667,2097152,,Zstd,blake3
2,10,2026-03-11T12:20:08.358043Z,elea,0.1.1,ef66ed9,add,f4.bin,add_file_total,11.547666999999999,2097152,,Zstd,blake3
2,10,2026-03-11T12:20:08.358073Z,elea,0.1.1,ef66ed9,add,f1.bin,add_file_total,11.613375,2097152,,Zstd,blake3
2,10,2026-03-11T12:20:08.35812Z,elea,0.1.1,ef66ed9,add,,add_total,11.701958,,5,Zstd,blake3
1,8,2026-03-11T12:20:08.397161Z,elea,0.1.1,ef66ed9,hash,f3.bin,hash,0.6072500000000001,1048576,,,blake3
1,8,2026-03-11T12:20:08.397144Z,elea,0.1.1,ef66ed9,hash,f5.bin,hash,0.6002919999999999,1048576,,,blake3
1,8,2026-03-11T12:20:08.397079Z,elea,0.1.1,ef66ed9,hash,f1.bin,hash,0.597459,1048576,,,blake3
1,8,2026-03-11T12:20:08.397135Z,elea,0.1.1,ef66ed9,hash,f2.bin,hash,0.61,1048576,,,blake3
1,8,2026-03-11T12:20:08.397115Z,elea,0.1.1,ef66ed9,hash,f4.bin,hash,0.610333,1048576,,,blake3
1,8,2026-03-11T12:20:08.401466Z,elea,0.1.1,ef66ed9,add,f3.bin,backend_store,2.814833,1048576,,Zstd,blake3
1,8,2026-03-11T12:20:08.401677Z,elea,0.1.1,ef66ed9,add,f3.bin,add_file_total,5.2052499999999995,1048576,,Zstd,blake3
1,8,2026-03-11T12:20:08.401843Z,elea,0.1.1,ef66ed9,add,f2.bin,backend_store,3.11775,1048576,,Zstd,blake3
1,8,2026-03-11T12:20:08.401935Z,elea,0.1.1,ef66ed9,add,f5.bin,backend_store,3.262333,1048576,,Zstd,blake3
1,8,2026-03-11T12:20:08.401959Z,elea,0.1.1,ef66ed9,add,f4.bin,backend_store,3.12575,1048576,,Zstd,blake3
1,8,2026-03-11T12:20:08.401985Z,elea,0.1.1,ef66ed9,add,f2.bin,add_file_total,5.513083,1048576,,Zstd,blake3
1,8,2026-03-11T12:20:08.40202Z,elea,0.1.1,ef66ed9,add,f1.bin,backend_store,3.3171250000000003,1048576,,Zstd,blake3
1,8,2026-03-11T12:20:08.402216Z,elea,0.1.1,ef66ed9,add,f5.bin,add_file_total,5.743792,1048576,,Zstd,blake3
1,8,2026-03-11T12:20:08.402261Z,elea,0.1.1,ef66ed9,add,f4.bin,add_file_total,5.790458,1048576,,Zstd,blake3
1,8,2026-03-11T12:20:08.402291Z,elea,0.1.1,ef66ed9,add,f1.bin,add_file_total,5.845417,1048576,,Zstd,blake3
1,8,2026-03-11T12:20:08.402333Z,elea,0.1.1,ef66ed9,add,,add_total,5.924208,,5,Zstd,blake3
5,20,2026-03-11T12:20:08.511101Z,elea,0.1.1,ef66ed9,hash,f2.bin,hash,2.873125,5242880,,,blake3
5,20,2026-03-11T12:20:08.511134Z,elea,0.1.1,ef66ed9,hash,f3.bin,hash,2.9412499999999997,5242880,,,blake3
5,20,2026-03-11T12:20:08.510998Z,elea,0.1.1,ef66ed9,hash,f5.bin,hash,2.848625,5242880,,,blake3
5,20,2026-03-11T12:20:08.51112Z,elea,0.1.1,ef66ed9,hash,f4.bin,hash,2.935708,5242880,,,blake3
5,20,2026-03-11T12:20:08.511085Z,elea,0.1.1,ef66ed9,hash,f1.bin,hash,2.9220829999999998,5242880,,,blake3
5,20,2026-03-11T12:20:08.526378Z,elea,0.1.1,ef66ed9,add,f5.bin,backend_store,13.447042,5242880,,Zstd,blake3
5,20,2026-03-11T12:20:08.526493Z,elea,0.1.1,ef66ed9,add,f4.bin,backend_store,13.530166999999999,5242880,,Zstd,blake3
5,20,2026-03-11T12:20:08.526592Z,elea,0.1.1,ef66ed9,add,f2.bin,backend_store,13.71325,5242880,,Zstd,blake3
5,20,2026-03-11T12:20:08.526703Z,elea,0.1.1,ef66ed9,add,f1.bin,backend_store,13.636958,5242880,,Zstd,blake3
5,20,2026-03-11T12:20:08.526741Z,elea,0.1.1,ef66ed9,add,f5.bin,add_file_total,18.628249999999998,5242880,,Zstd,blake3
5,20,2026-03-11T12:20:08.52677Z,elea,0.1.1,ef66ed9,add,f3.bin,backend_store,13.873541,5242880,,Zstd,blake3
5,20,2026-03-11T12:20:08.528879Z,elea,0.1.1,ef66ed9,add,f4.bin,add_file_total,20.753708,5242880,,Zstd,blake3
5,20,2026-03-11T12:20:08.528923Z,elea,0.1.1,ef66ed9,add,f2.bin,add_file_total,20.761917,5242880,,Zstd,blake3
5,20,2026-03-11T12:20:08.528968Z,elea,0.1.1,ef66ed9,add,f1.bin,add_file_total,20.846125,5242880,,Zstd,blake3
5,20,2026-03-11T12:20:08.52902Z,elea,0.1.1,ef66ed9,add,f3.bin,add_file_total,20.89325,5242880,,Zstd,blake3
5,20,2026-03-11T12:20:08.52908Z,elea,0.1.1,ef66ed9,add,,add_total,21.005584000000002,,5,Zstd,blake3
50,8,2026-03-11T12:20:09.181299Z,elea,0.1.1,ef66ed9,hash,f5.bin,hash,29.099625,52428800,,,blake3
50,8,2026-03-11T12:20:09.18105Z,elea,0.1.1,ef66ed9,hash,f2.bin,hash,28.776042,52428800,,,blake3
50,8,2026-03-11T12:20:09.181308Z,elea,0.1.1,ef66ed9,hash,f1.bin,hash,29.064041999999997,52428800,,,blake3
50,8,2026-03-11T12:20:09.181546Z,elea,0.1.1,ef66ed9,hash,f3.bin,hash,29.346375000000002,52428800,,,blake3
50,8,2026-03-11T12:20:09.181283Z,elea,0.1.1,ef66ed9,hash,f4.bin,hash,29.089,52428800,,,blake3
50,8,2026-03-11T12:20:09.338106Z,elea,0.1.1,ef66ed9,add,f2.bin,backend_store,155.117041,52428800,,Zstd,blake3
50,8,2026-03-11T12:20:09.338133Z,elea,0.1.1,ef66ed9,add,f1.bin,backend_store,155.115959,52428800,,Zstd,blake3
50,8,2026-03-11T12:20:09.338332Z,elea,0.1.1,ef66ed9,add,f2.bin,add_file_total,186.126083,52428800,,Zstd,blake3
50,8,2026-03-11T12:20:09.338387Z,elea,0.1.1,ef66ed9,add,f1.bin,add_file_total,186.21550000000002,52428800,,Zstd,blake3
50,8,2026-03-11T12:20:09.339072Z,elea,0.1.1,ef66ed9,add,f5.bin,backend_store,156.10733299999998,52428800,,Zstd,blake3
50,8,2026-03-11T12:20:09.339224Z,elea,0.1.1,ef66ed9,add,f5.bin,add_file_total,187.082958,52428800,,Zstd,blake3
50,8,2026-03-11T12:20:09.339384Z,elea,0.1.1,ef66ed9,add,f3.bin,backend_store,156.334208,52428800,,Zstd,blake3
50,8,2026-03-11T12:20:09.339536Z,elea,0.1.1,ef66ed9,add,f3.bin,add_file_total,187.366209,52428800,,Zstd,blake3
50,8,2026-03-11T12:20:09.339898Z,elea,0.1.1,ef66ed9,add,f4.bin,backend_store,156.69108300000002,52428800,,Zstd,blake3
50,8,2026-03-11T12:20:09.34001Z,elea,0.1.1,ef66ed9,add,f4.bin,add_file_total,187.842083,52428800,,Zstd,blake3
50,8,2026-03-11T12:20:09.340094Z,elea,0.1.1,ef66ed9,add,,add_total,187.982125,,5,Zstd,blake3
2,5,2026-03-11T12:20:09.392955Z,elea,0.1.1,ef66ed9,hash,f2.bin,hash,1.182125,2097152,,,blake3
2,5,2026-03-11T12:20:09.392965Z,elea,0.1.1,ef66ed9,hash,f4.bin,hash,1.1820419999999998,2097152,,,blake3
2,5,2026-03-11T12:20:09.392976Z,elea,0.1.1,ef66ed9,hash,f5.bin,hash,1.17425,2097152,,,blake3
2,5,2026-03-11T12:20:09.392987Z,elea,0.1.1,ef66ed9,hash,f1.bin,hash,1.156917,2097152,,,blake3
2,5,2026-03-11T12:20:09.392944Z,elea,0.1.1,ef66ed9,hash,f3.bin,hash,1.19075,2097152,,,blake3
2,5,2026-03-11T12:20:09.400685Z,elea,0.1.1,ef66ed9,add,f4.bin,backend_store,6.320250000000001,2097152,,Zstd,blake3
2,5,2026-03-11T12:20:09.400711Z,elea,0.1.1,ef66ed9,add,f2.bin,backend_store,6.361292,2097152,,Zstd,blake3
2,5,2026-03-11T12:20:09.400752Z,elea,0.1.1,ef66ed9,add,f1.bin,backend_store,6.3386249999999995,2097152,,Zstd,blake3
2,5,2026-03-11T12:20:09.400797Z,elea,0.1.1,ef66ed9,add,f5.bin,backend_store,6.41225,2097152,,Zstd,blake3
2,5,2026-03-11T12:20:09.400804Z,elea,0.1.1,ef66ed9,add,f3.bin,backend_store,6.286708,2097152,,Zstd,blake3
2,5,2026-03-11T12:20:09.400883Z,elea,0.1.1,ef66ed9,add,f4.bin,add_file_total,9.143625,2097152,,Zstd,blake3
2,5,2026-03-11T12:20:09.401477Z,elea,0.1.1,ef66ed9,add,f2.bin,add_file_total,9.74,2097152,,Zstd,blake3
2,5,2026-03-11T12:20:09.401582Z,elea,0.1.1,ef66ed9,add,f1.bin,add_file_total,9.830584,2097152,,Zstd,blake3
2,5,2026-03-11T12:20:09.40162Z,elea,0.1.1,ef66ed9,add,f5.bin,add_file_total,9.877458,2097152,,Zstd,blake3
2,5,2026-03-11T12:20:09.401661Z,elea,0.1.1,ef66ed9,add,f3.bin,add_file_total,9.940458,2097152,,Zstd,blake3
2,5,2026-03-11T12:20:09.401704Z,elea,0.1.1,ef66ed9,add,,add_total,10.012083,,5,Zstd,blake3
2,14,2026-03-11T12:20:09.452569Z,elea,0.1.1,ef66ed9,hash,f4.bin,hash,1.199333,2097152,,,blake3
2,14,2026-03-11T12:20:09.45255Z,elea,0.1.1,ef66ed9,hash,f1.bin,hash,1.201542,2097152,,,blake3
2,14,2026-03-11T12:20:09.452528Z,elea,0.1.1,ef66ed9,hash,f3.bin,hash,1.153625,2097152,,,blake3
2,14,2026-03-11T12:20:09.452586Z,elea,0.1.1,ef66ed9,hash,f2.bin,hash,1.199916,2097152,,,blake3
2,14,2026-03-11T12:20:09.452561Z,elea,0.1.1,ef66ed9,hash,f5.bin,hash,1.1864169999999998,2097152,,,blake3
2,14,2026-03-11T12:20:09.46201Z,elea,0.1.1,ef66ed9,add,f1.bin,backend_store,7.827292,2097152,,Zstd,blake3
2,14,2026-03-11T12:20:09.462096Z,elea,0.1.1,ef66ed9,add,f5.bin,backend_store,7.72475,2097152,,Zstd,blake3
2,14,2026-03-11T12:20:09.462255Z,elea,0.1.1,ef66ed9,add,f1.bin,add_file_total,10.941208,2097152,,Zstd,blake3
2,14,2026-03-11T12:20:09.462336Z,elea,0.1.1,ef66ed9,add,f4.bin,backend_store,8.171416,2097152,,Zstd,blake3
2,14,2026-03-11T12:20:09.462485Z,elea,0.1.1,ef66ed9,add,f5.bin,add_file_total,11.146457999999999,2097152,,Zstd,blake3
2,14,2026-03-11T12:20:09.462508Z,elea,0.1.1,ef66ed9,add,f3.bin,backend_store,8.298708999999999,2097152,,Zstd,blake3
2,14,2026-03-11T12:20:09.46253Z,elea,0.1.1,ef66ed9,add,f2.bin,backend_store,8.286792,2097152,,Zstd,blake3
2,14,2026-03-11T12:20:09.462945Z,elea,0.1.1,ef66ed9,add,f4.bin,add_file_total,11.602542,2097152,,Zstd,blake3
2,14,2026-03-11T12:20:09.462982Z,elea,0.1.1,ef66ed9,add,f3.bin,add_file_total,11.625207999999999,2097152,,Zstd,blake3
2,14,2026-03-11T12:20:09.463017Z,elea,0.1.1,ef66ed9,add,f2.bin,add_file_total,11.676,2097152,,Zstd,blake3
2,14,2026-03-11T12:20:09.463072Z,elea,0.1.1,ef66ed9,add,,add_total,11.794374999999999,,5,Zstd,blake3
50,23,2026-03-11T12:20:10.127516Z,elea,0.1.1,ef66ed9,hash,f5.bin,hash,29.4775,52428800,,,blake3
50,23,2026-03-11T12:20:10.127157Z,elea,0.1.1,ef66ed9,hash,f1.bin,hash,29.141750000000002,52428800,,,blake3
50,23,2026-03-11T12:20:10.126806Z,elea,0.1.1,ef66ed9,hash,f4.bin,hash,28.802167,52428800,,,blake3
50,23,2026-03-11T12:20:10.127356Z,elea,0.1.1,ef66ed9,hash,f3.bin,hash,29.386916999999997,52428800,,,blake3
50,23,2026-03-11T12:20:10.127026Z,elea,0.1.1,ef66ed9,hash,f2.bin,hash,29.044,52428800,,,blake3
50,23,2026-03-11T12:20:10.281651Z,elea,0.1.1,ef66ed9,add,f5.bin,backend_store,152.738292,52428800,,Zstd,blake3
50,23,2026-03-11T12:20:10.282052Z,elea,0.1.1,ef66ed9,add,f5.bin,add_file_total,184.096417,52428800,,Zstd,blake3
50,23,2026-03-11T12:20:10.286658Z,elea,0.1.1,ef66ed9,add,f4.bin,backend_store,157.71320799999998,52428800,,Zstd,blake3
50,23,2026-03-11T12:20:10.286766Z,elea,0.1.1,ef66ed9,add,f1.bin,backend_store,157.828958,52428800,,Zstd,blake3
50,23,2026-03-11T12:20:10.286872Z,elea,0.1.1,ef66ed9,add,f4.bin,add_file_total,188.93083299999998,52428800,,Zstd,blake3
50,23,2026-03-11T12:20:10.286933Z,elea,0.1.1,ef66ed9,add,f3.bin,backend_store,157.952958,52428800,,Zstd,blake3
50,23,2026-03-11T12:20:10.287124Z,elea,0.1.1,ef66ed9,add,f1.bin,add_file_total,189.177709,52428800,,Zstd,blake3
50,23,2026-03-11T12:20:10.287168Z,elea,0.1.1,ef66ed9,add,f3.bin,add_file_total,189.243625,52428800,,Zstd,blake3
50,23,2026-03-11T12:20:10.287422Z,elea,0.1.1,ef66ed9,add,f2.bin,backend_store,158.414791,52428800,,Zstd,blake3
50,23,2026-03-11T12:20:10.287567Z,elea,0.1.1,ef66ed9,add,f2.bin,add_file_total,189.632458,52428800,,Zstd,blake3
50,23,2026-03-11T12:20:10.287671Z,elea,0.1.1,ef66ed9,add,,add_total,189.791459,,5,Zstd,blake3
5,11,2026-03-11T12:20:10.38559Z,elea,0.1.1,ef66ed9,hash,f1.bin,hash,3.034084,5242880,,,blake3
5,11,2026-03-11T12:20:10.385715Z,elea,0.1.1,ef66ed9,hash,f2.bin,hash,3.085916,5242880,,,blake3
5,11,2026-03-11T12:20:10.385685Z,elea,0.1.1,ef66ed9,hash,f3.bin,hash,3.0775419999999998,5242880,,,blake3
5,11,2026-03-11T12:20:10.385666Z,elea,0.1.1,ef66ed9,hash,f4.bin,hash,3.0776250000000003,5242880,,,blake3
5,11,2026-03-11T12:20:10.385546Z,elea,0.1.1,ef66ed9,hash,f5.bin,hash,2.9736659999999997,5242880,,,blake3
5,11,2026-03-11T12:20:10.40266Z,elea,0.1.1,ef66ed9,add,f1.bin,backend_store,15.11875,5242880,,Zstd,blake3
5,11,2026-03-11T12:20:10.403076Z,elea,0.1.1,ef66ed9,add,f1.bin,add_file_total,20.554584000000002,5242880,,Zstd,blake3
5,11,2026-03-11T12:20:10.403165Z,elea,0.1.1,ef66ed9,add,f3.bin,backend_store,15.559292000000001,5242880,,Zstd,blake3
5,11,2026-03-11T12:20:10.403282Z,elea,0.1.1,ef66ed9,add,f4.bin,backend_store,15.679666,5242880,,Zstd,blake3
5,11,2026-03-11T12:20:10.403356Z,elea,0.1.1,ef66ed9,add,f5.bin,backend_store,15.715416999999999,5242880,,Zstd,blake3
5,11,2026-03-11T12:20:10.403528Z,elea,0.1.1,ef66ed9,add,f2.bin,backend_store,15.977042,5242880,,Zstd,blake3
5,11,2026-03-11T12:20:10.403751Z,elea,0.1.1,ef66ed9,add,f3.bin,add_file_total,21.202209,5242880,,Zstd,blake3
5,11,2026-03-11T12:20:10.40519Z,elea,0.1.1,ef66ed9,add,f4.bin,add_file_total,22.643375,5242880,,Zstd,blake3
5,11,2026-03-11T12:20:10.405252Z,elea,0.1.1,ef66ed9,add,f5.bin,add_file_total,22.705959,5242880,,Zstd,blake3
5,11,2026-03-11T12:20:10.405303Z,elea,0.1.1,ef66ed9,add,f2.bin,add_file_total,22.756208,5242880,,Zstd,blake3
5,11,2026-03-11T12:20:10.405381Z,elea,0.1.1,ef66ed9,add,,add_total,22.896667,,5,Zstd,blake3
50,3,2026-03-11T12:20:11.074143Z,elea,0.1.1,ef66ed9,hash,f2.bin,hash,29.459125,52428800,,,blake3
50,3,2026-03-11T12:20:11.074326Z,elea,0.1.1,ef66ed9,hash,f5.bin,hash,29.617250000000002,52428800,,,blake3
50,3,2026-03-11T12:20:11.074432Z,elea,0.1.1,ef66ed9,hash,f1.bin,hash,29.713667,52428800,,,blake3
50,3,2026-03-11T12:20:11.074648Z,elea,0.1.1,ef66ed9,hash,f4.bin,hash,29.955208,52428800,,,blake3
50,3,2026-03-11T12:20:11.074078Z,elea,0.1.1,ef66ed9,hash,f3.bin,hash,29.334708000000003,52428800,,,blake3
50,3,2026-03-11T12:20:11.324603Z,elea,0.1.1,ef66ed9,add,f2.bin,backend_store,248.695166,52428800,,Zstd,blake3
50,3,2026-03-11T12:20:11.325516Z,elea,0.1.1,ef66ed9,add,f4.bin,backend_store,249.552209,52428800,,Zstd,blake3
50,3,2026-03-11T12:20:11.325684Z,elea,0.1.1,ef66ed9,add,f3.bin,backend_store,249.638375,52428800,,Zstd,blake3
50,3,2026-03-11T12:20:11.327784Z,elea,0.1.1,ef66ed9,add,f2.bin,add_file_total,283.1275,52428800,,Zstd,blake3
50,3,2026-03-11T12:20:11.327825Z,elea,0.1.1,ef66ed9,add,f5.bin,backend_store,251.922125,52428800,,Zstd,blake3
50,3,2026-03-11T12:20:11.327928Z,elea,0.1.1,ef66ed9,add,f3.bin,add_file_total,283.22170800000004,52428800,,Zstd,blake3
50,3,2026-03-11T12:20:11.328017Z,elea,0.1.1,ef66ed9,add,f4.bin,add_file_total,283.328167,52428800,,Zstd,blake3
50,3,2026-03-11T12:20:11.328119Z,elea,0.1.1,ef66ed9,add,f5.bin,add_file_total,283.425541,52428800,,Zstd,blake3
50,3,2026-03-11T12:20:11.328758Z,elea,0.1.1,ef66ed9,add,f1.bin,backend_store,252.80425,52428800,,Zstd,blake3
50,3,2026-03-11T12:20:11.328905Z,elea,0.1.1,ef66ed9,add,f1.bin,add_file_total,284.21299999999997,52428800,,Zstd,blake3
50,3,2026-03-11T12:20:11.329095Z,elea,0.1.1,ef66ed9,add,,add_total,284.473459,,5,Zstd,blake3
10,13,2026-03-11T12:20:11.508656Z,elea,0.1.1,ef66ed9,hash,f4.bin,hash,19.121458,10485760,,,blake3
10,13,2026-03-11T12:20:11.508536Z,elea,0.1.1,ef66ed9,hash,f5.bin,hash,19.065875,10485760,,,blake3
10,13,2026-03-11T12:20:11.508926Z,elea,0.1.1,ef66ed9,hash,f1.bin,hash,19.410292,10485760,,,blake3
10,13,2026-03-11T12:20:11.508617Z,elea,0.1.1,ef66ed9,hash,f2.bin,hash,19.117915999999997,10485760,,,blake3
10,13,2026-03-11T12:20:11.508627Z,elea,0.1.1,ef66ed9,hash,f3.bin,hash,19.135375,10485760,,,blake3
10,13,2026-03-11T12:20:11.537927Z,elea,0.1.1,ef66ed9,add,f5.bin,backend_store,27.651709,10485760,,Zstd,blake3
10,13,2026-03-11T12:20:11.537932Z,elea,0.1.1,ef66ed9,add,f1.bin,backend_store,27.636917,10485760,,Zstd,blake3
10,13,2026-03-11T12:20:11.538005Z,elea,0.1.1,ef66ed9,add,f4.bin,backend_store,27.75,10485760,,Zstd,blake3
10,13,2026-03-11T12:20:11.538044Z,elea,0.1.1,ef66ed9,add,f2.bin,backend_store,27.702958,10485760,,Zstd,blake3
10,13,2026-03-11T12:20:11.538077Z,elea,0.1.1,ef66ed9,add,f3.bin,backend_store,27.69125,10485760,,Zstd,blake3
10,13,2026-03-11T12:20:11.538157Z,elea,0.1.1,ef66ed9,add,f5.bin,add_file_total,48.733667000000004,10485760,,Zstd,blake3
10,13,2026-03-11T12:20:11.538606Z,elea,0.1.1,ef66ed9,add,f4.bin,add_file_total,49.156,10485760,,Zstd,blake3
10,13,2026-03-11T12:20:11.538883Z,elea,0.1.1,ef66ed9,add,f2.bin,add_file_total,49.443625,10485760,,Zstd,blake3
10,13,2026-03-11T12:20:11.538936Z,elea,0.1.1,ef66ed9,add,f3.bin,add_file_total,49.498542,10485760,,Zstd,blake3
10,13,2026-03-11T12:20:11.538989Z,elea,0.1.1,ef66ed9,add,f1.bin,add_file_total,49.546917,10485760,,Zstd,blake3
10,13,2026-03-11T12:20:11.539058Z,elea,0.1.1,ef66ed9,add,,add_total,49.664291,,5,Zstd,blake3
2,13,2026-03-11T12:20:11.587698Z,elea,0.1.1,ef66ed9,hash,f3.bin,hash,1.178584,2097152,,,blake3
2,13,2026-03-11T12:20:11.587723Z,elea,0.1.1,ef66ed9,hash,f1.bin,hash,1.187292,2097152,,,blake3
2,13,2026-03-11T12:20:11.587689Z,elea,0.1.1,ef66ed9,hash,f4.bin,hash,1.17925,2097152,,,blake3
2,13,2026-03-11T12:20:11.587717Z,elea,0.1.1,ef66ed9,hash,f2.bin,hash,1.1881249999999999,2097152,,,blake3
2,13,2026-03-11T12:20:11.587668Z,elea,0.1.1,ef66ed9,hash,f5.bin,hash,1.167333,2097152,,,blake3
2,13,2026-03-11T12:20:11.595262Z,elea,0.1.1,ef66ed9,add,f3.bin,backend_store,5.983959,2097152,,Zstd,blake3
2,13,2026-03-11T12:20:11.59541Z,elea,0.1.1,ef66ed9,add,f2.bin,backend_store,6.068874999999999,2097152,,Zstd,blake3
2,13,2026-03-11T12:20:11.595494Z,elea,0.1.1,ef66ed9,add,f3.bin,add_file_total,9.009959,2097152,,Zstd,blake3
2,13,2026-03-11T12:20:11.595512Z,elea,0.1.1,ef66ed9,add,f1.bin,backend_store,6.222666,2097152,,Zstd,blake3
2,13,2026-03-11T12:20:11.595526Z,elea,0.1.1,ef66ed9,add,f4.bin,backend_store,6.209458000000001,2097152,,Zstd,blake3
2,13,2026-03-11T12:20:11.595651Z,elea,0.1.1,ef66ed9,add,f5.bin,backend_store,6.289375,2097152,,Zstd,blake3
2,13,2026-03-11T12:20:11.596197Z,elea,0.1.1,ef66ed9,add,f2.bin,add_file_total,9.707708,2097152,,Zstd,blake3
2,13,2026-03-11T12:20:11.596236Z,elea,0.1.1,ef66ed9,add,f1.bin,add_file_total,9.750042,2097152,,Zstd,blake3
2,13,2026-03-11T12:20:11.596278Z,elea,0.1.1,ef66ed9,add,f4.bin,add_file_total,9.795625000000001,2097152,,Zstd,blake3
2,13,2026-03-11T12:20:11.59631Z,elea,0.1.1,ef66ed9,add,f5.bin,add_file_total,9.846292,2097152,,Zstd,blake3
2,13,2026-03-11T12:20:11.596363Z,elea,0.1.1,ef66ed9,add,,add_total,9.920584,,5,Zstd,blake3
10,10,2026-03-11T12:20:11.743693Z,elea,0.1.1,ef66ed9,hash,f3.bin,hash,5.839916,10485760,,,blake3
10,10,2026-03-11T12:20:11.743617Z,elea,0.1.1,ef66ed9,hash,f5.bin,hash,5.7265,10485760,,,blake3
10,10,2026-03-11T12:20:11.743745Z,elea,0.1.1,ef66ed9,hash,f4.bin,hash,5.876208,10485760,,,blake3
10,10,2026-03-11T12:20:11.743662Z,elea,0.1.1,ef66ed9,hash,f2.bin,hash,5.823666,10485760,,,blake3
10,10,2026-03-11T12:20:11.743732Z,elea,0.1.1,ef66ed9,hash,f1.bin,hash,5.830958,10485760,,,blake3
10,10,2026-03-11T12:20:11.770264Z,elea,0.1.1,ef66ed9,add,f4.bin,backend_store,24.729,10485760,,Zstd,blake3
10,10,2026-03-11T12:20:11.770549Z,elea,0.1.1,ef66ed9,add,f4.bin,add_file_total,32.735915999999996,10485760,,Zstd,blake3
10,10,2026-03-11T12:20:11.770686Z,elea,0.1.1,ef66ed9,add,f1.bin,backend_store,25.090083,10485760,,Zstd,blake3
10,10,2026-03-11T12:20:11.770841Z,elea,0.1.1,ef66ed9,add,f1.bin,add_file_total,33.026208000000004,10485760,,Zstd,blake3
10,10,2026-03-11T12:20:11.771862Z,elea,0.1.1,ef66ed9,add,f3.bin,backend_store,26.374208,10485760,,Zstd,blake3
10,10,2026-03-11T12:20:11.772008Z,elea,0.1.1,ef66ed9,add,f3.bin,add_file_total,34.20075,10485760,,Zstd,blake3
10,10,2026-03-11T12:20:11.772307Z,elea,0.1.1,ef66ed9,add,f2.bin,backend_store,26.743708,10485760,,Zstd,blake3
10,10,2026-03-11T12:20:11.772424Z,elea,0.1.1,ef66ed9,add,f2.bin,add_file_total,34.621832999999995,10485760,,Zstd,blake3
10,10,2026-03-11T12:20:11.772465Z,elea,0.1.1,ef66ed9,add,f5.bin,backend_store,26.939125,10485760,,Zstd,blake3
10,10,2026-03-11T12:20:11.772689Z,elea,0.1.1,ef66ed9,add,f5.bin,add_file_total,34.87075,10485760,,Zstd,blake3
10,10,2026-03-11T12:20:11.772761Z,elea,0.1.1,ef66ed9,add,,add_total,34.990042,,5,Zstd,blake3
1,16,2026-03-11T12:20:11.809623Z,elea,0.1.1,ef66ed9,hash,f5.bin,hash,0.5942080000000001,1048576,,,blake3
1,16,2026-03-11T12:20:11.809604Z,elea,0.1.1,ef66ed9,hash,f1.bin,hash,0.602,1048576,,,blake3
1,16,2026-03-11T12:20:11.809593Z,elea,0.1.1,ef66ed9,hash,f3.bin,hash,0.6006250000000001,1048576,,,blake3
1,16,2026-03-11T12:20:11.809616Z,elea,0.1.1,ef66ed9,hash,f2.bin,hash,0.5975,1048576,,,blake3
1,16,2026-03-11T12:20:11.809584Z,elea,0.1.1,ef66ed9,hash,f4.bin,hash,0.601042,1048576,,,blake3
1,16,2026-03-11T12:20:11.813748Z,elea,0.1.1,ef66ed9,add,f5.bin,backend_store,2.695,1048576,,Zstd,blake3
1,16,2026-03-11T12:20:11.813903Z,elea,0.1.1,ef66ed9,add,f5.bin,add_file_total,4.9375,1048576,,Zstd,blake3
1,16,2026-03-11T12:20:11.813931Z,elea,0.1.1,ef66ed9,add,f2.bin,backend_store,2.820084,1048576,,Zstd,blake3
1,16,2026-03-11T12:20:11.813956Z,elea,0.1.1,ef66ed9,add,f1.bin,backend_store,2.887417,1048576,,Zstd,blake3
1,16,2026-03-11T12:20:11.814029Z,elea,0.1.1,ef66ed9,add,f3.bin,backend_store,2.944459,1048576,,Zstd,blake3
1,16,2026-03-11T12:20:11.814052Z,elea,0.1.1,ef66ed9,add,f4.bin,backend_store,2.921958,1048576,,Zstd,blake3
1,16,2026-03-11T12:20:11.814074Z,elea,0.1.1,ef66ed9,add,f2.bin,add_file_total,5.106625,1048576,,Zstd,blake3
1,16,2026-03-11T12:20:11.814248Z,elea,0.1.1,ef66ed9,add,f1.bin,add_file_total,5.2833749999999995,1048576,,Zstd,blake3
1,16,2026-03-11T12:20:11.814279Z,elea,0.1.1,ef66ed9,add,f3.bin,add_file_total,5.3155,1048576,,Zstd,blake3
1,16,2026-03-11T12:20:11.814309Z,elea,0.1.1,ef66ed9,add,f4.bin,add_file_total,5.357417,1048576,,Zstd,blake3
1,16,2026-03-11T12:20:11.814352Z,elea,0.1.1,ef66ed9,add,,add_total,5.43575,,5,Zstd,blake3
2,2,2026-03-11T12:20:11.864004Z,elea,0.1.1,ef66ed9,hash,f2.bin,hash,1.220416,2097152,,,blake3
2,2,2026-03-11T12:20:11.864029Z,elea,0.1.1,ef66ed9,hash,f3.bin,hash,1.193417,2097152,,,blake3
2,2,2026-03-11T12:20:11.86397Z,elea,0.1.1,ef66ed9,hash,f5.bin,hash,1.209208,2097152,,,blake3
2,2,2026-03-11T12:20:11.864018Z,elea,0.1.1,ef66ed9,hash,f1.bin,hash,1.232375,2097152,,,blake3
2,2,2026-03-11T12:20:11.863957Z,elea,0.1.1,ef66ed9,hash,f4.bin,hash,1.215334,2097152,,,blake3
2,2,2026-03-11T12:20:11.874904Z,elea,0.1.1,ef66ed9,add,f2.bin,backend_store,9.389208,2097152,,Zstd,blake3
2,2,2026-03-11T12:20:11.874913Z,elea,0.1.1,ef66ed9,add,f3.bin,backend_store,9.379333,2097152,,Zstd,blake3
2,2,2026-03-11T12:20:11.875022Z,elea,0.1.1,ef66ed9,add,f4.bin,backend_store,9.429,2097152,,Zstd,blake3
2,2,2026-03-11T12:20:11.875032Z,elea,0.1.1,ef66ed9,add,f1.bin,backend_store,9.458582999999999,2097152,,Zstd,blake3
2,2,2026-03-11T12:20:11.87504Z,elea,0.1.1,ef66ed9,add,f5.bin,backend_store,9.488584,2097152,,Zstd,blake3
2,2,2026-03-11T12:20:11.875185Z,elea,0.1.1,ef66ed9,add,f3.bin,add_file_total,12.437,2097152,,Zstd,blake3
2,2,2026-03-11T12:20:11.875758Z,elea,0.1.1,ef66ed9,add,f2.bin,add_file_total,13.043875,2097152,,Zstd,blake3
2,2,2026-03-11T12:20:11.8758Z,elea,0.1.1,ef66ed9,add,f5.bin,add_file_total,13.064209,2097152,,Zstd,blake3
2,2,2026-03-11T12:20:11.875839Z,elea,0.1.1,ef66ed9,add,f1.bin,add_file_total,13.125292,2097152,,Zstd,blake3
2,2,2026-03-11T12:20:11.875878Z,elea,0.1.1,ef66ed9,add,f4.bin,add_file_total,13.169083,2097152,,Zstd,blake3
2,2,2026-03-11T12:20:11.875931Z,elea,0.1.1,ef66ed9,add,,add_total,13.255917,,5,Zstd,blake3
5,24,2026-03-11T12:20:11.982724Z,elea,0.1.1,ef66ed9,hash,f3.bin,hash,2.918917,5242880,,,blake3
5,24,2026-03-11T12:20:11.982746Z,elea,0.1.1,ef66ed9,hash,f5.bin,hash,2.914834,5242880,,,blake3
5,24,2026-03-11T12:20:11.982736Z,elea,0.1.1,ef66ed9,hash,f2.bin,hash,2.961166,5242880,,,blake3
5,24,2026-03-11T12:20:11.982931Z,elea,0.1.1,ef66ed9,hash,f1.bin,hash,3.172583,5242880,,,blake3
5,24,2026-03-11T12:20:11.982707Z,elea,0.1.1,ef66ed9,hash,f4.bin,hash,2.9170409999999998,5242880,,,blake3
5,24,2026-03-11T12:20:11.99737Z,elea,0.1.1,ef66ed9,add,f3.bin,backend_store,12.890875,5242880,,Zstd,blake3
5,24,2026-03-11T12:20:11.997495Z,elea,0.1.1,ef66ed9,add,f2.bin,backend_store,12.98925,5242880,,Zstd,blake3
5,24,2026-03-11T12:20:11.997605Z,elea,0.1.1,ef66ed9,add,f3.bin,add_file_total,17.860709,5242880,,Zstd,blake3
5,24,2026-03-11T12:20:11.997629Z,elea,0.1.1,ef66ed9,add,f1.bin,backend_store,13.085083000000001,5242880,,Zstd,blake3
5,24,2026-03-11T12:20:11.997686Z,elea,0.1.1,ef66ed9,add,f4.bin,backend_store,13.051416,5242880,,Zstd,blake3
5,24,2026-03-11T12:20:11.997847Z,elea,0.1.1,ef66ed9,add,f5.bin,backend_store,13.360666,5242880,,Zstd,blake3
5,24,2026-03-11T12:20:11.99868Z,elea,0.1.1,ef66ed9,add,f2.bin,add_file_total,18.938125,5242880,,Zstd,blake3
5,24,2026-03-11T12:20:11.999001Z,elea,0.1.1,ef66ed9,add,f1.bin,add_file_total,19.282583,5242880,,Zstd,blake3
5,24,2026-03-11T12:20:11.999436Z,elea,0.1.1,ef66ed9,add,f4.bin,add_file_total,19.693333,5242880,,Zstd,blake3
5,24,2026-03-11T12:20:11.999757Z,elea,0.1.1,ef66ed9,add,f5.bin,add_file_total,20.011292,5242880,,Zstd,blake3
5,24,2026-03-11T12:20:11.999828Z,elea,0.1.1,ef66ed9,add,,add_total,20.14225,,5,Zstd,blake3
50,15,2026-03-11T12:20:12.646632Z,elea,0.1.1,ef66ed9,hash,f3.bin,hash,28.940166,52428800,,,blake3
50,15,2026-03-11T12:20:12.646647Z,elea,0.1.1,ef66ed9,hash,f1.bin,hash,28.997417000000002,52428800,,,blake3
50,15,2026-03-11T12:20:12.646849Z,elea,0.1.1,ef66ed9,hash,f2.bin,hash,29.202875,52428800,,,blake3
50,15,2026-03-11T12:20:12.646528Z,elea,0.1.1,ef66ed9,hash,f5.bin,hash,28.907334,52428800,,,blake3
50,15,2026-03-11T12:20:12.646876Z,elea,0.1.1,ef66ed9,hash,f4.bin,hash,29.208875,52428800,,,blake3
50,15,2026-03-11T12:20:12.774338Z,elea,0.1.1,ef66ed9,add,f3.bin,backend_store,126.007208,52428800,,Zstd,blake3
50,15,2026-03-11T12:20:12.77458Z,elea,0.1.1,ef66ed9,add,f3.bin,add_file_total,156.984042,52428800,,Zstd,blake3
50,15,2026-03-11T12:20:12.776981Z,elea,0.1.1,ef66ed9,add,f5.bin,backend_store,128.57387500000002,52428800,,Zstd,blake3
50,15,2026-03-11T12:20:12.77714Z,elea,0.1.1,ef66ed9,add,f5.bin,add_file_total,159.566708,52428800,,Zstd,blake3
50,15,2026-03-11T12:20:12.777614Z,elea,0.1.1,ef66ed9,add,f2.bin,backend_store,129.241584,52428800,,Zstd,blake3
50,15,2026-03-11T12:20:12.777759Z,elea,0.1.1,ef66ed9,add,f2.bin,add_file_total,160.160417,52428800,,Zstd,blake3
50,15,2026-03-11T12:20:12.778258Z,elea,0.1.1,ef66ed9,add,f1.bin,backend_store,129.915542,52428800,,Zstd,blake3
50,15,2026-03-11T12:20:12.778387Z,elea,0.1.1,ef66ed9,add,f1.bin,add_file_total,160.79204099999998,52428800,,Zstd,blake3
50,15,2026-03-11T12:20:12.778652Z,elea,0.1.1,ef66ed9,add,f4.bin,backend_store,130.207042,52428800,,Zstd,blake3
50,15,2026-03-11T12:20:12.778776Z,elea,0.1.1,ef66ed9,add,f4.bin,add_file_total,161.17725,52428800,,Zstd,blake3
50,15,2026-03-11T12:20:12.778838Z,elea,0.1.1,ef66ed9,add,,add_total,161.294292,,5,Zstd,blake3
10,21,2026-03-11T12:20:12.935638Z,elea,0.1.1,ef66ed9,hash,f3.bin,hash,5.992041,10485760,,,blake3
10,21,2026-03-11T12:20:12.935969Z,elea,0.1.1,ef66ed9,hash,f1.bin,hash,6.354958,10485760,,,blake3
10,21,2026-03-11T12:20:12.935524Z,elea,0.1.1,ef66ed9,hash,f2.bin,hash,5.939583,10485760,,,blake3
10,21,2026-03-11T12:20:12.935494Z,elea,0.1.1,ef66ed9,hash,f4.bin,hash,5.87125,10485760,,,blake3
10,21,2026-03-11T12:20:12.935629Z,elea,0.1.1,ef66ed9,hash,f5.bin,hash,5.970625,10485760,,,blake3
10,21,2026-03-11T12:20:12.964Z,elea,0.1.1,ef66ed9,add,f1.bin,backend_store,26.617874999999998,10485760,,Zstd,blake3
10,21,2026-03-11T12:20:12.964213Z,elea,0.1.1,ef66ed9,add,f3.bin,backend_store,26.851042,10485760,,Zstd,blake3
10,21,2026-03-11T12:20:12.964293Z,elea,0.1.1,ef66ed9,add,f1.bin,add_file_total,34.721125,10485760,,Zstd,blake3
10,21,2026-03-11T12:20:12.964424Z,elea,0.1.1,ef66ed9,add,f3.bin,add_file_total,34.851084,10485760,,Zstd,blake3
10,21,2026-03-11T12:20:12.965357Z,elea,0.1.1,ef66ed9,add,f4.bin,backend_store,27.782625,10485760,,Zstd,blake3
10,21,2026-03-11T12:20:12.965521Z,elea,0.1.1,ef66ed9,add,f4.bin,add_file_total,35.947624999999995,10485760,,Zstd,blake3
10,21,2026-03-11T12:20:12.965614Z,elea,0.1.1,ef66ed9,add,f5.bin,backend_store,28.011375,10485760,,Zstd,blake3
10,21,2026-03-11T12:20:12.965747Z,elea,0.1.1,ef66ed9,add,f5.bin,add_file_total,36.173291000000006,10485760,,Zstd,blake3
10,21,2026-03-11T12:20:12.96581Z,elea,0.1.1,ef66ed9,add,f2.bin,backend_store,28.276167,10485760,,Zstd,blake3
10,21,2026-03-11T12:20:12.965942Z,elea,0.1.1,ef66ed9,add,f2.bin,add_file_total,36.396875,10485760,,Zstd,blake3
10,21,2026-03-11T12:20:12.965997Z,elea,0.1.1,ef66ed9,add,,add_total,36.487875,,5,Zstd,blake3
1,1,2026-03-11T12:20:13.004669Z,elea,0.1.1,ef66ed9,hash,f2.bin,hash,0.742625,1048576,,,blake3
1,1,2026-03-11T12:20:13.004617Z,elea,0.1.1,ef66ed9,hash,f4.bin,hash,0.667416,1048576,,,blake3
1,1,2026-03-11T12:20:13.004635Z,elea,0.1.1,ef66ed9,hash,f1.bin,hash,0.666875,1048576,,,blake3
1,1,2026-03-11T12:20:13.004626Z,elea,0.1.1,ef66ed9,hash,f3.bin,hash,0.649208,1048576,,,blake3
1,1,2026-03-11T12:20:13.004606Z,elea,0.1.1,ef66ed9,hash,f5.bin,hash,0.658167,1048576,,,blake3
1,1,2026-03-11T12:20:13.008984Z,elea,0.1.1,ef66ed9,add,f4.bin,backend_store,3.088708,1048576,,Zstd,blake3
1,1,2026-03-11T12:20:13.00899Z,elea,0.1.1,ef66ed9,add,f2.bin,backend_store,3.1233340000000003,1048576,,Zstd,blake3
1,1,2026-03-11T12:20:13.009077Z,elea,0.1.1,ef66ed9,add,f5.bin,backend_store,3.130125,1048576,,Zstd,blake3
1,1,2026-03-11T12:20:13.009088Z,elea,0.1.1,ef66ed9,add,f1.bin,backend_store,3.188084,1048576,,Zstd,blake3
1,1,2026-03-11T12:20:13.009104Z,elea,0.1.1,ef66ed9,add,f3.bin,backend_store,3.181667,1048576,,Zstd,blake3
1,1,2026-03-11T12:20:13.009193Z,elea,0.1.1,ef66ed9,add,f4.bin,add_file_total,5.280417,1048576,,Zstd,blake3
1,1,2026-03-11T12:20:13.009369Z,elea,0.1.1,ef66ed9,add,f2.bin,add_file_total,5.481625,1048576,,Zstd,blake3
1,1,2026-03-11T12:20:13.009404Z,elea,0.1.1,ef66ed9,add,f5.bin,add_file_total,5.493584,1048576,,Zstd,blake3
1,1,2026-03-11T12:20:13.009433Z,elea,0.1.1,ef66ed9,add,f1.bin,add_file_total,5.51775,1048576,,Zstd,blake3
1,1,2026-03-11T12:20:13.009464Z,elea,0.1.1,ef66ed9,add,f3.bin,add_file_total,5.553417,1048576,,Zstd,blake3
1,1,2026-03-11T12:20:13.009526Z,elea,0.1.1,ef66ed9,add,,add_total,5.660333,,5,Zstd,blake3
1,5,2026-03-11T12:20:13.047973Z,elea,0.1.1,ef66ed9,hash,f3.bin,hash,0.622208,1048576,,,blake3
1,5,2026-03-11T12:20:13.047942Z,elea,0.1.1,ef66ed9,hash,f4.bin,hash,0.618,1048576,,,blake3
1,5,2026-03-11T12:20:13.047952Z,elea,0.1.1,ef66ed9,hash,f1.bin,hash,0.6194590000000001,1048576,,,blake3
1,5,2026-03-11T12:20:13.04796Z,elea,0.1.1,ef66ed9,hash,f5.bin,hash,0.6174999999999999,1048576,,,blake3
1,5,2026-03-11T12:20:13.047934Z,elea,0.1.1,ef66ed9,hash,f2.bin,hash,0.61925,1048576,,,blake3
1,5,2026-03-11T12:20:13.052458Z,elea,0.1.1,ef66ed9,add,f4.bin,backend_store,2.952792,1048576,,Zstd,blake3
1,5,2026-03-11T12:20:13.052531Z,elea,0.1.1,ef66ed9,add,f1.bin,backend_store,3.000833,1048576,,Zstd,blake3
1,5,2026-03-11T12:20:13.052599Z,elea,0.1.1,ef66ed9,add,f2.bin,backend_store,3.035167,1048576,,Zstd,blake3
1,5,2026-03-11T12:20:13.052617Z,elea,0.1.1,ef66ed9,add,f4.bin,add_file_total,5.324959,1048576,,Zstd,blake3
1,5,2026-03-11T12:20:13.052638Z,elea,0.1.1,ef66ed9,add,f5.bin,backend_store,3.0972920000000004,1048576,,Zstd,blake3
1,5,2026-03-11T12:20:13.05269Z,elea,0.1.1,ef66ed9,add,f3.bin,backend_store,3.2065420000000002,1048576,,Zstd,blake3
1,5,2026-03-11T12:20:13.052861Z,elea,0.1.1,ef66ed9,add,f1.bin,add_file_total,5.5665000000000004,1048576,,Zstd,blake3
1,5,2026-03-11T12:20:13.052894Z,elea,0.1.1,ef66ed9,add,f2.bin,add_file_total,5.6184590000000005,1048576,,Zstd,blake3
1,5,2026-03-11T12:20:13.052922Z,elea,0.1.1,ef66ed9,add,f5.bin,add_file_total,5.624542,1048576,,Zstd,blake3
1,5,2026-03-11T12:20:13.052961Z,elea,0.1.1,ef66ed9,add,f3.bin,add_file_total,5.6625,1048576,,Zstd,blake3
1,5,2026-03-11T12:20:13.053019Z,elea,0.1.1,ef66ed9,add,,add_total,5.776041,,5,Zstd,blake3
10,23,2026-03-11T12:20:13.212383Z,elea,0.1.1,ef66ed9,hash,f4.bin,hash,5.893333,10485760,,,blake3
10,23,2026-03-11T12:20:13.212361Z,elea,0.1.1,ef66ed9,hash,f5.bin,hash,5.843584,10485760,,,blake3
10,23,2026-03-11T12:20:13.212413Z,elea,0.1.1,ef66ed9,hash,f2.bin,hash,5.844,10485760,,,blake3
10,23,2026-03-11T12:20:13.212403Z,elea,0.1.1,ef66ed9,hash,f1.bin,hash,5.823167,10485760,,,blake3
10,23,2026-03-11T12:20:13.212325Z,elea,0.1.1,ef66ed9,hash,f3.bin,hash,5.822958,10485760,,,blake3
10,23,2026-03-11T12:20:13.239578Z,elea,0.1.1,ef66ed9,add,f4.bin,backend_store,25.280208,10485760,,Zstd,blake3
10,23,2026-03-11T12:20:13.239819Z,elea,0.1.1,ef66ed9,add,f4.bin,add_file_total,33.367374999999996,10485760,,Zstd,blake3
10,23,2026-03-11T12:20:13.240207Z,elea,0.1.1,ef66ed9,add,f1.bin,backend_store,25.838666,10485760,,Zstd,blake3
10,23,2026-03-11T12:20:13.240375Z,elea,0.1.1,ef66ed9,add,f1.bin,add_file_total,33.89575,10485760,,Zstd,blake3
10,23,2026-03-11T12:20:13.240951Z,elea,0.1.1,ef66ed9,add,f3.bin,backend_store,26.555083,10485760,,Zstd,blake3
10,23,2026-03-11T12:20:13.241096Z,elea,0.1.1,ef66ed9,add,f3.bin,add_file_total,34.626667,10485760,,Zstd,blake3
10,23,2026-03-11T12:20:13.24142Z,elea,0.1.1,ef66ed9,add,f5.bin,backend_store,27.098791000000002,10485760,,Zstd,blake3
10,23,2026-03-11T12:20:13.241549Z,elea,0.1.1,ef66ed9,add,f5.bin,add_file_total,35.071083,10485760,,Zstd,blake3
10,23,2026-03-11T12:20:13.241619Z,elea,0.1.1,ef66ed9,add,f2.bin,backend_store,27.263417,10485760,,Zstd,blake3
10,23,2026-03-11T12:20:13.241749Z,elea,0.1.1,ef66ed9,add,f2.bin,add_file_total,35.272040999999994,10485760,,Zstd,blake3
10,23,2026-03-11T12:20:13.241845Z,elea,0.1.1,ef66ed9,add,,add_total,35.4285,,5,Zstd,blake3
50,20,2026-03-11T12:20:13.886539Z,elea,0.1.1,ef66ed9,hash,f4.bin,hash,29.122124999999997,52428800,,,blake3
50,20,2026-03-11T12:20:13.886636Z,elea,0.1.1,ef66ed9,hash,f2.bin,hash,29.238583,52428800,,,blake3
50,20,2026-03-11T12:20:13.886742Z,elea,0.1.1,ef66ed9,hash,f1.bin,hash,29.3095,52428800,,,blake3
50,20,2026-03-11T12:20:13.886496Z,elea,0.1.1,ef66ed9,hash,f3.bin,hash,29.045375,52428800,,,blake3
50,20,2026-03-11T12:20:13.886766Z,elea,0.1.1,ef66ed9,hash,f5.bin,hash,29.298917,52428800,,,blake3
50,20,2026-03-11T12:20:13.99764Z,elea,0.1.1,ef66ed9,add,f4.bin,backend_store,109.025291,52428800,,Zstd,blake3
50,20,2026-03-11T12:20:13.997914Z,elea,0.1.1,ef66ed9,add,f4.bin,add_file_total,140.534833,52428800,,Zstd,blake3
50,20,2026-03-11T12:20:13.998331Z,elea,0.1.1,ef66ed9,add,f2.bin,backend_store,109.688083,52428800,,Zstd,blake3
50,20,2026-03-11T12:20:13.998477Z,elea,0.1.1,ef66ed9,add,f2.bin,add_file_total,141.114125,52428800,,Zstd,blake3
50,20,2026-03-11T12:20:13.999946Z,elea,0.1.1,ef66ed9,add,f3.bin,backend_store,111.242417,52428800,,Zstd,blake3
50,20,2026-03-11T12:20:14.000129Z,elea,0.1.1,ef66ed9,add,f3.bin,add_file_total,142.742458,52428800,,Zstd,blake3
50,20,2026-03-11T12:20:14.000476Z,elea,0.1.1,ef66ed9,add,f1.bin,backend_store,111.80179199999999,52428800,,Zstd,blake3
50,20,2026-03-11T12:20:14.000604Z,elea,0.1.1,ef66ed9,add,f1.bin,add_file_total,143.222875,52428800,,Zstd,blake3
50,20,2026-03-11T12:20:14.00089Z,elea,0.1.1,ef66ed9,add,f5.bin,backend_store,112.135542,52428800,,Zstd,blake3
50,20,2026-03-11T12:20:14.001004Z,elea,0.1.1,ef66ed9,add,f5.bin,add_file_total,143.61729200000002,52428800,,Zstd,blake3
50,20,2026-03-11T12:20:14.001079Z,elea,0.1.1,ef66ed9,add,,add_total,143.74062500000002,,5,Zstd,blake3
50,5,2026-03-11T12:20:14.651659Z,elea,0.1.1,ef66ed9,hash,f5.bin,hash,29.15275,52428800,,,blake3
50,5,2026-03-11T12:20:14.651578Z,elea,0.1.1,ef66ed9,hash,f4.bin,hash,29.064417,52428800,,,blake3
50,5,2026-03-11T12:20:14.65175Z,elea,0.1.1,ef66ed9,hash,f1.bin,hash,29.209875,52428800,,,blake3
50,5,2026-03-11T12:20:14.651733Z,elea,0.1.1,ef66ed9,hash,f2.bin,hash,29.176333,52428800,,,blake3
50,5,2026-03-11T12:20:14.651642Z,elea,0.1.1,ef66ed9,hash,f3.bin,hash,29.107999999999997,52428800,,,blake3
50,5,2026-03-11T12:20:14.837743Z,elea,0.1.1,ef66ed9,add,f4.bin,backend_store,184.077292,52428800,,Zstd,blake3
50,5,2026-03-11T12:20:14.838153Z,elea,0.1.1,ef66ed9,add,f3.bin,backend_store,184.398333,52428800,,Zstd,blake3
50,5,2026-03-11T12:20:14.838987Z,elea,0.1.1,ef66ed9,add,f1.bin,backend_store,185.31783299999998,52428800,,Zstd,blake3
50,5,2026-03-11T12:20:14.839353Z,elea,0.1.1,ef66ed9,add,f5.bin,backend_store,185.72925,52428800,,Zstd,blake3
50,5,2026-03-11T12:20:14.839696Z,elea,0.1.1,ef66ed9,add,f2.bin,backend_store,185.977833,52428800,,Zstd,blake3
50,5,2026-03-11T12:20:14.841359Z,elea,0.1.1,ef66ed9,add,f4.bin,add_file_total,218.88325,52428800,,Zstd,blake3
50,5,2026-03-11T12:20:14.841415Z,elea,0.1.1,ef66ed9,add,f3.bin,add_file_total,218.93695799999998,52428800,,Zstd,blake3
50,5,2026-03-11T12:20:14.841453Z,elea,0.1.1,ef66ed9,add,f1.bin,add_file_total,218.97525000000002,52428800,,Zstd,blake3
50,5,2026-03-11T12:20:14.841485Z,elea,0.1.1,ef66ed9,add,f5.bin,add_file_total,219.029958,52428800,,Zstd,blake3
50,5,2026-03-11T12:20:14.841518Z,elea,0.1.1,ef66ed9,add,f2.bin,add_file_total,219.03762500000002,52428800,,Zstd,blake3
50,5,2026-03-11T12:20:14.841574Z,elea,0.1.1,ef66ed9,add,,add_total,219.151541,,5,Zstd,blake3
5,23,2026-03-11T12:20:14.944252Z,elea,0.1.1,ef66ed9,hash,f2.bin,hash,2.975417,5242880,,,blake3
5,23,2026-03-11T12:20:14.944219Z,elea,0.1.1,ef66ed9,hash,f3.bin,hash,2.962375,5242880,,,blake3
5,23,2026-03-11T12:20:14.94418Z,elea,0.1.1,ef66ed9,hash,f5.bin,hash,2.938542,5242880,,,blake3
5,23,2026-03-11T12:20:14.94421Z,elea,0.1.1,ef66ed9,hash,f4.bin,hash,2.9269589999999996,5242880,,,blake3
5,23,2026-03-11T12:20:14.944228Z,elea,0.1.1,ef66ed9,hash,f1.bin,hash,2.96,5242880,,,blake3
5,23,2026-03-11T12:20:14.959126Z,elea,0.1.1,ef66ed9,add,f5.bin,backend_store,12.931042,5242880,,Zstd,blake3
5,23,2026-03-11T12:20:14.959171Z,elea,0.1.1,ef66ed9,add,f2.bin,backend_store,13.027375000000001,5242880,,Zstd,blake3
5,23,2026-03-11T12:20:14.959269Z,elea,0.1.1,ef66ed9,add,f3.bin,backend_store,13.104958,5242880,,Zstd,blake3
5,23,2026-03-11T12:20:14.959406Z,elea,0.1.1,ef66ed9,add,f5.bin,add_file_total,18.244791,5242880,,Zstd,blake3
5,23,2026-03-11T12:20:14.959447Z,elea,0.1.1,ef66ed9,add,f4.bin,backend_store,13.216791,5242880,,Zstd,blake3
5,23,2026-03-11T12:20:14.959539Z,elea,0.1.1,ef66ed9,add,f1.bin,backend_store,13.279291,5242880,,Zstd,blake3
5,23,2026-03-11T12:20:14.961271Z,elea,0.1.1,ef66ed9,add,f2.bin,add_file_total,20.089,5242880,,Zstd,blake3
5,23,2026-03-11T12:20:14.961508Z,elea,0.1.1,ef66ed9,add,f3.bin,add_file_total,20.313916000000003,5242880,,Zstd,blake3
5,23,2026-03-11T12:20:14.961523Z,elea,0.1.1,ef66ed9,add,f4.bin,add_file_total,20.356292,5242880,,Zstd,blake3
5,23,2026-03-11T12:20:14.96155Z,elea,0.1.1,ef66ed9,add,f1.bin,add_file_total,20.381375,5242880,,Zstd,blake3
5,23,2026-03-11T12:20:14.961612Z,elea,0.1.1,ef66ed9,add,,add_total,20.499292,,5,Zstd,blake3
5,12,2026-03-11T12:20:15.047079Z,elea,0.1.1,ef66ed9,hash,f3.bin,hash,2.923417,5242880,,,blake3
5,12,2026-03-11T12:20:15.047087Z,elea,0.1.1,ef66ed9,hash,f4.bin,hash,2.914334,5242880,,,blake3
5,12,2026-03-11T12:20:15.047031Z,elea,0.1.1,ef66ed9,hash,f2.bin,hash,2.929541,5242880,,,blake3
5,12,2026-03-11T12:20:15.047066Z,elea,0.1.1,ef66ed9,hash,f5.bin,hash,2.896084,5242880,,,blake3
5,12,2026-03-11T12:20:15.047048Z,elea,0.1.1,ef66ed9,hash,f1.bin,hash,2.938333,5242880,,,blake3
5,12,2026-03-11T12:20:15.061344Z,elea,0.1.1,ef66ed9,add,f5.bin,backend_store,12.580417,5242880,,Zstd,blake3
5,12,2026-03-11T12:20:15.061366Z,elea,0.1.1,ef66ed9,add,f1.bin,backend_store,12.55,5242880,,Zstd,blake3
5,12,2026-03-11T12:20:15.0615Z,elea,0.1.1,ef66ed9,add,f3.bin,backend_store,12.829625,5242880,,Zstd,blake3
5,12,2026-03-11T12:20:15.06157Z,elea,0.1.1,ef66ed9,add,f2.bin,backend_store,12.850667,5242880,,Zstd,blake3
5,12,2026-03-11T12:20:15.061581Z,elea,0.1.1,ef66ed9,add,f5.bin,add_file_total,17.520417,5242880,,Zstd,blake3
5,12,2026-03-11T12:20:15.061728Z,elea,0.1.1,ef66ed9,add,f4.bin,backend_store,13.033125,5242880,,Zstd,blake3
5,12,2026-03-11T12:20:15.063643Z,elea,0.1.1,ef66ed9,add,f1.bin,add_file_total,19.591959,5242880,,Zstd,blake3
5,12,2026-03-11T12:20:15.063746Z,elea,0.1.1,ef66ed9,add,f3.bin,add_file_total,19.685625,5242880,,Zstd,blake3
5,12,2026-03-11T12:20:15.063785Z,elea,0.1.1,ef66ed9,add,f2.bin,add_file_total,19.734499999999997,5242880,,Zstd,blake3
5,12,2026-03-11T12:20:15.063821Z,elea,0.1.1,ef66ed9,add,f4.bin,add_file_total,19.760625,5242880,,Zstd,blake3
5,12,2026-03-11T12:20:15.063887Z,elea,0.1.1,ef66ed9,add,,add_total,19.877375,,5,Zstd,blake3
50,7,2026-03-11T12:20:15.699176Z,elea,0.1.1,ef66ed9,hash,f2.bin,hash,29.279374999999998,52428800,,,blake3
50,7,2026-03-11T12:20:15.698969Z,elea,0.1.1,ef66ed9,hash,f4.bin,hash,29.025540999999997,52428800,,,blake3
50,7,2026-03-11T12:20:15.699116Z,elea,0.1.1,ef66ed9,hash,f5.bin,hash,29.20475,52428800,,,blake3
50,7,2026-03-11T12:20:15.699494Z,elea,0.1.1,ef66ed9,hash,f3.bin,hash,29.531875,52428800,,,blake3
50,7,2026-03-11T12:20:15.698929Z,elea,0.1.1,ef66ed9,hash,f1.bin,hash,28.996833,52428800,,,blake3
50,7,2026-03-11T12:20:15.861399Z,elea,0.1.1,ef66ed9,add,f4.bin,backend_store,160.419208,52428800,,Zstd,blake3
50,7,2026-03-11T12:20:15.861968Z,elea,0.1.1,ef66ed9,add,f4.bin,add_file_total,192.081125,52428800,,Zstd,blake3
50,7,2026-03-11T12:20:15.862439Z,elea,0.1.1,ef66ed9,add,f5.bin,backend_store,161.442792,52428800,,Zstd,blake3
50,7,2026-03-11T12:20:15.862679Z,elea,0.1.1,ef66ed9,add,f5.bin,add_file_total,192.78916700000002,52428800,,Zstd,blake3
50,7,2026-03-11T12:20:15.863454Z,elea,0.1.1,ef66ed9,add,f1.bin,backend_store,162.396791,52428800,,Zstd,blake3
50,7,2026-03-11T12:20:15.863673Z,elea,0.1.1,ef66ed9,add,f1.bin,add_file_total,193.79529100000002,52428800,,Zstd,blake3
50,7,2026-03-11T12:20:15.863809Z,elea,0.1.1,ef66ed9,add,f3.bin,backend_store,162.78075,52428800,,Zstd,blake3
50,7,2026-03-11T12:20:15.863968Z,elea,0.1.1,ef66ed9,add,f3.bin,add_file_total,194.066083,52428800,,Zstd,blake3
50,7,2026-03-11T12:20:15.864074Z,elea,0.1.1,ef66ed9,add,f2.bin,backend_store,163.124375,52428800,,Zstd,blake3
50,7,2026-03-11T12:20:15.864224Z,elea,0.1.1,ef66ed9,add,f2.bin,add_file_total,194.362959,52428800,,Zstd,blake3
50,7,2026-03-11T12:20:15.864292Z,elea,0.1.1,ef66ed9,add,,add_total,194.459291,,5,Zstd,blake3
10,20,2026-03-11T12:20:16.017966Z,elea,0.1.1,ef66ed9,hash,f5.bin,hash,5.960542,10485760,,,blake3
10,20,2026-03-11T12:20:16.01787Z,elea,0.1.1,ef66ed9,hash,f4.bin,hash,5.858667,10485760,,,blake3
10,20,2026-03-11T12:20:16.01786Z,elea,0.1.1,ef66ed9,hash,f2.bin,hash,5.855083,10485760,,,blake3
10,20,2026-03-11T12:20:16.01782Z,elea,0.1.1,ef66ed9,hash,f1.bin,hash,5.8517079999999995,10485760,,,blake3
10,20,2026-03-11T12:20:16.017843Z,elea,0.1.1,ef66ed9,hash,f3.bin,hash,5.8629169999999995,10485760,,,blake3
10,20,2026-03-11T12:20:16.049169Z,elea,0.1.1,ef66ed9,add,f1.bin,backend_store,29.540208,10485760,,Zstd,blake3
10,20,2026-03-11T12:20:16.049396Z,elea,0.1.1,ef66ed9,add,f2.bin,backend_store,29.814583,10485760,,Zstd,blake3
10,20,2026-03-11T12:20:16.049468Z,elea,0.1.1,ef66ed9,add,f1.bin,add_file_total,37.538791,10485760,,Zstd,blake3
10,20,2026-03-11T12:20:16.049683Z,elea,0.1.1,ef66ed9,add,f2.bin,add_file_total,37.738042,10485760,,Zstd,blake3
10,20,2026-03-11T12:20:16.049918Z,elea,0.1.1,ef66ed9,add,f5.bin,backend_store,30.377208,10485760,,Zstd,blake3
10,20,2026-03-11T12:20:16.050028Z,elea,0.1.1,ef66ed9,add,f3.bin,backend_store,30.401625000000003,10485760,,Zstd,blake3
10,20,2026-03-11T12:20:16.050081Z,elea,0.1.1,ef66ed9,add,f5.bin,add_file_total,38.133374999999994,10485760,,Zstd,blake3
10,20,2026-03-11T12:20:16.050193Z,elea,0.1.1,ef66ed9,add,f4.bin,backend_store,30.639291999999998,10485760,,Zstd,blake3
10,20,2026-03-11T12:20:16.050498Z,elea,0.1.1,ef66ed9,add,f3.bin,add_file_total,38.546333000000004,10485760,,Zstd,blake3
10,20,2026-03-11T12:20:16.050538Z,elea,0.1.1,ef66ed9,add,f4.bin,add_file_total,38.58675,10485760,,Zstd,blake3
10,20,2026-03-11T12:20:16.050632Z,elea,0.1.1,ef66ed9,add,,add_total,38.739291,,5,Zstd,blake3
10,24,2026-03-11T12:20:16.196788Z,elea,0.1.1,ef66ed9,hash,f1.bin,hash,5.84225,10485760,,,blake3
10,24,2026-03-11T12:20:16.196824Z,elea,0.1.1,ef66ed9,hash,f2.bin,hash,5.817042,10485760,,,blake3
10,24,2026-03-11T12:20:16.196743Z,elea,0.1.1,ef66ed9,hash,f4.bin,hash,5.775625000000001,10485760,,,blake3
10,24,2026-03-11T12:20:16.19676Z,elea,0.1.1,ef66ed9,hash,f5.bin,hash,5.744792,10485760,,,blake3
10,24,2026-03-11T12:20:16.19678Z,elea,0.1.1,ef66ed9,hash,f3.bin,hash,5.803083,10485760,,,blake3
10,24,2026-03-11T12:20:16.224618Z,elea,0.1.1,ef66ed9,add,f2.bin,backend_store,25.98425,10485760,,Zstd,blake3
10,24,2026-03-11T12:20:16.227962Z,elea,0.1.1,ef66ed9,add,f2.bin,add_file_total,37.043459,10485760,,Zstd,blake3
10,24,2026-03-11T12:20:16.230581Z,elea,0.1.1,ef66ed9,add,f5.bin,backend_store,31.903167000000003,10485760,,Zstd,blake3
10,24,2026-03-11T12:20:16.230643Z,elea,0.1.1,ef66ed9,add,f1.bin,backend_store,32.044958,10485760,,Zstd,blake3
10,24,2026-03-11T12:20:16.230739Z,elea,0.1.1,ef66ed9,add,f5.bin,add_file_total,39.823833,10485760,,Zstd,blake3
10,24,2026-03-11T12:20:16.230918Z,elea,0.1.1,ef66ed9,add,f1.bin,add_file_total,40.017833,10485760,,Zstd,blake3
10,24,2026-03-11T12:20:16.233786Z,elea,0.1.1,ef66ed9,add,f3.bin,backend_store,34.936417,10485760,,Zstd,blake3
10,24,2026-03-11T12:20:16.233924Z,elea,0.1.1,ef66ed9,add,f3.bin,add_file_total,43.009041999999994,10485760,,Zstd,blake3
10,24,2026-03-11T12:20:16.239283Z,elea,0.1.1,ef66ed9,add,f4.bin,backend_store,40.631583,10485760,,Zstd,blake3
10,24,2026-03-11T12:20:16.239393Z,elea,0.1.1,ef66ed9,add,f4.bin,add_file_total,48.479665999999995,10485760,,Zstd,blake3
10,24,2026-03-11T12:20:16.239453Z,elea,0.1.1,ef66ed9,add,,add_total,48.583917,,5,Zstd,blake3
1,11,2026-03-11T12:20:16.274926Z,elea,0.1.1,ef66ed9,hash,f1.bin,hash,0.5992919999999999,1048576,,,blake3
1,11,2026-03-11T12:20:16.274916Z,elea,0.1.1,ef66ed9,hash,f2.bin,hash,0.5965830000000001,1048576,,,blake3
1,11,2026-03-11T12:20:16.274907Z,elea,0.1.1,ef66ed9,hash,f4.bin,hash,0.595583,1048576,,,blake3
1,11,2026-03-11T12:20:16.274935Z,elea,0.1.1,ef66ed9,hash,f3.bin,hash,0.597625,1048576,,,blake3
1,11,2026-03-11T12:20:16.274897Z,elea,0.1.1,ef66ed9,hash,f5.bin,hash,0.599334,1048576,,,blake3
1,11,2026-03-11T12:20:16.278966Z,elea,0.1.1,ef66ed9,add,f4.bin,backend_store,2.8555,1048576,,Zstd,blake3
1,11,2026-03-11T12:20:16.27905Z,elea,0.1.1,ef66ed9,add,f2.bin,backend_store,2.888875,1048576,,Zstd,blake3
1,11,2026-03-11T12:20:16.279073Z,elea,0.1.1,ef66ed9,add,f5.bin,backend_store,2.975709,1048576,,Zstd,blake3
1,11,2026-03-11T12:20:16.279127Z,elea,0.1.1,ef66ed9,add,f1.bin,backend_store,3.0507910000000003,1048576,,Zstd,blake3
1,11,2026-03-11T12:20:16.279161Z,elea,0.1.1,ef66ed9,add,f4.bin,add_file_total,4.892208999999999,1048576,,Zstd,blake3
1,11,2026-03-11T12:20:16.279185Z,elea,0.1.1,ef66ed9,add,f3.bin,backend_store,3.0526250000000004,1048576,,Zstd,blake3
1,11,2026-03-11T12:20:16.279369Z,elea,0.1.1,ef66ed9,add,f2.bin,add_file_total,5.091082999999999,1048576,,Zstd,blake3
1,11,2026-03-11T12:20:16.279403Z,elea,0.1.1,ef66ed9,add,f5.bin,add_file_total,5.1465,1048576,,Zstd,blake3
1,11,2026-03-11T12:20:16.27944Z,elea,0.1.1,ef66ed9,add,f1.bin,add_file_total,5.161542,1048576,,Zstd,blake3
1,11,2026-03-11T12:20:16.279471Z,elea,0.1.1,ef66ed9,add,f3.bin,add_file_total,5.1915,1048576,,Zstd,blake3
1,11,2026-03-11T12:20:16.279533Z,elea,0.1.1,ef66ed9,add,,add_total,5.311667,,5,Zstd,blake3
2,1,2026-03-11T12:20:16.329407Z,elea,0.1.1,ef66ed9,hash,f2.bin,hash,1.171875,2097152,,,blake3
2,1,2026-03-11T12:20:16.329389Z,elea,0.1.1,ef66ed9,hash,f3.bin,hash,1.169083,2097152,,,blake3
2,1,2026-03-11T12:20:16.329415Z,elea,0.1.1,ef66ed9,hash,f5.bin,hash,1.180583,2097152,,,blake3
2,1,2026-03-11T12:20:16.329397Z,elea,0.1.1,ef66ed9,hash,f4.bin,hash,1.176,2097152,,,blake3
2,1,2026-03-11T12:20:16.329385Z,elea,0.1.1,ef66ed9,hash,f1.bin,hash,1.185209,2097152,,,blake3
2,1,2026-03-11T12:20:16.336249Z,elea,0.1.1,ef66ed9,add,f2.bin,backend_store,5.5225420000000005,2097152,,Zstd,blake3
2,1,2026-03-11T12:20:16.336255Z,elea,0.1.1,ef66ed9,add,f3.bin,backend_store,5.504791,2097152,,Zstd,blake3
2,1,2026-03-11T12:20:16.336263Z,elea,0.1.1,ef66ed9,add,f4.bin,backend_store,5.455625,2097152,,Zstd,blake3
2,1,2026-03-11T12:20:16.336269Z,elea,0.1.1,ef66ed9,add,f1.bin,backend_store,5.444875,2097152,,Zstd,blake3
2,1,2026-03-11T12:20:16.336311Z,elea,0.1.1,ef66ed9,add,f5.bin,backend_store,5.535082999999999,2097152,,Zstd,blake3
2,1,2026-03-11T12:20:16.33651Z,elea,0.1.1,ef66ed9,add,f4.bin,add_file_total,8.335875,2097152,,Zstd,blake3
2,1,2026-03-11T12:20:16.336927Z,elea,0.1.1,ef66ed9,add,f3.bin,add_file_total,8.739792,2097152,,Zstd,blake3
2,1,2026-03-11T12:20:16.337025Z,elea,0.1.1,ef66ed9,add,f1.bin,add_file_total,8.868875,2097152,,Zstd,blake3
2,1,2026-03-11T12:20:16.337059Z,elea,0.1.1,ef66ed9,add,f2.bin,add_file_total,8.878167,2097152,,Zstd,blake3
2,1,2026-03-11T12:20:16.337098Z,elea,0.1.1,ef66ed9,add,f5.bin,add_file_total,8.912916,2097152,,Zstd,blake3
2,1,2026-03-11T12:20:16.337161Z,elea,0.1.1,ef66ed9,add,,add_total,9.033875,,5,Zstd,blake3
5,15,2026-03-11T12:20:16.440091Z,elea,0.1.1,ef66ed9,hash,f2.bin,hash,2.927958,5242880,,,blake3
5,15,2026-03-11T12:20:16.440078Z,elea,0.1.1,ef66ed9,hash,f5.bin,hash,2.883334,5242880,,,blake3
5,15,2026-03-11T12:20:16.440047Z,elea,0.1.1,ef66ed9,hash,f3.bin,hash,2.9122079999999997,5242880,,,blake3
5,15,2026-03-11T12:20:16.440106Z,elea,0.1.1,ef66ed9,hash,f1.bin,hash,2.926208,5242880,,,blake3
5,15,2026-03-11T12:20:16.440057Z,elea,0.1.1,ef66ed9,hash,f4.bin,hash,2.901291,5242880,,,blake3
5,15,2026-03-11T12:20:16.457223Z,elea,0.1.1,ef66ed9,add,f1.bin,backend_store,15.374875,5242880,,Zstd,blake3
5,15,2026-03-11T12:20:16.457272Z,elea,0.1.1,ef66ed9,add,f2.bin,backend_store,15.489125,5242880,,Zstd,blake3
5,15,2026-03-11T12:20:16.457372Z,elea,0.1.1,ef66ed9,add,f5.bin,backend_store,15.574665999999999,5242880,,Zstd,blake3
5,15,2026-03-11T12:20:16.457382Z,elea,0.1.1,ef66ed9,add,f4.bin,backend_store,15.508125,5242880,,Zstd,blake3
5,15,2026-03-11T12:20:16.457441Z,elea,0.1.1,ef66ed9,add,f3.bin,backend_store,15.61075,5242880,,Zstd,blake3
5,15,2026-03-11T12:20:16.457494Z,elea,0.1.1,ef66ed9,add,f1.bin,add_file_total,20.371875000000003,5242880,,Zstd,blake3
5,15,2026-03-11T12:20:16.458314Z,elea,0.1.1,ef66ed9,add,f2.bin,add_file_total,21.193625,5242880,,Zstd,blake3
5,15,2026-03-11T12:20:16.458641Z,elea,0.1.1,ef66ed9,add,f4.bin,add_file_total,21.5225,5242880,,Zstd,blake3
5,15,2026-03-11T12:20:16.459179Z,elea,0.1.1,ef66ed9,add,f5.bin,add_file_total,22.056834000000002,5242880,,Zstd,blake3
5,15,2026-03-11T12:20:16.459651Z,elea,0.1.1,ef66ed9,add,f3.bin,add_file_total,22.54225,5242880,,Zstd,blake3
5,15,2026-03-11T12:20:16.459703Z,elea,0.1.1,ef66ed9,add,,add_total,22.630999999999997,,5,Zstd,blake3
5,16,2026-03-11T12:20:16.545755Z,elea,0.1.1,ef66ed9,hash,f1.bin,hash,2.92075,5242880,,,blake3
5,16,2026-03-11T12:20:16.545783Z,elea,0.1.1,ef66ed9,hash,f5.bin,hash,2.880875,5242880,,,blake3
5,16,2026-03-11T12:20:16.545773Z,elea,0.1.1,ef66ed9,hash,f4.bin,hash,2.897042,5242880,,,blake3
5,16,2026-03-11T12:20:16.545747Z,elea,0.1.1,ef66ed9,hash,f2.bin,hash,2.919167,5242880,,,blake3
5,16,2026-03-11T12:20:16.545791Z,elea,0.1.1,ef66ed9,hash,f3.bin,hash,2.913292,5242880,,,blake3
5,16,2026-03-11T12:20:16.561122Z,elea,0.1.1,ef66ed9,add,f5.bin,backend_store,13.750583,5242880,,Zstd,blake3
5,16,2026-03-11T12:20:16.56114Z,elea,0.1.1,ef66ed9,add,f3.bin,backend_store,13.699875,5242880,,Zstd,blake3
5,16,2026-03-11T12:20:16.561231Z,elea,0.1.1,ef66ed9,add,f1.bin,backend_store,13.87675,5242880,,Zstd,blake3
5,16,2026-03-11T12:20:16.561245Z,elea,0.1.1,ef66ed9,add,f4.bin,backend_store,13.839208000000001,5242880,,Zstd,blake3
5,16,2026-03-11T12:20:16.561303Z,elea,0.1.1,ef66ed9,add,f2.bin,backend_store,13.888834,5242880,,Zstd,blake3
5,16,2026-03-11T12:20:16.561373Z,elea,0.1.1,ef66ed9,add,f3.bin,add_file_total,18.570415999999998,5242880,,Zstd,blake3
5,16,2026-03-11T12:20:16.562458Z,elea,0.1.1,ef66ed9,add,f5.bin,add_file_total,19.656292,5242880,,Zstd,blake3
5,16,2026-03-11T12:20:16.562791Z,elea,0.1.1,ef66ed9,add,f1.bin,add_file_total,19.998542,5242880,,Zstd,blake3
5,16,2026-03-11T12:20:16.563233Z,elea,0.1.1,ef66ed9,add,f4.bin,add_file_total,20.432624999999998,5242880,,Zstd,blake3
5,16,2026-03-11T12:20:16.563461Z,elea,0.1.1,ef66ed9,add,f2.bin,add_file_total,20.668083,5242880,,Zstd,blake3
5,16,2026-03-11T12:20:16.563526Z,elea,0.1.1,ef66ed9,add,,add_total,20.762708,,5,Zstd,blake3
2,22,2026-03-11T12:20:16.624388Z,elea,0.1.1,ef66ed9,hash,f4.bin,hash,1.199333,2097152,,,blake3
2,22,2026-03-11T12:20:16.62437Z,elea,0.1.1,ef66ed9,hash,f1.bin,hash,1.1905,2097152,,,blake3
2,22,2026-03-11T12:20:16.624394Z,elea,0.1.1,ef66ed9,hash,f3.bin,hash,1.157,2097152,,,blake3
2,22,2026-03-11T12:20:16.624381Z,elea,0.1.1,ef66ed9,hash,f2.bin,hash,1.213166,2097152,,,blake3
2,22,2026-03-11T12:20:16.624349Z,elea,0.1.1,ef66ed9,hash,f5.bin,hash,1.1944169999999998,2097152,,,blake3
2,22,2026-03-11T12:20:16.634826Z,elea,0.1.1,ef66ed9,add,f5.bin,backend_store,8.834625,2097152,,Zstd,blake3
2,22,2026-03-11T12:20:16.635001Z,elea,0.1.1,ef66ed9,add,f4.bin,backend_store,9.150416,2097152,,Zstd,blake3
2,22,2026-03-11T12:20:16.635093Z,elea,0.1.1,ef66ed9,add,f5.bin,add_file_total,11.975416,2097152,,Zstd,blake3
2,22,2026-03-11T12:20:16.635243Z,elea,0.1.1,ef66ed9,add,f4.bin,add_file_total,12.110875,2097152,,Zstd,blake3
2,22,2026-03-11T12:20:16.635278Z,elea,0.1.1,ef66ed9,add,f3.bin,backend_store,9.381083,2097152,,Zstd,blake3
2,22,2026-03-11T12:20:16.635326Z,elea,0.1.1,ef66ed9,add,f1.bin,backend_store,9.458542,2097152,,Zstd,blake3
2,22,2026-03-11T12:20:16.635359Z,elea,0.1.1,ef66ed9,add,f2.bin,backend_store,9.433917,2097152,,Zstd,blake3
2,22,2026-03-11T12:20:16.635693Z,elea,0.1.1,ef66ed9,add,f3.bin,add_file_total,12.543959000000001,2097152,,Zstd,blake3
2,22,2026-03-11T12:20:16.635814Z,elea,0.1.1,ef66ed9,add,f1.bin,add_file_total,12.68775,2097152,,Zstd,blake3
2,22,2026-03-11T12:20:16.635851Z,elea,0.1.1,ef66ed9,add,f2.bin,add_file_total,12.723708,2097152,,Zstd,blake3
2,22,2026-03-11T12:20:16.635909Z,elea,0.1.1,ef66ed9,add,,add_total,12.842374999999999,,5,Zstd,blake3
10,5,2026-03-11T12:20:16.803409Z,elea,0.1.1,ef66ed9,hash,f5.bin,hash,5.678624999999999,10485760,,,blake3
10,5,2026-03-11T12:20:16.803524Z,elea,0.1.1,ef66ed9,hash,f3.bin,hash,5.832042,10485760,,,blake3
10,5,2026-03-11T12:20:16.803532Z,elea,0.1.1,ef66ed9,hash,f4.bin,hash,5.8232919999999995,10485760,,,blake3
10,5,2026-03-11T12:20:16.803658Z,elea,0.1.1,ef66ed9,hash,f2.bin,hash,5.9115,10485760,,,blake3
10,5,2026-03-11T12:20:16.803555Z,elea,0.1.1,ef66ed9,hash,f1.bin,hash,5.843167,10485760,,,blake3
10,5,2026-03-11T12:20:16.849258Z,elea,0.1.1,ef66ed9,add,f1.bin,backend_store,43.636041,10485760,,Zstd,blake3
10,5,2026-03-11T12:20:16.849593Z,elea,0.1.1,ef66ed9,add,f1.bin,add_file_total,51.915957999999996,10485760,,Zstd,blake3
10,5,2026-03-11T12:20:16.850554Z,elea,0.1.1,ef66ed9,add,f4.bin,backend_store,45.139542,10485760,,Zstd,blake3
10,5,2026-03-11T12:20:16.850837Z,elea,0.1.1,ef66ed9,add,f4.bin,add_file_total,53.164,10485760,,Zstd,blake3
10,5,2026-03-11T12:20:16.851421Z,elea,0.1.1,ef66ed9,add,f5.bin,backend_store,46.044334,10485760,,Zstd,blake3
10,5,2026-03-11T12:20:16.851684Z,elea,0.1.1,ef66ed9,add,f5.bin,add_file_total,53.977916,10485760,,Zstd,blake3
10,5,2026-03-11T12:20:16.852112Z,elea,0.1.1,ef66ed9,add,f3.bin,backend_store,46.710209000000006,10485760,,Zstd,blake3
10,5,2026-03-11T12:20:16.85225Z,elea,0.1.1,ef66ed9,add,f2.bin,backend_store,46.806625,10485760,,Zstd,blake3
10,5,2026-03-11T12:20:16.852292Z,elea,0.1.1,ef66ed9,add,f3.bin,add_file_total,54.638708,10485760,,Zstd,blake3
10,5,2026-03-11T12:20:16.85242Z,elea,0.1.1,ef66ed9,add,f2.bin,add_file_total,54.743958,10485760,,Zstd,blake3
10,5,2026-03-11T12:20:16.852491Z,elea,0.1.1,ef66ed9,add,,add_total,54.877334,,5,Zstd,blake3
10,2,2026-03-11T12:20:17.029559Z,elea,0.1.1,ef66ed9,hash,f3.bin,hash,6.1910419999999995,10485760,,,blake3
10,2,2026-03-11T12:20:17.029379Z,elea,0.1.1,ef66ed9,hash,f4.bin,hash,5.985042,10485760,,,blake3
10,2,2026-03-11T12:20:17.029343Z,elea,0.1.1,ef66ed9,hash,f5.bin,hash,5.887207999999999,10485760,,,blake3
10,2,2026-03-11T12:20:17.029369Z,elea,0.1.1,ef66ed9,hash,f2.bin,hash,5.911375,10485760,,,blake3
10,2,2026-03-11T12:20:17.029297Z,elea,0.1.1,ef66ed9,hash,f1.bin,hash,5.892542,10485760,,,blake3
10,2,2026-03-11T12:20:17.076612Z,elea,0.1.1,ef66ed9,add,f2.bin,backend_store,45.616334,10485760,,Zstd,blake3
10,2,2026-03-11T12:20:17.076798Z,elea,0.1.1,ef66ed9,add,f4.bin,backend_store,45.896,10485760,,Zstd,blake3
10,2,2026-03-11T12:20:17.076947Z,elea,0.1.1,ef66ed9,add,f2.bin,add_file_total,53.63075,10485760,,Zstd,blake3
10,2,2026-03-11T12:20:17.077002Z,elea,0.1.1,ef66ed9,add,f1.bin,backend_store,45.993625,10485760,,Zstd,blake3
10,2,2026-03-11T12:20:17.077076Z,elea,0.1.1,ef66ed9,add,f4.bin,add_file_total,53.7705,10485760,,Zstd,blake3
10,2,2026-03-11T12:20:17.0773Z,elea,0.1.1,ef66ed9,add,f1.bin,add_file_total,53.984083000000005,10485760,,Zstd,blake3
10,2,2026-03-11T12:20:17.077691Z,elea,0.1.1,ef66ed9,add,f5.bin,backend_store,46.759291000000005,10485760,,Zstd,blake3
10,2,2026-03-11T12:20:17.077929Z,elea,0.1.1,ef66ed9,add,f5.bin,add_file_total,54.607375,10485760,,Zstd,blake3
10,2,2026-03-11T12:20:17.078407Z,elea,0.1.1,ef66ed9,add,f3.bin,backend_store,47.559458,10485760,,Zstd,blake3
10,2,2026-03-11T12:20:17.078617Z,elea,0.1.1,ef66ed9,add,f3.bin,add_file_total,55.315792,10485760,,Zstd,blake3
10,2,2026-03-11T12:20:17.078673Z,elea,0.1.1,ef66ed9,add,,add_total,55.428833,,5,Zstd,blake3
50,10,2026-03-11T12:20:17.756235Z,elea,0.1.1,ef66ed9,hash,f3.bin,hash,29.019458,52428800,,,blake3
50,10,2026-03-11T12:20:17.756447Z,elea,0.1.1,ef66ed9,hash,f4.bin,hash,29.25825,52428800,,,blake3
50,10,2026-03-11T12:20:17.756406Z,elea,0.1.1,ef66ed9,hash,f1.bin,hash,29.228709,52428800,,,blake3
50,10,2026-03-11T12:20:17.756498Z,elea,0.1.1,ef66ed9,hash,f2.bin,hash,29.302374999999998,52428800,,,blake3
50,10,2026-03-11T12:20:17.757047Z,elea,0.1.1,ef66ed9,hash,f5.bin,hash,29.829625,52428800,,,blake3
50,10,2026-03-11T12:20:17.885475Z,elea,0.1.1,ef66ed9,add,f2.bin,backend_store,127.116542,52428800,,Zstd,blake3
50,10,2026-03-11T12:20:17.885838Z,elea,0.1.1,ef66ed9,add,f2.bin,add_file_total,158.670709,52428800,,Zstd,blake3
50,10,2026-03-11T12:20:17.887407Z,elea,0.1.1,ef66ed9,add,f3.bin,backend_store,129.20575,52428800,,Zstd,blake3
50,10,2026-03-11T12:20:17.887605Z,elea,0.1.1,ef66ed9,add,f3.bin,add_file_total,160.433458,52428800,,Zstd,blake3
50,10,2026-03-11T12:20:17.887666Z,elea,0.1.1,ef66ed9,add,f1.bin,backend_store,129.424709,52428800,,Zstd,blake3
50,10,2026-03-11T12:20:17.887833Z,elea,0.1.1,ef66ed9,add,f1.bin,add_file_total,160.6885,52428800,,Zstd,blake3
50,10,2026-03-11T12:20:17.888138Z,elea,0.1.1,ef66ed9,add,f4.bin,backend_store,129.91454199999998,52428800,,Zstd,blake3
50,10,2026-03-11T12:20:17.888283Z,elea,0.1.1,ef66ed9,add,f4.bin,add_file_total,161.118667,52428800,,Zstd,blake3
50,10,2026-03-11T12:20:17.888556Z,elea,0.1.1,ef66ed9,add,f5.bin,backend_store,130.27125,52428800,,Zstd,blake3
50,10,2026-03-11T12:20:17.888678Z,elea,0.1.1,ef66ed9,add,f5.bin,add_file_total,161.51125,52428800,,Zstd,blake3
50,10,2026-03-11T12:20:17.888763Z,elea,0.1.1,ef66ed9,add,,add_total,161.64925,,5,Zstd,blake3
10,17,2026-03-11T12:20:18.041444Z,elea,0.1.1,ef66ed9,hash,f1.bin,hash,5.846625,10485760,,,blake3
10,17,2026-03-11T12:20:18.041288Z,elea,0.1.1,ef66ed9,hash,f4.bin,hash,5.636,10485760,,,blake3
10,17,2026-03-11T12:20:18.041459Z,elea,0.1.1,ef66ed9,hash,f2.bin,hash,5.829458,10485760,,,blake3
10,17,2026-03-11T12:20:18.041368Z,elea,0.1.1,ef66ed9,hash,f5.bin,hash,5.790166999999999,10485760,,,blake3
10,17,2026-03-11T12:20:18.041469Z,elea,0.1.1,ef66ed9,hash,f3.bin,hash,5.829417,10485760,,,blake3
10,17,2026-03-11T12:20:18.064274Z,elea,0.1.1,ef66ed9,add,f1.bin,backend_store,20.922125,10485760,,Zstd,blake3
10,17,2026-03-11T12:20:18.064424Z,elea,0.1.1,ef66ed9,add,f2.bin,backend_store,21.012249999999998,10485760,,Zstd,blake3
10,17,2026-03-11T12:20:18.06456Z,elea,0.1.1,ef66ed9,add,f1.bin,add_file_total,29.001125,10485760,,Zstd,blake3
10,17,2026-03-11T12:20:18.064641Z,elea,0.1.1,ef66ed9,add,f2.bin,add_file_total,29.080499999999997,10485760,,Zstd,blake3
10,17,2026-03-11T12:20:18.065152Z,elea,0.1.1,ef66ed9,add,f5.bin,backend_store,21.74325,10485760,,Zstd,blake3
10,17,2026-03-11T12:20:18.065313Z,elea,0.1.1,ef66ed9,add,f5.bin,add_file_total,29.774167000000002,10485760,,Zstd,blake3
10,17,2026-03-11T12:20:18.065608Z,elea,0.1.1,ef66ed9,add,f3.bin,backend_store,22.166124999999997,10485760,,Zstd,blake3
10,17,2026-03-11T12:20:18.065627Z,elea,0.1.1,ef66ed9,add,f4.bin,backend_store,22.254917,10485760,,Zstd,blake3
10,17,2026-03-11T12:20:18.065752Z,elea,0.1.1,ef66ed9,add,f3.bin,add_file_total,30.189875,10485760,,Zstd,blake3
10,17,2026-03-11T12:20:18.06595Z,elea,0.1.1,ef66ed9,add,f4.bin,add_file_total,30.330416,10485760,,Zstd,blake3
10,17,2026-03-11T12:20:18.06603Z,elea,0.1.1,ef66ed9,add,,add_total,30.527958,,5,Zstd,blake3
50,16,2026-03-11T12:20:18.715004Z,elea,0.1.1,ef66ed9,hash,f5.bin,hash,29.004125,52428800,,,blake3
50,16,2026-03-11T12:20:18.715292Z,elea,0.1.1,ef66ed9,hash,f3.bin,hash,29.2575,52428800,,,blake3
50,16,2026-03-11T12:20:18.71507Z,elea,0.1.1,ef66ed9,hash,f2.bin,hash,29.053834000000002,52428800,,,blake3
50,16,2026-03-11T12:20:18.714985Z,elea,0.1.1,ef66ed9,hash,f4.bin,hash,28.917624999999997,52428800,,,blake3
50,16,2026-03-11T12:20:18.715142Z,elea,0.1.1,ef66ed9,hash,f1.bin,hash,29.0715,52428800,,,blake3
50,16,2026-03-11T12:20:18.855942Z,elea,0.1.1,ef66ed9,add,f5.bin,backend_store,138.882709,52428800,,Zstd,blake3
50,16,2026-03-11T12:20:18.856247Z,elea,0.1.1,ef66ed9,add,f5.bin,add_file_total,170.282666,52428800,,Zstd,blake3
50,16,2026-03-11T12:20:18.857857Z,elea,0.1.1,ef66ed9,add,f3.bin,backend_store,140.768958,52428800,,Zstd,blake3
50,16,2026-03-11T12:20:18.85802Z,elea,0.1.1,ef66ed9,add,f3.bin,add_file_total,172.041209,52428800,,Zstd,blake3
50,16,2026-03-11T12:20:18.858519Z,elea,0.1.1,ef66ed9,add,f4.bin,backend_store,141.401375,52428800,,Zstd,blake3
50,16,2026-03-11T12:20:18.858669Z,elea,0.1.1,ef66ed9,add,f4.bin,add_file_total,172.68995800000002,52428800,,Zstd,blake3
50,16,2026-03-11T12:20:18.858723Z,elea,0.1.1,ef66ed9,add,f1.bin,backend_store,141.570541,52428800,,Zstd,blake3
50,16,2026-03-11T12:20:18.858853Z,elea,0.1.1,ef66ed9,add,f1.bin,add_file_total,172.866084,52428800,,Zstd,blake3
50,16,2026-03-11T12:20:18.859163Z,elea,0.1.1,ef66ed9,add,f2.bin,backend_store,142.067917,52428800,,Zstd,blake3
50,16,2026-03-11T12:20:18.859266Z,elea,0.1.1,ef66ed9,add,f2.bin,add_file_total,173.28925,52428800,,Zstd,blake3
50,16,2026-03-11T12:20:18.859322Z,elea,0.1.1,ef66ed9,add,,add_total,173.396875,,5,Zstd,blake3
1,18,2026-03-11T12:20:18.901085Z,elea,0.1.1,ef66ed9,hash,f5.bin,hash,0.600959,1048576,,,blake3
1,18,2026-03-11T12:20:18.901104Z,elea,0.1.1,ef66ed9,hash,f2.bin,hash,0.611375,1048576,,,blake3
1,18,2026-03-11T12:20:18.901076Z,elea,0.1.1,ef66ed9,hash,f4.bin,hash,0.610792,1048576,,,blake3
1,18,2026-03-11T12:20:18.901111Z,elea,0.1.1,ef66ed9,hash,f1.bin,hash,0.610125,1048576,,,blake3
1,18,2026-03-11T12:20:18.901093Z,elea,0.1.1,ef66ed9,hash,f3.bin,hash,0.606291,1048576,,,blake3
1,18,2026-03-11T12:20:18.905264Z,elea,0.1.1,ef66ed9,add,f2.bin,backend_store,2.682375,1048576,,Zstd,blake3
1,18,2026-03-11T12:20:18.905405Z,elea,0.1.1,ef66ed9,add,f3.bin,backend_store,2.759125,1048576,,Zstd,blake3
1,18,2026-03-11T12:20:18.905425Z,elea,0.1.1,ef66ed9,add,f2.bin,add_file_total,4.9817919999999996,1048576,,Zstd,blake3
1,18,2026-03-11T12:20:18.905435Z,elea,0.1.1,ef66ed9,add,f1.bin,backend_store,2.798667,1048576,,Zstd,blake3
1,18,2026-03-11T12:20:18.905449Z,elea,0.1.1,ef66ed9,add,f4.bin,backend_store,2.847041,1048576,,Zstd,blake3
1,18,2026-03-11T12:20:18.905464Z,elea,0.1.1,ef66ed9,add,f5.bin,backend_store,2.907542,1048576,,Zstd,blake3
1,18,2026-03-11T12:20:18.905721Z,elea,0.1.1,ef66ed9,add,f3.bin,add_file_total,5.285041,1048576,,Zstd,blake3
1,18,2026-03-11T12:20:18.905759Z,elea,0.1.1,ef66ed9,add,f1.bin,add_file_total,5.315333,1048576,,Zstd,blake3
1,18,2026-03-11T12:20:18.905791Z,elea,0.1.1,ef66ed9,add,f4.bin,add_file_total,5.361375,1048576,,Zstd,blake3
1,18,2026-03-11T12:20:18.905823Z,elea,0.1.1,ef66ed9,add,f5.bin,add_file_total,5.392959,1048576,,Zstd,blake3
1,18,2026-03-11T12:20:18.905865Z,elea,0.1.1,ef66ed9,add,,add_total,5.473083,,5,Zstd,blake3
2,6,2026-03-11T12:20:18.955403Z,elea,0.1.1,ef66ed9,hash,f1.bin,hash,1.201084,2097152,,,blake3
2,6,2026-03-11T12:20:18.955364Z,elea,0.1.1,ef66ed9,hash,f3.bin,hash,1.186583,2097152,,,blake3
2,6,2026-03-11T12:20:18.95539Z,elea,0.1.1,ef66ed9,hash,f4.bin,hash,1.1719169999999999,2097152,,,blake3
2,6,2026-03-11T12:20:18.955382Z,elea,0.1.1,ef66ed9,hash,f2.bin,hash,1.1967919999999999,2097152,,,blake3
2,6,2026-03-11T12:20:18.955373Z,elea,0.1.1,ef66ed9,hash,f5.bin,hash,1.177416,2097152,,,blake3
2,6,2026-03-11T12:20:18.961485Z,elea,0.1.1,ef66ed9,add,f1.bin,backend_store,4.570875,2097152,,Zstd,blake3
2,6,2026-03-11T12:20:18.961532Z,elea,0.1.1,ef66ed9,add,f3.bin,backend_store,4.603791,2097152,,Zstd,blake3
2,6,2026-03-11T12:20:18.961557Z,elea,0.1.1,ef66ed9,add,f4.bin,backend_store,4.614,2097152,,Zstd,blake3
2,6,2026-03-11T12:20:18.961643Z,elea,0.1.1,ef66ed9,add,f1.bin,add_file_total,7.493792,2097152,,Zstd,blake3
2,6,2026-03-11T12:20:18.961659Z,elea,0.1.1,ef66ed9,add,f5.bin,backend_store,4.6736249999999995,2097152,,Zstd,blake3
2,6,2026-03-11T12:20:18.962191Z,elea,0.1.1,ef66ed9,add,f3.bin,add_file_total,8.053458,2097152,,Zstd,blake3
2,6,2026-03-11T12:20:18.962235Z,elea,0.1.1,ef66ed9,add,f4.bin,add_file_total,8.087375000000002,2097152,,Zstd,blake3
2,6,2026-03-11T12:20:18.962267Z,elea,0.1.1,ef66ed9,add,f5.bin,add_file_total,8.123291,2097152,,Zstd,blake3
2,6,2026-03-11T12:20:18.963443Z,elea,0.1.1,ef66ed9,add,f2.bin,backend_store,6.478667,2097152,,Zstd,blake3
2,6,2026-03-11T12:20:18.963541Z,elea,0.1.1,ef66ed9,add,f2.bin,add_file_total,9.409291999999999,2097152,,Zstd,blake3
2,6,2026-03-11T12:20:18.963582Z,elea,0.1.1,ef66ed9,add,,add_total,9.484292,,5,Zstd,blake3
10,8,2026-03-11T12:20:19.122874Z,elea,0.1.1,ef66ed9,hash,f3.bin,hash,5.967208,10485760,,,blake3
10,8,2026-03-11T12:20:19.122835Z,elea,0.1.1,ef66ed9,hash,f4.bin,hash,5.962167,10485760,,,blake3
10,8,2026-03-11T12:20:19.122756Z,elea,0.1.1,ef66ed9,hash,f5.bin,hash,5.9104589999999995,10485760,,,blake3
10,8,2026-03-11T12:20:19.122901Z,elea,0.1.1,ef66ed9,hash,f1.bin,hash,6.020791999999999,10485760,,,blake3
10,8,2026-03-11T12:20:19.12282Z,elea,0.1.1,ef66ed9,hash,f2.bin,hash,5.924375,10485760,,,blake3
10,8,2026-03-11T12:20:19.146237Z,elea,0.1.1,ef66ed9,add,f4.bin,backend_store,21.617209,10485760,,Zstd,blake3
10,8,2026-03-11T12:20:19.151582Z,elea,0.1.1,ef66ed9,add,f4.bin,add_file_total,34.757000000000005,10485760,,Zstd,blake3
10,8,2026-03-11T12:20:19.151651Z,elea,0.1.1,ef66ed9,add,f1.bin,backend_store,27.000334000000002,10485760,,Zstd,blake3
10,8,2026-03-11T12:20:19.157377Z,elea,0.1.1,ef66ed9,add,f1.bin,add_file_total,40.55050000000001,10485760,,Zstd,blake3
10,8,2026-03-11T12:20:19.180002Z,elea,0.1.1,ef66ed9,add,f5.bin,backend_store,55.411708,10485760,,Zstd,blake3
10,8,2026-03-11T12:20:19.180232Z,elea,0.1.1,ef66ed9,add,f5.bin,add_file_total,63.428082999999994,10485760,,Zstd,blake3
10,8,2026-03-11T12:20:19.184021Z,elea,0.1.1,ef66ed9,add,f3.bin,backend_store,59.452875,10485760,,Zstd,blake3
10,8,2026-03-11T12:20:19.184185Z,elea,0.1.1,ef66ed9,add,f3.bin,add_file_total,67.357,10485760,,Zstd,blake3
10,8,2026-03-11T12:20:19.187574Z,elea,0.1.1,ef66ed9,add,f2.bin,backend_store,62.89658300000001,10485760,,Zstd,blake3
10,8,2026-03-11T12:20:19.187724Z,elea,0.1.1,ef66ed9,add,f2.bin,add_file_total,70.89725,10485760,,Zstd,blake3
10,8,2026-03-11T12:20:19.187791Z,elea,0.1.1,ef66ed9,add,,add_total,71.026375,,5,Zstd,blake3
10,16,2026-03-11T12:20:19.359499Z,elea,0.1.1,ef66ed9,hash,f1.bin,hash,5.868208,10485760,,,blake3
10,16,2026-03-11T12:20:19.359521Z,elea,0.1.1,ef66ed9,hash,f3.bin,hash,5.906792,10485760,,,blake3
10,16,2026-03-11T12:20:19.359437Z,elea,0.1.1,ef66ed9,hash,f2.bin,hash,5.8368329999999995,10485760,,,blake3
10,16,2026-03-11T12:20:19.359452Z,elea,0.1.1,ef66ed9,hash,f4.bin,hash,5.86925,10485760,,,blake3
10,16,2026-03-11T12:20:19.359339Z,elea,0.1.1,ef66ed9,hash,f5.bin,hash,5.7791250000000005,10485760,,,blake3
10,16,2026-03-11T12:20:19.398638Z,elea,0.1.1,ef66ed9,add,f5.bin,backend_store,37.167459,10485760,,Zstd,blake3
10,16,2026-03-11T12:20:19.398978Z,elea,0.1.1,ef66ed9,add,f5.bin,add_file_total,45.46425,10485760,,Zstd,blake3
10,16,2026-03-11T12:20:19.406122Z,elea,0.1.1,ef66ed9,add,f3.bin,backend_store,44.826541999999996,10485760,,Zstd,blake3
10,16,2026-03-11T12:20:19.406137Z,elea,0.1.1,ef66ed9,add,f1.bin,backend_store,44.866166,10485760,,Zstd,blake3
10,16,2026-03-11T12:20:19.406157Z,elea,0.1.1,ef66ed9,add,f2.bin,backend_store,44.841167,10485760,,Zstd,blake3
10,16,2026-03-11T12:20:19.406172Z,elea,0.1.1,ef66ed9,add,f4.bin,backend_store,44.817958999999995,10485760,,Zstd,blake3
10,16,2026-03-11T12:20:19.4063Z,elea,0.1.1,ef66ed9,add,f3.bin,add_file_total,52.753875,10485760,,Zstd,blake3
10,16,2026-03-11T12:20:19.406739Z,elea,0.1.1,ef66ed9,add,f2.bin,add_file_total,53.19825,10485760,,Zstd,blake3
10,16,2026-03-11T12:20:19.40678Z,elea,0.1.1,ef66ed9,add,f1.bin,add_file_total,53.235166,10485760,,Zstd,blake3
10,16,2026-03-11T12:20:19.406815Z,elea,0.1.1,ef66ed9,add,f4.bin,add_file_total,53.275542,10485760,,Zstd,blake3
10,16,2026-03-11T12:20:19.406869Z,elea,0.1.1,ef66ed9,add,,add_total,53.3835,,5,Zstd,blake3
50,4,2026-03-11T12:20:20.092058Z,elea,0.1.1,ef66ed9,hash,f2.bin,hash,29.226167,52428800,,,blake3
50,4,2026-03-11T12:20:20.092287Z,elea,0.1.1,ef66ed9,hash,f4.bin,hash,29.499875,52428800,,,blake3
50,4,2026-03-11T12:20:20.092066Z,elea,0.1.1,ef66ed9,hash,f3.bin,hash,29.253166,52428800,,,blake3
50,4,2026-03-11T12:20:20.091971Z,elea,0.1.1,ef66ed9,hash,f1.bin,hash,29.19275,52428800,,,blake3
50,4,2026-03-11T12:20:20.092041Z,elea,0.1.1,ef66ed9,hash,f5.bin,hash,29.238917,52428800,,,blake3
50,4,2026-03-11T12:20:20.250405Z,elea,0.1.1,ef66ed9,add,f4.bin,backend_store,156.424375,52428800,,Zstd,blake3
50,4,2026-03-11T12:20:20.250637Z,elea,0.1.1,ef66ed9,add,f4.bin,add_file_total,187.869709,52428800,,Zstd,blake3
50,4,2026-03-11T12:20:20.259406Z,elea,0.1.1,ef66ed9,add,f3.bin,backend_store,165.397916,52428800,,Zstd,blake3
50,4,2026-03-11T12:20:20.259637Z,elea,0.1.1,ef66ed9,add,f3.bin,add_file_total,196.870292,52428800,,Zstd,blake3
50,4,2026-03-11T12:20:20.260868Z,elea,0.1.1,ef66ed9,add,f1.bin,backend_store,166.85554199999999,52428800,,Zstd,blake3
50,4,2026-03-11T12:20:20.261015Z,elea,0.1.1,ef66ed9,add,f1.bin,add_file_total,198.27895800000002,52428800,,Zstd,blake3
50,4,2026-03-11T12:20:20.262978Z,elea,0.1.1,ef66ed9,add,f5.bin,backend_store,168.950917,52428800,,Zstd,blake3
50,4,2026-03-11T12:20:20.263127Z,elea,0.1.1,ef66ed9,add,f5.bin,add_file_total,200.34187500000002,52428800,,Zstd,blake3
50,4,2026-03-11T12:20:20.269198Z,elea,0.1.1,ef66ed9,add,f2.bin,backend_store,175.246084,52428800,,Zstd,blake3
50,4,2026-03-11T12:20:20.26934Z,elea,0.1.1,ef66ed9,add,f2.bin,add_file_total,206.57512499999999,52428800,,Zstd,blake3
50,4,2026-03-11T12:20:20.269407Z,elea,0.1.1,ef66ed9,add,,add_total,206.711292,,5,Zstd,blake3
1,15,2026-03-11T12:20:20.324662Z,elea,0.1.1,ef66ed9,hash,f3.bin,hash,0.6060409999999999,1048576,,,blake3
1,15,2026-03-11T12:20:20.324618Z,elea,0.1.1,ef66ed9,hash,f4.bin,hash,0.6084579999999999,1048576,,,blake3
1,15,2026-03-11T12:20:20.324675Z,elea,0.1.1,ef66ed9,hash,f2.bin,hash,0.634042,1048576,,,blake3
1,15,2026-03-11T12:20:20.324643Z,elea,0.1.1,ef66ed9,hash,f1.bin,hash,0.6226670000000001,1048576,,,blake3
1,15,2026-03-11T12:20:20.32461Z,elea,0.1.1,ef66ed9,hash,f5.bin,hash,0.611916,1048576,,,blake3
1,15,2026-03-11T12:20:20.330117Z,elea,0.1.1,ef66ed9,add,f3.bin,backend_store,3.875708,1048576,,Zstd,blake3
1,15,2026-03-11T12:20:20.330308Z,elea,0.1.1,ef66ed9,add,f4.bin,backend_store,4.05375,1048576,,Zstd,blake3
1,15,2026-03-11T12:20:20.330321Z,elea,0.1.1,ef66ed9,add,f3.bin,add_file_total,6.3060410000000005,1048576,,Zstd,blake3
1,15,2026-03-11T12:20:20.330512Z,elea,0.1.1,ef66ed9,add,f4.bin,add_file_total,6.527625,1048576,,Zstd,blake3
1,15,2026-03-11T12:20:20.330538Z,elea,0.1.1,ef66ed9,add,f2.bin,backend_store,4.2343340000000005,1048576,,Zstd,blake3
1,15,2026-03-11T12:20:20.330661Z,elea,0.1.1,ef66ed9,add,f2.bin,add_file_total,6.6745,1048576,,Zstd,blake3
1,15,2026-03-11T12:20:20.332563Z,elea,0.1.1,ef66ed9,add,f5.bin,backend_store,6.12925,1048576,,Zstd,blake3
1,15,2026-03-11T12:20:20.332581Z,elea,0.1.1,ef66ed9,add,f1.bin,backend_store,6.192208,1048576,,Zstd,blake3
1,15,2026-03-11T12:20:20.332712Z,elea,0.1.1,ef66ed9,add,f5.bin,add_file_total,8.749125,1048576,,Zstd,blake3
1,15,2026-03-11T12:20:20.332769Z,elea,0.1.1,ef66ed9,add,f1.bin,add_file_total,8.782292,1048576,,Zstd,blake3
1,15,2026-03-11T12:20:20.332843Z,elea,0.1.1,ef66ed9,add,,add_total,8.917708999999999,,5,Zstd,blake3
2,16,2026-03-11T12:20:20.383412Z,elea,0.1.1,ef66ed9,hash,f3.bin,hash,1.171375,2097152,,,blake3
2,16,2026-03-11T12:20:20.383388Z,elea,0.1.1,ef66ed9,hash,f4.bin,hash,1.169667,2097152,,,blake3
2,16,2026-03-11T12:20:20.383397Z,elea,0.1.1,ef66ed9,hash,f5.bin,hash,1.162375,2097152,,,blake3
2,16,2026-03-11T12:20:20.383375Z,elea,0.1.1,ef66ed9,hash,f2.bin,hash,1.17925,2097152,,,blake3
2,16,2026-03-11T12:20:20.383405Z,elea,0.1.1,ef66ed9,hash,f1.bin,hash,1.1826670000000001,2097152,,,blake3
2,16,2026-03-11T12:20:20.390253Z,elea,0.1.1,ef66ed9,add,f5.bin,backend_store,5.3041659999999995,2097152,,Zstd,blake3
2,16,2026-03-11T12:20:20.390408Z,elea,0.1.1,ef66ed9,add,f2.bin,backend_store,5.436125,2097152,,Zstd,blake3
2,16,2026-03-11T12:20:20.390425Z,elea,0.1.1,ef66ed9,add,f3.bin,backend_store,5.518667,2097152,,Zstd,blake3
2,16,2026-03-11T12:20:20.390456Z,elea,0.1.1,ef66ed9,add,f5.bin,add_file_total,8.281375,2097152,,Zstd,blake3
2,16,2026-03-11T12:20:20.390479Z,elea,0.1.1,ef66ed9,add,f1.bin,backend_store,5.495458,2097152,,Zstd,blake3
2,16,2026-03-11T12:20:20.390535Z,elea,0.1.1,ef66ed9,add,f4.bin,backend_store,5.608499999999999,2097152,,Zstd,blake3
2,16,2026-03-11T12:20:20.391183Z,elea,0.1.1,ef66ed9,add,f2.bin,add_file_total,9.028125,2097152,,Zstd,blake3
2,16,2026-03-11T12:20:20.391227Z,elea,0.1.1,ef66ed9,add,f3.bin,add_file_total,9.048499999999999,2097152,,Zstd,blake3
2,16,2026-03-11T12:20:20.391261Z,elea,0.1.1,ef66ed9,add,f1.bin,add_file_total,9.091208,2097152,,Zstd,blake3
2,16,2026-03-11T12:20:20.391296Z,elea,0.1.1,ef66ed9,add,f4.bin,add_file_total,9.12275,2097152,,Zstd,blake3
2,16,2026-03-11T12:20:20.39134Z,elea,0.1.1,ef66ed9,add,,add_total,9.223833,,5,Zstd,blake3
2,3,2026-03-11T12:20:20.438748Z,elea,0.1.1,ef66ed9,hash,f3.bin,hash,1.17775,2097152,,,blake3
2,3,2026-03-11T12:20:20.438737Z,elea,0.1.1,ef66ed9,hash,f2.bin,hash,1.175959,2097152,,,blake3
2,3,2026-03-11T12:20:20.438767Z,elea,0.1.1,ef66ed9,hash,f1.bin,hash,1.1882920000000001,2097152,,,blake3
2,3,2026-03-11T12:20:20.438724Z,elea,0.1.1,ef66ed9,hash,f4.bin,hash,1.170583,2097152,,,blake3
2,3,2026-03-11T12:20:20.438712Z,elea,0.1.1,ef66ed9,hash,f5.bin,hash,1.170583,2097152,,,blake3
2,3,2026-03-11T12:20:20.445258Z,elea,0.1.1,ef66ed9,add,f3.bin,backend_store,5.257875,2097152,,Zstd,blake3
2,3,2026-03-11T12:20:20.445303Z,elea,0.1.1,ef66ed9,add,f4.bin,backend_store,5.2375,2097152,,Zstd,blake3
2,3,2026-03-11T12:20:20.447367Z,elea,0.1.1,ef66ed9,add,f4.bin,add_file_total,9.849542,2097152,,Zstd,blake3
2,3,2026-03-11T12:20:20.447484Z,elea,0.1.1,ef66ed9,add,f1.bin,backend_store,7.443292,2097152,,Zstd,blake3
2,3,2026-03-11T12:20:20.447494Z,elea,0.1.1,ef66ed9,add,f5.bin,backend_store,7.48325,2097152,,Zstd,blake3
2,3,2026-03-11T12:20:20.447513Z,elea,0.1.1,ef66ed9,add,f2.bin,backend_store,7.435874999999999,2097152,,Zstd,blake3
2,3,2026-03-11T12:20:20.447958Z,elea,0.1.1,ef66ed9,add,f3.bin,add_file_total,10.429375,2097152,,Zstd,blake3
2,3,2026-03-11T12:20:20.448002Z,elea,0.1.1,ef66ed9,add,f1.bin,add_file_total,10.472499999999998,2097152,,Zstd,blake3
2,3,2026-03-11T12:20:20.448038Z,elea,0.1.1,ef66ed9,add,f5.bin,add_file_total,10.529958,2097152,,Zstd,blake3
2,3,2026-03-11T12:20:20.448076Z,elea,0.1.1,ef66ed9,add,f2.bin,add_file_total,10.550042000000001,2097152,,Zstd,blake3
2,3,2026-03-11T12:20:20.448127Z,elea,0.1.1,ef66ed9,add,,add_total,10.656916,,5,Zstd,blake3
10,1,2026-03-11T12:20:20.619048Z,elea,0.1.1,ef66ed9,hash,f3.bin,hash,5.853709,10485760,,,blake3
10,1,2026-03-11T12:20:20.618955Z,elea,0.1.1,ef66ed9,hash,f5.bin,hash,5.782708,10485760,,,blake3
10,1,2026-03-11T12:20:20.6191Z,elea,0.1.1,ef66ed9,hash,f1.bin,hash,5.896833,10485760,,,blake3
10,1,2026-03-11T12:20:20.619032Z,elea,0.1.1,ef66ed9,hash,f2.bin,hash,5.852625,10485760,,,blake3
10,1,2026-03-11T12:20:20.619015Z,elea,0.1.1,ef66ed9,hash,f4.bin,hash,5.8294999999999995,10485760,,,blake3
10,1,2026-03-11T12:20:20.648998Z,elea,0.1.1,ef66ed9,add,f2.bin,backend_store,27.97075,10485760,,Zstd,blake3
10,1,2026-03-11T12:20:20.649148Z,elea,0.1.1,ef66ed9,add,f2.bin,add_file_total,36.005125,10485760,,Zstd,blake3
10,1,2026-03-11T12:20:20.650104Z,elea,0.1.1,ef66ed9,add,f5.bin,backend_store,29.139417,10485760,,Zstd,blake3
10,1,2026-03-11T12:20:20.650238Z,elea,0.1.1,ef66ed9,add,f5.bin,add_file_total,37.106167,10485760,,Zstd,blake3
10,1,2026-03-11T12:20:20.651877Z,elea,0.1.1,ef66ed9,add,f1.bin,backend_store,30.880542000000002,10485760,,Zstd,blake3
10,1,2026-03-11T12:20:20.652069Z,elea,0.1.1,ef66ed9,add,f1.bin,add_file_total,38.913083,10485760,,Zstd,blake3
10,1,2026-03-11T12:20:20.654388Z,elea,0.1.1,ef66ed9,add,f4.bin,backend_store,33.323875,10485760,,Zstd,blake3
10,1,2026-03-11T12:20:20.654502Z,elea,0.1.1,ef66ed9,add,f4.bin,add_file_total,41.346333,10485760,,Zstd,blake3
10,1,2026-03-11T12:20:20.657947Z,elea,0.1.1,ef66ed9,add,f3.bin,backend_store,36.991,10485760,,Zstd,blake3
10,1,2026-03-11T12:20:20.658058Z,elea,0.1.1,ef66ed9,add,f3.bin,add_file_total,44.903166,10485760,,Zstd,blake3
10,1,2026-03-11T12:20:20.658116Z,elea,0.1.1,ef66ed9,add,,add_total,45.029084,,5,Zstd,blake3
1,23,2026-03-11T12:20:20.695484Z,elea,0.1.1,ef66ed9,hash,f4.bin,hash,0.596916,1048576,,,blake3
1,23,2026-03-11T12:20:20.69551Z,elea,0.1.1,ef66ed9,hash,f3.bin,hash,0.621042,1048576,,,blake3
1,23,2026-03-11T12:20:20.695476Z,elea,0.1.1,ef66ed9,hash,f5.bin,hash,0.597,1048576,,,blake3
1,23,2026-03-11T12:20:20.695468Z,elea,0.1.1,ef66ed9,hash,f2.bin,hash,0.595167,1048576,,,blake3
1,23,2026-03-11T12:20:20.695465Z,elea,0.1.1,ef66ed9,hash,f1.bin,hash,0.606208,1048576,,,blake3
1,23,2026-03-11T12:20:20.699369Z,elea,0.1.1,ef66ed9,add,f5.bin,backend_store,2.4767080000000004,1048576,,Zstd,blake3
1,23,2026-03-11T12:20:20.699394Z,elea,0.1.1,ef66ed9,add,f3.bin,backend_store,2.5244999999999997,1048576,,Zstd,blake3
1,23,2026-03-11T12:20:20.699434Z,elea,0.1.1,ef66ed9,add,f2.bin,backend_store,2.522459,1048576,,Zstd,blake3
1,23,2026-03-11T12:20:20.699451Z,elea,0.1.1,ef66ed9,add,f4.bin,backend_store,2.593375,1048576,,Zstd,blake3
1,23,2026-03-11T12:20:20.699534Z,elea,0.1.1,ef66ed9,add,f5.bin,add_file_total,4.699166,1048576,,Zstd,blake3
1,23,2026-03-11T12:20:20.699568Z,elea,0.1.1,ef66ed9,add,f1.bin,backend_store,2.630084,1048576,,Zstd,blake3
1,23,2026-03-11T12:20:20.699803Z,elea,0.1.1,ef66ed9,add,f3.bin,add_file_total,4.962208,1048576,,Zstd,blake3
1,23,2026-03-11T12:20:20.699862Z,elea,0.1.1,ef66ed9,add,f2.bin,add_file_total,5.022334,1048576,,Zstd,blake3
1,23,2026-03-11T12:20:20.699909Z,elea,0.1.1,ef66ed9,add,f4.bin,add_file_total,5.069666,1048576,,Zstd,blake3
1,23,2026-03-11T12:20:20.699939Z,elea,0.1.1,ef66ed9,add,f1.bin,add_file_total,5.119458000000001,1048576,,Zstd,blake3
1,23,2026-03-11T12:20:20.699986Z,elea,0.1.1,ef66ed9,add,,add_total,5.2194579999999995,,5,Zstd,blake3
10,18,2026-03-11T12:20:20.856342Z,elea,0.1.1,ef66ed9,hash,f3.bin,hash,5.854917,10485760,,,blake3
10,18,2026-03-11T12:20:20.85638Z,elea,0.1.1,ef66ed9,hash,f4.bin,hash,5.897583,10485760,,,blake3
10,18,2026-03-11T12:20:20.856371Z,elea,0.1.1,ef66ed9,hash,f2.bin,hash,5.8673329999999995,10485760,,,blake3
10,18,2026-03-11T12:20:20.856355Z,elea,0.1.1,ef66ed9,hash,f1.bin,hash,5.861125,10485760,,,blake3
10,18,2026-03-11T12:20:20.85627Z,elea,0.1.1,ef66ed9,hash,f5.bin,hash,5.736833,10485760,,,blake3
10,18,2026-03-11T12:20:20.888272Z,elea,0.1.1,ef66ed9,add,f3.bin,backend_store,30.236042,10485760,,Zstd,blake3
10,18,2026-03-11T12:20:20.888285Z,elea,0.1.1,ef66ed9,add,f4.bin,backend_store,30.206500000000002,10485760,,Zstd,blake3
10,18,2026-03-11T12:20:20.888445Z,elea,0.1.1,ef66ed9,add,f4.bin,add_file_total,38.013999999999996,10485760,,Zstd,blake3
10,18,2026-03-11T12:20:20.888541Z,elea,0.1.1,ef66ed9,add,f3.bin,add_file_total,38.099708,10485760,,Zstd,blake3
10,18,2026-03-11T12:20:20.89519Z,elea,0.1.1,ef66ed9,add,f2.bin,backend_store,37.103958,10485760,,Zstd,blake3
10,18,2026-03-11T12:20:20.895319Z,elea,0.1.1,ef66ed9,add,f2.bin,add_file_total,44.867458,10485760,,Zstd,blake3
10,18,2026-03-11T12:20:20.908444Z,elea,0.1.1,ef66ed9,add,f1.bin,backend_store,50.330291,10485760,,Zstd,blake3
10,18,2026-03-11T12:20:20.908456Z,elea,0.1.1,ef66ed9,add,f5.bin,backend_store,50.319207999999996,10485760,,Zstd,blake3
10,18,2026-03-11T12:20:20.908594Z,elea,0.1.1,ef66ed9,add,f1.bin,add_file_total,58.148916,10485760,,Zstd,blake3
10,18,2026-03-11T12:20:20.90873Z,elea,0.1.1,ef66ed9,add,f5.bin,add_file_total,58.236333,10485760,,Zstd,blake3
10,18,2026-03-11T12:20:20.908795Z,elea,0.1.1,ef66ed9,add,,add_total,58.407417,,5,Zstd,blake3
1,2,2026-03-11T12:20:20.947481Z,elea,0.1.1,ef66ed9,hash,f4.bin,hash,0.61175,1048576,,,blake3
1,2,2026-03-11T12:20:20.947499Z,elea,0.1.1,ef66ed9,hash,f2.bin,hash,0.607417,1048576,,,blake3
1,2,2026-03-11T12:20:20.947511Z,elea,0.1.1,ef66ed9,hash,f3.bin,hash,0.617,1048576,,,blake3
1,2,2026-03-11T12:20:20.947467Z,elea,0.1.1,ef66ed9,hash,f1.bin,hash,0.6067079999999999,1048576,,,blake3
1,2,2026-03-11T12:20:20.947489Z,elea,0.1.1,ef66ed9,hash,f5.bin,hash,0.6050829999999999,1048576,,,blake3
1,2,2026-03-11T12:20:20.952151Z,elea,0.1.1,ef66ed9,add,f1.bin,backend_store,3.088209,1048576,,Zstd,blake3
1,2,2026-03-11T12:20:20.952166Z,elea,0.1.1,ef66ed9,add,f2.bin,backend_store,3.14425,1048576,,Zstd,blake3
1,2,2026-03-11T12:20:20.952186Z,elea,0.1.1,ef66ed9,add,f4.bin,backend_store,3.229375,1048576,,Zstd,blake3
1,2,2026-03-11T12:20:20.954233Z,elea,0.1.1,ef66ed9,add,f2.bin,add_file_total,7.3874580000000005,1048576,,Zstd,blake3
1,2,2026-03-11T12:20:20.954264Z,elea,0.1.1,ef66ed9,add,f5.bin,backend_store,5.190333,1048576,,Zstd,blake3
1,2,2026-03-11T12:20:20.954284Z,elea,0.1.1,ef66ed9,add,f3.bin,backend_store,5.249917,1048576,,Zstd,blake3
1,2,2026-03-11T12:20:20.954383Z,elea,0.1.1,ef66ed9,add,f4.bin,add_file_total,7.542166,1048576,,Zstd,blake3
1,2,2026-03-11T12:20:20.954419Z,elea,0.1.1,ef66ed9,add,f1.bin,add_file_total,7.599458,1048576,,Zstd,blake3
1,2,2026-03-11T12:20:20.954451Z,elea,0.1.1,ef66ed9,add,f5.bin,add_file_total,7.608875,1048576,,Zstd,blake3
1,2,2026-03-11T12:20:20.954483Z,elea,0.1.1,ef66ed9,add,f3.bin,add_file_total,7.636917,1048576,,Zstd,blake3
1,2,2026-03-11T12:20:20.954536Z,elea,0.1.1,ef66ed9,add,,add_total,7.764374999999999,,5,Zstd,blake3
1,22,2026-03-11T12:20:20.990921Z,elea,0.1.1,ef66ed9,hash,f2.bin,hash,0.595084,1048576,,,blake3
1,22,2026-03-11T12:20:20.990914Z,elea,0.1.1,ef66ed9,hash,f4.bin,hash,0.607708,1048576,,,blake3
1,22,2026-03-11T12:20:20.990896Z,elea,0.1.1,ef66ed9,hash,f1.bin,hash,0.60825,1048576,,,blake3
1,22,2026-03-11T12:20:20.990905Z,elea,0.1.1,ef66ed9,hash,f3.bin,hash,0.598542,1048576,,,blake3
1,22,2026-03-11T12:20:20.990877Z,elea,0.1.1,ef66ed9,hash,f5.bin,hash,0.598125,1048576,,,blake3
1,22,2026-03-11T12:20:20.995131Z,elea,0.1.1,ef66ed9,add,f4.bin,backend_store,2.858125,1048576,,Zstd,blake3
1,22,2026-03-11T12:20:20.995137Z,elea,0.1.1,ef66ed9,add,f2.bin,backend_store,2.876375,1048576,,Zstd,blake3
1,22,2026-03-11T12:20:20.995191Z,elea,0.1.1,ef66ed9,add,f3.bin,backend_store,2.8792090000000004,1048576,,Zstd,blake3
1,22,2026-03-11T12:20:20.995252Z,elea,0.1.1,ef66ed9,add,f1.bin,backend_store,2.953625,1048576,,Zstd,blake3
1,22,2026-03-11T12:20:20.99531Z,elea,0.1.1,ef66ed9,add,f5.bin,backend_store,2.976,1048576,,Zstd,blake3
1,22,2026-03-11T12:20:20.995339Z,elea,0.1.1,ef66ed9,add,f2.bin,add_file_total,5.081874999999999,1048576,,Zstd,blake3
1,22,2026-03-11T12:20:20.995543Z,elea,0.1.1,ef66ed9,add,f3.bin,add_file_total,5.290917,1048576,,Zstd,blake3
1,22,2026-03-11T12:20:20.995577Z,elea,0.1.1,ef66ed9,add,f4.bin,add_file_total,5.325500000000001,1048576,,Zstd,blake3
1,22,2026-03-11T12:20:20.995609Z,elea,0.1.1,ef66ed9,add,f1.bin,add_file_total,5.359041,1048576,,Zstd,blake3
1,22,2026-03-11T12:20:20.99564Z,elea,0.1.1,ef66ed9,add,f5.bin,add_file_total,5.406666,1048576,,Zstd,blake3
1,22,2026-03-11T12:20:20.995692Z,elea,0.1.1,ef66ed9,add,,add_total,5.496875,,5,Zstd,blake3
50,18,2026-03-11T12:20:21.677992Z,elea,0.1.1,ef66ed9,hash,f1.bin,hash,28.971209,52428800,,,blake3
50,18,2026-03-11T12:20:21.678195Z,elea,0.1.1,ef66ed9,hash,f2.bin,hash,29.128083999999998,52428800,,,blake3
50,18,2026-03-11T12:20:21.678071Z,elea,0.1.1,ef66ed9,hash,f4.bin,hash,29.038583,52428800,,,blake3
50,18,2026-03-11T12:20:21.678138Z,elea,0.1.1,ef66ed9,hash,f3.bin,hash,29.143124999999998,52428800,,,blake3
50,18,2026-03-11T12:20:21.67821Z,elea,0.1.1,ef66ed9,hash,f5.bin,hash,29.146124999999998,52428800,,,blake3
50,18,2026-03-11T12:20:21.817856Z,elea,0.1.1,ef66ed9,add,f1.bin,backend_store,137.640208,52428800,,Zstd,blake3
50,18,2026-03-11T12:20:21.81809Z,elea,0.1.1,ef66ed9,add,f1.bin,add_file_total,169.113292,52428800,,Zstd,blake3
50,18,2026-03-11T12:20:21.820275Z,elea,0.1.1,ef66ed9,add,f2.bin,backend_store,140.044916,52428800,,Zstd,blake3
50,18,2026-03-11T12:20:21.820444Z,elea,0.1.1,ef66ed9,add,f2.bin,add_file_total,171.45770900000002,52428800,,Zstd,blake3
50,18,2026-03-11T12:20:21.826577Z,elea,0.1.1,ef66ed9,add,f4.bin,backend_store,146.32179100000002,52428800,,Zstd,blake3
50,18,2026-03-11T12:20:21.826745Z,elea,0.1.1,ef66ed9,add,f4.bin,add_file_total,177.76558400000002,52428800,,Zstd,blake3
50,18,2026-03-11T12:20:21.839512Z,elea,0.1.1,ef66ed9,add,f3.bin,backend_store,159.219792,52428800,,Zstd,blake3
50,18,2026-03-11T12:20:21.839697Z,elea,0.1.1,ef66ed9,add,f3.bin,add_file_total,190.73624999999998,52428800,,Zstd,blake3
50,18,2026-03-11T12:20:21.844228Z,elea,0.1.1,ef66ed9,add,f5.bin,backend_store,163.91033399999998,52428800,,Zstd,blake3
50,18,2026-03-11T12:20:21.84439Z,elea,0.1.1,ef66ed9,add,f5.bin,add_file_total,195.402583,52428800,,Zstd,blake3
50,18,2026-03-11T12:20:21.844543Z,elea,0.1.1,ef66ed9,add,,add_total,195.621125,,5,Zstd,blake3
5,9,2026-03-11T12:20:21.96489Z,elea,0.1.1,ef66ed9,hash,f2.bin,hash,2.936,5242880,,,blake3
5,9,2026-03-11T12:20:21.964873Z,elea,0.1.1,ef66ed9,hash,f1.bin,hash,2.937208,5242880,,,blake3
5,9,2026-03-11T12:20:21.964899Z,elea,0.1.1,ef66ed9,hash,f4.bin,hash,2.906583,5242880,,,blake3
5,9,2026-03-11T12:20:21.964915Z,elea,0.1.1,ef66ed9,hash,f3.bin,hash,2.931208,5242880,,,blake3
5,9,2026-03-11T12:20:21.964859Z,elea,0.1.1,ef66ed9,hash,f5.bin,hash,2.899708,5242880,,,blake3
5,9,2026-03-11T12:20:21.979403Z,elea,0.1.1,ef66ed9,add,f2.bin,backend_store,12.80625,5242880,,Zstd,blake3
5,9,2026-03-11T12:20:21.979426Z,elea,0.1.1,ef66ed9,add,f1.bin,backend_store,12.803791,5242880,,Zstd,blake3
5,9,2026-03-11T12:20:21.97944Z,elea,0.1.1,ef66ed9,add,f4.bin,backend_store,12.79225,5242880,,Zstd,blake3
5,9,2026-03-11T12:20:21.979638Z,elea,0.1.1,ef66ed9,add,f1.bin,add_file_total,17.738375,5242880,,Zstd,blake3
5,9,2026-03-11T12:20:21.979666Z,elea,0.1.1,ef66ed9,add,f3.bin,backend_store,12.98625,5242880,,Zstd,blake3
5,9,2026-03-11T12:20:21.979694Z,elea,0.1.1,ef66ed9,add,f5.bin,backend_store,12.985458,5242880,,Zstd,blake3
5,9,2026-03-11T12:20:21.982094Z,elea,0.1.1,ef66ed9,add,f2.bin,add_file_total,20.205167,5242880,,Zstd,blake3
5,9,2026-03-11T12:20:21.982141Z,elea,0.1.1,ef66ed9,add,f4.bin,add_file_total,20.238875,5242880,,Zstd,blake3
5,9,2026-03-11T12:20:21.98219Z,elea,0.1.1,ef66ed9,add,f3.bin,add_file_total,20.283625,5242880,,Zstd,blake3
5,9,2026-03-11T12:20:21.982237Z,elea,0.1.1,ef66ed9,add,f5.bin,add_file_total,20.333542,5242880,,Zstd,blake3
5,9,2026-03-11T12:20:21.982294Z,elea,0.1.1,ef66ed9,add,,add_total,20.44,,5,Zstd,blake3
1,9,2026-03-11T12:20:22.019929Z,elea,0.1.1,ef66ed9,hash,f4.bin,hash,0.609875,1048576,,,blake3
1,9,2026-03-11T12:20:22.019881Z,elea,0.1.1,ef66ed9,hash,f1.bin,hash,0.592792,1048576,,,blake3
1,9,2026-03-11T12:20:22.01992Z,elea,0.1.1,ef66ed9,hash,f3.bin,hash,0.6105,1048576,,,blake3
1,9,2026-03-11T12:20:22.019938Z,elea,0.1.1,ef66ed9,hash,f5.bin,hash,0.6032080000000001,1048576,,,blake3
1,9,2026-03-11T12:20:22.019947Z,elea,0.1.1,ef66ed9,hash,f2.bin,hash,0.605583,1048576,,,blake3
1,9,2026-03-11T12:20:22.024307Z,elea,0.1.1,ef66ed9,add,f1.bin,backend_store,2.910292,1048576,,Zstd,blake3
1,9,2026-03-11T12:20:22.024389Z,elea,0.1.1,ef66ed9,add,f2.bin,backend_store,2.916417,1048576,,Zstd,blake3
1,9,2026-03-11T12:20:22.024455Z,elea,0.1.1,ef66ed9,add,f3.bin,backend_store,3.015875,1048576,,Zstd,blake3
1,9,2026-03-11T12:20:22.024462Z,elea,0.1.1,ef66ed9,add,f1.bin,add_file_total,5.209957999999999,1048576,,Zstd,blake3
1,9,2026-03-11T12:20:22.02447Z,elea,0.1.1,ef66ed9,add,f5.bin,backend_store,3.017625,1048576,,Zstd,blake3
1,9,2026-03-11T12:20:22.024494Z,elea,0.1.1,ef66ed9,add,f4.bin,backend_store,3.109041,1048576,,Zstd,blake3
1,9,2026-03-11T12:20:22.024738Z,elea,0.1.1,ef66ed9,add,f2.bin,add_file_total,5.458374999999999,1048576,,Zstd,blake3
1,9,2026-03-11T12:20:22.024773Z,elea,0.1.1,ef66ed9,add,f3.bin,add_file_total,5.496792,1048576,,Zstd,blake3
1,9,2026-03-11T12:20:22.024811Z,elea,0.1.1,ef66ed9,add,f5.bin,add_file_total,5.534042,1048576,,Zstd,blake3
1,9,2026-03-11T12:20:22.024846Z,elea,0.1.1,ef66ed9,add,f4.bin,add_file_total,5.569333,1048576,,Zstd,blake3
1,9,2026-03-11T12:20:22.024893Z,elea,0.1.1,ef66ed9,add,,add_total,5.673792000000001,,5,Zstd,blake3
1,14,2026-03-11T12:20:22.06273Z,elea,0.1.1,ef66ed9,hash,f2.bin,hash,0.605833,1048576,,,blake3
1,14,2026-03-11T12:20:22.062711Z,elea,0.1.1,ef66ed9,hash,f4.bin,hash,0.5951249999999999,1048576,,,blake3
1,14,2026-03-11T12:20:22.062736Z,elea,0.1.1,ef66ed9,hash,f1.bin,hash,0.601833,1048576,,,blake3
1,14,2026-03-11T12:20:22.062721Z,elea,0.1.1,ef66ed9,hash,f5.bin,hash,0.5948340000000001,1048576,,,blake3
1,14,2026-03-11T12:20:22.062701Z,elea,0.1.1,ef66ed9,hash,f3.bin,hash,0.602875,1048576,,,blake3
1,14,2026-03-11T12:20:22.066494Z,elea,0.1.1,ef66ed9,add,f2.bin,backend_store,2.466291,1048576,,Zstd,blake3
1,14,2026-03-11T12:20:22.066643Z,elea,0.1.1,ef66ed9,add,f1.bin,backend_store,2.571041,1048576,,Zstd,blake3
1,14,2026-03-11T12:20:22.066675Z,elea,0.1.1,ef66ed9,add,f2.bin,add_file_total,4.609625,1048576,,Zstd,blake3
1,14,2026-03-11T12:20:22.066756Z,elea,0.1.1,ef66ed9,add,f1.bin,add_file_total,4.688166,1048576,,Zstd,blake3
1,14,2026-03-11T12:20:22.068452Z,elea,0.1.1,ef66ed9,add,f4.bin,backend_store,4.3965000000000005,1048576,,Zstd,blake3
1,14,2026-03-11T12:20:22.068465Z,elea,0.1.1,ef66ed9,add,f3.bin,backend_store,4.346459,1048576,,Zstd,blake3
1,14,2026-03-11T12:20:22.068482Z,elea,0.1.1,ef66ed9,add,f5.bin,backend_store,4.385,1048576,,Zstd,blake3
1,14,2026-03-11T12:20:22.068615Z,elea,0.1.1,ef66ed9,add,f3.bin,add_file_total,6.564459,1048576,,Zstd,blake3
1,14,2026-03-11T12:20:22.068688Z,elea,0.1.1,ef66ed9,add,f4.bin,add_file_total,6.623208,1048576,,Zstd,blake3
1,14,2026-03-11T12:20:22.068726Z,elea,0.1.1,ef66ed9,add,f5.bin,add_file_total,6.65925,1048576,,Zstd,blake3
1,14,2026-03-11T12:20:22.068782Z,elea,0.1.1,ef66ed9,add,,add_total,6.764834,,5,Zstd,blake3
5,14,2026-03-11T12:20:22.151303Z,elea,0.1.1,ef66ed9,hash,f4.bin,hash,2.886459,5242880,,,blake3
5,14,2026-03-11T12:20:22.15131Z,elea,0.1.1,ef66ed9,hash,f2.bin,hash,2.927166,5242880,,,blake3
5,14,2026-03-11T12:20:22.151273Z,elea,0.1.1,ef66ed9,hash,f5.bin,hash,2.873959,5242880,,,blake3
5,14,2026-03-11T12:20:22.151319Z,elea,0.1.1,ef66ed9,hash,f3.bin,hash,2.9137500000000003,5242880,,,blake3
5,14,2026-03-11T12:20:22.151294Z,elea,0.1.1,ef66ed9,hash,f1.bin,hash,2.906208,5242880,,,blake3
5,14,2026-03-11T12:20:22.163575Z,elea,0.1.1,ef66ed9,add,f5.bin,backend_store,10.427875,5242880,,Zstd,blake3
5,14,2026-03-11T12:20:22.163671Z,elea,0.1.1,ef66ed9,add,f1.bin,backend_store,10.477083,5242880,,Zstd,blake3
5,14,2026-03-11T12:20:22.163754Z,elea,0.1.1,ef66ed9,add,f3.bin,backend_store,10.584916,5242880,,Zstd,blake3
5,14,2026-03-11T12:20:22.16376Z,elea,0.1.1,ef66ed9,add,f5.bin,add_file_total,15.411332999999999,5242880,,Zstd,blake3
5,14,2026-03-11T12:20:22.163792Z,elea,0.1.1,ef66ed9,add,f2.bin,backend_store,10.6455,5242880,,Zstd,blake3
5,14,2026-03-11T12:20:22.163828Z,elea,0.1.1,ef66ed9,add,f4.bin,backend_store,10.717334000000001,5242880,,Zstd,blake3
5,14,2026-03-11T12:20:22.16623Z,elea,0.1.1,ef66ed9,add,f1.bin,add_file_total,17.883166999999997,5242880,,Zstd,blake3
5,14,2026-03-11T12:20:22.16628Z,elea,0.1.1,ef66ed9,add,f3.bin,add_file_total,17.924458,5242880,,Zstd,blake3
5,14,2026-03-11T12:20:22.16632Z,elea,0.1.1,ef66ed9,add,f2.bin,add_file_total,17.979958,5242880,,Zstd,blake3
5,14,2026-03-11T12:20:22.166367Z,elea,0.1.1,ef66ed9,add,f4.bin,add_file_total,18.0105,5242880,,Zstd,blake3
5,14,2026-03-11T12:20:22.16644Z,elea,0.1.1,ef66ed9,add,,add_total,18.137,,5,Zstd,blake3
50,24,2026-03-11T12:20:22.802799Z,elea,0.1.1,ef66ed9,hash,f3.bin,hash,28.71325,52428800,,,blake3
50,24,2026-03-11T12:20:22.803136Z,elea,0.1.1,ef66ed9,hash,f1.bin,hash,29.079667,52428800,,,blake3
50,24,2026-03-11T12:20:22.803175Z,elea,0.1.1,ef66ed9,hash,f4.bin,hash,29.135,52428800,,,blake3
50,24,2026-03-11T12:20:22.803032Z,elea,0.1.1,ef66ed9,hash,f2.bin,hash,29.009583,52428800,,,blake3
50,24,2026-03-11T12:20:22.803058Z,elea,0.1.1,ef66ed9,hash,f5.bin,hash,29.057583,52428800,,,blake3
50,24,2026-03-11T12:20:22.912706Z,elea,0.1.1,ef66ed9,add,f4.bin,backend_store,107.55654200000001,52428800,,Zstd,blake3
50,24,2026-03-11T12:20:22.912895Z,elea,0.1.1,ef66ed9,add,f4.bin,add_file_total,138.903125,52428800,,Zstd,blake3
50,24,2026-03-11T12:20:22.913129Z,elea,0.1.1,ef66ed9,add,f3.bin,backend_store,108.03808299999999,52428800,,Zstd,blake3
50,24,2026-03-11T12:20:22.913242Z,elea,0.1.1,ef66ed9,add,f3.bin,add_file_total,139.25037500000002,52428800,,Zstd,blake3
50,24,2026-03-11T12:20:22.917567Z,elea,0.1.1,ef66ed9,add,f1.bin,backend_store,112.446167,52428800,,Zstd,blake3
50,24,2026-03-11T12:20:22.917594Z,elea,0.1.1,ef66ed9,add,f2.bin,backend_store,112.423542,52428800,,Zstd,blake3
50,24,2026-03-11T12:20:22.917728Z,elea,0.1.1,ef66ed9,add,f1.bin,add_file_total,143.73737500000001,52428800,,Zstd,blake3
50,24,2026-03-11T12:20:22.917847Z,elea,0.1.1,ef66ed9,add,f2.bin,add_file_total,143.85837500000002,52428800,,Zstd,blake3
50,24,2026-03-11T12:20:22.918915Z,elea,0.1.1,ef66ed9,add,f5.bin,backend_store,113.701917,52428800,,Zstd,blake3
50,24,2026-03-11T12:20:22.919033Z,elea,0.1.1,ef66ed9,add,f5.bin,add_file_total,145.06625,52428800,,Zstd,blake3
50,24,2026-03-11T12:20:22.919078Z,elea,0.1.1,ef66ed9,add,,add_total,145.133333,,5,Zstd,blake3
50,6,2026-03-11T12:20:23.587287Z,elea,0.1.1,ef66ed9,hash,f3.bin,hash,28.964292,52428800,,,blake3
50,6,2026-03-11T12:20:23.587324Z,elea,0.1.1,ef66ed9,hash,f1.bin,hash,28.992708,52428800,,,blake3
50,6,2026-03-11T12:20:23.587279Z,elea,0.1.1,ef66ed9,hash,f4.bin,hash,29.012957999999998,52428800,,,blake3
50,6,2026-03-11T12:20:23.587074Z,elea,0.1.1,ef66ed9,hash,f2.bin,hash,28.771,52428800,,,blake3
50,6,2026-03-11T12:20:23.587178Z,elea,0.1.1,ef66ed9,hash,f5.bin,hash,28.895125,52428800,,,blake3
50,6,2026-03-11T12:20:23.729515Z,elea,0.1.1,ef66ed9,add,f3.bin,backend_store,140.437625,52428800,,Zstd,blake3
50,6,2026-03-11T12:20:23.729771Z,elea,0.1.1,ef66ed9,add,f3.bin,add_file_total,171.518292,52428800,,Zstd,blake3
50,6,2026-03-11T12:20:23.736751Z,elea,0.1.1,ef66ed9,add,f1.bin,backend_store,147.652875,52428800,,Zstd,blake3
50,6,2026-03-11T12:20:23.736962Z,elea,0.1.1,ef66ed9,add,f1.bin,add_file_total,178.70791699999998,52428800,,Zstd,blake3
50,6,2026-03-11T12:20:23.743326Z,elea,0.1.1,ef66ed9,add,f4.bin,backend_store,154.198583,52428800,,Zstd,blake3
50,6,2026-03-11T12:20:23.743513Z,elea,0.1.1,ef66ed9,add,f4.bin,add_file_total,185.28449999999998,52428800,,Zstd,blake3
50,6,2026-03-11T12:20:23.745844Z,elea,0.1.1,ef66ed9,add,f5.bin,backend_store,156.645958,52428800,,Zstd,blake3
50,6,2026-03-11T12:20:23.745998Z,elea,0.1.1,ef66ed9,add,f5.bin,add_file_total,187.744833,52428800,,Zstd,blake3
50,6,2026-03-11T12:20:23.749968Z,elea,0.1.1,ef66ed9,add,f2.bin,backend_store,160.81875000000002,52428800,,Zstd,blake3
50,6,2026-03-11T12:20:23.750084Z,elea,0.1.1,ef66ed9,add,f2.bin,add_file_total,191.833083,52428800,,Zstd,blake3
50,6,2026-03-11T12:20:23.750164Z,elea,0.1.1,ef66ed9,add,,add_total,191.95904199999998,,5,Zstd,blake3
5,7,2026-03-11T12:20:23.839307Z,elea,0.1.1,ef66ed9,hash,f4.bin,hash,2.934792,5242880,,,blake3
5,7,2026-03-11T12:20:23.839323Z,elea,0.1.1,ef66ed9,hash,f5.bin,hash,2.917,5242880,,,blake3
5,7,2026-03-11T12:20:23.839313Z,elea,0.1.1,ef66ed9,hash,f2.bin,hash,2.9386669999999997,5242880,,,blake3
5,7,2026-03-11T12:20:23.839977Z,elea,0.1.1,ef66ed9,hash,f1.bin,hash,3.565125,5242880,,,blake3
5,7,2026-03-11T12:20:23.839342Z,elea,0.1.1,ef66ed9,hash,f3.bin,hash,2.9499999999999997,5242880,,,blake3
5,7,2026-03-11T12:20:23.854169Z,elea,0.1.1,ef66ed9,add,f5.bin,backend_store,13.041708000000002,5242880,,Zstd,blake3
5,7,2026-03-11T12:20:23.854178Z,elea,0.1.1,ef66ed9,add,f4.bin,backend_store,13.067583,5242880,,Zstd,blake3
5,7,2026-03-11T12:20:23.854201Z,elea,0.1.1,ef66ed9,add,f2.bin,backend_store,13.051541,5242880,,Zstd,blake3
5,7,2026-03-11T12:20:23.854247Z,elea,0.1.1,ef66ed9,add,f3.bin,backend_store,13.03025,5242880,,Zstd,blake3
5,7,2026-03-11T12:20:23.854271Z,elea,0.1.1,ef66ed9,add,f1.bin,backend_store,13.08725,5242880,,Zstd,blake3
5,7,2026-03-11T12:20:23.85444Z,elea,0.1.1,ef66ed9,add,f4.bin,add_file_total,18.114208,5242880,,Zstd,blake3
5,7,2026-03-11T12:20:23.855326Z,elea,0.1.1,ef66ed9,add,f2.bin,add_file_total,18.967333,5242880,,Zstd,blake3
5,7,2026-03-11T12:20:23.85561Z,elea,0.1.1,ef66ed9,add,f5.bin,add_file_total,19.28125,5242880,,Zstd,blake3
5,7,2026-03-11T12:20:23.856Z,elea,0.1.1,ef66ed9,add,f3.bin,add_file_total,19.679708,5242880,,Zstd,blake3
5,7,2026-03-11T12:20:23.856493Z,elea,0.1.1,ef66ed9,add,f1.bin,add_file_total,20.157667,5242880,,Zstd,blake3
5,7,2026-03-11T12:20:23.856564Z,elea,0.1.1,ef66ed9,add,,add_total,20.272375,,5,Zstd,blake3
10,22,2026-03-11T12:20:24.015428Z,elea,0.1.1,ef66ed9,hash,f2.bin,hash,5.815375,10485760,,,blake3
10,22,2026-03-11T12:20:24.01534Z,elea,0.1.1,ef66ed9,hash,f4.bin,hash,5.79925,10485760,,,blake3
10,22,2026-03-11T12:20:24.015405Z,elea,0.1.1,ef66ed9,hash,f1.bin,hash,5.837541,10485760,,,blake3
10,22,2026-03-11T12:20:24.01542Z,elea,0.1.1,ef66ed9,hash,f3.bin,hash,5.804458,10485760,,,blake3
10,22,2026-03-11T12:20:24.015319Z,elea,0.1.1,ef66ed9,hash,f5.bin,hash,5.742,10485760,,,blake3
10,22,2026-03-11T12:20:24.044724Z,elea,0.1.1,ef66ed9,add,f1.bin,backend_store,27.631292,10485760,,Zstd,blake3
10,22,2026-03-11T12:20:24.044947Z,elea,0.1.1,ef66ed9,add,f1.bin,add_file_total,35.421459000000006,10485760,,Zstd,blake3
10,22,2026-03-11T12:20:24.045747Z,elea,0.1.1,ef66ed9,add,f2.bin,backend_store,28.726292,10485760,,Zstd,blake3
10,22,2026-03-11T12:20:24.045834Z,elea,0.1.1,ef66ed9,add,f5.bin,backend_store,28.709541,10485760,,Zstd,blake3
10,22,2026-03-11T12:20:24.045889Z,elea,0.1.1,ef66ed9,add,f3.bin,backend_store,28.728208000000002,10485760,,Zstd,blake3
10,22,2026-03-11T12:20:24.045934Z,elea,0.1.1,ef66ed9,add,f2.bin,add_file_total,36.407250000000005,10485760,,Zstd,blake3
10,22,2026-03-11T12:20:24.046256Z,elea,0.1.1,ef66ed9,add,f5.bin,add_file_total,36.730208,10485760,,Zstd,blake3
10,22,2026-03-11T12:20:24.046304Z,elea,0.1.1,ef66ed9,add,f3.bin,add_file_total,36.778791999999996,10485760,,Zstd,blake3
10,22,2026-03-11T12:20:24.04746Z,elea,0.1.1,ef66ed9,add,f4.bin,backend_store,30.389499999999998,10485760,,Zstd,blake3
10,22,2026-03-11T12:20:24.047575Z,elea,0.1.1,ef66ed9,add,f4.bin,add_file_total,38.070874999999994,10485760,,Zstd,blake3
10,22,2026-03-11T12:20:24.04763Z,elea,0.1.1,ef66ed9,add,,add_total,38.14875,,5,Zstd,blake3
5,17,2026-03-11T12:20:24.133375Z,elea,0.1.1,ef66ed9,hash,f1.bin,hash,2.91975,5242880,,,blake3
5,17,2026-03-11T12:20:24.13334Z,elea,0.1.1,ef66ed9,hash,f5.bin,hash,2.873459,5242880,,,blake3
5,17,2026-03-11T12:20:24.133383Z,elea,0.1.1,ef66ed9,hash,f2.bin,hash,2.899666,5242880,,,blake3
5,17,2026-03-11T12:20:24.133366Z,elea,0.1.1,ef66ed9,hash,f4.bin,hash,2.8915830000000002,5242880,,,blake3
5,17,2026-03-11T12:20:24.133401Z,elea,0.1.1,ef66ed9,hash,f3.bin,hash,2.910334,5242880,,,blake3
5,17,2026-03-11T12:20:24.148941Z,elea,0.1.1,ef66ed9,add,f5.bin,backend_store,13.991916,5242880,,Zstd,blake3
5,17,2026-03-11T12:20:24.149095Z,elea,0.1.1,ef66ed9,add,f5.bin,add_file_total,18.672375000000002,5242880,,Zstd,blake3
5,17,2026-03-11T12:20:24.153945Z,elea,0.1.1,ef66ed9,add,f4.bin,backend_store,18.955209,5242880,,Zstd,blake3
5,17,2026-03-11T12:20:24.154089Z,elea,0.1.1,ef66ed9,add,f4.bin,add_file_total,23.662083,5242880,,Zstd,blake3
5,17,2026-03-11T12:20:24.157316Z,elea,0.1.1,ef66ed9,add,f2.bin,backend_store,22.335333,5242880,,Zstd,blake3
5,17,2026-03-11T12:20:24.157328Z,elea,0.1.1,ef66ed9,add,f1.bin,backend_store,22.401875,5242880,,Zstd,blake3
5,17,2026-03-11T12:20:24.157346Z,elea,0.1.1,ef66ed9,add,f3.bin,backend_store,22.323124999999997,5242880,,Zstd,blake3
5,17,2026-03-11T12:20:24.157442Z,elea,0.1.1,ef66ed9,add,f2.bin,add_file_total,27.016583,5242880,,Zstd,blake3
5,17,2026-03-11T12:20:24.157482Z,elea,0.1.1,ef66ed9,add,f1.bin,add_file_total,27.066665999999998,5242880,,Zstd,blake3
5,17,2026-03-11T12:20:24.157531Z,elea,0.1.1,ef66ed9,add,f3.bin,add_file_total,27.098292,5242880,,Zstd,blake3
5,17,2026-03-11T12:20:24.157592Z,elea,0.1.1,ef66ed9,add,,add_total,27.218541,,5,Zstd,blake3
5,3,2026-03-11T12:20:24.242661Z,elea,0.1.1,ef66ed9,hash,f5.bin,hash,2.8692919999999997,5242880,,,blake3
5,3,2026-03-11T12:20:24.242645Z,elea,0.1.1,ef66ed9,hash,f4.bin,hash,2.885667,5242880,,,blake3
5,3,2026-03-11T12:20:24.242689Z,elea,0.1.1,ef66ed9,hash,f3.bin,hash,2.8890830000000003,5242880,,,blake3
5,3,2026-03-11T12:20:24.242714Z,elea,0.1.1,ef66ed9,hash,f1.bin,hash,2.929083,5242880,,,blake3
5,3,2026-03-11T12:20:24.24268Z,elea,0.1.1,ef66ed9,hash,f2.bin,hash,2.899208,5242880,,,blake3
5,3,2026-03-11T12:20:24.256038Z,elea,0.1.1,ef66ed9,add,f3.bin,backend_store,11.465458,5242880,,Zstd,blake3
5,3,2026-03-11T12:20:24.256143Z,elea,0.1.1,ef66ed9,add,f2.bin,backend_store,11.519125,5242880,,Zstd,blake3
5,3,2026-03-11T12:20:24.256169Z,elea,0.1.1,ef66ed9,add,f5.bin,backend_store,11.645249999999999,5242880,,Zstd,blake3
5,3,2026-03-11T12:20:24.256198Z,elea,0.1.1,ef66ed9,add,f4.bin,backend_store,11.651666,5242880,,Zstd,blake3
5,3,2026-03-11T12:20:24.25624Z,elea,0.1.1,ef66ed9,add,f3.bin,add_file_total,16.501167000000002,5242880,,Zstd,blake3
5,3,2026-03-11T12:20:24.258034Z,elea,0.1.1,ef66ed9,add,f2.bin,add_file_total,18.302667000000003,5242880,,Zstd,blake3
5,3,2026-03-11T12:20:24.258072Z,elea,0.1.1,ef66ed9,add,f5.bin,add_file_total,18.339375,5242880,,Zstd,blake3
5,3,2026-03-11T12:20:24.258116Z,elea,0.1.1,ef66ed9,add,f4.bin,add_file_total,18.3965,5242880,,Zstd,blake3
5,3,2026-03-11T12:20:24.259685Z,elea,0.1.1,ef66ed9,add,f1.bin,backend_store,15.085875,5242880,,Zstd,blake3
5,3,2026-03-11T12:20:24.259778Z,elea,0.1.1,ef66ed9,add,f1.bin,add_file_total,20.045541,5242880,,Zstd,blake3
5,3,2026-03-11T12:20:24.259837Z,elea,0.1.1,ef66ed9,add,,add_total,20.141790999999998,,5,Zstd,blake3
2,24,2026-03-11T12:20:24.307522Z,elea,0.1.1,ef66ed9,hash,f1.bin,hash,1.189042,2097152,,,blake3
2,24,2026-03-11T12:20:24.307492Z,elea,0.1.1,ef66ed9,hash,f4.bin,hash,1.1687500000000002,2097152,,,blake3
2,24,2026-03-11T12:20:24.307538Z,elea,0.1.1,ef66ed9,hash,f3.bin,hash,1.181042,2097152,,,blake3
2,24,2026-03-11T12:20:24.30753Z,elea,0.1.1,ef66ed9,hash,f2.bin,hash,1.178167,2097152,,,blake3
2,24,2026-03-11T12:20:24.307483Z,elea,0.1.1,ef66ed9,hash,f5.bin,hash,1.169375,2097152,,,blake3
2,24,2026-03-11T12:20:24.313783Z,elea,0.1.1,ef66ed9,add,f3.bin,backend_store,4.877000000000001,2097152,,Zstd,blake3
2,24,2026-03-11T12:20:24.313796Z,elea,0.1.1,ef66ed9,add,f4.bin,backend_store,4.912375,2097152,,Zstd,blake3
2,24,2026-03-11T12:20:24.313811Z,elea,0.1.1,ef66ed9,add,f2.bin,backend_store,4.8785,2097152,,Zstd,blake3
2,24,2026-03-11T12:20:24.313836Z,elea,0.1.1,ef66ed9,add,f5.bin,backend_store,4.8805000000000005,2097152,,Zstd,blake3
2,24,2026-03-11T12:20:24.313843Z,elea,0.1.1,ef66ed9,add,f1.bin,backend_store,4.968125000000001,2097152,,Zstd,blake3
2,24,2026-03-11T12:20:24.313986Z,elea,0.1.1,ef66ed9,add,f4.bin,add_file_total,7.6902919999999995,2097152,,Zstd,blake3
2,24,2026-03-11T12:20:24.314577Z,elea,0.1.1,ef66ed9,add,f3.bin,add_file_total,8.275541,2097152,,Zstd,blake3
2,24,2026-03-11T12:20:24.314676Z,elea,0.1.1,ef66ed9,add,f2.bin,add_file_total,8.37325,2097152,,Zstd,blake3
2,24,2026-03-11T12:20:24.314715Z,elea,0.1.1,ef66ed9,add,f5.bin,add_file_total,8.435125,2097152,,Zstd,blake3
2,24,2026-03-11T12:20:24.314749Z,elea,0.1.1,ef66ed9,add,f1.bin,add_file_total,8.452584000000002,2097152,,Zstd,blake3
2,24,2026-03-11T12:20:24.314806Z,elea,0.1.1,ef66ed9,add,,add_total,8.564541,,5,Zstd,blake3
