size_mb,rep,timestamp,user,dvs_version,git_commit,command,file,step,duration_ms,file_size_bytes,num_files,compression,hash_algorithm
50,13,2026-03-11T12:21:05.88741Z,elea,0.1.1,ef66ed9,hash,f1.bin,hash,29.672666,52428800,,,blake3
50,13,2026-03-11T12:21:05.887362Z,elea,0.1.1,ef66ed9,hash,f2.bin,hash,29.611291,52428800,,,blake3
50,13,2026-03-11T12:21:05.887397Z,elea,0.1.1,ef66ed9,hash,f4.bin,hash,29.601292,52428800,,,blake3
50,13,2026-03-11T12:21:05.887501Z,elea,0.1.1,ef66ed9,hash,f3.bin,hash,29.723083000000003,52428800,,,blake3
50,13,2026-03-11T12:21:05.887073Z,elea,0.1.1,ef66ed9,hash,f5.bin,hash,29.304167,52428800,,,blake3
50,13,2026-03-11T12:21:05.889592Z,elea,0.1.1,ef66ed9,add,f1.bin,backend_store,0.795458,52428800,,None,blake3
50,13,2026-03-11T12:21:05.889626Z,elea,0.1.1,ef66ed9,add,f2.bin,backend_store,0.816042,52428800,,None,blake3
50,13,2026-03-11T12:21:05.889643Z,elea,0.1.1,ef66ed9,add,f3.bin,backend_store,0.753125,52428800,,None,blake3
50,13,2026-03-11T12:21:05.889653Z,elea,0.1.1,ef66ed9,add,f4.bin,backend_store,0.772167,52428800,,None,blake3
50,13,2026-03-11T12:21:05.889707Z,elea,0.1.1,ef66ed9,add,f5.bin,backend_store,0.7004999999999999,52428800,,None,blake3
50,13,2026-03-11T12:21:05.890022Z,elea,0.1.1,ef66ed9,add,f1.bin,add_file_total,32.319917,52428800,,None,blake3
50,13,2026-03-11T12:21:05.890078Z,elea,0.1.1,ef66ed9,add,f2.bin,add_file_total,32.367041,52428800,,None,blake3
50,13,2026-03-11T12:21:05.890124Z,elea,0.1.1,ef66ed9,add,f3.bin,add_file_total,32.409292,52428800,,None,blake3
50,13,2026-03-11T12:21:05.890167Z,elea,0.1.1,ef66ed9,add,f4.bin,add_file_total,32.444958,52428800,,None,blake3
50,13,2026-03-11T12:21:05.890205Z,elea,0.1.1,ef66ed9,add,f5.bin,add_file_total,32.492582999999996,52428800,,None,blake3
50,13,2026-03-11T12:21:05.890309Z,elea,0.1.1,ef66ed9,add,,add_total,32.639083,,5,None,blake3
1,22,2026-03-11T12:21:05.93478Z,elea,0.1.1,ef66ed9,hash,f2.bin,hash,0.611708,1048576,,,blake3
1,22,2026-03-11T12:21:05.93476Z,elea,0.1.1,ef66ed9,hash,f1.bin,hash,0.618209,1048576,,,blake3
1,22,2026-03-11T12:21:05.934788Z,elea,0.1.1,ef66ed9,hash,f3.bin,hash,0.613375,1048576,,,blake3
1,22,2026-03-11T12:21:05.934767Z,elea,0.1.1,ef66ed9,hash,f5.bin,hash,0.597958,1048576,,,blake3
1,22,2026-03-11T12:21:05.934747Z,elea,0.1.1,ef66ed9,hash,f4.bin,hash,0.613625,1048576,,,blake3
1,22,2026-03-11T12:21:05.936728Z,elea,0.1.1,ef66ed9,add,f2.bin,backend_store,0.628375,1048576,,None,blake3
1,22,2026-03-11T12:21:05.936735Z,elea,0.1.1,ef66ed9,add,f1.bin,backend_store,0.606083,1048576,,None,blake3
1,22,2026-03-11T12:21:05.936743Z,elea,0.1.1,ef66ed9,add,f5.bin,backend_store,0.569125,1048576,,None,blake3
1,22,2026-03-11T12:21:05.936754Z,elea,0.1.1,ef66ed9,add,f3.bin,backend_store,0.5638340000000001,1048576,,None,blake3
1,22,2026-03-11T12:21:05.936779Z,elea,0.1.1,ef66ed9,add,f4.bin,backend_store,0.581542,1048576,,None,blake3
1,22,2026-03-11T12:21:05.937011Z,elea,0.1.1,ef66ed9,add,f2.bin,add_file_total,2.902083,1048576,,None,blake3
1,22,2026-03-11T12:21:05.937067Z,elea,0.1.1,ef66ed9,add,f1.bin,add_file_total,2.955666,1048576,,None,blake3
1,22,2026-03-11T12:21:05.937106Z,elea,0.1.1,ef66ed9,add,f5.bin,add_file_total,2.994791,1048576,,None,blake3
1,22,2026-03-11T12:21:05.937191Z,elea,0.1.1,ef66ed9,add,f3.bin,add_file_total,3.079958,1048576,,None,blake3
1,22,2026-03-11T12:21:05.937223Z,elea,0.1.1,ef66ed9,add,f4.bin,add_file_total,3.131917,1048576,,None,blake3
1,22,2026-03-11T12:21:05.937276Z,elea,0.1.1,ef66ed9,add,,add_total,3.2123749999999998,,5,None,blake3
10,4,2026-03-11T12:21:06.085467Z,elea,0.1.1,ef66ed9,hash,f3.bin,hash,6.03125,10485760,,,blake3
10,4,2026-03-11T12:21:06.085326Z,elea,0.1.1,ef66ed9,hash,f4.bin,hash,5.892833,10485760,,,blake3
10,4,2026-03-11T12:21:06.085339Z,elea,0.1.1,ef66ed9,hash,f1.bin,hash,5.8799589999999995,10485760,,,blake3
10,4,2026-03-11T12:21:06.085609Z,elea,0.1.1,ef66ed9,hash,f2.bin,hash,6.200333,10485760,,,blake3
10,4,2026-03-11T12:21:06.085286Z,elea,0.1.1,ef66ed9,hash,f5.bin,hash,5.862125,10485760,,,blake3
10,4,2026-03-11T12:21:06.087348Z,elea,0.1.1,ef66ed9,add,f3.bin,backend_store,0.547125,10485760,,None,blake3
10,4,2026-03-11T12:21:06.087386Z,elea,0.1.1,ef66ed9,add,f1.bin,backend_store,0.550458,10485760,,None,blake3
10,4,2026-03-11T12:21:06.087403Z,elea,0.1.1,ef66ed9,add,f4.bin,backend_store,0.582833,10485760,,None,blake3
10,4,2026-03-11T12:21:06.087416Z,elea,0.1.1,ef66ed9,add,f5.bin,backend_store,0.525833,10485760,,None,blake3
10,4,2026-03-11T12:21:06.087486Z,elea,0.1.1,ef66ed9,add,f2.bin,backend_store,0.630667,10485760,,None,blake3
10,4,2026-03-11T12:21:06.087525Z,elea,0.1.1,ef66ed9,add,f3.bin,add_file_total,8.136917,10485760,,None,blake3
10,4,2026-03-11T12:21:06.087582Z,elea,0.1.1,ef66ed9,add,f4.bin,add_file_total,8.194541,10485760,,None,blake3
10,4,2026-03-11T12:21:06.08762Z,elea,0.1.1,ef66ed9,add,f5.bin,add_file_total,8.234625000000001,10485760,,None,blake3
10,4,2026-03-11T12:21:06.087652Z,elea,0.1.1,ef66ed9,add,f1.bin,add_file_total,8.261625,10485760,,None,blake3
10,4,2026-03-11T12:21:06.087687Z,elea,0.1.1,ef66ed9,add,f2.bin,add_file_total,8.319334,10485760,,None,blake3
10,4,2026-03-11T12:21:06.087729Z,elea,0.1.1,ef66ed9,add,,add_total,8.387417,,5,None,blake3
5,19,2026-03-11T12:21:06.177757Z,elea,0.1.1,ef66ed9,hash,f3.bin,hash,2.943709,5242880,,,blake3
5,19,2026-03-11T12:21:06.17774Z,elea,0.1.1,ef66ed9,hash,f2.bin,hash,2.958708,5242880,,,blake3
5,19,2026-03-11T12:21:06.177768Z,elea,0.1.1,ef66ed9,hash,f4.bin,hash,2.9335,5242880,,,blake3
5,19,2026-03-11T12:21:06.177668Z,elea,0.1.1,ef66ed9,hash,f5.bin,hash,2.902292,5242880,,,blake3
5,19,2026-03-11T12:21:06.177701Z,elea,0.1.1,ef66ed9,hash,f1.bin,hash,2.9459579999999996,5242880,,,blake3
5,19,2026-03-11T12:21:06.179643Z,elea,0.1.1,ef66ed9,add,f3.bin,backend_store,0.59475,5242880,,None,blake3
5,19,2026-03-11T12:21:06.179674Z,elea,0.1.1,ef66ed9,add,f2.bin,backend_store,0.6115419999999999,5242880,,None,blake3
5,19,2026-03-11T12:21:06.179772Z,elea,0.1.1,ef66ed9,add,f4.bin,backend_store,0.682167,5242880,,None,blake3
5,19,2026-03-11T12:21:06.179825Z,elea,0.1.1,ef66ed9,add,f2.bin,add_file_total,5.102207999999999,5242880,,None,blake3
5,19,2026-03-11T12:21:06.179886Z,elea,0.1.1,ef66ed9,add,f3.bin,add_file_total,5.155125,5242880,,None,blake3
5,19,2026-03-11T12:21:06.1799Z,elea,0.1.1,ef66ed9,add,f5.bin,backend_store,0.693833,5242880,,None,blake3
5,19,2026-03-11T12:21:06.179935Z,elea,0.1.1,ef66ed9,add,f1.bin,backend_store,0.712917,5242880,,None,blake3
5,19,2026-03-11T12:21:06.180015Z,elea,0.1.1,ef66ed9,add,f4.bin,add_file_total,5.2780830000000005,5242880,,None,blake3
5,19,2026-03-11T12:21:06.180098Z,elea,0.1.1,ef66ed9,add,f5.bin,add_file_total,5.38,5242880,,None,blake3
5,19,2026-03-11T12:21:06.180136Z,elea,0.1.1,ef66ed9,add,f1.bin,add_file_total,5.423417,5242880,,None,blake3
5,19,2026-03-11T12:21:06.18019Z,elea,0.1.1,ef66ed9,add,,add_total,5.5205,,5,None,blake3
10,22,2026-03-11T12:21:06.330351Z,elea,0.1.1,ef66ed9,hash,f3.bin,hash,5.851958,10485760,,,blake3
10,22,2026-03-11T12:21:06.330385Z,elea,0.1.1,ef66ed9,hash,f2.bin,hash,5.8798330000000005,10485760,,,blake3
10,22,2026-03-11T12:21:06.330369Z,elea,0.1.1,ef66ed9,hash,f1.bin,hash,5.8879589999999995,10485760,,,blake3
10,22,2026-03-11T12:21:06.32999Z,elea,0.1.1,ef66ed9,hash,f5.bin,hash,5.5065,10485760,,,blake3
10,22,2026-03-11T12:21:06.33036Z,elea,0.1.1,ef66ed9,hash,f4.bin,hash,5.879583,10485760,,,blake3
10,22,2026-03-11T12:21:06.332264Z,elea,0.1.1,ef66ed9,add,f3.bin,backend_store,0.675917,10485760,,None,blake3
10,22,2026-03-11T12:21:06.332294Z,elea,0.1.1,ef66ed9,add,f5.bin,backend_store,0.6285419999999999,10485760,,None,blake3
10,22,2026-03-11T12:21:06.332303Z,elea,0.1.1,ef66ed9,add,f1.bin,backend_store,0.6686249999999999,10485760,,None,blake3
10,22,2026-03-11T12:21:06.332316Z,elea,0.1.1,ef66ed9,add,f2.bin,backend_store,0.691208,10485760,,None,blake3
10,22,2026-03-11T12:21:06.332343Z,elea,0.1.1,ef66ed9,add,f4.bin,backend_store,0.647792,10485760,,None,blake3
10,22,2026-03-11T12:21:06.332469Z,elea,0.1.1,ef66ed9,add,f3.bin,add_file_total,8.039916,10485760,,None,blake3
10,22,2026-03-11T12:21:06.33252Z,elea,0.1.1,ef66ed9,add,f5.bin,add_file_total,8.090458,10485760,,None,blake3
10,22,2026-03-11T12:21:06.332567Z,elea,0.1.1,ef66ed9,add,f1.bin,add_file_total,8.159209,10485760,,None,blake3
10,22,2026-03-11T12:21:06.332619Z,elea,0.1.1,ef66ed9,add,f2.bin,add_file_total,8.186667,10485760,,None,blake3
10,22,2026-03-11T12:21:06.33267Z,elea,0.1.1,ef66ed9,add,f4.bin,add_file_total,8.241,10485760,,None,blake3
10,22,2026-03-11T12:21:06.332735Z,elea,0.1.1,ef66ed9,add,,add_total,8.368583000000001,,5,None,blake3
10,8,2026-03-11T12:21:06.479897Z,elea,0.1.1,ef66ed9,hash,f3.bin,hash,5.841334,10485760,,,blake3
10,8,2026-03-11T12:21:06.479845Z,elea,0.1.1,ef66ed9,hash,f2.bin,hash,5.816791,10485760,,,blake3
10,8,2026-03-11T12:21:06.479575Z,elea,0.1.1,ef66ed9,hash,f5.bin,hash,5.555583,10485760,,,blake3
10,8,2026-03-11T12:21:06.479885Z,elea,0.1.1,ef66ed9,hash,f1.bin,hash,5.839583,10485760,,,blake3
10,8,2026-03-11T12:21:06.479876Z,elea,0.1.1,ef66ed9,hash,f4.bin,hash,5.82775,10485760,,,blake3
10,8,2026-03-11T12:21:06.481667Z,elea,0.1.1,ef66ed9,add,f3.bin,backend_store,0.574333,10485760,,None,blake3
10,8,2026-03-11T12:21:06.481701Z,elea,0.1.1,ef66ed9,add,f1.bin,backend_store,0.534083,10485760,,None,blake3
10,8,2026-03-11T12:21:06.481706Z,elea,0.1.1,ef66ed9,add,f2.bin,backend_store,0.599666,10485760,,None,blake3
10,8,2026-03-11T12:21:06.481724Z,elea,0.1.1,ef66ed9,add,f5.bin,backend_store,0.584584,10485760,,None,blake3
10,8,2026-03-11T12:21:06.481776Z,elea,0.1.1,ef66ed9,add,f4.bin,backend_store,0.58675,10485760,,None,blake3
10,8,2026-03-11T12:21:06.481924Z,elea,0.1.1,ef66ed9,add,f3.bin,add_file_total,7.931291999999999,10485760,,None,blake3
10,8,2026-03-11T12:21:06.482002Z,elea,0.1.1,ef66ed9,add,f1.bin,add_file_total,8.011709,10485760,,None,blake3
10,8,2026-03-11T12:21:06.482052Z,elea,0.1.1,ef66ed9,add,f5.bin,add_file_total,8.07075,10485760,,None,blake3
10,8,2026-03-11T12:21:06.482109Z,elea,0.1.1,ef66ed9,add,f2.bin,add_file_total,8.124292,10485760,,None,blake3
10,8,2026-03-11T12:21:06.48216Z,elea,0.1.1,ef66ed9,add,f4.bin,add_file_total,8.1695,10485760,,None,blake3
10,8,2026-03-11T12:21:06.482254Z,elea,0.1.1,ef66ed9,add,,add_total,8.313542,,5,None,blake3
5,1,2026-03-11T12:21:06.570243Z,elea,0.1.1,ef66ed9,hash,f5.bin,hash,2.98475,5242880,,,blake3
5,1,2026-03-11T12:21:06.570289Z,elea,0.1.1,ef66ed9,hash,f4.bin,hash,3.033083,5242880,,,blake3
5,1,2026-03-11T12:21:06.570226Z,elea,0.1.1,ef66ed9,hash,f2.bin,hash,3.0005,5242880,,,blake3
5,1,2026-03-11T12:21:06.570253Z,elea,0.1.1,ef66ed9,hash,f1.bin,hash,3.000333,5242880,,,blake3
5,1,2026-03-11T12:21:06.570159Z,elea,0.1.1,ef66ed9,hash,f3.bin,hash,2.912917,5242880,,,blake3
5,1,2026-03-11T12:21:06.572589Z,elea,0.1.1,ef66ed9,add,f5.bin,backend_store,0.6375419999999999,5242880,,None,blake3
5,1,2026-03-11T12:21:06.572595Z,elea,0.1.1,ef66ed9,add,f4.bin,backend_store,0.612583,5242880,,None,blake3
5,1,2026-03-11T12:21:06.572616Z,elea,0.1.1,ef66ed9,add,f2.bin,backend_store,0.5995,5242880,,None,blake3
5,1,2026-03-11T12:21:06.572624Z,elea,0.1.1,ef66ed9,add,f1.bin,backend_store,0.57625,5242880,,None,blake3
5,1,2026-03-11T12:21:06.572679Z,elea,0.1.1,ef66ed9,add,f3.bin,backend_store,0.613542,5242880,,None,blake3
5,1,2026-03-11T12:21:06.572798Z,elea,0.1.1,ef66ed9,add,f5.bin,add_file_total,5.600207999999999,5242880,,None,blake3
5,1,2026-03-11T12:21:06.572854Z,elea,0.1.1,ef66ed9,add,f4.bin,add_file_total,5.658291999999999,5242880,,None,blake3
5,1,2026-03-11T12:21:06.5729Z,elea,0.1.1,ef66ed9,add,f2.bin,add_file_total,5.7190829999999995,5242880,,None,blake3
5,1,2026-03-11T12:21:06.572949Z,elea,0.1.1,ef66ed9,add,f1.bin,add_file_total,5.734292,5242880,,None,blake3
5,1,2026-03-11T12:21:06.573Z,elea,0.1.1,ef66ed9,add,f3.bin,add_file_total,5.802167,5242880,,None,blake3
5,1,2026-03-11T12:21:06.573057Z,elea,0.1.1,ef66ed9,add,,add_total,5.914084,,5,None,blake3
10,25,2026-03-11T12:21:06.724445Z,elea,0.1.1,ef66ed9,hash,f5.bin,hash,5.7697080000000005,10485760,,,blake3
10,25,2026-03-11T12:21:06.72453Z,elea,0.1.1,ef66ed9,hash,f1.bin,hash,5.848333,10485760,,,blake3
10,25,2026-03-11T12:21:06.724309Z,elea,0.1.1,ef66ed9,hash,f3.bin,hash,5.656834,10485760,,,blake3
10,25,2026-03-11T12:21:06.724475Z,elea,0.1.1,ef66ed9,hash,f4.bin,hash,5.814334,10485760,,,blake3
10,25,2026-03-11T12:21:06.72455Z,elea,0.1.1,ef66ed9,hash,f2.bin,hash,5.859583,10485760,,,blake3
10,25,2026-03-11T12:21:06.72658Z,elea,0.1.1,ef66ed9,add,f5.bin,backend_store,0.6105,10485760,,None,blake3
10,25,2026-03-11T12:21:06.726612Z,elea,0.1.1,ef66ed9,add,f1.bin,backend_store,0.610084,10485760,,None,blake3
10,25,2026-03-11T12:21:06.726632Z,elea,0.1.1,ef66ed9,add,f3.bin,backend_store,0.612583,10485760,,None,blake3
10,25,2026-03-11T12:21:06.726646Z,elea,0.1.1,ef66ed9,add,f4.bin,backend_store,0.593167,10485760,,None,blake3
10,25,2026-03-11T12:21:06.726672Z,elea,0.1.1,ef66ed9,add,f2.bin,backend_store,0.595834,10485760,,None,blake3
10,25,2026-03-11T12:21:06.726761Z,elea,0.1.1,ef66ed9,add,f5.bin,add_file_total,8.149333,10485760,,None,blake3
10,25,2026-03-11T12:21:06.726816Z,elea,0.1.1,ef66ed9,add,f3.bin,add_file_total,8.220958,10485760,,None,blake3
10,25,2026-03-11T12:21:06.726889Z,elea,0.1.1,ef66ed9,add,f1.bin,add_file_total,8.273582999999999,10485760,,None,blake3
10,25,2026-03-11T12:21:06.726945Z,elea,0.1.1,ef66ed9,add,f4.bin,add_file_total,8.334332999999999,10485760,,None,blake3
10,25,2026-03-11T12:21:06.726997Z,elea,0.1.1,ef66ed9,add,f2.bin,add_file_total,8.381542000000001,10485760,,None,blake3
10,25,2026-03-11T12:21:06.727061Z,elea,0.1.1,ef66ed9,add,,add_total,8.501125,,5,None,blake3
10,2,2026-03-11T12:21:06.878444Z,elea,0.1.1,ef66ed9,hash,f2.bin,hash,5.871582999999999,10485760,,,blake3
10,2,2026-03-11T12:21:06.878339Z,elea,0.1.1,ef66ed9,hash,f1.bin,hash,5.782417,10485760,,,blake3
10,2,2026-03-11T12:21:06.878456Z,elea,0.1.1,ef66ed9,hash,f4.bin,hash,5.963417000000001,10485760,,,blake3
10,2,2026-03-11T12:21:06.878365Z,elea,0.1.1,ef66ed9,hash,f5.bin,hash,5.8565830000000005,10485760,,,blake3
10,2,2026-03-11T12:21:06.878485Z,elea,0.1.1,ef66ed9,hash,f3.bin,hash,5.958458,10485760,,,blake3
10,2,2026-03-11T12:21:06.880996Z,elea,0.1.1,ef66ed9,add,f4.bin,backend_store,0.8573339999999999,10485760,,None,blake3
10,2,2026-03-11T12:21:06.881017Z,elea,0.1.1,ef66ed9,add,f5.bin,backend_store,0.8512500000000001,10485760,,None,blake3
10,2,2026-03-11T12:21:06.881103Z,elea,0.1.1,ef66ed9,add,f3.bin,backend_store,0.91,10485760,,None,blake3
10,2,2026-03-11T12:21:06.881204Z,elea,0.1.1,ef66ed9,add,f1.bin,backend_store,1.1025,10485760,,None,blake3
10,2,2026-03-11T12:21:06.881281Z,elea,0.1.1,ef66ed9,add,f2.bin,backend_store,1.239208,10485760,,None,blake3
10,2,2026-03-11T12:21:06.881288Z,elea,0.1.1,ef66ed9,add,f4.bin,add_file_total,8.836375,10485760,,None,blake3
10,2,2026-03-11T12:21:06.881436Z,elea,0.1.1,ef66ed9,add,f5.bin,add_file_total,8.965791000000001,10485760,,None,blake3
10,2,2026-03-11T12:21:06.881488Z,elea,0.1.1,ef66ed9,add,f3.bin,add_file_total,9.016625000000001,10485760,,None,blake3
10,2,2026-03-11T12:21:06.881575Z,elea,0.1.1,ef66ed9,add,f1.bin,add_file_total,9.10025,10485760,,None,blake3
10,2,2026-03-11T12:21:06.881634Z,elea,0.1.1,ef66ed9,add,f2.bin,add_file_total,9.139375,10485760,,None,blake3
10,2,2026-03-11T12:21:06.881704Z,elea,0.1.1,ef66ed9,add,,add_total,9.289083,,5,None,blake3
1,12,2026-03-11T12:21:06.921204Z,elea,0.1.1,ef66ed9,hash,f1.bin,hash,0.631209,1048576,,,blake3
1,12,2026-03-11T12:21:06.921196Z,elea,0.1.1,ef66ed9,hash,f2.bin,hash,0.611667,1048576,,,blake3
1,12,2026-03-11T12:21:06.92118Z,elea,0.1.1,ef66ed9,hash,f3.bin,hash,0.600375,1048576,,,blake3
1,12,2026-03-11T12:21:06.921188Z,elea,0.1.1,ef66ed9,hash,f4.bin,hash,0.611209,1048576,,,blake3
1,12,2026-03-11T12:21:06.921162Z,elea,0.1.1,ef66ed9,hash,f5.bin,hash,0.603542,1048576,,,blake3
1,12,2026-03-11T12:21:06.923177Z,elea,0.1.1,ef66ed9,add,f1.bin,backend_store,0.6172909999999999,1048576,,None,blake3
1,12,2026-03-11T12:21:06.923196Z,elea,0.1.1,ef66ed9,add,f4.bin,backend_store,0.559375,1048576,,None,blake3
1,12,2026-03-11T12:21:06.923272Z,elea,0.1.1,ef66ed9,add,f3.bin,backend_store,0.641959,1048576,,None,blake3
1,12,2026-03-11T12:21:06.923284Z,elea,0.1.1,ef66ed9,add,f5.bin,backend_store,0.6226670000000001,1048576,,None,blake3
1,12,2026-03-11T12:21:06.92331Z,elea,0.1.1,ef66ed9,add,f2.bin,backend_store,0.73,1048576,,None,blake3
1,12,2026-03-11T12:21:06.923358Z,elea,0.1.1,ef66ed9,add,f1.bin,add_file_total,2.849792,1048576,,None,blake3
1,12,2026-03-11T12:21:06.92342Z,elea,0.1.1,ef66ed9,add,f4.bin,add_file_total,2.901125,1048576,,None,blake3
1,12,2026-03-11T12:21:06.923524Z,elea,0.1.1,ef66ed9,add,f5.bin,add_file_total,3.00725,1048576,,None,blake3
1,12,2026-03-11T12:21:06.923562Z,elea,0.1.1,ef66ed9,add,f3.bin,add_file_total,3.045458,1048576,,None,blake3
1,12,2026-03-11T12:21:06.923597Z,elea,0.1.1,ef66ed9,add,f2.bin,add_file_total,3.076291,1048576,,None,blake3
1,12,2026-03-11T12:21:06.923651Z,elea,0.1.1,ef66ed9,add,,add_total,3.1830000000000003,,5,None,blake3
10,7,2026-03-11T12:21:07.076007Z,elea,0.1.1,ef66ed9,hash,f2.bin,hash,5.921292,10485760,,,blake3
10,7,2026-03-11T12:21:07.075902Z,elea,0.1.1,ef66ed9,hash,f3.bin,hash,5.7830829999999995,10485760,,,blake3
10,7,2026-03-11T12:21:07.076038Z,elea,0.1.1,ef66ed9,hash,f5.bin,hash,5.900875,10485760,,,blake3
10,7,2026-03-11T12:21:07.07594Z,elea,0.1.1,ef66ed9,hash,f1.bin,hash,5.841125,10485760,,,blake3
10,7,2026-03-11T12:21:07.076076Z,elea,0.1.1,ef66ed9,hash,f4.bin,hash,5.920583,10485760,,,blake3
10,7,2026-03-11T12:21:07.078349Z,elea,0.1.1,ef66ed9,add,f1.bin,backend_store,0.47875,10485760,,None,blake3
10,7,2026-03-11T12:21:07.078396Z,elea,0.1.1,ef66ed9,add,f2.bin,backend_store,0.620625,10485760,,None,blake3
10,7,2026-03-11T12:21:07.078555Z,elea,0.1.1,ef66ed9,add,f1.bin,add_file_total,8.493125000000001,10485760,,None,blake3
10,7,2026-03-11T12:21:07.078591Z,elea,0.1.1,ef66ed9,add,f4.bin,backend_store,0.644584,10485760,,None,blake3
10,7,2026-03-11T12:21:07.078626Z,elea,0.1.1,ef66ed9,add,f3.bin,backend_store,0.805458,10485760,,None,blake3
10,7,2026-03-11T12:21:07.078663Z,elea,0.1.1,ef66ed9,add,f5.bin,backend_store,0.8366250000000001,10485760,,None,blake3
10,7,2026-03-11T12:21:07.078679Z,elea,0.1.1,ef66ed9,add,f2.bin,add_file_total,8.621749999999999,10485760,,None,blake3
10,7,2026-03-11T12:21:07.078834Z,elea,0.1.1,ef66ed9,add,f4.bin,add_file_total,8.766625,10485760,,None,blake3
10,7,2026-03-11T12:21:07.078907Z,elea,0.1.1,ef66ed9,add,f3.bin,add_file_total,8.81225,10485760,,None,blake3
10,7,2026-03-11T12:21:07.078969Z,elea,0.1.1,ef66ed9,add,f5.bin,add_file_total,8.900542,10485760,,None,blake3
10,7,2026-03-11T12:21:07.079037Z,elea,0.1.1,ef66ed9,add,,add_total,9.024334,,5,None,blake3
50,15,2026-03-11T12:21:07.7412Z,elea,0.1.1,ef66ed9,hash,f4.bin,hash,29.500084,52428800,,,blake3
50,15,2026-03-11T12:21:07.740588Z,elea,0.1.1,ef66ed9,hash,f2.bin,hash,28.855625,52428800,,,blake3
50,15,2026-03-11T12:21:07.741388Z,elea,0.1.1,ef66ed9,hash,f1.bin,hash,29.652209,52428800,,,blake3
50,15,2026-03-11T12:21:07.740956Z,elea,0.1.1,ef66ed9,hash,f3.bin,hash,29.232167,52428800,,,blake3
50,15,2026-03-11T12:21:07.741265Z,elea,0.1.1,ef66ed9,hash,f5.bin,hash,29.560875,52428800,,,blake3
50,15,2026-03-11T12:21:07.74338Z,elea,0.1.1,ef66ed9,add,f4.bin,backend_store,0.48775,52428800,,None,blake3
50,15,2026-03-11T12:21:07.743581Z,elea,0.1.1,ef66ed9,add,f4.bin,add_file_total,31.924916999999997,52428800,,None,blake3
50,15,2026-03-11T12:21:07.743604Z,elea,0.1.1,ef66ed9,add,f1.bin,backend_store,0.649875,52428800,,None,blake3
50,15,2026-03-11T12:21:07.743618Z,elea,0.1.1,ef66ed9,add,f3.bin,backend_store,0.623666,52428800,,None,blake3
50,15,2026-03-11T12:21:07.743625Z,elea,0.1.1,ef66ed9,add,f2.bin,backend_store,0.688375,52428800,,None,blake3
50,15,2026-03-11T12:21:07.743658Z,elea,0.1.1,ef66ed9,add,f5.bin,backend_store,0.6422910000000001,52428800,,None,blake3
50,15,2026-03-11T12:21:07.743859Z,elea,0.1.1,ef66ed9,add,f1.bin,add_file_total,32.1795,52428800,,None,blake3
50,15,2026-03-11T12:21:07.74392Z,elea,0.1.1,ef66ed9,add,f3.bin,add_file_total,32.242084,52428800,,None,blake3
50,15,2026-03-11T12:21:07.74398Z,elea,0.1.1,ef66ed9,add,f2.bin,add_file_total,32.300834,52428800,,None,blake3
50,15,2026-03-11T12:21:07.744029Z,elea,0.1.1,ef66ed9,add,f5.bin,add_file_total,32.351958,52428800,,None,blake3
50,15,2026-03-11T12:21:07.744103Z,elea,0.1.1,ef66ed9,add,,add_total,32.480957999999994,,5,None,blake3
50,23,2026-03-11T12:21:08.434286Z,elea,0.1.1,ef66ed9,hash,f5.bin,hash,35.978958999999996,52428800,,,blake3
50,23,2026-03-11T12:21:08.436532Z,elea,0.1.1,ef66ed9,hash,f2.bin,hash,38.27008300000001,52428800,,,blake3
50,23,2026-03-11T12:21:08.436805Z,elea,0.1.1,ef66ed9,add,f5.bin,backend_store,0.410625,52428800,,None,blake3
50,23,2026-03-11T12:21:08.437022Z,elea,0.1.1,ef66ed9,add,f5.bin,add_file_total,38.77725,52428800,,None,blake3
50,23,2026-03-11T12:21:08.43705Z,elea,0.1.1,ef66ed9,add,f2.bin,backend_store,0.420958,52428800,,None,blake3
50,23,2026-03-11T12:21:08.437222Z,elea,0.1.1,ef66ed9,add,f2.bin,add_file_total,38.985708,52428800,,None,blake3
50,23,2026-03-11T12:21:08.437717Z,elea,0.1.1,ef66ed9,hash,f3.bin,hash,39.472958000000006,52428800,,,blake3
50,23,2026-03-11T12:21:08.43791Z,elea,0.1.1,ef66ed9,hash,f1.bin,hash,39.593792,52428800,,,blake3
50,23,2026-03-11T12:21:08.4381Z,elea,0.1.1,ef66ed9,add,f3.bin,backend_store,0.32766700000000004,52428800,,None,blake3
50,23,2026-03-11T12:21:08.438229Z,elea,0.1.1,ef66ed9,add,f3.bin,add_file_total,40.022000000000006,52428800,,None,blake3
50,23,2026-03-11T12:21:08.438289Z,elea,0.1.1,ef66ed9,add,f1.bin,backend_store,0.308708,52428800,,None,blake3
50,23,2026-03-11T12:21:08.438414Z,elea,0.1.1,ef66ed9,add,f1.bin,add_file_total,40.169167,52428800,,None,blake3
50,23,2026-03-11T12:21:08.4414Z,elea,0.1.1,ef66ed9,hash,f4.bin,hash,43.12675,52428800,,,blake3
50,23,2026-03-11T12:21:08.441773Z,elea,0.1.1,ef66ed9,add,f4.bin,backend_store,0.321417,52428800,,None,blake3
50,23,2026-03-11T12:21:08.441927Z,elea,0.1.1,ef66ed9,add,f4.bin,add_file_total,43.707041000000004,52428800,,None,blake3
50,23,2026-03-11T12:21:08.442006Z,elea,0.1.1,ef66ed9,add,,add_total,43.837624999999996,,5,None,blake3
5,2,2026-03-11T12:21:08.543313Z,elea,0.1.1,ef66ed9,hash,f2.bin,hash,4.234958,5242880,,,blake3
5,2,2026-03-11T12:21:08.542131Z,elea,0.1.1,ef66ed9,hash,f5.bin,hash,3.096209,5242880,,,blake3
5,2,2026-03-11T12:21:08.542849Z,elea,0.1.1,ef66ed9,hash,f3.bin,hash,3.756833,5242880,,,blake3
5,2,2026-03-11T12:21:08.543574Z,elea,0.1.1,ef66ed9,hash,f1.bin,hash,4.434416,5242880,,,blake3
5,2,2026-03-11T12:21:08.543807Z,elea,0.1.1,ef66ed9,hash,f4.bin,hash,4.685167,5242880,,,blake3
5,2,2026-03-11T12:21:08.544859Z,elea,0.1.1,ef66ed9,add,f2.bin,backend_store,0.6422920000000001,5242880,,None,blake3
5,2,2026-03-11T12:21:08.544962Z,elea,0.1.1,ef66ed9,add,f3.bin,backend_store,0.6429590000000001,5242880,,None,blake3
5,2,2026-03-11T12:21:08.54508Z,elea,0.1.1,ef66ed9,add,f5.bin,backend_store,0.8296659999999999,5242880,,None,blake3
5,2,2026-03-11T12:21:08.545168Z,elea,0.1.1,ef66ed9,add,f1.bin,backend_store,0.7092080000000001,5242880,,None,blake3
5,2,2026-03-11T12:21:08.54518Z,elea,0.1.1,ef66ed9,add,f4.bin,backend_store,0.694083,5242880,,None,blake3
5,2,2026-03-11T12:21:08.545375Z,elea,0.1.1,ef66ed9,add,f2.bin,add_file_total,6.302791,5242880,,None,blake3
5,2,2026-03-11T12:21:08.545429Z,elea,0.1.1,ef66ed9,add,f3.bin,add_file_total,6.369708,5242880,,None,blake3
5,2,2026-03-11T12:21:08.545511Z,elea,0.1.1,ef66ed9,add,f4.bin,add_file_total,6.4605,5242880,,None,blake3
5,2,2026-03-11T12:21:08.545611Z,elea,0.1.1,ef66ed9,add,f1.bin,add_file_total,6.560958,5242880,,None,blake3
5,2,2026-03-11T12:21:08.545687Z,elea,0.1.1,ef66ed9,add,f5.bin,add_file_total,6.700041000000001,5242880,,None,blake3
5,2,2026-03-11T12:21:08.545761Z,elea,0.1.1,ef66ed9,add,,add_total,6.809291,,5,None,blake3
1,18,2026-03-11T12:21:08.584271Z,elea,0.1.1,ef66ed9,hash,f3.bin,hash,0.6114999999999999,1048576,,,blake3
1,18,2026-03-11T12:21:08.584285Z,elea,0.1.1,ef66ed9,hash,f5.bin,hash,0.604875,1048576,,,blake3
1,18,2026-03-11T12:21:08.584257Z,elea,0.1.1,ef66ed9,hash,f1.bin,hash,0.6114580000000001,1048576,,,blake3
1,18,2026-03-11T12:21:08.584211Z,elea,0.1.1,ef66ed9,hash,f4.bin,hash,0.606625,1048576,,,blake3
1,18,2026-03-11T12:21:08.58423Z,elea,0.1.1,ef66ed9,hash,f2.bin,hash,0.615875,1048576,,,blake3
1,18,2026-03-11T12:21:08.586141Z,elea,0.1.1,ef66ed9,add,f3.bin,backend_store,0.457292,1048576,,None,blake3
1,18,2026-03-11T12:21:08.586161Z,elea,0.1.1,ef66ed9,add,f5.bin,backend_store,0.46575,1048576,,None,blake3
1,18,2026-03-11T12:21:08.586229Z,elea,0.1.1,ef66ed9,add,f1.bin,backend_store,0.508875,1048576,,None,blake3
1,18,2026-03-11T12:21:08.586284Z,elea,0.1.1,ef66ed9,add,f4.bin,backend_store,0.5337500000000001,1048576,,None,blake3
1,18,2026-03-11T12:21:08.586335Z,elea,0.1.1,ef66ed9,add,f2.bin,backend_store,0.5447919999999999,1048576,,None,blake3
1,18,2026-03-11T12:21:08.586391Z,elea,0.1.1,ef66ed9,add,f5.bin,add_file_total,2.765,1048576,,None,blake3
1,18,2026-03-11T12:21:08.586515Z,elea,0.1.1,ef66ed9,add,f3.bin,add_file_total,2.8891250000000004,1048576,,None,blake3
1,18,2026-03-11T12:21:08.586587Z,elea,0.1.1,ef66ed9,add,f1.bin,add_file_total,2.9649170000000002,1048576,,None,blake3
1,18,2026-03-11T12:21:08.586642Z,elea,0.1.1,ef66ed9,add,f4.bin,add_file_total,3.070416,1048576,,None,blake3
1,18,2026-03-11T12:21:08.5867Z,elea,0.1.1,ef66ed9,add,f2.bin,add_file_total,3.111791,1048576,,None,blake3
1,18,2026-03-11T12:21:08.58677Z,elea,0.1.1,ef66ed9,add,,add_total,3.233042,,5,None,blake3
1,1,2026-03-11T12:21:08.622475Z,elea,0.1.1,ef66ed9,hash,f2.bin,hash,0.6025419999999999,1048576,,,blake3
1,1,2026-03-11T12:21:08.622494Z,elea,0.1.1,ef66ed9,hash,f3.bin,hash,0.6130000000000001,1048576,,,blake3
1,1,2026-03-11T12:21:08.622521Z,elea,0.1.1,ef66ed9,hash,f5.bin,hash,0.6034999999999999,1048576,,,blake3
1,1,2026-03-11T12:21:08.622528Z,elea,0.1.1,ef66ed9,hash,f1.bin,hash,0.6265,1048576,,,blake3
1,1,2026-03-11T12:21:08.622514Z,elea,0.1.1,ef66ed9,hash,f4.bin,hash,0.6202500000000001,1048576,,,blake3
1,1,2026-03-11T12:21:08.624425Z,elea,0.1.1,ef66ed9,add,f5.bin,backend_store,0.657292,1048576,,None,blake3
1,1,2026-03-11T12:21:08.624477Z,elea,0.1.1,ef66ed9,add,f1.bin,backend_store,0.6807920000000001,1048576,,None,blake3
1,1,2026-03-11T12:21:08.624485Z,elea,0.1.1,ef66ed9,add,f4.bin,backend_store,0.63825,1048576,,None,blake3
1,1,2026-03-11T12:21:08.624493Z,elea,0.1.1,ef66ed9,add,f3.bin,backend_store,0.723375,1048576,,None,blake3
1,1,2026-03-11T12:21:08.624511Z,elea,0.1.1,ef66ed9,add,f2.bin,backend_store,0.7470829999999999,1048576,,None,blake3
1,1,2026-03-11T12:21:08.624597Z,elea,0.1.1,ef66ed9,add,f5.bin,add_file_total,2.751958,1048576,,None,blake3
1,1,2026-03-11T12:21:08.624669Z,elea,0.1.1,ef66ed9,add,f4.bin,add_file_total,2.8272079999999997,1048576,,None,blake3
1,1,2026-03-11T12:21:08.624705Z,elea,0.1.1,ef66ed9,add,f2.bin,add_file_total,2.8787499999999997,1048576,,None,blake3
1,1,2026-03-11T12:21:08.624744Z,elea,0.1.1,ef66ed9,add,f1.bin,add_file_total,2.9009169999999997,1048576,,None,blake3
1,1,2026-03-11T12:21:08.624775Z,elea,0.1.1,ef66ed9,add,f3.bin,add_file_total,2.9343749999999997,1048576,,None,blake3
1,1,2026-03-11T12:21:08.624846Z,elea,0.1.1,ef66ed9,add,,add_total,3.052083,,5,None,blake3
50,21,2026-03-11T12:21:09.291479Z,elea,0.1.1,ef66ed9,hash,f4.bin,hash,29.782458000000002,52428800,,,blake3
50,21,2026-03-11T12:21:09.29141Z,elea,0.1.1,ef66ed9,hash,f5.bin,hash,29.754375,52428800,,,blake3
50,21,2026-03-11T12:21:09.291188Z,elea,0.1.1,ef66ed9,hash,f2.bin,hash,29.507417,52428800,,,blake3
50,21,2026-03-11T12:21:09.291176Z,elea,0.1.1,ef66ed9,hash,f3.bin,hash,29.527082999999998,52428800,,,blake3
50,21,2026-03-11T12:21:09.291964Z,elea,0.1.1,ef66ed9,hash,f1.bin,hash,30.253,52428800,,,blake3
50,21,2026-03-11T12:21:09.293713Z,elea,0.1.1,ef66ed9,add,f4.bin,backend_store,0.64825,52428800,,None,blake3
50,21,2026-03-11T12:21:09.293791Z,elea,0.1.1,ef66ed9,add,f5.bin,backend_store,0.699291,52428800,,None,blake3
50,21,2026-03-11T12:21:09.293846Z,elea,0.1.1,ef66ed9,add,f2.bin,backend_store,0.727375,52428800,,None,blake3
50,21,2026-03-11T12:21:09.293919Z,elea,0.1.1,ef66ed9,add,f3.bin,backend_store,0.7665000000000001,52428800,,None,blake3
50,21,2026-03-11T12:21:09.293969Z,elea,0.1.1,ef66ed9,add,f1.bin,backend_store,0.722667,52428800,,None,blake3
50,21,2026-03-11T12:21:09.293986Z,elea,0.1.1,ef66ed9,add,f4.bin,add_file_total,32.356875,52428800,,None,blake3
50,21,2026-03-11T12:21:09.294111Z,elea,0.1.1,ef66ed9,add,f5.bin,add_file_total,32.475667,52428800,,None,blake3
50,21,2026-03-11T12:21:09.294196Z,elea,0.1.1,ef66ed9,add,f2.bin,add_file_total,32.54625,52428800,,None,blake3
50,21,2026-03-11T12:21:09.294261Z,elea,0.1.1,ef66ed9,add,f3.bin,add_file_total,32.658541,52428800,,None,blake3
50,21,2026-03-11T12:21:09.294311Z,elea,0.1.1,ef66ed9,add,f1.bin,add_file_total,32.688041,52428800,,None,blake3
50,21,2026-03-11T12:21:09.294376Z,elea,0.1.1,ef66ed9,add,,add_total,32.812,,5,None,blake3
1,4,2026-03-11T12:21:09.33602Z,elea,0.1.1,ef66ed9,hash,f3.bin,hash,0.599125,1048576,,,blake3
1,4,2026-03-11T12:21:09.336045Z,elea,0.1.1,ef66ed9,hash,f5.bin,hash,0.595709,1048576,,,blake3
1,4,2026-03-11T12:21:09.336004Z,elea,0.1.1,ef66ed9,hash,f4.bin,hash,0.602792,1048576,,,blake3
1,4,2026-03-11T12:21:09.336035Z,elea,0.1.1,ef66ed9,hash,f1.bin,hash,0.614542,1048576,,,blake3
1,4,2026-03-11T12:21:09.33601Z,elea,0.1.1,ef66ed9,hash,f2.bin,hash,0.601375,1048576,,,blake3
1,4,2026-03-11T12:21:09.338055Z,elea,0.1.1,ef66ed9,add,f5.bin,backend_store,0.599584,1048576,,None,blake3
1,4,2026-03-11T12:21:09.338062Z,elea,0.1.1,ef66ed9,add,f3.bin,backend_store,0.686417,1048576,,None,blake3
1,4,2026-03-11T12:21:09.338067Z,elea,0.1.1,ef66ed9,add,f1.bin,backend_store,0.630375,1048576,,None,blake3
1,4,2026-03-11T12:21:09.338098Z,elea,0.1.1,ef66ed9,add,f2.bin,backend_store,0.71425,1048576,,None,blake3
1,4,2026-03-11T12:21:09.338105Z,elea,0.1.1,ef66ed9,add,f4.bin,backend_store,0.698625,1048576,,None,blake3
1,4,2026-03-11T12:21:09.338251Z,elea,0.1.1,ef66ed9,add,f5.bin,add_file_total,2.878125,1048576,,None,blake3
1,4,2026-03-11T12:21:09.338291Z,elea,0.1.1,ef66ed9,add,f1.bin,add_file_total,2.935416,1048576,,None,blake3
1,4,2026-03-11T12:21:09.338325Z,elea,0.1.1,ef66ed9,add,f3.bin,add_file_total,2.9541250000000003,1048576,,None,blake3
1,4,2026-03-11T12:21:09.338355Z,elea,0.1.1,ef66ed9,add,f4.bin,add_file_total,2.99125,1048576,,None,blake3
1,4,2026-03-11T12:21:09.338395Z,elea,0.1.1,ef66ed9,add,f2.bin,add_file_total,3.024209,1048576,,None,blake3
1,4,2026-03-11T12:21:09.338442Z,elea,0.1.1,ef66ed9,add,,add_total,3.125875,,5,None,blake3
5,10,2026-03-11T12:21:09.426131Z,elea,0.1.1,ef66ed9,hash,f1.bin,hash,2.9985,5242880,,,blake3
5,10,2026-03-11T12:21:09.426059Z,elea,0.1.1,ef66ed9,hash,f5.bin,hash,2.939792,5242880,,,blake3
5,10,2026-03-11T12:21:09.426068Z,elea,0.1.1,ef66ed9,hash,f4.bin,hash,2.993292,5242880,,,blake3
5,10,2026-03-11T12:21:09.426166Z,elea,0.1.1,ef66ed9,hash,f3.bin,hash,3.01825,5242880,,,blake3
5,10,2026-03-11T12:21:09.426031Z,elea,0.1.1,ef66ed9,hash,f2.bin,hash,2.931959,5242880,,,blake3
5,10,2026-03-11T12:21:09.428667Z,elea,0.1.1,ef66ed9,add,f1.bin,backend_store,0.69475,5242880,,None,blake3
5,10,2026-03-11T12:21:09.42881Z,elea,0.1.1,ef66ed9,add,f5.bin,backend_store,0.764834,5242880,,None,blake3
5,10,2026-03-11T12:21:09.428844Z,elea,0.1.1,ef66ed9,add,f4.bin,backend_store,0.763792,5242880,,None,blake3
5,10,2026-03-11T12:21:09.42887Z,elea,0.1.1,ef66ed9,add,f3.bin,backend_store,0.761,5242880,,None,blake3
5,10,2026-03-11T12:21:09.428888Z,elea,0.1.1,ef66ed9,add,f2.bin,backend_store,0.699416,5242880,,None,blake3
5,10,2026-03-11T12:21:09.428929Z,elea,0.1.1,ef66ed9,add,f1.bin,add_file_total,5.8687499999999995,5242880,,None,blake3
5,10,2026-03-11T12:21:09.429025Z,elea,0.1.1,ef66ed9,add,f5.bin,add_file_total,5.983167,5242880,,None,blake3
5,10,2026-03-11T12:21:09.429196Z,elea,0.1.1,ef66ed9,add,f4.bin,add_file_total,6.162333,5242880,,None,blake3
5,10,2026-03-11T12:21:09.42927Z,elea,0.1.1,ef66ed9,add,f3.bin,add_file_total,6.2105,5242880,,None,blake3
5,10,2026-03-11T12:21:09.429339Z,elea,0.1.1,ef66ed9,add,f2.bin,add_file_total,6.297625,5242880,,None,blake3
5,10,2026-03-11T12:21:09.429411Z,elea,0.1.1,ef66ed9,add,,add_total,6.425417,,5,None,blake3
5,11,2026-03-11T12:21:09.516535Z,elea,0.1.1,ef66ed9,hash,f2.bin,hash,2.964625,5242880,,,blake3
5,11,2026-03-11T12:21:09.516459Z,elea,0.1.1,ef66ed9,hash,f5.bin,hash,2.918,5242880,,,blake3
5,11,2026-03-11T12:21:09.516489Z,elea,0.1.1,ef66ed9,hash,f3.bin,hash,2.965583,5242880,,,blake3
5,11,2026-03-11T12:21:09.516524Z,elea,0.1.1,ef66ed9,hash,f4.bin,hash,2.96725,5242880,,,blake3
5,11,2026-03-11T12:21:09.51636Z,elea,0.1.1,ef66ed9,hash,f1.bin,hash,2.8605,5242880,,,blake3
5,11,2026-03-11T12:21:09.51871Z,elea,0.1.1,ef66ed9,add,f5.bin,backend_store,0.43625,5242880,,None,blake3
5,11,2026-03-11T12:21:09.51872Z,elea,0.1.1,ef66ed9,add,f2.bin,backend_store,0.465042,5242880,,None,blake3
5,11,2026-03-11T12:21:09.518895Z,elea,0.1.1,ef66ed9,add,f4.bin,backend_store,0.566333,5242880,,None,blake3
5,11,2026-03-11T12:21:09.518908Z,elea,0.1.1,ef66ed9,add,f3.bin,backend_store,0.592542,5242880,,None,blake3
5,11,2026-03-11T12:21:09.518921Z,elea,0.1.1,ef66ed9,add,f1.bin,backend_store,0.570708,5242880,,None,blake3
5,11,2026-03-11T12:21:09.51893Z,elea,0.1.1,ef66ed9,add,f2.bin,add_file_total,5.427582999999999,5242880,,None,blake3
5,11,2026-03-11T12:21:09.518986Z,elea,0.1.1,ef66ed9,add,f5.bin,add_file_total,5.481041,5242880,,None,blake3
5,11,2026-03-11T12:21:09.519073Z,elea,0.1.1,ef66ed9,add,f4.bin,add_file_total,5.571542,5242880,,None,blake3
5,11,2026-03-11T12:21:09.519133Z,elea,0.1.1,ef66ed9,add,f3.bin,add_file_total,5.632958,5242880,,None,blake3
5,11,2026-03-11T12:21:09.519183Z,elea,0.1.1,ef66ed9,add,f1.bin,add_file_total,5.716125,5242880,,None,blake3
5,11,2026-03-11T12:21:09.519235Z,elea,0.1.1,ef66ed9,add,,add_total,5.804082999999999,,5,None,blake3
1,21,2026-03-11T12:21:09.558524Z,elea,0.1.1,ef66ed9,hash,f4.bin,hash,0.629417,1048576,,,blake3
1,21,2026-03-11T12:21:09.558515Z,elea,0.1.1,ef66ed9,hash,f3.bin,hash,0.6138330000000001,1048576,,,blake3
1,21,2026-03-11T12:21:09.558549Z,elea,0.1.1,ef66ed9,hash,f5.bin,hash,0.6439590000000001,1048576,,,blake3
1,21,2026-03-11T12:21:09.558502Z,elea,0.1.1,ef66ed9,hash,f1.bin,hash,0.622166,1048576,,,blake3
1,21,2026-03-11T12:21:09.558494Z,elea,0.1.1,ef66ed9,hash,f2.bin,hash,0.627208,1048576,,,blake3
1,21,2026-03-11T12:21:09.560502Z,elea,0.1.1,ef66ed9,add,f5.bin,backend_store,0.505667,1048576,,None,blake3
1,21,2026-03-11T12:21:09.560594Z,elea,0.1.1,ef66ed9,add,f4.bin,backend_store,0.643292,1048576,,None,blake3
1,21,2026-03-11T12:21:09.560603Z,elea,0.1.1,ef66ed9,add,f2.bin,backend_store,0.556292,1048576,,None,blake3
1,21,2026-03-11T12:21:09.56067Z,elea,0.1.1,ef66ed9,add,f1.bin,backend_store,0.650084,1048576,,None,blake3
1,21,2026-03-11T12:21:09.560693Z,elea,0.1.1,ef66ed9,add,f3.bin,backend_store,0.7318749999999999,1048576,,None,blake3
1,21,2026-03-11T12:21:09.560748Z,elea,0.1.1,ef66ed9,add,f5.bin,add_file_total,2.895458,1048576,,None,blake3
1,21,2026-03-11T12:21:09.560808Z,elea,0.1.1,ef66ed9,add,f4.bin,add_file_total,2.964708,1048576,,None,blake3
1,21,2026-03-11T12:21:09.560846Z,elea,0.1.1,ef66ed9,add,f1.bin,add_file_total,3.003833,1048576,,None,blake3
1,21,2026-03-11T12:21:09.560885Z,elea,0.1.1,ef66ed9,add,f2.bin,add_file_total,3.056042,1048576,,None,blake3
1,21,2026-03-11T12:21:09.560916Z,elea,0.1.1,ef66ed9,add,f3.bin,add_file_total,3.070125,1048576,,None,blake3
1,21,2026-03-11T12:21:09.560977Z,elea,0.1.1,ef66ed9,add,,add_total,3.17725,,5,None,blake3
1,2,2026-03-11T12:21:09.596667Z,elea,0.1.1,ef66ed9,hash,f2.bin,hash,0.600375,1048576,,,blake3
1,2,2026-03-11T12:21:09.596699Z,elea,0.1.1,ef66ed9,hash,f1.bin,hash,0.616083,1048576,,,blake3
1,2,2026-03-11T12:21:09.596656Z,elea,0.1.1,ef66ed9,hash,f4.bin,hash,0.6022500000000001,1048576,,,blake3
1,2,2026-03-11T12:21:09.596707Z,elea,0.1.1,ef66ed9,hash,f3.bin,hash,0.625833,1048576,,,blake3
1,2,2026-03-11T12:21:09.596678Z,elea,0.1.1,ef66ed9,hash,f5.bin,hash,0.628333,1048576,,,blake3
1,2,2026-03-11T12:21:09.598479Z,elea,0.1.1,ef66ed9,add,f1.bin,backend_store,0.500041,1048576,,None,blake3
1,2,2026-03-11T12:21:09.598532Z,elea,0.1.1,ef66ed9,add,f2.bin,backend_store,0.5720000000000001,1048576,,None,blake3
1,2,2026-03-11T12:21:09.59854Z,elea,0.1.1,ef66ed9,add,f4.bin,backend_store,0.539875,1048576,,None,blake3
1,2,2026-03-11T12:21:09.598548Z,elea,0.1.1,ef66ed9,add,f3.bin,backend_store,0.5230830000000001,1048576,,None,blake3
1,2,2026-03-11T12:21:09.598568Z,elea,0.1.1,ef66ed9,add,f5.bin,backend_store,0.520833,1048576,,None,blake3
1,2,2026-03-11T12:21:09.598647Z,elea,0.1.1,ef66ed9,add,f1.bin,add_file_total,2.6195,1048576,,None,blake3
1,2,2026-03-11T12:21:09.59871Z,elea,0.1.1,ef66ed9,add,f2.bin,add_file_total,2.695875,1048576,,None,blake3
1,2,2026-03-11T12:21:09.598744Z,elea,0.1.1,ef66ed9,add,f3.bin,add_file_total,2.72725,1048576,,None,blake3
1,2,2026-03-11T12:21:09.598781Z,elea,0.1.1,ef66ed9,add,f4.bin,add_file_total,2.770791,1048576,,None,blake3
1,2,2026-03-11T12:21:09.598824Z,elea,0.1.1,ef66ed9,add,f5.bin,add_file_total,2.8235,1048576,,None,blake3
1,2,2026-03-11T12:21:09.598873Z,elea,0.1.1,ef66ed9,add,,add_total,2.9095,,5,None,blake3
5,20,2026-03-11T12:21:09.684831Z,elea,0.1.1,ef66ed9,hash,f2.bin,hash,2.900667,5242880,,,blake3
5,20,2026-03-11T12:21:09.684752Z,elea,0.1.1,ef66ed9,hash,f5.bin,hash,2.856667,5242880,,,blake3
5,20,2026-03-11T12:21:09.68489Z,elea,0.1.1,ef66ed9,hash,f1.bin,hash,2.971667,5242880,,,blake3
5,20,2026-03-11T12:21:09.684824Z,elea,0.1.1,ef66ed9,hash,f4.bin,hash,2.918166,5242880,,,blake3
5,20,2026-03-11T12:21:09.684859Z,elea,0.1.1,ef66ed9,hash,f3.bin,hash,2.9360419999999996,5242880,,,blake3
5,20,2026-03-11T12:21:09.687086Z,elea,0.1.1,ef66ed9,add,f2.bin,backend_store,0.502333,5242880,,None,blake3
5,20,2026-03-11T12:21:09.687201Z,elea,0.1.1,ef66ed9,add,f4.bin,backend_store,0.5379160000000001,5242880,,None,blake3
5,20,2026-03-11T12:21:09.687217Z,elea,0.1.1,ef66ed9,add,f5.bin,backend_store,0.6056250000000001,5242880,,None,blake3
5,20,2026-03-11T12:21:09.687278Z,elea,0.1.1,ef66ed9,add,f2.bin,add_file_total,5.415541,5242880,,None,blake3
5,20,2026-03-11T12:21:09.687298Z,elea,0.1.1,ef66ed9,add,f1.bin,backend_store,0.6622079999999999,5242880,,None,blake3
5,20,2026-03-11T12:21:09.687309Z,elea,0.1.1,ef66ed9,add,f3.bin,backend_store,0.6100409999999999,5242880,,None,blake3
5,20,2026-03-11T12:21:09.687416Z,elea,0.1.1,ef66ed9,add,f4.bin,add_file_total,5.556,5242880,,None,blake3
5,20,2026-03-11T12:21:09.687468Z,elea,0.1.1,ef66ed9,add,f5.bin,add_file_total,5.61375,5242880,,None,blake3
5,20,2026-03-11T12:21:09.687508Z,elea,0.1.1,ef66ed9,add,f3.bin,add_file_total,5.64675,5242880,,None,blake3
5,20,2026-03-11T12:21:09.687597Z,elea,0.1.1,ef66ed9,add,f1.bin,add_file_total,5.7355,5242880,,None,blake3
5,20,2026-03-11T12:21:09.687635Z,elea,0.1.1,ef66ed9,add,,add_total,5.819625,,5,None,blake3
10,20,2026-03-11T12:21:09.836756Z,elea,0.1.1,ef66ed9,hash,f4.bin,hash,5.824415999999999,10485760,,,blake3
10,20,2026-03-11T12:21:09.836713Z,elea,0.1.1,ef66ed9,hash,f2.bin,hash,5.775208,10485760,,,blake3
10,20,2026-03-11T12:21:09.836742Z,elea,0.1.1,ef66ed9,hash,f1.bin,hash,5.832125,10485760,,,blake3
10,20,2026-03-11T12:21:09.836769Z,elea,0.1.1,ef66ed9,hash,f3.bin,hash,5.844625,10485760,,,blake3
10,20,2026-03-11T12:21:09.836697Z,elea,0.1.1,ef66ed9,hash,f5.bin,hash,5.75225,10485760,,,blake3
10,20,2026-03-11T12:21:09.838723Z,elea,0.1.1,ef66ed9,add,f3.bin,backend_store,0.4965,10485760,,None,blake3
10,20,2026-03-11T12:21:09.838779Z,elea,0.1.1,ef66ed9,add,f1.bin,backend_store,0.516709,10485760,,None,blake3
10,20,2026-03-11T12:21:09.838843Z,elea,0.1.1,ef66ed9,add,f4.bin,backend_store,0.642958,10485760,,None,blake3
10,20,2026-03-11T12:21:09.838961Z,elea,0.1.1,ef66ed9,add,f2.bin,backend_store,0.606917,10485760,,None,blake3
10,20,2026-03-11T12:21:09.838971Z,elea,0.1.1,ef66ed9,add,f3.bin,add_file_total,8.093708,10485760,,None,blake3
10,20,2026-03-11T12:21:09.838993Z,elea,0.1.1,ef66ed9,add,f5.bin,backend_store,0.626459,10485760,,None,blake3
10,20,2026-03-11T12:21:09.839044Z,elea,0.1.1,ef66ed9,add,f1.bin,add_file_total,8.178958,10485760,,None,blake3
10,20,2026-03-11T12:21:09.839119Z,elea,0.1.1,ef66ed9,add,f4.bin,add_file_total,8.251875,10485760,,None,blake3
10,20,2026-03-11T12:21:09.839171Z,elea,0.1.1,ef66ed9,add,f2.bin,add_file_total,8.297666,10485760,,None,blake3
10,20,2026-03-11T12:21:09.839218Z,elea,0.1.1,ef66ed9,add,f5.bin,add_file_total,8.342416,10485760,,None,blake3
10,20,2026-03-11T12:21:09.83927Z,elea,0.1.1,ef66ed9,add,,add_total,8.445583,,5,None,blake3
1,24,2026-03-11T12:21:09.877231Z,elea,0.1.1,ef66ed9,hash,f3.bin,hash,0.611583,1048576,,,blake3
1,24,2026-03-11T12:21:09.87725Z,elea,0.1.1,ef66ed9,hash,f2.bin,hash,0.612375,1048576,,,blake3
1,24,2026-03-11T12:21:09.87726Z,elea,0.1.1,ef66ed9,hash,f4.bin,hash,0.603,1048576,,,blake3
1,24,2026-03-11T12:21:09.877267Z,elea,0.1.1,ef66ed9,hash,f5.bin,hash,0.6130000000000001,1048576,,,blake3
1,24,2026-03-11T12:21:09.877217Z,elea,0.1.1,ef66ed9,hash,f1.bin,hash,0.6105,1048576,,,blake3
1,24,2026-03-11T12:21:09.879336Z,elea,0.1.1,ef66ed9,add,f3.bin,backend_store,0.554,1048576,,None,blake3
1,24,2026-03-11T12:21:09.879383Z,elea,0.1.1,ef66ed9,add,f1.bin,backend_store,0.553791,1048576,,None,blake3
1,24,2026-03-11T12:21:09.879473Z,elea,0.1.1,ef66ed9,add,f2.bin,backend_store,0.655166,1048576,,None,blake3
1,24,2026-03-11T12:21:09.879528Z,elea,0.1.1,ef66ed9,add,f5.bin,backend_store,0.67725,1048576,,None,blake3
1,24,2026-03-11T12:21:09.879537Z,elea,0.1.1,ef66ed9,add,f3.bin,add_file_total,2.928334,1048576,,None,blake3
1,24,2026-03-11T12:21:09.879551Z,elea,0.1.1,ef66ed9,add,f4.bin,backend_store,0.664916,1048576,,None,blake3
1,24,2026-03-11T12:21:09.879636Z,elea,0.1.1,ef66ed9,add,f1.bin,add_file_total,3.066875,1048576,,None,blake3
1,24,2026-03-11T12:21:09.879732Z,elea,0.1.1,ef66ed9,add,f2.bin,add_file_total,3.14025,1048576,,None,blake3
1,24,2026-03-11T12:21:09.879805Z,elea,0.1.1,ef66ed9,add,f5.bin,add_file_total,3.219125,1048576,,None,blake3
1,24,2026-03-11T12:21:09.879852Z,elea,0.1.1,ef66ed9,add,f4.bin,add_file_total,3.259125,1048576,,None,blake3
1,24,2026-03-11T12:21:09.879904Z,elea,0.1.1,ef66ed9,add,,add_total,3.374125,,5,None,blake3
10,21,2026-03-11T12:21:10.035507Z,elea,0.1.1,ef66ed9,hash,f1.bin,hash,5.903541,10485760,,,blake3
10,21,2026-03-11T12:21:10.035595Z,elea,0.1.1,ef66ed9,hash,f2.bin,hash,5.9506250000000005,10485760,,,blake3
10,21,2026-03-11T12:21:10.03553Z,elea,0.1.1,ef66ed9,hash,f3.bin,hash,5.90325,10485760,,,blake3
10,21,2026-03-11T12:21:10.035258Z,elea,0.1.1,ef66ed9,hash,f5.bin,hash,5.680583,10485760,,,blake3
10,21,2026-03-11T12:21:10.035317Z,elea,0.1.1,ef66ed9,hash,f4.bin,hash,5.705,10485760,,,blake3
10,21,2026-03-11T12:21:10.037805Z,elea,0.1.1,ef66ed9,add,f2.bin,backend_store,0.6195,10485760,,None,blake3
10,21,2026-03-11T12:21:10.03783Z,elea,0.1.1,ef66ed9,add,f1.bin,backend_store,0.6479170000000001,10485760,,None,blake3
10,21,2026-03-11T12:21:10.037858Z,elea,0.1.1,ef66ed9,add,f3.bin,backend_store,0.645084,10485760,,None,blake3
10,21,2026-03-11T12:21:10.037943Z,elea,0.1.1,ef66ed9,add,f4.bin,backend_store,0.617209,10485760,,None,blake3
10,21,2026-03-11T12:21:10.037992Z,elea,0.1.1,ef66ed9,add,f2.bin,add_file_total,8.413291999999998,10485760,,None,blake3
10,21,2026-03-11T12:21:10.03801Z,elea,0.1.1,ef66ed9,add,f5.bin,backend_store,0.707,10485760,,None,blake3
10,21,2026-03-11T12:21:10.038051Z,elea,0.1.1,ef66ed9,add,f1.bin,add_file_total,8.466875,10485760,,None,blake3
10,21,2026-03-11T12:21:10.038155Z,elea,0.1.1,ef66ed9,add,f3.bin,add_file_total,8.568416000000001,10485760,,None,blake3
10,21,2026-03-11T12:21:10.038201Z,elea,0.1.1,ef66ed9,add,f4.bin,add_file_total,8.61,10485760,,None,blake3
10,21,2026-03-11T12:21:10.038251Z,elea,0.1.1,ef66ed9,add,f5.bin,add_file_total,8.708625,10485760,,None,blake3
10,21,2026-03-11T12:21:10.038311Z,elea,0.1.1,ef66ed9,add,,add_total,8.793833,,5,None,blake3
1,16,2026-03-11T12:21:10.077621Z,elea,0.1.1,ef66ed9,hash,f3.bin,hash,0.645209,1048576,,,blake3
1,16,2026-03-11T12:21:10.07763Z,elea,0.1.1,ef66ed9,hash,f4.bin,hash,0.636334,1048576,,,blake3
1,16,2026-03-11T12:21:10.077586Z,elea,0.1.1,ef66ed9,hash,f1.bin,hash,0.6284580000000001,1048576,,,blake3
1,16,2026-03-11T12:21:10.077611Z,elea,0.1.1,ef66ed9,hash,f2.bin,hash,0.611708,1048576,,,blake3
1,16,2026-03-11T12:21:10.077578Z,elea,0.1.1,ef66ed9,hash,f5.bin,hash,0.617625,1048576,,,blake3
1,16,2026-03-11T12:21:10.079386Z,elea,0.1.1,ef66ed9,add,f4.bin,backend_store,0.476708,1048576,,None,blake3
1,16,2026-03-11T12:21:10.079451Z,elea,0.1.1,ef66ed9,add,f3.bin,backend_store,0.559459,1048576,,None,blake3
1,16,2026-03-11T12:21:10.079528Z,elea,0.1.1,ef66ed9,add,f1.bin,backend_store,0.5930840000000001,1048576,,None,blake3
1,16,2026-03-11T12:21:10.079536Z,elea,0.1.1,ef66ed9,add,f2.bin,backend_store,0.57675,1048576,,None,blake3
1,16,2026-03-11T12:21:10.07958Z,elea,0.1.1,ef66ed9,add,f5.bin,backend_store,0.59625,1048576,,None,blake3
1,16,2026-03-11T12:21:10.079605Z,elea,0.1.1,ef66ed9,add,f4.bin,add_file_total,2.6755,1048576,,None,blake3
1,16,2026-03-11T12:21:10.079683Z,elea,0.1.1,ef66ed9,add,f3.bin,add_file_total,2.750791,1048576,,None,blake3
1,16,2026-03-11T12:21:10.079779Z,elea,0.1.1,ef66ed9,add,f5.bin,add_file_total,2.84625,1048576,,None,blake3
1,16,2026-03-11T12:21:10.079824Z,elea,0.1.1,ef66ed9,add,f2.bin,add_file_total,2.8457920000000003,1048576,,None,blake3
1,16,2026-03-11T12:21:10.079888Z,elea,0.1.1,ef66ed9,add,f1.bin,add_file_total,2.9772499999999997,1048576,,None,blake3
1,16,2026-03-11T12:21:10.079936Z,elea,0.1.1,ef66ed9,add,,add_total,3.061,,5,None,blake3
5,17,2026-03-11T12:21:10.169897Z,elea,0.1.1,ef66ed9,hash,f1.bin,hash,2.961875,5242880,,,blake3
5,17,2026-03-11T12:21:10.169738Z,elea,0.1.1,ef66ed9,hash,f4.bin,hash,2.844125,5242880,,,blake3
5,17,2026-03-11T12:21:10.169867Z,elea,0.1.1,ef66ed9,hash,f2.bin,hash,2.9631250000000002,5242880,,,blake3
5,17,2026-03-11T12:21:10.169856Z,elea,0.1.1,ef66ed9,hash,f5.bin,hash,2.928625,5242880,,,blake3
5,17,2026-03-11T12:21:10.169939Z,elea,0.1.1,ef66ed9,hash,f3.bin,hash,3.0213330000000003,5242880,,,blake3
5,17,2026-03-11T12:21:10.172116Z,elea,0.1.1,ef66ed9,add,f4.bin,backend_store,0.419208,5242880,,None,blake3
5,17,2026-03-11T12:21:10.172209Z,elea,0.1.1,ef66ed9,add,f1.bin,backend_store,0.5323749999999999,5242880,,None,blake3
5,17,2026-03-11T12:21:10.172245Z,elea,0.1.1,ef66ed9,add,f5.bin,backend_store,0.454916,5242880,,None,blake3
5,17,2026-03-11T12:21:10.172257Z,elea,0.1.1,ef66ed9,add,f3.bin,backend_store,0.459458,5242880,,None,blake3
5,17,2026-03-11T12:21:10.172281Z,elea,0.1.1,ef66ed9,add,f2.bin,backend_store,0.539041,5242880,,None,blake3
5,17,2026-03-11T12:21:10.172313Z,elea,0.1.1,ef66ed9,add,f4.bin,add_file_total,5.467041,5242880,,None,blake3
5,17,2026-03-11T12:21:10.172439Z,elea,0.1.1,ef66ed9,add,f1.bin,add_file_total,5.571750000000001,5242880,,None,blake3
5,17,2026-03-11T12:21:10.172518Z,elea,0.1.1,ef66ed9,add,f2.bin,add_file_total,5.667834,5242880,,None,blake3
5,17,2026-03-11T12:21:10.172588Z,elea,0.1.1,ef66ed9,add,f5.bin,add_file_total,5.7226669999999995,5242880,,None,blake3
5,17,2026-03-11T12:21:10.172639Z,elea,0.1.1,ef66ed9,add,f3.bin,add_file_total,5.7798750000000005,5242880,,None,blake3
5,17,2026-03-11T12:21:10.172717Z,elea,0.1.1,ef66ed9,add,,add_total,5.909666,,5,None,blake3
1,15,2026-03-11T12:21:10.208092Z,elea,0.1.1,ef66ed9,hash,f1.bin,hash,0.605792,1048576,,,blake3
1,15,2026-03-11T12:21:10.208083Z,elea,0.1.1,ef66ed9,hash,f3.bin,hash,0.630125,1048576,,,blake3
1,15,2026-03-11T12:21:10.208179Z,elea,0.1.1,ef66ed9,hash,f4.bin,hash,0.691292,1048576,,,blake3
1,15,2026-03-11T12:21:10.208057Z,elea,0.1.1,ef66ed9,hash,f5.bin,hash,0.597,1048576,,,blake3
1,15,2026-03-11T12:21:10.20807Z,elea,0.1.1,ef66ed9,hash,f2.bin,hash,0.600584,1048576,,,blake3
1,15,2026-03-11T12:21:10.210048Z,elea,0.1.1,ef66ed9,add,f5.bin,backend_store,0.589875,1048576,,None,blake3
1,15,2026-03-11T12:21:10.210056Z,elea,0.1.1,ef66ed9,add,f1.bin,backend_store,0.655833,1048576,,None,blake3
1,15,2026-03-11T12:21:10.210066Z,elea,0.1.1,ef66ed9,add,f3.bin,backend_store,0.6382920000000001,1048576,,None,blake3
1,15,2026-03-11T12:21:10.21009Z,elea,0.1.1,ef66ed9,add,f2.bin,backend_store,0.596958,1048576,,None,blake3
1,15,2026-03-11T12:21:10.210103Z,elea,0.1.1,ef66ed9,add,f4.bin,backend_store,0.669209,1048576,,None,blake3
1,15,2026-03-11T12:21:10.210247Z,elea,0.1.1,ef66ed9,add,f1.bin,add_file_total,2.818375,1048576,,None,blake3
1,15,2026-03-11T12:21:10.21028Z,elea,0.1.1,ef66ed9,add,f5.bin,add_file_total,2.8657079999999997,1048576,,None,blake3
1,15,2026-03-11T12:21:10.210318Z,elea,0.1.1,ef66ed9,add,f2.bin,add_file_total,2.894542,1048576,,None,blake3
1,15,2026-03-11T12:21:10.210354Z,elea,0.1.1,ef66ed9,add,f3.bin,add_file_total,2.940209,1048576,,None,blake3
1,15,2026-03-11T12:21:10.210388Z,elea,0.1.1,ef66ed9,add,f4.bin,add_file_total,2.963958,1048576,,None,blake3
1,15,2026-03-11T12:21:10.210455Z,elea,0.1.1,ef66ed9,add,,add_total,3.0778749999999997,,5,None,blake3
5,12,2026-03-11T12:21:10.295646Z,elea,0.1.1,ef66ed9,hash,f4.bin,hash,3.016541,5242880,,,blake3
5,12,2026-03-11T12:21:10.29557Z,elea,0.1.1,ef66ed9,hash,f5.bin,hash,2.905792,5242880,,,blake3
5,12,2026-03-11T12:21:10.29584Z,elea,0.1.1,ef66ed9,hash,f2.bin,hash,3.1975,5242880,,,blake3
5,12,2026-03-11T12:21:10.295758Z,elea,0.1.1,ef66ed9,hash,f3.bin,hash,3.0542920000000002,5242880,,,blake3
5,12,2026-03-11T12:21:10.295595Z,elea,0.1.1,ef66ed9,hash,f1.bin,hash,2.947125,5242880,,,blake3
5,12,2026-03-11T12:21:10.297632Z,elea,0.1.1,ef66ed9,add,f5.bin,backend_store,0.56525,5242880,,None,blake3
5,12,2026-03-11T12:21:10.297755Z,elea,0.1.1,ef66ed9,add,f4.bin,backend_store,0.6966249999999999,5242880,,None,blake3
5,12,2026-03-11T12:21:10.297883Z,elea,0.1.1,ef66ed9,add,f1.bin,backend_store,0.730375,5242880,,None,blake3
5,12,2026-03-11T12:21:10.297913Z,elea,0.1.1,ef66ed9,add,f2.bin,backend_store,0.795625,5242880,,None,blake3
5,12,2026-03-11T12:21:10.297929Z,elea,0.1.1,ef66ed9,add,f3.bin,backend_store,0.798125,5242880,,None,blake3
5,12,2026-03-11T12:21:10.297939Z,elea,0.1.1,ef66ed9,add,f5.bin,add_file_total,5.322125,5242880,,None,blake3
5,12,2026-03-11T12:21:10.298091Z,elea,0.1.1,ef66ed9,add,f4.bin,add_file_total,5.495500000000001,5242880,,None,blake3
5,12,2026-03-11T12:21:10.298167Z,elea,0.1.1,ef66ed9,add,f2.bin,add_file_total,5.552084,5242880,,None,blake3
5,12,2026-03-11T12:21:10.298229Z,elea,0.1.1,ef66ed9,add,f1.bin,add_file_total,5.594,5242880,,None,blake3
5,12,2026-03-11T12:21:10.298284Z,elea,0.1.1,ef66ed9,add,f3.bin,add_file_total,5.6686250000000005,5242880,,None,blake3
5,12,2026-03-11T12:21:10.298351Z,elea,0.1.1,ef66ed9,add,,add_total,5.910375,,5,None,blake3
10,14,2026-03-11T12:21:10.448686Z,elea,0.1.1,ef66ed9,hash,f1.bin,hash,5.810458,10485760,,,blake3
10,14,2026-03-11T12:21:10.448639Z,elea,0.1.1,ef66ed9,hash,f5.bin,hash,5.753708,10485760,,,blake3
10,14,2026-03-11T12:21:10.448703Z,elea,0.1.1,ef66ed9,hash,f2.bin,hash,5.833583,10485760,,,blake3
10,14,2026-03-11T12:21:10.448726Z,elea,0.1.1,ef66ed9,hash,f4.bin,hash,5.805083,10485760,,,blake3
10,14,2026-03-11T12:21:10.449195Z,elea,0.1.1,ef66ed9,hash,f3.bin,hash,6.337917,10485760,,,blake3
10,14,2026-03-11T12:21:10.450844Z,elea,0.1.1,ef66ed9,add,f3.bin,backend_store,0.399458,10485760,,None,blake3
10,14,2026-03-11T12:21:10.450997Z,elea,0.1.1,ef66ed9,add,f5.bin,backend_store,0.575833,10485760,,None,blake3
10,14,2026-03-11T12:21:10.451012Z,elea,0.1.1,ef66ed9,add,f3.bin,add_file_total,8.191208,10485760,,None,blake3
10,14,2026-03-11T12:21:10.45103Z,elea,0.1.1,ef66ed9,add,f4.bin,backend_store,0.541875,10485760,,None,blake3
10,14,2026-03-11T12:21:10.451038Z,elea,0.1.1,ef66ed9,add,f1.bin,backend_store,0.623375,10485760,,None,blake3
10,14,2026-03-11T12:21:10.451044Z,elea,0.1.1,ef66ed9,add,f2.bin,backend_store,0.529291,10485760,,None,blake3
10,14,2026-03-11T12:21:10.451153Z,elea,0.1.1,ef66ed9,add,f5.bin,add_file_total,8.311584,10485760,,None,blake3
10,14,2026-03-11T12:21:10.451322Z,elea,0.1.1,ef66ed9,add,f1.bin,add_file_total,8.473916999999998,10485760,,None,blake3
10,14,2026-03-11T12:21:10.451377Z,elea,0.1.1,ef66ed9,add,f4.bin,add_file_total,8.482583,10485760,,None,blake3
10,14,2026-03-11T12:21:10.451406Z,elea,0.1.1,ef66ed9,add,f2.bin,add_file_total,8.558167000000001,10485760,,None,blake3
10,14,2026-03-11T12:21:10.451471Z,elea,0.1.1,ef66ed9,add,,add_total,8.682375,,5,None,blake3
2,3,2026-03-11T12:21:10.499125Z,elea,0.1.1,ef66ed9,hash,f1.bin,hash,1.2454589999999999,2097152,,,blake3
2,3,2026-03-11T12:21:10.499095Z,elea,0.1.1,ef66ed9,hash,f4.bin,hash,1.186375,2097152,,,blake3
2,3,2026-03-11T12:21:10.499102Z,elea,0.1.1,ef66ed9,hash,f2.bin,hash,1.179125,2097152,,,blake3
2,3,2026-03-11T12:21:10.499078Z,elea,0.1.1,ef66ed9,hash,f5.bin,hash,1.173125,2097152,,,blake3
2,3,2026-03-11T12:21:10.49907Z,elea,0.1.1,ef66ed9,hash,f3.bin,hash,1.181,2097152,,,blake3
2,3,2026-03-11T12:21:10.50107Z,elea,0.1.1,ef66ed9,add,f4.bin,backend_store,0.47195899999999996,2097152,,None,blake3
2,3,2026-03-11T12:21:10.501096Z,elea,0.1.1,ef66ed9,add,f2.bin,backend_store,0.472709,2097152,,None,blake3
2,3,2026-03-11T12:21:10.501113Z,elea,0.1.1,ef66ed9,add,f1.bin,backend_store,0.523583,2097152,,None,blake3
2,3,2026-03-11T12:21:10.501145Z,elea,0.1.1,ef66ed9,add,f5.bin,backend_store,0.48970800000000003,2097152,,None,blake3
2,3,2026-03-11T12:21:10.50126Z,elea,0.1.1,ef66ed9,add,f3.bin,backend_store,0.573917,2097152,,None,blake3
2,3,2026-03-11T12:21:10.501301Z,elea,0.1.1,ef66ed9,add,f4.bin,add_file_total,3.441833,2097152,,None,blake3
2,3,2026-03-11T12:21:10.501437Z,elea,0.1.1,ef66ed9,add,f1.bin,add_file_total,3.597833,2097152,,None,blake3
2,3,2026-03-11T12:21:10.50147Z,elea,0.1.1,ef66ed9,add,f2.bin,add_file_total,3.611291,2097152,,None,blake3
2,3,2026-03-11T12:21:10.501588Z,elea,0.1.1,ef66ed9,add,f5.bin,add_file_total,3.735375,2097152,,None,blake3
2,3,2026-03-11T12:21:10.501623Z,elea,0.1.1,ef66ed9,add,f3.bin,add_file_total,3.769125,2097152,,None,blake3
2,3,2026-03-11T12:21:10.501671Z,elea,0.1.1,ef66ed9,add,,add_total,3.864791,,5,None,blake3
1,10,2026-03-11T12:21:10.536906Z,elea,0.1.1,ef66ed9,hash,f3.bin,hash,0.600542,1048576,,,blake3
1,10,2026-03-11T12:21:10.53694Z,elea,0.1.1,ef66ed9,hash,f2.bin,hash,0.6097090000000001,1048576,,,blake3
1,10,2026-03-11T12:21:10.536932Z,elea,0.1.1,ef66ed9,hash,f1.bin,hash,0.597166,1048576,,,blake3
1,10,2026-03-11T12:21:10.536892Z,elea,0.1.1,ef66ed9,hash,f5.bin,hash,0.596375,1048576,,,blake3
1,10,2026-03-11T12:21:10.536913Z,elea,0.1.1,ef66ed9,hash,f4.bin,hash,0.599,1048576,,,blake3
1,10,2026-03-11T12:21:10.538806Z,elea,0.1.1,ef66ed9,add,f2.bin,backend_store,0.537292,1048576,,None,blake3
1,10,2026-03-11T12:21:10.538883Z,elea,0.1.1,ef66ed9,add,f1.bin,backend_store,0.5918749999999999,1048576,,None,blake3
1,10,2026-03-11T12:21:10.538897Z,elea,0.1.1,ef66ed9,add,f3.bin,backend_store,0.637416,1048576,,None,blake3
1,10,2026-03-11T12:21:10.538921Z,elea,0.1.1,ef66ed9,add,f5.bin,backend_store,0.599209,1048576,,None,blake3
1,10,2026-03-11T12:21:10.538948Z,elea,0.1.1,ef66ed9,add,f4.bin,backend_store,0.6112500000000001,1048576,,None,blake3
1,10,2026-03-11T12:21:10.539012Z,elea,0.1.1,ef66ed9,add,f2.bin,add_file_total,2.736,1048576,,None,blake3
1,10,2026-03-11T12:21:10.539038Z,elea,0.1.1,ef66ed9,add,f3.bin,add_file_total,2.771375,1048576,,None,blake3
1,10,2026-03-11T12:21:10.539067Z,elea,0.1.1,ef66ed9,add,f1.bin,add_file_total,2.796375,1048576,,None,blake3
1,10,2026-03-11T12:21:10.539158Z,elea,0.1.1,ef66ed9,add,f5.bin,add_file_total,2.902083,1048576,,None,blake3
1,10,2026-03-11T12:21:10.539295Z,elea,0.1.1,ef66ed9,add,f4.bin,add_file_total,3.028166,1048576,,None,blake3
1,10,2026-03-11T12:21:10.53935Z,elea,0.1.1,ef66ed9,add,,add_total,3.127084,,5,None,blake3
50,17,2026-03-11T12:21:11.203821Z,elea,0.1.1,ef66ed9,hash,f5.bin,hash,29.409625,52428800,,,blake3
50,17,2026-03-11T12:21:11.204002Z,elea,0.1.1,ef66ed9,hash,f2.bin,hash,29.565709,52428800,,,blake3
50,17,2026-03-11T12:21:11.20456Z,elea,0.1.1,ef66ed9,hash,f1.bin,hash,30.097542,52428800,,,blake3
50,17,2026-03-11T12:21:11.203809Z,elea,0.1.1,ef66ed9,hash,f3.bin,hash,29.389459,52428800,,,blake3
50,17,2026-03-11T12:21:11.203667Z,elea,0.1.1,ef66ed9,hash,f4.bin,hash,29.180208,52428800,,,blake3
50,17,2026-03-11T12:21:11.206403Z,elea,0.1.1,ef66ed9,add,f1.bin,backend_store,0.5427919999999999,52428800,,None,blake3
50,17,2026-03-11T12:21:11.206411Z,elea,0.1.1,ef66ed9,add,f2.bin,backend_store,0.591542,52428800,,None,blake3
50,17,2026-03-11T12:21:11.206491Z,elea,0.1.1,ef66ed9,add,f5.bin,backend_store,0.6985,52428800,,None,blake3
50,17,2026-03-11T12:21:11.206507Z,elea,0.1.1,ef66ed9,add,f3.bin,backend_store,0.613042,52428800,,None,blake3
50,17,2026-03-11T12:21:11.206545Z,elea,0.1.1,ef66ed9,add,f4.bin,backend_store,0.614,52428800,,None,blake3
50,17,2026-03-11T12:21:11.206646Z,elea,0.1.1,ef66ed9,add,f1.bin,add_file_total,32.239625000000004,52428800,,None,blake3
50,17,2026-03-11T12:21:11.206685Z,elea,0.1.1,ef66ed9,add,f2.bin,add_file_total,32.280083,52428800,,None,blake3
50,17,2026-03-11T12:21:11.20675Z,elea,0.1.1,ef66ed9,add,f5.bin,add_file_total,32.374667,52428800,,None,blake3
50,17,2026-03-11T12:21:11.206787Z,elea,0.1.1,ef66ed9,add,f3.bin,add_file_total,32.384834,52428800,,None,blake3
50,17,2026-03-11T12:21:11.206831Z,elea,0.1.1,ef66ed9,add,f4.bin,add_file_total,32.43125,52428800,,None,blake3
50,17,2026-03-11T12:21:11.206878Z,elea,0.1.1,ef66ed9,add,,add_total,32.527708000000004,,5,None,blake3
5,24,2026-03-11T12:21:11.300686Z,elea,0.1.1,ef66ed9,hash,f4.bin,hash,3.042958,5242880,,,blake3
5,24,2026-03-11T12:21:11.300534Z,elea,0.1.1,ef66ed9,hash,f3.bin,hash,2.91925,5242880,,,blake3
5,24,2026-03-11T12:21:11.300727Z,elea,0.1.1,ef66ed9,hash,f5.bin,hash,3.030084,5242880,,,blake3
5,24,2026-03-11T12:21:11.300645Z,elea,0.1.1,ef66ed9,hash,f1.bin,hash,3.019042,5242880,,,blake3
5,24,2026-03-11T12:21:11.300701Z,elea,0.1.1,ef66ed9,hash,f2.bin,hash,3.041417,5242880,,,blake3
5,24,2026-03-11T12:21:11.302754Z,elea,0.1.1,ef66ed9,add,f4.bin,backend_store,0.474417,5242880,,None,blake3
5,24,2026-03-11T12:21:11.302775Z,elea,0.1.1,ef66ed9,add,f3.bin,backend_store,0.46529200000000004,5242880,,None,blake3
5,24,2026-03-11T12:21:11.302872Z,elea,0.1.1,ef66ed9,add,f5.bin,backend_store,0.5314169999999999,5242880,,None,blake3
5,24,2026-03-11T12:21:11.302913Z,elea,0.1.1,ef66ed9,add,f1.bin,backend_store,0.550167,5242880,,None,blake3
5,24,2026-03-11T12:21:11.302938Z,elea,0.1.1,ef66ed9,add,f2.bin,backend_store,0.530417,5242880,,None,blake3
5,24,2026-03-11T12:21:11.303031Z,elea,0.1.1,ef66ed9,add,f3.bin,add_file_total,5.462042,5242880,,None,blake3
5,24,2026-03-11T12:21:11.303077Z,elea,0.1.1,ef66ed9,add,f5.bin,add_file_total,5.484,5242880,,None,blake3
5,24,2026-03-11T12:21:11.303112Z,elea,0.1.1,ef66ed9,add,f2.bin,add_file_total,5.521875,5242880,,None,blake3
5,24,2026-03-11T12:21:11.303163Z,elea,0.1.1,ef66ed9,add,f1.bin,add_file_total,5.577333,5242880,,None,blake3
5,24,2026-03-11T12:21:11.303221Z,elea,0.1.1,ef66ed9,add,f4.bin,add_file_total,5.633417,5242880,,None,blake3
5,24,2026-03-11T12:21:11.303292Z,elea,0.1.1,ef66ed9,add,,add_total,5.763917,,5,None,blake3
2,5,2026-03-11T12:21:11.351771Z,elea,0.1.1,ef66ed9,hash,f3.bin,hash,1.184042,2097152,,,blake3
2,5,2026-03-11T12:21:11.35176Z,elea,0.1.1,ef66ed9,hash,f1.bin,hash,1.1856250000000002,2097152,,,blake3
2,5,2026-03-11T12:21:11.351779Z,elea,0.1.1,ef66ed9,hash,f2.bin,hash,1.174625,2097152,,,blake3
2,5,2026-03-11T12:21:11.351749Z,elea,0.1.1,ef66ed9,hash,f4.bin,hash,1.147709,2097152,,,blake3
2,5,2026-03-11T12:21:11.351738Z,elea,0.1.1,ef66ed9,hash,f5.bin,hash,1.166667,2097152,,,blake3
2,5,2026-03-11T12:21:11.353942Z,elea,0.1.1,ef66ed9,add,f3.bin,backend_store,0.7422909999999999,2097152,,None,blake3
2,5,2026-03-11T12:21:11.353953Z,elea,0.1.1,ef66ed9,add,f4.bin,backend_store,0.609458,2097152,,None,blake3
2,5,2026-03-11T12:21:11.354016Z,elea,0.1.1,ef66ed9,add,f2.bin,backend_store,0.7183750000000001,2097152,,None,blake3
2,5,2026-03-11T12:21:11.354126Z,elea,0.1.1,ef66ed9,add,f5.bin,backend_store,0.74275,2097152,,None,blake3
2,5,2026-03-11T12:21:11.354168Z,elea,0.1.1,ef66ed9,add,f1.bin,backend_store,0.878083,2097152,,None,blake3
2,5,2026-03-11T12:21:11.354288Z,elea,0.1.1,ef66ed9,add,f3.bin,add_file_total,3.733625,2097152,,None,blake3
2,5,2026-03-11T12:21:11.354401Z,elea,0.1.1,ef66ed9,add,f2.bin,add_file_total,3.8446249999999997,2097152,,None,blake3
2,5,2026-03-11T12:21:11.354474Z,elea,0.1.1,ef66ed9,add,f4.bin,add_file_total,3.9217920000000004,2097152,,None,blake3
2,5,2026-03-11T12:21:11.354528Z,elea,0.1.1,ef66ed9,add,f1.bin,add_file_total,4.000541,2097152,,None,blake3
2,5,2026-03-11T12:21:11.354567Z,elea,0.1.1,ef66ed9,add,f5.bin,add_file_total,4.010292000000001,2097152,,None,blake3
2,5,2026-03-11T12:21:11.354657Z,elea,0.1.1,ef66ed9,add,,add_total,4.16475,,5,None,blake3
2,9,2026-03-11T12:21:11.406825Z,elea,0.1.1,ef66ed9,hash,f3.bin,hash,1.1584169999999998,2097152,,,blake3
2,9,2026-03-11T12:21:11.4068Z,elea,0.1.1,ef66ed9,hash,f4.bin,hash,1.193292,2097152,,,blake3
2,9,2026-03-11T12:21:11.406813Z,elea,0.1.1,ef66ed9,hash,f5.bin,hash,1.178542,2097152,,,blake3
2,9,2026-03-11T12:21:11.406833Z,elea,0.1.1,ef66ed9,hash,f2.bin,hash,1.235458,2097152,,,blake3
2,9,2026-03-11T12:21:11.406761Z,elea,0.1.1,ef66ed9,hash,f1.bin,hash,1.1689999999999998,2097152,,,blake3
2,9,2026-03-11T12:21:11.408796Z,elea,0.1.1,ef66ed9,add,f3.bin,backend_store,0.48045899999999997,2097152,,None,blake3
2,9,2026-03-11T12:21:11.408952Z,elea,0.1.1,ef66ed9,add,f3.bin,add_file_total,3.385042,2097152,,None,blake3
2,9,2026-03-11T12:21:11.40902Z,elea,0.1.1,ef66ed9,add,f4.bin,backend_store,0.68775,2097152,,None,blake3
2,9,2026-03-11T12:21:11.409062Z,elea,0.1.1,ef66ed9,add,f5.bin,backend_store,0.7175,2097152,,None,blake3
2,9,2026-03-11T12:21:11.409071Z,elea,0.1.1,ef66ed9,add,f1.bin,backend_store,0.617958,2097152,,None,blake3
2,9,2026-03-11T12:21:11.409102Z,elea,0.1.1,ef66ed9,add,f2.bin,backend_store,0.735209,2097152,,None,blake3
2,9,2026-03-11T12:21:11.409171Z,elea,0.1.1,ef66ed9,add,f4.bin,add_file_total,3.618125,2097152,,None,blake3
2,9,2026-03-11T12:21:11.409224Z,elea,0.1.1,ef66ed9,add,f1.bin,add_file_total,3.6845,2097152,,None,blake3
2,9,2026-03-11T12:21:11.40926Z,elea,0.1.1,ef66ed9,add,f5.bin,add_file_total,3.694292,2097152,,None,blake3
2,9,2026-03-11T12:21:11.409292Z,elea,0.1.1,ef66ed9,add,f2.bin,add_file_total,3.755125,2097152,,None,blake3
2,9,2026-03-11T12:21:11.409334Z,elea,0.1.1,ef66ed9,add,,add_total,3.845125,,5,None,blake3
50,4,2026-03-11T12:21:12.074897Z,elea,0.1.1,ef66ed9,hash,f2.bin,hash,30.259749999999997,52428800,,,blake3
50,4,2026-03-11T12:21:12.074489Z,elea,0.1.1,ef66ed9,hash,f5.bin,hash,29.829709,52428800,,,blake3
50,4,2026-03-11T12:21:12.074572Z,elea,0.1.1,ef66ed9,hash,f3.bin,hash,29.964625,52428800,,,blake3
50,4,2026-03-11T12:21:12.075107Z,elea,0.1.1,ef66ed9,hash,f1.bin,hash,30.479499999999998,52428800,,,blake3
50,4,2026-03-11T12:21:12.074276Z,elea,0.1.1,ef66ed9,hash,f4.bin,hash,29.618833000000002,52428800,,,blake3
50,4,2026-03-11T12:21:12.076617Z,elea,0.1.1,ef66ed9,add,f2.bin,backend_store,0.539584,52428800,,None,blake3
50,4,2026-03-11T12:21:12.07664Z,elea,0.1.1,ef66ed9,add,f5.bin,backend_store,0.5385420000000001,52428800,,None,blake3
50,4,2026-03-11T12:21:12.076658Z,elea,0.1.1,ef66ed9,add,f3.bin,backend_store,0.532042,52428800,,None,blake3
50,4,2026-03-11T12:21:12.076813Z,elea,0.1.1,ef66ed9,add,f1.bin,backend_store,0.49541699999999994,52428800,,None,blake3
50,4,2026-03-11T12:21:12.07684Z,elea,0.1.1,ef66ed9,add,f5.bin,add_file_total,32.274083000000005,52428800,,None,blake3
50,4,2026-03-11T12:21:12.07692Z,elea,0.1.1,ef66ed9,add,f2.bin,add_file_total,32.349709,52428800,,None,blake3
50,4,2026-03-11T12:21:12.076978Z,elea,0.1.1,ef66ed9,add,f3.bin,add_file_total,32.420457999999996,52428800,,None,blake3
50,4,2026-03-11T12:21:12.076995Z,elea,0.1.1,ef66ed9,add,f4.bin,backend_store,0.595583,52428800,,None,blake3
50,4,2026-03-11T12:21:12.077041Z,elea,0.1.1,ef66ed9,add,f1.bin,add_file_total,32.441333,52428800,,None,blake3
50,4,2026-03-11T12:21:12.077222Z,elea,0.1.1,ef66ed9,add,f4.bin,add_file_total,32.653707999999995,52428800,,None,blake3
50,4,2026-03-11T12:21:12.077292Z,elea,0.1.1,ef66ed9,add,,add_total,32.779416,,5,None,blake3
10,9,2026-03-11T12:21:12.230362Z,elea,0.1.1,ef66ed9,hash,f5.bin,hash,5.866582999999999,10485760,,,blake3
10,9,2026-03-11T12:21:12.230348Z,elea,0.1.1,ef66ed9,hash,f1.bin,hash,5.8368329999999995,10485760,,,blake3
10,9,2026-03-11T12:21:12.230504Z,elea,0.1.1,ef66ed9,hash,f4.bin,hash,5.963958,10485760,,,blake3
10,9,2026-03-11T12:21:12.230516Z,elea,0.1.1,ef66ed9,hash,f2.bin,hash,5.9821670000000005,10485760,,,blake3
10,9,2026-03-11T12:21:12.230376Z,elea,0.1.1,ef66ed9,hash,f3.bin,hash,5.820042,10485760,,,blake3
10,9,2026-03-11T12:21:12.232718Z,elea,0.1.1,ef66ed9,add,f1.bin,backend_store,0.443125,10485760,,None,blake3
10,9,2026-03-11T12:21:12.232785Z,elea,0.1.1,ef66ed9,add,f5.bin,backend_store,0.544375,10485760,,None,blake3
10,9,2026-03-11T12:21:12.2328Z,elea,0.1.1,ef66ed9,add,f4.bin,backend_store,0.49083299999999996,10485760,,None,blake3
10,9,2026-03-11T12:21:12.232811Z,elea,0.1.1,ef66ed9,add,f2.bin,backend_store,0.47404100000000005,10485760,,None,blake3
10,9,2026-03-11T12:21:12.232859Z,elea,0.1.1,ef66ed9,add,f3.bin,backend_store,0.494375,10485760,,None,blake3
10,9,2026-03-11T12:21:12.232945Z,elea,0.1.1,ef66ed9,add,f1.bin,add_file_total,8.464917,10485760,,None,blake3
10,9,2026-03-11T12:21:12.233006Z,elea,0.1.1,ef66ed9,add,f5.bin,add_file_total,8.553042,10485760,,None,blake3
10,9,2026-03-11T12:21:12.233072Z,elea,0.1.1,ef66ed9,add,f4.bin,add_file_total,8.594166,10485760,,None,blake3
10,9,2026-03-11T12:21:12.233122Z,elea,0.1.1,ef66ed9,add,f3.bin,add_file_total,8.617333,10485760,,None,blake3
10,9,2026-03-11T12:21:12.23317Z,elea,0.1.1,ef66ed9,add,f2.bin,add_file_total,8.664416,10485760,,None,blake3
10,9,2026-03-11T12:21:12.233244Z,elea,0.1.1,ef66ed9,add,,add_total,8.826458,,5,None,blake3
5,5,2026-03-11T12:21:12.320096Z,elea,0.1.1,ef66ed9,hash,f3.bin,hash,2.947625,5242880,,,blake3
5,5,2026-03-11T12:21:12.32008Z,elea,0.1.1,ef66ed9,hash,f2.bin,hash,2.964708,5242880,,,blake3
5,5,2026-03-11T12:21:12.320059Z,elea,0.1.1,ef66ed9,hash,f1.bin,hash,2.969458,5242880,,,blake3
5,5,2026-03-11T12:21:12.32002Z,elea,0.1.1,ef66ed9,hash,f5.bin,hash,2.920333,5242880,,,blake3
5,5,2026-03-11T12:21:12.320162Z,elea,0.1.1,ef66ed9,hash,f4.bin,hash,3.0825829999999996,5242880,,,blake3
5,5,2026-03-11T12:21:12.322357Z,elea,0.1.1,ef66ed9,add,f2.bin,backend_store,0.447,5242880,,None,blake3
5,5,2026-03-11T12:21:12.322521Z,elea,0.1.1,ef66ed9,add,f3.bin,backend_store,0.617666,5242880,,None,blake3
5,5,2026-03-11T12:21:12.322528Z,elea,0.1.1,ef66ed9,add,f1.bin,backend_store,0.568875,5242880,,None,blake3
5,5,2026-03-11T12:21:12.322563Z,elea,0.1.1,ef66ed9,add,f5.bin,backend_store,0.584875,5242880,,None,blake3
5,5,2026-03-11T12:21:12.32269Z,elea,0.1.1,ef66ed9,add,f2.bin,add_file_total,5.638666,5242880,,None,blake3
5,5,2026-03-11T12:21:12.322698Z,elea,0.1.1,ef66ed9,add,f4.bin,backend_store,0.600166,5242880,,None,blake3
5,5,2026-03-11T12:21:12.322747Z,elea,0.1.1,ef66ed9,add,f3.bin,add_file_total,5.696042,5242880,,None,blake3
5,5,2026-03-11T12:21:12.322795Z,elea,0.1.1,ef66ed9,add,f1.bin,add_file_total,5.749792,5242880,,None,blake3
5,5,2026-03-11T12:21:12.322829Z,elea,0.1.1,ef66ed9,add,f5.bin,add_file_total,5.779834,5242880,,None,blake3
5,5,2026-03-11T12:21:12.322864Z,elea,0.1.1,ef66ed9,add,f4.bin,add_file_total,5.825125,5242880,,None,blake3
5,5,2026-03-11T12:21:12.322905Z,elea,0.1.1,ef66ed9,add,,add_total,5.897084,,5,None,blake3
10,15,2026-03-11T12:21:12.470892Z,elea,0.1.1,ef66ed9,hash,f3.bin,hash,6.003708,10485760,,,blake3
10,15,2026-03-11T12:21:12.470824Z,elea,0.1.1,ef66ed9,hash,f4.bin,hash,5.894500000000001,10485760,,,blake3
10,15,2026-03-11T12:21:12.470759Z,elea,0.1.1,ef66ed9,hash,f5.bin,hash,5.839708,10485760,,,blake3
10,15,2026-03-11T12:21:12.470958Z,elea,0.1.1,ef66ed9,hash,f1.bin,hash,6.083417,10485760,,,blake3
10,15,2026-03-11T12:21:12.471136Z,elea,0.1.1,ef66ed9,hash,f2.bin,hash,6.239083,10485760,,,blake3
10,15,2026-03-11T12:21:12.473129Z,elea,0.1.1,ef66ed9,add,f5.bin,backend_store,0.38412500000000005,10485760,,None,blake3
10,15,2026-03-11T12:21:12.473191Z,elea,0.1.1,ef66ed9,add,f3.bin,backend_store,0.49529200000000007,10485760,,None,blake3
10,15,2026-03-11T12:21:12.473256Z,elea,0.1.1,ef66ed9,add,f4.bin,backend_store,0.538833,10485760,,None,blake3
10,15,2026-03-11T12:21:12.473269Z,elea,0.1.1,ef66ed9,add,f1.bin,backend_store,0.47566600000000003,10485760,,None,blake3
10,15,2026-03-11T12:21:12.473285Z,elea,0.1.1,ef66ed9,add,f2.bin,backend_store,0.45658299999999996,10485760,,None,blake3
10,15,2026-03-11T12:21:12.473301Z,elea,0.1.1,ef66ed9,add,f5.bin,add_file_total,8.441583000000001,10485760,,None,blake3
10,15,2026-03-11T12:21:12.473351Z,elea,0.1.1,ef66ed9,add,f3.bin,add_file_total,8.4955,10485760,,None,blake3
10,15,2026-03-11T12:21:12.473443Z,elea,0.1.1,ef66ed9,add,f4.bin,add_file_total,8.586542000000001,10485760,,None,blake3
10,15,2026-03-11T12:21:12.473523Z,elea,0.1.1,ef66ed9,add,f2.bin,add_file_total,8.638958,10485760,,None,blake3
10,15,2026-03-11T12:21:12.473597Z,elea,0.1.1,ef66ed9,add,f1.bin,add_file_total,8.764166,10485760,,None,blake3
10,15,2026-03-11T12:21:12.47364Z,elea,0.1.1,ef66ed9,add,,add_total,8.83625,,5,None,blake3
5,6,2026-03-11T12:21:12.563913Z,elea,0.1.1,ef66ed9,hash,f4.bin,hash,2.899833,5242880,,,blake3
5,6,2026-03-11T12:21:12.563922Z,elea,0.1.1,ef66ed9,hash,f1.bin,hash,2.93275,5242880,,,blake3
5,6,2026-03-11T12:21:12.563899Z,elea,0.1.1,ef66ed9,hash,f5.bin,hash,2.8782080000000003,5242880,,,blake3
5,6,2026-03-11T12:21:12.563872Z,elea,0.1.1,ef66ed9,hash,f3.bin,hash,2.869084,5242880,,,blake3
5,6,2026-03-11T12:21:12.563959Z,elea,0.1.1,ef66ed9,hash,f2.bin,hash,2.928959,5242880,,,blake3
5,6,2026-03-11T12:21:12.566206Z,elea,0.1.1,ef66ed9,add,f4.bin,backend_store,0.397792,5242880,,None,blake3
5,6,2026-03-11T12:21:12.566282Z,elea,0.1.1,ef66ed9,add,f5.bin,backend_store,0.433708,5242880,,None,blake3
5,6,2026-03-11T12:21:12.566323Z,elea,0.1.1,ef66ed9,add,f3.bin,backend_store,0.436334,5242880,,None,blake3
5,6,2026-03-11T12:21:12.56633Z,elea,0.1.1,ef66ed9,add,f2.bin,backend_store,0.413792,5242880,,None,blake3
5,6,2026-03-11T12:21:12.566351Z,elea,0.1.1,ef66ed9,add,f1.bin,backend_store,0.505958,5242880,,None,blake3
5,6,2026-03-11T12:21:12.566517Z,elea,0.1.1,ef66ed9,add,f4.bin,add_file_total,5.5537909999999995,5242880,,None,blake3
5,6,2026-03-11T12:21:12.566615Z,elea,0.1.1,ef66ed9,add,f5.bin,add_file_total,5.645041,5242880,,None,blake3
5,6,2026-03-11T12:21:12.566678Z,elea,0.1.1,ef66ed9,add,f3.bin,add_file_total,5.715084,5242880,,None,blake3
5,6,2026-03-11T12:21:12.566732Z,elea,0.1.1,ef66ed9,add,f2.bin,add_file_total,5.7595,5242880,,None,blake3
5,6,2026-03-11T12:21:12.566782Z,elea,0.1.1,ef66ed9,add,f1.bin,add_file_total,5.829792,5242880,,None,blake3
5,6,2026-03-11T12:21:12.566859Z,elea,0.1.1,ef66ed9,add,,add_total,5.939459,,5,None,blake3
2,17,2026-03-11T12:21:12.615427Z,elea,0.1.1,ef66ed9,hash,f4.bin,hash,1.20875,2097152,,,blake3
2,17,2026-03-11T12:21:12.615409Z,elea,0.1.1,ef66ed9,hash,f5.bin,hash,1.212791,2097152,,,blake3
2,17,2026-03-11T12:21:12.615373Z,elea,0.1.1,ef66ed9,hash,f3.bin,hash,1.1675,2097152,,,blake3
2,17,2026-03-11T12:21:12.615401Z,elea,0.1.1,ef66ed9,hash,f2.bin,hash,1.1923750000000002,2097152,,,blake3
2,17,2026-03-11T12:21:12.615366Z,elea,0.1.1,ef66ed9,hash,f1.bin,hash,1.1854159999999998,2097152,,,blake3
2,17,2026-03-11T12:21:12.617363Z,elea,0.1.1,ef66ed9,add,f4.bin,backend_store,0.6155419999999999,2097152,,None,blake3
2,17,2026-03-11T12:21:12.617393Z,elea,0.1.1,ef66ed9,add,f2.bin,backend_store,0.573958,2097152,,None,blake3
2,17,2026-03-11T12:21:12.617407Z,elea,0.1.1,ef66ed9,add,f5.bin,backend_store,0.6523329999999999,2097152,,None,blake3
2,17,2026-03-11T12:21:12.617548Z,elea,0.1.1,ef66ed9,add,f4.bin,add_file_total,3.392958,2097152,,None,blake3
2,17,2026-03-11T12:21:12.617592Z,elea,0.1.1,ef66ed9,add,f1.bin,backend_store,0.757542,2097152,,None,blake3
2,17,2026-03-11T12:21:12.617601Z,elea,0.1.1,ef66ed9,add,f3.bin,backend_store,0.808042,2097152,,None,blake3
2,17,2026-03-11T12:21:12.617609Z,elea,0.1.1,ef66ed9,add,f2.bin,add_file_total,3.465459,2097152,,None,blake3
2,17,2026-03-11T12:21:12.617653Z,elea,0.1.1,ef66ed9,add,f5.bin,add_file_total,3.5205420000000003,2097152,,None,blake3
2,17,2026-03-11T12:21:12.617846Z,elea,0.1.1,ef66ed9,add,f1.bin,add_file_total,3.710875,2097152,,None,blake3
2,17,2026-03-11T12:21:12.617908Z,elea,0.1.1,ef66ed9,add,f3.bin,add_file_total,3.7680000000000002,2097152,,None,blake3
2,17,2026-03-11T12:21:12.61797Z,elea,0.1.1,ef66ed9,add,,add_total,3.8868750000000003,,5,None,blake3
10,11,2026-03-11T12:21:12.767969Z,elea,0.1.1,ef66ed9,hash,f2.bin,hash,6.911584,10485760,,,blake3
10,11,2026-03-11T12:21:12.768124Z,elea,0.1.1,ef66ed9,hash,f3.bin,hash,7.028917,10485760,,,blake3
10,11,2026-03-11T12:21:12.768113Z,elea,0.1.1,ef66ed9,hash,f5.bin,hash,7.007916000000001,10485760,,,blake3
10,11,2026-03-11T12:21:12.768227Z,elea,0.1.1,ef66ed9,hash,f4.bin,hash,7.111375,10485760,,,blake3
10,11,2026-03-11T12:21:12.76802Z,elea,0.1.1,ef66ed9,hash,f1.bin,hash,6.952667,10485760,,,blake3
10,11,2026-03-11T12:21:12.769999Z,elea,0.1.1,ef66ed9,add,f2.bin,backend_store,0.407583,10485760,,None,blake3
10,11,2026-03-11T12:21:12.770162Z,elea,0.1.1,ef66ed9,add,f4.bin,backend_store,0.49362500000000004,10485760,,None,blake3
10,11,2026-03-11T12:21:12.770168Z,elea,0.1.1,ef66ed9,add,f2.bin,add_file_total,9.155750000000001,10485760,,None,blake3
10,11,2026-03-11T12:21:12.770185Z,elea,0.1.1,ef66ed9,add,f5.bin,backend_store,0.5452089999999999,10485760,,None,blake3
10,11,2026-03-11T12:21:12.770199Z,elea,0.1.1,ef66ed9,add,f3.bin,backend_store,0.571208,10485760,,None,blake3
10,11,2026-03-11T12:21:12.770221Z,elea,0.1.1,ef66ed9,add,f1.bin,backend_store,0.516459,10485760,,None,blake3
10,11,2026-03-11T12:21:12.770355Z,elea,0.1.1,ef66ed9,add,f4.bin,add_file_total,9.317416999999999,10485760,,None,blake3
10,11,2026-03-11T12:21:12.770413Z,elea,0.1.1,ef66ed9,add,f5.bin,add_file_total,9.379625,10485760,,None,blake3
10,11,2026-03-11T12:21:12.770609Z,elea,0.1.1,ef66ed9,add,f1.bin,add_file_total,9.579583,10485760,,None,blake3
10,11,2026-03-11T12:21:12.770657Z,elea,0.1.1,ef66ed9,add,f3.bin,add_file_total,9.622874999999999,10485760,,None,blake3
10,11,2026-03-11T12:21:12.770729Z,elea,0.1.1,ef66ed9,add,,add_total,9.754708,,5,None,blake3
2,15,2026-03-11T12:21:12.822472Z,elea,0.1.1,ef66ed9,hash,f4.bin,hash,1.4765,2097152,,,blake3
2,15,2026-03-11T12:21:12.822442Z,elea,0.1.1,ef66ed9,hash,f1.bin,hash,1.46225,2097152,,,blake3
2,15,2026-03-11T12:21:12.822464Z,elea,0.1.1,ef66ed9,hash,f5.bin,hash,1.495208,2097152,,,blake3
2,15,2026-03-11T12:21:12.822412Z,elea,0.1.1,ef66ed9,hash,f3.bin,hash,1.4411669999999999,2097152,,,blake3
2,15,2026-03-11T12:21:12.822453Z,elea,0.1.1,ef66ed9,hash,f2.bin,hash,1.461333,2097152,,,blake3
2,15,2026-03-11T12:21:12.824878Z,elea,0.1.1,ef66ed9,add,f4.bin,backend_store,0.6675840000000001,2097152,,None,blake3
2,15,2026-03-11T12:21:12.824894Z,elea,0.1.1,ef66ed9,add,f3.bin,backend_store,0.575708,2097152,,None,blake3
2,15,2026-03-11T12:21:12.824913Z,elea,0.1.1,ef66ed9,add,f1.bin,backend_store,0.698334,2097152,,None,blake3
2,15,2026-03-11T12:21:12.824984Z,elea,0.1.1,ef66ed9,add,f5.bin,backend_store,0.72175,2097152,,None,blake3
2,15,2026-03-11T12:21:12.825054Z,elea,0.1.1,ef66ed9,add,f2.bin,backend_store,0.722625,2097152,,None,blake3
2,15,2026-03-11T12:21:12.825218Z,elea,0.1.1,ef66ed9,add,f1.bin,add_file_total,4.291167000000001,2097152,,None,blake3
2,15,2026-03-11T12:21:12.825274Z,elea,0.1.1,ef66ed9,add,f3.bin,add_file_total,4.3579170000000005,2097152,,None,blake3
2,15,2026-03-11T12:21:12.825359Z,elea,0.1.1,ef66ed9,add,f4.bin,add_file_total,4.46075,2097152,,None,blake3
2,15,2026-03-11T12:21:12.825429Z,elea,0.1.1,ef66ed9,add,f5.bin,add_file_total,4.5125,2097152,,None,blake3
2,15,2026-03-11T12:21:12.825471Z,elea,0.1.1,ef66ed9,add,f2.bin,add_file_total,4.538417,2097152,,None,blake3
2,15,2026-03-11T12:21:12.82555Z,elea,0.1.1,ef66ed9,add,,add_total,4.682166,,5,None,blake3
1,8,2026-03-11T12:21:12.867863Z,elea,0.1.1,ef66ed9,hash,f5.bin,hash,0.618333,1048576,,,blake3
1,8,2026-03-11T12:21:12.867842Z,elea,0.1.1,ef66ed9,hash,f1.bin,hash,0.629458,1048576,,,blake3
1,8,2026-03-11T12:21:12.867851Z,elea,0.1.1,ef66ed9,hash,f4.bin,hash,0.627,1048576,,,blake3
1,8,2026-03-11T12:21:12.867874Z,elea,0.1.1,ef66ed9,hash,f2.bin,hash,0.636459,1048576,,,blake3
1,8,2026-03-11T12:21:12.867826Z,elea,0.1.1,ef66ed9,hash,f3.bin,hash,0.6369579999999999,1048576,,,blake3
1,8,2026-03-11T12:21:12.870022Z,elea,0.1.1,ef66ed9,add,f1.bin,backend_store,0.44741699999999995,1048576,,None,blake3
1,8,2026-03-11T12:21:12.870112Z,elea,0.1.1,ef66ed9,add,f4.bin,backend_store,0.52025,1048576,,None,blake3
1,8,2026-03-11T12:21:12.870196Z,elea,0.1.1,ef66ed9,add,f5.bin,backend_store,0.6523749999999999,1048576,,None,blake3
1,8,2026-03-11T12:21:12.870243Z,elea,0.1.1,ef66ed9,add,f1.bin,add_file_total,3.1069999999999998,1048576,,None,blake3
1,8,2026-03-11T12:21:12.87026Z,elea,0.1.1,ef66ed9,add,f3.bin,backend_store,0.566833,1048576,,None,blake3
1,8,2026-03-11T12:21:12.870276Z,elea,0.1.1,ef66ed9,add,f2.bin,backend_store,0.6284580000000001,1048576,,None,blake3
1,8,2026-03-11T12:21:12.870335Z,elea,0.1.1,ef66ed9,add,f4.bin,add_file_total,3.198083,1048576,,None,blake3
1,8,2026-03-11T12:21:12.870393Z,elea,0.1.1,ef66ed9,add,f5.bin,add_file_total,3.258041,1048576,,None,blake3
1,8,2026-03-11T12:21:12.870434Z,elea,0.1.1,ef66ed9,add,f2.bin,add_file_total,3.3005,1048576,,None,blake3
1,8,2026-03-11T12:21:12.870467Z,elea,0.1.1,ef66ed9,add,f3.bin,add_file_total,3.350917,1048576,,None,blake3
1,8,2026-03-11T12:21:12.870512Z,elea,0.1.1,ef66ed9,add,,add_total,3.439,,5,None,blake3
5,18,2026-03-11T12:21:12.966647Z,elea,0.1.1,ef66ed9,hash,f4.bin,hash,2.996333,5242880,,,blake3
5,18,2026-03-11T12:21:12.966626Z,elea,0.1.1,ef66ed9,hash,f5.bin,hash,3.004417,5242880,,,blake3
5,18,2026-03-11T12:21:12.966575Z,elea,0.1.1,ef66ed9,hash,f2.bin,hash,2.9831250000000002,5242880,,,blake3
5,18,2026-03-11T12:21:12.966617Z,elea,0.1.1,ef66ed9,hash,f1.bin,hash,2.944416,5242880,,,blake3
5,18,2026-03-11T12:21:12.966607Z,elea,0.1.1,ef66ed9,hash,f3.bin,hash,2.976125,5242880,,,blake3
5,18,2026-03-11T12:21:12.969218Z,elea,0.1.1,ef66ed9,add,f5.bin,backend_store,0.7288330000000001,5242880,,None,blake3
5,18,2026-03-11T12:21:12.969295Z,elea,0.1.1,ef66ed9,add,f1.bin,backend_store,0.7206250000000001,5242880,,None,blake3
5,18,2026-03-11T12:21:12.969344Z,elea,0.1.1,ef66ed9,add,f4.bin,backend_store,0.8612500000000001,5242880,,None,blake3
5,18,2026-03-11T12:21:12.969386Z,elea,0.1.1,ef66ed9,add,f3.bin,backend_store,0.7985829999999999,5242880,,None,blake3
5,18,2026-03-11T12:21:12.969419Z,elea,0.1.1,ef66ed9,add,f2.bin,backend_store,0.868709,5242880,,None,blake3
5,18,2026-03-11T12:21:12.969493Z,elea,0.1.1,ef66ed9,add,f5.bin,add_file_total,5.9430000000000005,5242880,,None,blake3
5,18,2026-03-11T12:21:12.969561Z,elea,0.1.1,ef66ed9,add,f1.bin,add_file_total,5.995915999999999,5242880,,None,blake3
5,18,2026-03-11T12:21:12.969652Z,elea,0.1.1,ef66ed9,add,f4.bin,add_file_total,6.0780829999999995,5242880,,None,blake3
5,18,2026-03-11T12:21:12.969715Z,elea,0.1.1,ef66ed9,add,f3.bin,add_file_total,6.16375,5242880,,None,blake3
5,18,2026-03-11T12:21:12.969767Z,elea,0.1.1,ef66ed9,add,f2.bin,add_file_total,6.234208,5242880,,None,blake3
5,18,2026-03-11T12:21:12.969837Z,elea,0.1.1,ef66ed9,add,,add_total,6.3475839999999994,,5,None,blake3
50,22,2026-03-11T12:21:13.642706Z,elea,0.1.1,ef66ed9,hash,f3.bin,hash,29.249167,52428800,,,blake3
50,22,2026-03-11T12:21:13.642669Z,elea,0.1.1,ef66ed9,hash,f4.bin,hash,29.169375000000002,52428800,,,blake3
50,22,2026-03-11T12:21:13.643042Z,elea,0.1.1,ef66ed9,hash,f2.bin,hash,29.615458,52428800,,,blake3
50,22,2026-03-11T12:21:13.642682Z,elea,0.1.1,ef66ed9,hash,f5.bin,hash,29.152875,52428800,,,blake3
50,22,2026-03-11T12:21:13.642643Z,elea,0.1.1,ef66ed9,hash,f1.bin,hash,29.197792,52428800,,,blake3
50,22,2026-03-11T12:21:13.645089Z,elea,0.1.1,ef66ed9,add,f3.bin,backend_store,0.474083,52428800,,None,blake3
50,22,2026-03-11T12:21:13.645121Z,elea,0.1.1,ef66ed9,add,f2.bin,backend_store,0.460292,52428800,,None,blake3
50,22,2026-03-11T12:21:13.645172Z,elea,0.1.1,ef66ed9,add,f4.bin,backend_store,0.538292,52428800,,None,blake3
50,22,2026-03-11T12:21:13.645342Z,elea,0.1.1,ef66ed9,add,f5.bin,backend_store,0.598792,52428800,,None,blake3
50,22,2026-03-11T12:21:13.645365Z,elea,0.1.1,ef66ed9,add,f1.bin,backend_store,0.592291,52428800,,None,blake3
50,22,2026-03-11T12:21:13.645638Z,elea,0.1.1,ef66ed9,add,f2.bin,add_file_total,32.256458,52428800,,None,blake3
50,22,2026-03-11T12:21:13.645678Z,elea,0.1.1,ef66ed9,add,f5.bin,add_file_total,32.283708000000004,52428800,,None,blake3
50,22,2026-03-11T12:21:13.645727Z,elea,0.1.1,ef66ed9,add,f4.bin,add_file_total,32.321833,52428800,,None,blake3
50,22,2026-03-11T12:21:13.645767Z,elea,0.1.1,ef66ed9,add,f3.bin,add_file_total,32.362750000000005,52428800,,None,blake3
50,22,2026-03-11T12:21:13.645799Z,elea,0.1.1,ef66ed9,add,f1.bin,add_file_total,32.376625,52428800,,None,blake3
50,22,2026-03-11T12:21:13.645866Z,elea,0.1.1,ef66ed9,add,,add_total,32.525709,,5,None,blake3
10,3,2026-03-11T12:21:13.812329Z,elea,0.1.1,ef66ed9,hash,f3.bin,hash,5.814375,10485760,,,blake3
10,3,2026-03-11T12:21:13.812368Z,elea,0.1.1,ef66ed9,hash,f1.bin,hash,5.8826670000000005,10485760,,,blake3
10,3,2026-03-11T12:21:13.812383Z,elea,0.1.1,ef66ed9,hash,f2.bin,hash,5.8654589999999995,10485760,,,blake3
10,3,2026-03-11T12:21:13.812416Z,elea,0.1.1,ef66ed9,hash,f4.bin,hash,5.881834,10485760,,,blake3
10,3,2026-03-11T12:21:13.812264Z,elea,0.1.1,ef66ed9,hash,f5.bin,hash,5.681333,10485760,,,blake3
10,3,2026-03-11T12:21:13.814964Z,elea,0.1.1,ef66ed9,add,f2.bin,backend_store,0.577458,10485760,,None,blake3
10,3,2026-03-11T12:21:13.814997Z,elea,0.1.1,ef66ed9,add,f1.bin,backend_store,0.650541,10485760,,None,blake3
10,3,2026-03-11T12:21:13.815016Z,elea,0.1.1,ef66ed9,add,f3.bin,backend_store,0.673417,10485760,,None,blake3
10,3,2026-03-11T12:21:13.815061Z,elea,0.1.1,ef66ed9,add,f5.bin,backend_store,0.6032919999999999,10485760,,None,blake3
10,3,2026-03-11T12:21:13.815068Z,elea,0.1.1,ef66ed9,add,f4.bin,backend_store,0.6327079999999999,10485760,,None,blake3
10,3,2026-03-11T12:21:13.815203Z,elea,0.1.1,ef66ed9,add,f1.bin,add_file_total,8.762042,10485760,,None,blake3
10,3,2026-03-11T12:21:13.815255Z,elea,0.1.1,ef66ed9,add,f2.bin,add_file_total,8.794125,10485760,,None,blake3
10,3,2026-03-11T12:21:13.815298Z,elea,0.1.1,ef66ed9,add,f3.bin,add_file_total,8.836833,10485760,,None,blake3
10,3,2026-03-11T12:21:13.815333Z,elea,0.1.1,ef66ed9,add,f5.bin,add_file_total,8.869542,10485760,,None,blake3
10,3,2026-03-11T12:21:13.815367Z,elea,0.1.1,ef66ed9,add,f4.bin,add_file_total,8.910124999999999,10485760,,None,blake3
10,3,2026-03-11T12:21:13.815416Z,elea,0.1.1,ef66ed9,add,,add_total,9.007792,,5,None,blake3
1,11,2026-03-11T12:21:13.852322Z,elea,0.1.1,ef66ed9,hash,f4.bin,hash,0.608333,1048576,,,blake3
1,11,2026-03-11T12:21:13.852383Z,elea,0.1.1,ef66ed9,hash,f5.bin,hash,0.657875,1048576,,,blake3
1,11,2026-03-11T12:21:13.852339Z,elea,0.1.1,ef66ed9,hash,f2.bin,hash,0.606833,1048576,,,blake3
1,11,2026-03-11T12:21:13.852314Z,elea,0.1.1,ef66ed9,hash,f3.bin,hash,0.6097090000000001,1048576,,,blake3
1,11,2026-03-11T12:21:13.852307Z,elea,0.1.1,ef66ed9,hash,f1.bin,hash,0.6114999999999999,1048576,,,blake3
1,11,2026-03-11T12:21:13.854203Z,elea,0.1.1,ef66ed9,add,f5.bin,backend_store,0.521167,1048576,,None,blake3
1,11,2026-03-11T12:21:13.854235Z,elea,0.1.1,ef66ed9,add,f3.bin,backend_store,0.5158330000000001,1048576,,None,blake3
1,11,2026-03-11T12:21:13.854265Z,elea,0.1.1,ef66ed9,add,f4.bin,backend_store,0.600583,1048576,,None,blake3
1,11,2026-03-11T12:21:13.854284Z,elea,0.1.1,ef66ed9,add,f1.bin,backend_store,0.534334,1048576,,None,blake3
1,11,2026-03-11T12:21:13.854297Z,elea,0.1.1,ef66ed9,add,f2.bin,backend_store,0.592083,1048576,,None,blake3
1,11,2026-03-11T12:21:13.854441Z,elea,0.1.1,ef66ed9,add,f5.bin,add_file_total,2.7430839999999996,1048576,,None,blake3
1,11,2026-03-11T12:21:13.854473Z,elea,0.1.1,ef66ed9,add,f3.bin,add_file_total,2.801,1048576,,None,blake3
1,11,2026-03-11T12:21:13.854514Z,elea,0.1.1,ef66ed9,add,f4.bin,add_file_total,2.839084,1048576,,None,blake3
1,11,2026-03-11T12:21:13.854552Z,elea,0.1.1,ef66ed9,add,f1.bin,add_file_total,2.891625,1048576,,None,blake3
1,11,2026-03-11T12:21:13.854586Z,elea,0.1.1,ef66ed9,add,f2.bin,add_file_total,2.904417,1048576,,None,blake3
1,11,2026-03-11T12:21:13.854639Z,elea,0.1.1,ef66ed9,add,,add_total,3.01425,,5,None,blake3
2,23,2026-03-11T12:21:13.904768Z,elea,0.1.1,ef66ed9,hash,f5.bin,hash,1.197875,2097152,,,blake3
2,23,2026-03-11T12:21:13.904781Z,elea,0.1.1,ef66ed9,hash,f4.bin,hash,1.2198339999999999,2097152,,,blake3
2,23,2026-03-11T12:21:13.904795Z,elea,0.1.1,ef66ed9,hash,f1.bin,hash,1.207625,2097152,,,blake3
2,23,2026-03-11T12:21:13.904805Z,elea,0.1.1,ef66ed9,hash,f2.bin,hash,1.2456660000000002,2097152,,,blake3
2,23,2026-03-11T12:21:13.904753Z,elea,0.1.1,ef66ed9,hash,f3.bin,hash,1.211333,2097152,,,blake3
2,23,2026-03-11T12:21:13.906642Z,elea,0.1.1,ef66ed9,add,f1.bin,backend_store,0.521166,2097152,,None,blake3
2,23,2026-03-11T12:21:13.906657Z,elea,0.1.1,ef66ed9,add,f5.bin,backend_store,0.5657909999999999,2097152,,None,blake3
2,23,2026-03-11T12:21:13.906673Z,elea,0.1.1,ef66ed9,add,f2.bin,backend_store,0.529125,2097152,,None,blake3
2,23,2026-03-11T12:21:13.906701Z,elea,0.1.1,ef66ed9,add,f3.bin,backend_store,0.524792,2097152,,None,blake3
2,23,2026-03-11T12:21:13.906764Z,elea,0.1.1,ef66ed9,add,f4.bin,backend_store,0.657459,2097152,,None,blake3
2,23,2026-03-11T12:21:13.906871Z,elea,0.1.1,ef66ed9,add,f5.bin,add_file_total,3.345125,2097152,,None,blake3
2,23,2026-03-11T12:21:13.906917Z,elea,0.1.1,ef66ed9,add,f2.bin,add_file_total,3.393583,2097152,,None,blake3
2,23,2026-03-11T12:21:13.906992Z,elea,0.1.1,ef66ed9,add,f4.bin,add_file_total,3.468042,2097152,,None,blake3
2,23,2026-03-11T12:21:13.907024Z,elea,0.1.1,ef66ed9,add,f3.bin,add_file_total,3.517375,2097152,,None,blake3
2,23,2026-03-11T12:21:13.907053Z,elea,0.1.1,ef66ed9,add,f1.bin,add_file_total,3.5238750000000003,2097152,,None,blake3
2,23,2026-03-11T12:21:13.907105Z,elea,0.1.1,ef66ed9,add,,add_total,3.6270830000000003,,5,None,blake3
2,25,2026-03-11T12:21:13.957643Z,elea,0.1.1,ef66ed9,hash,f5.bin,hash,1.173333,2097152,,,blake3
2,25,2026-03-11T12:21:13.957655Z,elea,0.1.1,ef66ed9,hash,f2.bin,hash,1.1852500000000001,2097152,,,blake3
2,25,2026-03-11T12:21:13.957632Z,elea,0.1.1,ef66ed9,hash,f1.bin,hash,1.1837499999999999,2097152,,,blake3
2,25,2026-03-11T12:21:13.957665Z,elea,0.1.1,ef66ed9,hash,f3.bin,hash,1.182333,2097152,,,blake3
2,25,2026-03-11T12:21:13.957775Z,elea,0.1.1,ef66ed9,hash,f4.bin,hash,1.288167,2097152,,,blake3
2,25,2026-03-11T12:21:13.959477Z,elea,0.1.1,ef66ed9,add,f2.bin,backend_store,0.464209,2097152,,None,blake3
2,25,2026-03-11T12:21:13.959556Z,elea,0.1.1,ef66ed9,add,f3.bin,backend_store,0.493208,2097152,,None,blake3
2,25,2026-03-11T12:21:13.959564Z,elea,0.1.1,ef66ed9,add,f5.bin,backend_store,0.56525,2097152,,None,blake3
2,25,2026-03-11T12:21:13.959602Z,elea,0.1.1,ef66ed9,add,f4.bin,backend_store,0.504417,2097152,,None,blake3
2,25,2026-03-11T12:21:13.959608Z,elea,0.1.1,ef66ed9,add,f1.bin,backend_store,0.54625,2097152,,None,blake3
2,25,2026-03-11T12:21:13.959668Z,elea,0.1.1,ef66ed9,add,f2.bin,add_file_total,3.201625,2097152,,None,blake3
2,25,2026-03-11T12:21:13.959718Z,elea,0.1.1,ef66ed9,add,f3.bin,add_file_total,3.283583,2097152,,None,blake3
2,25,2026-03-11T12:21:13.959757Z,elea,0.1.1,ef66ed9,add,f1.bin,add_file_total,3.345875,2097152,,None,blake3
2,25,2026-03-11T12:21:13.959787Z,elea,0.1.1,ef66ed9,add,f4.bin,add_file_total,3.3315829999999997,2097152,,None,blake3
2,25,2026-03-11T12:21:13.959822Z,elea,0.1.1,ef66ed9,add,f5.bin,add_file_total,3.389291,2097152,,None,blake3
2,25,2026-03-11T12:21:13.95988Z,elea,0.1.1,ef66ed9,add,,add_total,3.4946669999999997,,5,None,blake3
50,6,2026-03-11T12:21:14.634054Z,elea,0.1.1,ef66ed9,hash,f5.bin,hash,29.5855,52428800,,,blake3
50,6,2026-03-11T12:21:14.633425Z,elea,0.1.1,ef66ed9,hash,f1.bin,hash,28.978417,52428800,,,blake3
50,6,2026-03-11T12:21:14.633247Z,elea,0.1.1,ef66ed9,hash,f3.bin,hash,28.757333,52428800,,,blake3
50,6,2026-03-11T12:21:14.634012Z,elea,0.1.1,ef66ed9,hash,f4.bin,hash,29.571584,52428800,,,blake3
50,6,2026-03-11T12:21:14.633748Z,elea,0.1.1,ef66ed9,hash,f2.bin,hash,29.291500000000003,52428800,,,blake3
50,6,2026-03-11T12:21:14.635846Z,elea,0.1.1,ef66ed9,add,f5.bin,backend_store,0.577833,52428800,,None,blake3
50,6,2026-03-11T12:21:14.63587Z,elea,0.1.1,ef66ed9,add,f1.bin,backend_store,0.5885419999999999,52428800,,None,blake3
50,6,2026-03-11T12:21:14.635882Z,elea,0.1.1,ef66ed9,add,f2.bin,backend_store,0.504625,52428800,,None,blake3
50,6,2026-03-11T12:21:14.635934Z,elea,0.1.1,ef66ed9,add,f4.bin,backend_store,0.582458,52428800,,None,blake3
50,6,2026-03-11T12:21:14.635967Z,elea,0.1.1,ef66ed9,add,f3.bin,backend_store,0.648292,52428800,,None,blake3
50,6,2026-03-11T12:21:14.636155Z,elea,0.1.1,ef66ed9,add,f2.bin,add_file_total,31.737916,52428800,,None,blake3
50,6,2026-03-11T12:21:14.636209Z,elea,0.1.1,ef66ed9,add,f1.bin,add_file_total,31.794749999999997,52428800,,None,blake3
50,6,2026-03-11T12:21:14.636265Z,elea,0.1.1,ef66ed9,add,f4.bin,add_file_total,31.860542,52428800,,None,blake3
50,6,2026-03-11T12:21:14.636323Z,elea,0.1.1,ef66ed9,add,f5.bin,add_file_total,31.901917,52428800,,None,blake3
50,6,2026-03-11T12:21:14.636363Z,elea,0.1.1,ef66ed9,add,f3.bin,add_file_total,31.939458,52428800,,None,blake3
50,6,2026-03-11T12:21:14.636437Z,elea,0.1.1,ef66ed9,add,,add_total,32.064833,,5,None,blake3
5,3,2026-03-11T12:21:14.729803Z,elea,0.1.1,ef66ed9,hash,f2.bin,hash,3.026167,5242880,,,blake3
5,3,2026-03-11T12:21:14.72977Z,elea,0.1.1,ef66ed9,hash,f3.bin,hash,3.027166,5242880,,,blake3
5,3,2026-03-11T12:21:14.729825Z,elea,0.1.1,ef66ed9,hash,f4.bin,hash,3.00775,5242880,,,blake3
5,3,2026-03-11T12:21:14.729733Z,elea,0.1.1,ef66ed9,hash,f5.bin,hash,2.968333,5242880,,,blake3
5,3,2026-03-11T12:21:14.729815Z,elea,0.1.1,ef66ed9,hash,f1.bin,hash,3.0165,5242880,,,blake3
5,3,2026-03-11T12:21:14.732092Z,elea,0.1.1,ef66ed9,add,f2.bin,backend_store,0.5027910000000001,5242880,,None,blake3
5,3,2026-03-11T12:21:14.732115Z,elea,0.1.1,ef66ed9,add,f3.bin,backend_store,0.514167,5242880,,None,blake3
5,3,2026-03-11T12:21:14.732134Z,elea,0.1.1,ef66ed9,add,f5.bin,backend_store,0.470542,5242880,,None,blake3
5,3,2026-03-11T12:21:14.732151Z,elea,0.1.1,ef66ed9,add,f4.bin,backend_store,0.511458,5242880,,None,blake3
5,3,2026-03-11T12:21:14.732314Z,elea,0.1.1,ef66ed9,add,f2.bin,add_file_total,5.608208,5242880,,None,blake3
5,3,2026-03-11T12:21:14.73233Z,elea,0.1.1,ef66ed9,add,f1.bin,backend_store,0.5944159999999999,5242880,,None,blake3
5,3,2026-03-11T12:21:14.732364Z,elea,0.1.1,ef66ed9,add,f3.bin,add_file_total,5.662125,5242880,,None,blake3
5,3,2026-03-11T12:21:14.732428Z,elea,0.1.1,ef66ed9,add,f5.bin,add_file_total,5.686167,5242880,,None,blake3
5,3,2026-03-11T12:21:14.732459Z,elea,0.1.1,ef66ed9,add,f1.bin,add_file_total,5.725625,5242880,,None,blake3
5,3,2026-03-11T12:21:14.732504Z,elea,0.1.1,ef66ed9,add,f4.bin,add_file_total,5.80325,5242880,,None,blake3
5,3,2026-03-11T12:21:14.732553Z,elea,0.1.1,ef66ed9,add,,add_total,5.9010419999999995,,5,None,blake3
2,4,2026-03-11T12:21:14.782176Z,elea,0.1.1,ef66ed9,hash,f3.bin,hash,1.257417,2097152,,,blake3
2,4,2026-03-11T12:21:14.782099Z,elea,0.1.1,ef66ed9,hash,f2.bin,hash,1.168917,2097152,,,blake3
2,4,2026-03-11T12:21:14.782122Z,elea,0.1.1,ef66ed9,hash,f4.bin,hash,1.163708,2097152,,,blake3
2,4,2026-03-11T12:21:14.782114Z,elea,0.1.1,ef66ed9,hash,f1.bin,hash,1.170542,2097152,,,blake3
2,4,2026-03-11T12:21:14.782091Z,elea,0.1.1,ef66ed9,hash,f5.bin,hash,1.1685,2097152,,,blake3
2,4,2026-03-11T12:21:14.784132Z,elea,0.1.1,ef66ed9,add,f5.bin,backend_store,0.5182500000000001,2097152,,None,blake3
2,4,2026-03-11T12:21:14.784165Z,elea,0.1.1,ef66ed9,add,f4.bin,backend_store,0.523625,2097152,,None,blake3
2,4,2026-03-11T12:21:14.784175Z,elea,0.1.1,ef66ed9,add,f3.bin,backend_store,0.591792,2097152,,None,blake3
2,4,2026-03-11T12:21:14.784187Z,elea,0.1.1,ef66ed9,add,f2.bin,backend_store,0.50675,2097152,,None,blake3
2,4,2026-03-11T12:21:14.7842Z,elea,0.1.1,ef66ed9,add,f1.bin,backend_store,0.531875,2097152,,None,blake3
2,4,2026-03-11T12:21:14.784326Z,elea,0.1.1,ef66ed9,add,f5.bin,add_file_total,3.44825,2097152,,None,blake3
2,4,2026-03-11T12:21:14.784362Z,elea,0.1.1,ef66ed9,add,f1.bin,add_file_total,3.474791,2097152,,None,blake3
2,4,2026-03-11T12:21:14.784402Z,elea,0.1.1,ef66ed9,add,f3.bin,add_file_total,3.532708,2097152,,None,blake3
2,4,2026-03-11T12:21:14.784439Z,elea,0.1.1,ef66ed9,add,f2.bin,add_file_total,3.556834,2097152,,None,blake3
2,4,2026-03-11T12:21:14.78447Z,elea,0.1.1,ef66ed9,add,f4.bin,add_file_total,3.582333,2097152,,None,blake3
2,4,2026-03-11T12:21:14.784521Z,elea,0.1.1,ef66ed9,add,,add_total,3.697375,,5,None,blake3
1,17,2026-03-11T12:21:14.820331Z,elea,0.1.1,ef66ed9,hash,f1.bin,hash,0.676542,1048576,,,blake3
1,17,2026-03-11T12:21:14.820282Z,elea,0.1.1,ef66ed9,hash,f3.bin,hash,0.611834,1048576,,,blake3
1,17,2026-03-11T12:21:14.820304Z,elea,0.1.1,ef66ed9,hash,f2.bin,hash,0.616166,1048576,,,blake3
1,17,2026-03-11T12:21:14.820262Z,elea,0.1.1,ef66ed9,hash,f4.bin,hash,0.599625,1048576,,,blake3
1,17,2026-03-11T12:21:14.820297Z,elea,0.1.1,ef66ed9,hash,f5.bin,hash,0.605958,1048576,,,blake3
1,17,2026-03-11T12:21:14.822076Z,elea,0.1.1,ef66ed9,add,f3.bin,backend_store,0.471917,1048576,,None,blake3
1,17,2026-03-11T12:21:14.822085Z,elea,0.1.1,ef66ed9,add,f4.bin,backend_store,0.431292,1048576,,None,blake3
1,17,2026-03-11T12:21:14.82211Z,elea,0.1.1,ef66ed9,add,f1.bin,backend_store,0.5229590000000001,1048576,,None,blake3
1,17,2026-03-11T12:21:14.822118Z,elea,0.1.1,ef66ed9,add,f5.bin,backend_store,0.444292,1048576,,None,blake3
1,17,2026-03-11T12:21:14.822155Z,elea,0.1.1,ef66ed9,add,f2.bin,backend_store,0.506458,1048576,,None,blake3
1,17,2026-03-11T12:21:14.82223Z,elea,0.1.1,ef66ed9,add,f3.bin,add_file_total,2.6062089999999998,1048576,,None,blake3
1,17,2026-03-11T12:21:14.822265Z,elea,0.1.1,ef66ed9,add,f5.bin,add_file_total,2.623625,1048576,,None,blake3
1,17,2026-03-11T12:21:14.822303Z,elea,0.1.1,ef66ed9,add,f1.bin,add_file_total,2.685542,1048576,,None,blake3
1,17,2026-03-11T12:21:14.822331Z,elea,0.1.1,ef66ed9,add,f4.bin,add_file_total,2.70975,1048576,,None,blake3
1,17,2026-03-11T12:21:14.822374Z,elea,0.1.1,ef66ed9,add,f2.bin,add_file_total,2.748959,1048576,,None,blake3
1,17,2026-03-11T12:21:14.822412Z,elea,0.1.1,ef66ed9,add,,add_total,2.837375,,5,None,blake3
1,6,2026-03-11T12:21:14.858073Z,elea,0.1.1,ef66ed9,hash,f4.bin,hash,0.607959,1048576,,,blake3
1,6,2026-03-11T12:21:14.858083Z,elea,0.1.1,ef66ed9,hash,f2.bin,hash,0.602875,1048576,,,blake3
1,6,2026-03-11T12:21:14.858091Z,elea,0.1.1,ef66ed9,hash,f5.bin,hash,0.603417,1048576,,,blake3
1,6,2026-03-11T12:21:14.858121Z,elea,0.1.1,ef66ed9,hash,f1.bin,hash,0.655167,1048576,,,blake3
1,6,2026-03-11T12:21:14.85806Z,elea,0.1.1,ef66ed9,hash,f3.bin,hash,0.613208,1048576,,,blake3
1,6,2026-03-11T12:21:14.859817Z,elea,0.1.1,ef66ed9,add,f4.bin,backend_store,0.49529100000000004,1048576,,None,blake3
1,6,2026-03-11T12:21:14.859827Z,elea,0.1.1,ef66ed9,add,f5.bin,backend_store,0.458083,1048576,,None,blake3
1,6,2026-03-11T12:21:14.859859Z,elea,0.1.1,ef66ed9,add,f3.bin,backend_store,0.457833,1048576,,None,blake3
1,6,2026-03-11T12:21:14.859867Z,elea,0.1.1,ef66ed9,add,f2.bin,backend_store,0.5299159999999999,1048576,,None,blake3
1,6,2026-03-11T12:21:14.859948Z,elea,0.1.1,ef66ed9,add,f1.bin,backend_store,0.5665410000000001,1048576,,None,blake3
1,6,2026-03-11T12:21:14.860016Z,elea,0.1.1,ef66ed9,add,f5.bin,add_file_total,2.58175,1048576,,None,blake3
1,6,2026-03-11T12:21:14.860062Z,elea,0.1.1,ef66ed9,add,f4.bin,add_file_total,2.634084,1048576,,None,blake3
1,6,2026-03-11T12:21:14.860106Z,elea,0.1.1,ef66ed9,add,f3.bin,add_file_total,2.693916,1048576,,None,blake3
1,6,2026-03-11T12:21:14.860142Z,elea,0.1.1,ef66ed9,add,f2.bin,add_file_total,2.712583,1048576,,None,blake3
1,6,2026-03-11T12:21:14.860178Z,elea,0.1.1,ef66ed9,add,f1.bin,add_file_total,2.7529579999999996,1048576,,None,blake3
1,6,2026-03-11T12:21:14.860224Z,elea,0.1.1,ef66ed9,add,,add_total,2.848125,,5,None,blake3
50,2,2026-03-11T12:21:15.540735Z,elea,0.1.1,ef66ed9,hash,f5.bin,hash,29.293542,52428800,,,blake3
50,2,2026-03-11T12:21:15.540851Z,elea,0.1.1,ef66ed9,hash,f2.bin,hash,29.452875,52428800,,,blake3
50,2,2026-03-11T12:21:15.540839Z,elea,0.1.1,ef66ed9,hash,f1.bin,hash,29.418416999999998,52428800,,,blake3
50,2,2026-03-11T12:21:15.540485Z,elea,0.1.1,ef66ed9,hash,f3.bin,hash,29.075167,52428800,,,blake3
50,2,2026-03-11T12:21:15.54022Z,elea,0.1.1,ef66ed9,hash,f4.bin,hash,28.814459,52428800,,,blake3
50,2,2026-03-11T12:21:15.543065Z,elea,0.1.1,ef66ed9,add,f2.bin,backend_store,0.57675,52428800,,None,blake3
50,2,2026-03-11T12:21:15.543077Z,elea,0.1.1,ef66ed9,add,f5.bin,backend_store,0.5904579999999999,52428800,,None,blake3
50,2,2026-03-11T12:21:15.543108Z,elea,0.1.1,ef66ed9,add,f4.bin,backend_store,0.518333,52428800,,None,blake3
50,2,2026-03-11T12:21:15.543127Z,elea,0.1.1,ef66ed9,add,f3.bin,backend_store,0.5735830000000001,52428800,,None,blake3
50,2,2026-03-11T12:21:15.543159Z,elea,0.1.1,ef66ed9,add,f1.bin,backend_store,0.639458,52428800,,None,blake3
50,2,2026-03-11T12:21:15.543273Z,elea,0.1.1,ef66ed9,add,f2.bin,add_file_total,31.916167,52428800,,None,blake3
50,2,2026-03-11T12:21:15.543328Z,elea,0.1.1,ef66ed9,add,f4.bin,add_file_total,31.967750000000002,52428800,,None,blake3
50,2,2026-03-11T12:21:15.543387Z,elea,0.1.1,ef66ed9,add,f3.bin,add_file_total,32.024792000000005,52428800,,None,blake3
50,2,2026-03-11T12:21:15.543442Z,elea,0.1.1,ef66ed9,add,f5.bin,add_file_total,32.076417000000006,52428800,,None,blake3
50,2,2026-03-11T12:21:15.543496Z,elea,0.1.1,ef66ed9,add,f1.bin,add_file_total,32.132542,52428800,,None,blake3
50,2,2026-03-11T12:21:15.543564Z,elea,0.1.1,ef66ed9,add,,add_total,32.254292,,5,None,blake3
2,18,2026-03-11T12:21:15.597327Z,elea,0.1.1,ef66ed9,hash,f1.bin,hash,1.1941670000000002,2097152,,,blake3
2,18,2026-03-11T12:21:15.597321Z,elea,0.1.1,ef66ed9,hash,f5.bin,hash,1.205458,2097152,,,blake3
2,18,2026-03-11T12:21:15.597286Z,elea,0.1.1,ef66ed9,hash,f4.bin,hash,1.198542,2097152,,,blake3
2,18,2026-03-11T12:21:15.597338Z,elea,0.1.1,ef66ed9,hash,f3.bin,hash,1.202917,2097152,,,blake3
2,18,2026-03-11T12:21:15.597348Z,elea,0.1.1,ef66ed9,hash,f2.bin,hash,1.1895829999999998,2097152,,,blake3
2,18,2026-03-11T12:21:15.599298Z,elea,0.1.1,ef66ed9,add,f5.bin,backend_store,0.59775,2097152,,None,blake3
2,18,2026-03-11T12:21:15.599305Z,elea,0.1.1,ef66ed9,add,f3.bin,backend_store,0.565625,2097152,,None,blake3
2,18,2026-03-11T12:21:15.599431Z,elea,0.1.1,ef66ed9,add,f1.bin,backend_store,0.740042,2097152,,None,blake3
2,18,2026-03-11T12:21:15.59947Z,elea,0.1.1,ef66ed9,add,f4.bin,backend_store,0.7429169999999999,2097152,,None,blake3
2,18,2026-03-11T12:21:15.599515Z,elea,0.1.1,ef66ed9,add,f2.bin,backend_store,0.712167,2097152,,None,blake3
2,18,2026-03-11T12:21:15.599552Z,elea,0.1.1,ef66ed9,add,f3.bin,add_file_total,3.503833,2097152,,None,blake3
2,18,2026-03-11T12:21:15.599623Z,elea,0.1.1,ef66ed9,add,f5.bin,add_file_total,3.5776250000000003,2097152,,None,blake3
2,18,2026-03-11T12:21:15.59971Z,elea,0.1.1,ef66ed9,add,f1.bin,add_file_total,3.656792,2097152,,None,blake3
2,18,2026-03-11T12:21:15.599757Z,elea,0.1.1,ef66ed9,add,f4.bin,add_file_total,3.713208,2097152,,None,blake3
2,18,2026-03-11T12:21:15.59981Z,elea,0.1.1,ef66ed9,add,f2.bin,add_file_total,3.769041,2097152,,None,blake3
2,18,2026-03-11T12:21:15.599857Z,elea,0.1.1,ef66ed9,add,,add_total,3.8720410000000003,,5,None,blake3
5,16,2026-03-11T12:21:15.69078Z,elea,0.1.1,ef66ed9,hash,f2.bin,hash,2.970916,5242880,,,blake3
5,16,2026-03-11T12:21:15.690811Z,elea,0.1.1,ef66ed9,hash,f3.bin,hash,3.020792,5242880,,,blake3
5,16,2026-03-11T12:21:15.69076Z,elea,0.1.1,ef66ed9,hash,f4.bin,hash,2.953875,5242880,,,blake3
5,16,2026-03-11T12:21:15.690789Z,elea,0.1.1,ef66ed9,hash,f5.bin,hash,2.921583,5242880,,,blake3
5,16,2026-03-11T12:21:15.690741Z,elea,0.1.1,ef66ed9,hash,f1.bin,hash,2.927708,5242880,,,blake3
5,16,2026-03-11T12:21:15.693128Z,elea,0.1.1,ef66ed9,add,f5.bin,backend_store,0.542208,5242880,,None,blake3
5,16,2026-03-11T12:21:15.693136Z,elea,0.1.1,ef66ed9,add,f4.bin,backend_store,0.547084,5242880,,None,blake3
5,16,2026-03-11T12:21:15.693148Z,elea,0.1.1,ef66ed9,add,f1.bin,backend_store,0.591125,5242880,,None,blake3
5,16,2026-03-11T12:21:15.693168Z,elea,0.1.1,ef66ed9,add,f2.bin,backend_store,0.6520830000000001,5242880,,None,blake3
5,16,2026-03-11T12:21:15.693189Z,elea,0.1.1,ef66ed9,add,f3.bin,backend_store,0.645042,5242880,,None,blake3
5,16,2026-03-11T12:21:15.693343Z,elea,0.1.1,ef66ed9,add,f4.bin,add_file_total,5.567291,5242880,,None,blake3
5,16,2026-03-11T12:21:15.693397Z,elea,0.1.1,ef66ed9,add,f5.bin,add_file_total,5.625833,5242880,,None,blake3
5,16,2026-03-11T12:21:15.693462Z,elea,0.1.1,ef66ed9,add,f1.bin,add_file_total,5.687792,5242880,,None,blake3
5,16,2026-03-11T12:21:15.6935Z,elea,0.1.1,ef66ed9,add,f2.bin,add_file_total,5.750542,5242880,,None,blake3
5,16,2026-03-11T12:21:15.693549Z,elea,0.1.1,ef66ed9,add,f3.bin,add_file_total,5.77275,5242880,,None,blake3
5,16,2026-03-11T12:21:15.693623Z,elea,0.1.1,ef66ed9,add,,add_total,5.907708,,5,None,blake3
10,17,2026-03-11T12:21:15.86057Z,elea,0.1.1,ef66ed9,hash,f1.bin,hash,5.867917,10485760,,,blake3
10,17,2026-03-11T12:21:15.860601Z,elea,0.1.1,ef66ed9,hash,f2.bin,hash,5.885625,10485760,,,blake3
10,17,2026-03-11T12:21:15.860636Z,elea,0.1.1,ef66ed9,hash,f4.bin,hash,5.874917,10485760,,,blake3
10,17,2026-03-11T12:21:15.86055Z,elea,0.1.1,ef66ed9,hash,f5.bin,hash,5.804167,10485760,,,blake3
10,17,2026-03-11T12:21:15.860385Z,elea,0.1.1,ef66ed9,hash,f3.bin,hash,5.653917,10485760,,,blake3
10,17,2026-03-11T12:21:15.862538Z,elea,0.1.1,ef66ed9,add,f2.bin,backend_store,0.569917,10485760,,None,blake3
10,17,2026-03-11T12:21:15.862548Z,elea,0.1.1,ef66ed9,add,f4.bin,backend_store,0.5417500000000001,10485760,,None,blake3
10,17,2026-03-11T12:21:15.862655Z,elea,0.1.1,ef66ed9,add,f1.bin,backend_store,0.70325,10485760,,None,blake3
10,17,2026-03-11T12:21:15.862668Z,elea,0.1.1,ef66ed9,add,f5.bin,backend_store,0.6374580000000001,10485760,,None,blake3
10,17,2026-03-11T12:21:15.862744Z,elea,0.1.1,ef66ed9,add,f2.bin,add_file_total,8.0485,10485760,,None,blake3
10,17,2026-03-11T12:21:15.862791Z,elea,0.1.1,ef66ed9,add,f4.bin,add_file_total,8.096041999999999,10485760,,None,blake3
10,17,2026-03-11T12:21:15.862831Z,elea,0.1.1,ef66ed9,add,f3.bin,backend_store,0.6575,10485760,,None,blake3
10,17,2026-03-11T12:21:15.862859Z,elea,0.1.1,ef66ed9,add,f1.bin,add_file_total,8.1945,10485760,,None,blake3
10,17,2026-03-11T12:21:15.86296Z,elea,0.1.1,ef66ed9,add,f5.bin,add_file_total,8.260292000000002,10485760,,None,blake3
10,17,2026-03-11T12:21:15.863043Z,elea,0.1.1,ef66ed9,add,f3.bin,add_file_total,8.348084,10485760,,None,blake3
10,17,2026-03-11T12:21:15.863107Z,elea,0.1.1,ef66ed9,add,,add_total,8.470625,,5,None,blake3
10,23,2026-03-11T12:21:16.030561Z,elea,0.1.1,ef66ed9,hash,f2.bin,hash,7.294417,10485760,,,blake3
10,23,2026-03-11T12:21:16.02997Z,elea,0.1.1,ef66ed9,hash,f1.bin,hash,6.792000000000001,10485760,,,blake3
10,23,2026-03-11T12:21:16.030665Z,elea,0.1.1,ef66ed9,hash,f5.bin,hash,7.342708,10485760,,,blake3
10,23,2026-03-11T12:21:16.030436Z,elea,0.1.1,ef66ed9,hash,f4.bin,hash,7.147583,10485760,,,blake3
10,23,2026-03-11T12:21:16.030324Z,elea,0.1.1,ef66ed9,hash,f3.bin,hash,7.073542000000001,10485760,,,blake3
10,23,2026-03-11T12:21:16.032389Z,elea,0.1.1,ef66ed9,add,f2.bin,backend_store,0.435458,10485760,,None,blake3
10,23,2026-03-11T12:21:16.032432Z,elea,0.1.1,ef66ed9,add,f1.bin,backend_store,0.444083,10485760,,None,blake3
10,23,2026-03-11T12:21:16.0326Z,elea,0.1.1,ef66ed9,add,f2.bin,add_file_total,9.372,10485760,,None,blake3
10,23,2026-03-11T12:21:16.03269Z,elea,0.1.1,ef66ed9,add,f1.bin,add_file_total,9.557082999999999,10485760,,None,blake3
10,23,2026-03-11T12:21:16.032748Z,elea,0.1.1,ef66ed9,add,f5.bin,backend_store,0.701084,10485760,,None,blake3
10,23,2026-03-11T12:21:16.032929Z,elea,0.1.1,ef66ed9,add,f5.bin,add_file_total,9.689833,10485760,,None,blake3
10,23,2026-03-11T12:21:16.032941Z,elea,0.1.1,ef66ed9,add,f4.bin,backend_store,0.7658330000000001,10485760,,None,blake3
10,23,2026-03-11T12:21:16.032964Z,elea,0.1.1,ef66ed9,add,f3.bin,backend_store,0.663083,10485760,,None,blake3
10,23,2026-03-11T12:21:16.033151Z,elea,0.1.1,ef66ed9,add,f4.bin,add_file_total,9.923417,10485760,,None,blake3
10,23,2026-03-11T12:21:16.0332Z,elea,0.1.1,ef66ed9,add,f3.bin,add_file_total,9.988999999999999,10485760,,None,blake3
10,23,2026-03-11T12:21:16.03326Z,elea,0.1.1,ef66ed9,add,,add_total,10.159166,,5,None,blake3
5,25,2026-03-11T12:21:16.124009Z,elea,0.1.1,ef66ed9,hash,f5.bin,hash,2.8955420000000003,5242880,,,blake3
5,25,2026-03-11T12:21:16.124043Z,elea,0.1.1,ef66ed9,hash,f1.bin,hash,2.971583,5242880,,,blake3
5,25,2026-03-11T12:21:16.123997Z,elea,0.1.1,ef66ed9,hash,f2.bin,hash,2.9310840000000002,5242880,,,blake3
5,25,2026-03-11T12:21:16.123984Z,elea,0.1.1,ef66ed9,hash,f3.bin,hash,2.939334,5242880,,,blake3
5,25,2026-03-11T12:21:16.123955Z,elea,0.1.1,ef66ed9,hash,f4.bin,hash,2.905125,5242880,,,blake3
5,25,2026-03-11T12:21:16.12608Z,elea,0.1.1,ef66ed9,add,f5.bin,backend_store,0.496875,5242880,,None,blake3
5,25,2026-03-11T12:21:16.126141Z,elea,0.1.1,ef66ed9,add,f3.bin,backend_store,0.540834,5242880,,None,blake3
5,25,2026-03-11T12:21:16.126186Z,elea,0.1.1,ef66ed9,add,f4.bin,backend_store,0.481375,5242880,,None,blake3
5,25,2026-03-11T12:21:16.126199Z,elea,0.1.1,ef66ed9,add,f2.bin,backend_store,0.561084,5242880,,None,blake3
5,25,2026-03-11T12:21:16.12624Z,elea,0.1.1,ef66ed9,add,f1.bin,backend_store,0.571667,5242880,,None,blake3
5,25,2026-03-11T12:21:16.126264Z,elea,0.1.1,ef66ed9,add,f5.bin,add_file_total,5.255541,5242880,,None,blake3
5,25,2026-03-11T12:21:16.126351Z,elea,0.1.1,ef66ed9,add,f3.bin,add_file_total,5.3589579999999994,5242880,,None,blake3
5,25,2026-03-11T12:21:16.126399Z,elea,0.1.1,ef66ed9,add,f4.bin,add_file_total,5.403333,5242880,,None,blake3
5,25,2026-03-11T12:21:16.126448Z,elea,0.1.1,ef66ed9,add,f2.bin,add_file_total,5.445667,5242880,,None,blake3
5,25,2026-03-11T12:21:16.126499Z,elea,0.1.1,ef66ed9,add,f1.bin,add_file_total,5.492999999999999,5242880,,None,blake3
5,25,2026-03-11T12:21:16.126559Z,elea,0.1.1,ef66ed9,add,,add_total,5.609165999999999,,5,None,blake3
2,11,2026-03-11T12:21:16.176045Z,elea,0.1.1,ef66ed9,hash,f4.bin,hash,1.165292,2097152,,,blake3
2,11,2026-03-11T12:21:16.176014Z,elea,0.1.1,ef66ed9,hash,f5.bin,hash,1.1652909999999999,2097152,,,blake3
2,11,2026-03-11T12:21:16.176036Z,elea,0.1.1,ef66ed9,hash,f3.bin,hash,1.1837090000000001,2097152,,,blake3
2,11,2026-03-11T12:21:16.176024Z,elea,0.1.1,ef66ed9,hash,f1.bin,hash,1.198209,2097152,,,blake3
2,11,2026-03-11T12:21:16.176005Z,elea,0.1.1,ef66ed9,hash,f2.bin,hash,1.187416,2097152,,,blake3
2,11,2026-03-11T12:21:16.178029Z,elea,0.1.1,ef66ed9,add,f5.bin,backend_store,0.4925,2097152,,None,blake3
2,11,2026-03-11T12:21:16.178035Z,elea,0.1.1,ef66ed9,add,f4.bin,backend_store,0.5082920000000001,2097152,,None,blake3
2,11,2026-03-11T12:21:16.17806Z,elea,0.1.1,ef66ed9,add,f3.bin,backend_store,0.498541,2097152,,None,blake3
2,11,2026-03-11T12:21:16.178086Z,elea,0.1.1,ef66ed9,add,f1.bin,backend_store,0.49033400000000005,2097152,,None,blake3
2,11,2026-03-11T12:21:16.178096Z,elea,0.1.1,ef66ed9,add,f2.bin,backend_store,0.478583,2097152,,None,blake3
2,11,2026-03-11T12:21:16.178185Z,elea,0.1.1,ef66ed9,add,f5.bin,add_file_total,3.397208,2097152,,None,blake3
2,11,2026-03-11T12:21:16.178311Z,elea,0.1.1,ef66ed9,add,f3.bin,add_file_total,3.5274170000000002,2097152,,None,blake3
2,11,2026-03-11T12:21:16.178342Z,elea,0.1.1,ef66ed9,add,f4.bin,add_file_total,3.53875,2097152,,None,blake3
2,11,2026-03-11T12:21:16.178374Z,elea,0.1.1,ef66ed9,add,f1.bin,add_file_total,3.605708,2097152,,None,blake3
2,11,2026-03-11T12:21:16.178402Z,elea,0.1.1,ef66ed9,add,f2.bin,add_file_total,3.619916,2097152,,None,blake3
2,11,2026-03-11T12:21:16.178453Z,elea,0.1.1,ef66ed9,add,,add_total,3.7160420000000003,,5,None,blake3
1,19,2026-03-11T12:21:16.214784Z,elea,0.1.1,ef66ed9,hash,f1.bin,hash,0.619709,1048576,,,blake3
1,19,2026-03-11T12:21:16.214751Z,elea,0.1.1,ef66ed9,hash,f3.bin,hash,0.611917,1048576,,,blake3
1,19,2026-03-11T12:21:16.214742Z,elea,0.1.1,ef66ed9,hash,f5.bin,hash,0.59525,1048576,,,blake3
1,19,2026-03-11T12:21:16.214837Z,elea,0.1.1,ef66ed9,hash,f2.bin,hash,0.679666,1048576,,,blake3
1,19,2026-03-11T12:21:16.214732Z,elea,0.1.1,ef66ed9,hash,f4.bin,hash,0.6025419999999999,1048576,,,blake3
1,19,2026-03-11T12:21:16.216627Z,elea,0.1.1,ef66ed9,add,f1.bin,backend_store,0.534875,1048576,,None,blake3
1,19,2026-03-11T12:21:16.216632Z,elea,0.1.1,ef66ed9,add,f5.bin,backend_store,0.49620800000000004,1048576,,None,blake3
1,19,2026-03-11T12:21:16.216654Z,elea,0.1.1,ef66ed9,add,f2.bin,backend_store,0.49216699999999997,1048576,,None,blake3
1,19,2026-03-11T12:21:16.216679Z,elea,0.1.1,ef66ed9,add,f3.bin,backend_store,0.541667,1048576,,None,blake3
1,19,2026-03-11T12:21:16.216788Z,elea,0.1.1,ef66ed9,add,f4.bin,backend_store,0.592166,1048576,,None,blake3
1,19,2026-03-11T12:21:16.216823Z,elea,0.1.1,ef66ed9,add,f5.bin,add_file_total,2.6897919999999997,1048576,,None,blake3
1,19,2026-03-11T12:21:16.216863Z,elea,0.1.1,ef66ed9,add,f1.bin,add_file_total,2.756125,1048576,,None,blake3
1,19,2026-03-11T12:21:16.216898Z,elea,0.1.1,ef66ed9,add,f2.bin,add_file_total,2.791875,1048576,,None,blake3
1,19,2026-03-11T12:21:16.216934Z,elea,0.1.1,ef66ed9,add,f3.bin,add_file_total,2.834209,1048576,,None,blake3
1,19,2026-03-11T12:21:16.216965Z,elea,0.1.1,ef66ed9,add,f4.bin,add_file_total,2.874708,1048576,,None,blake3
1,19,2026-03-11T12:21:16.217006Z,elea,0.1.1,ef66ed9,add,,add_total,2.960041,,5,None,blake3
2,13,2026-03-11T12:21:16.264357Z,elea,0.1.1,ef66ed9,hash,f4.bin,hash,1.183833,2097152,,,blake3
2,13,2026-03-11T12:21:16.26434Z,elea,0.1.1,ef66ed9,hash,f3.bin,hash,1.168458,2097152,,,blake3
2,13,2026-03-11T12:21:16.264316Z,elea,0.1.1,ef66ed9,hash,f1.bin,hash,1.1900840000000001,2097152,,,blake3
2,13,2026-03-11T12:21:16.264326Z,elea,0.1.1,ef66ed9,hash,f5.bin,hash,1.170458,2097152,,,blake3
2,13,2026-03-11T12:21:16.264305Z,elea,0.1.1,ef66ed9,hash,f2.bin,hash,1.169083,2097152,,,blake3
2,13,2026-03-11T12:21:16.26609Z,elea,0.1.1,ef66ed9,add,f4.bin,backend_store,0.46975,2097152,,None,blake3
2,13,2026-03-11T12:21:16.266102Z,elea,0.1.1,ef66ed9,add,f1.bin,backend_store,0.435958,2097152,,None,blake3
2,13,2026-03-11T12:21:16.266193Z,elea,0.1.1,ef66ed9,add,f2.bin,backend_store,0.522458,2097152,,None,blake3
2,13,2026-03-11T12:21:16.266248Z,elea,0.1.1,ef66ed9,add,f5.bin,backend_store,0.554208,2097152,,None,blake3
2,13,2026-03-11T12:21:16.266254Z,elea,0.1.1,ef66ed9,add,f4.bin,add_file_total,3.12875,2097152,,None,blake3
2,13,2026-03-11T12:21:16.266305Z,elea,0.1.1,ef66ed9,add,f3.bin,backend_store,0.666,2097152,,None,blake3
2,13,2026-03-11T12:21:16.266314Z,elea,0.1.1,ef66ed9,add,f1.bin,add_file_total,3.213375,2097152,,None,blake3
2,13,2026-03-11T12:21:16.266344Z,elea,0.1.1,ef66ed9,add,f2.bin,add_file_total,3.2390000000000003,2097152,,None,blake3
2,13,2026-03-11T12:21:16.266394Z,elea,0.1.1,ef66ed9,add,f5.bin,add_file_total,3.28725,2097152,,None,blake3
2,13,2026-03-11T12:21:16.266464Z,elea,0.1.1,ef66ed9,add,f3.bin,add_file_total,3.355166,2097152,,None,blake3
2,13,2026-03-11T12:21:16.266517Z,elea,0.1.1,ef66ed9,add,,add_total,3.466584,,5,None,blake3
2,8,2026-03-11T12:21:16.31668Z,elea,0.1.1,ef66ed9,hash,f3.bin,hash,1.19825,2097152,,,blake3
2,8,2026-03-11T12:21:16.316672Z,elea,0.1.1,ef66ed9,hash,f1.bin,hash,1.2049999999999998,2097152,,,blake3
2,8,2026-03-11T12:21:16.316651Z,elea,0.1.1,ef66ed9,hash,f5.bin,hash,1.183333,2097152,,,blake3
2,8,2026-03-11T12:21:16.316642Z,elea,0.1.1,ef66ed9,hash,f2.bin,hash,1.192541,2097152,,,blake3
2,8,2026-03-11T12:21:16.316703Z,elea,0.1.1,ef66ed9,hash,f4.bin,hash,1.263667,2097152,,,blake3
2,8,2026-03-11T12:21:16.318566Z,elea,0.1.1,ef66ed9,add,f3.bin,backend_store,0.43775,2097152,,None,blake3
2,8,2026-03-11T12:21:16.31863Z,elea,0.1.1,ef66ed9,add,f2.bin,backend_store,0.437667,2097152,,None,blake3
2,8,2026-03-11T12:21:16.31864Z,elea,0.1.1,ef66ed9,add,f1.bin,backend_store,0.49683400000000005,2097152,,None,blake3
2,8,2026-03-11T12:21:16.318648Z,elea,0.1.1,ef66ed9,add,f4.bin,backend_store,0.431916,2097152,,None,blake3
2,8,2026-03-11T12:21:16.318692Z,elea,0.1.1,ef66ed9,add,f5.bin,backend_store,0.526333,2097152,,None,blake3
2,8,2026-03-11T12:21:16.318784Z,elea,0.1.1,ef66ed9,add,f3.bin,add_file_total,3.3582080000000003,2097152,,None,blake3
2,8,2026-03-11T12:21:16.318821Z,elea,0.1.1,ef66ed9,add,f2.bin,add_file_total,3.4021250000000003,2097152,,None,blake3
2,8,2026-03-11T12:21:16.318854Z,elea,0.1.1,ef66ed9,add,f1.bin,add_file_total,3.435167,2097152,,None,blake3
2,8,2026-03-11T12:21:16.318895Z,elea,0.1.1,ef66ed9,add,f4.bin,add_file_total,3.491791,2097152,,None,blake3
2,8,2026-03-11T12:21:16.318923Z,elea,0.1.1,ef66ed9,add,f5.bin,add_file_total,3.505209,2097152,,None,blake3
2,8,2026-03-11T12:21:16.318967Z,elea,0.1.1,ef66ed9,add,,add_total,3.594,,5,None,blake3
2,2,2026-03-11T12:21:16.367651Z,elea,0.1.1,ef66ed9,hash,f3.bin,hash,1.241584,2097152,,,blake3
2,2,2026-03-11T12:21:16.367611Z,elea,0.1.1,ef66ed9,hash,f1.bin,hash,1.196542,2097152,,,blake3
2,2,2026-03-11T12:21:16.367577Z,elea,0.1.1,ef66ed9,hash,f4.bin,hash,1.17425,2097152,,,blake3
2,2,2026-03-11T12:21:16.367643Z,elea,0.1.1,ef66ed9,hash,f5.bin,hash,1.232709,2097152,,,blake3
2,2,2026-03-11T12:21:16.36763Z,elea,0.1.1,ef66ed9,hash,f2.bin,hash,1.2505000000000002,2097152,,,blake3
2,2,2026-03-11T12:21:16.369415Z,elea,0.1.1,ef66ed9,add,f1.bin,backend_store,0.524541,2097152,,None,blake3
2,2,2026-03-11T12:21:16.369443Z,elea,0.1.1,ef66ed9,add,f4.bin,backend_store,0.528541,2097152,,None,blake3
2,2,2026-03-11T12:21:16.36945Z,elea,0.1.1,ef66ed9,add,f3.bin,backend_store,0.573375,2097152,,None,blake3
2,2,2026-03-11T12:21:16.369453Z,elea,0.1.1,ef66ed9,add,f2.bin,backend_store,0.492583,2097152,,None,blake3
2,2,2026-03-11T12:21:16.369521Z,elea,0.1.1,ef66ed9,add,f5.bin,backend_store,0.582708,2097152,,None,blake3
2,2,2026-03-11T12:21:16.369588Z,elea,0.1.1,ef66ed9,add,f1.bin,add_file_total,3.2257499999999997,2097152,,None,blake3
2,2,2026-03-11T12:21:16.369635Z,elea,0.1.1,ef66ed9,add,f4.bin,add_file_total,3.273291,2097152,,None,blake3
2,2,2026-03-11T12:21:16.369676Z,elea,0.1.1,ef66ed9,add,f3.bin,add_file_total,3.321125,2097152,,None,blake3
2,2,2026-03-11T12:21:16.36971Z,elea,0.1.1,ef66ed9,add,f2.bin,add_file_total,3.366333,2097152,,None,blake3
2,2,2026-03-11T12:21:16.369742Z,elea,0.1.1,ef66ed9,add,f5.bin,add_file_total,3.3850830000000003,2097152,,None,blake3
2,2,2026-03-11T12:21:16.369784Z,elea,0.1.1,ef66ed9,add,,add_total,3.478792,,5,None,blake3
10,19,2026-03-11T12:21:16.525815Z,elea,0.1.1,ef66ed9,hash,f2.bin,hash,5.852874999999999,10485760,,,blake3
10,19,2026-03-11T12:21:16.525654Z,elea,0.1.1,ef66ed9,hash,f3.bin,hash,5.664458,10485760,,,blake3
10,19,2026-03-11T12:21:16.525774Z,elea,0.1.1,ef66ed9,hash,f5.bin,hash,5.7947500000000005,10485760,,,blake3
10,19,2026-03-11T12:21:16.525806Z,elea,0.1.1,ef66ed9,hash,f1.bin,hash,5.842334,10485760,,,blake3
10,19,2026-03-11T12:21:16.525841Z,elea,0.1.1,ef66ed9,hash,f4.bin,hash,5.860958999999999,10485760,,,blake3
10,19,2026-03-11T12:21:16.527799Z,elea,0.1.1,ef66ed9,add,f2.bin,backend_store,0.555459,10485760,,None,blake3
10,19,2026-03-11T12:21:16.527908Z,elea,0.1.1,ef66ed9,add,f4.bin,backend_store,0.5583330000000001,10485760,,None,blake3
10,19,2026-03-11T12:21:16.52792Z,elea,0.1.1,ef66ed9,add,f5.bin,backend_store,0.6154170000000001,10485760,,None,blake3
10,19,2026-03-11T12:21:16.527978Z,elea,0.1.1,ef66ed9,add,f3.bin,backend_store,0.7042080000000001,10485760,,None,blake3
10,19,2026-03-11T12:21:16.527982Z,elea,0.1.1,ef66ed9,add,f2.bin,add_file_total,8.0595,10485760,,None,blake3
10,19,2026-03-11T12:21:16.527989Z,elea,0.1.1,ef66ed9,add,f1.bin,backend_store,0.6497919999999999,10485760,,None,blake3
10,19,2026-03-11T12:21:16.528072Z,elea,0.1.1,ef66ed9,add,f4.bin,add_file_total,8.142708,10485760,,None,blake3
10,19,2026-03-11T12:21:16.52813Z,elea,0.1.1,ef66ed9,add,f5.bin,add_file_total,8.201208,10485760,,None,blake3
10,19,2026-03-11T12:21:16.528238Z,elea,0.1.1,ef66ed9,add,f3.bin,add_file_total,8.307584,10485760,,None,blake3
10,19,2026-03-11T12:21:16.528292Z,elea,0.1.1,ef66ed9,add,f1.bin,add_file_total,8.361791,10485760,,None,blake3
10,19,2026-03-11T12:21:16.528356Z,elea,0.1.1,ef66ed9,add,,add_total,8.479458000000001,,5,None,blake3
10,1,2026-03-11T12:21:16.686045Z,elea,0.1.1,ef66ed9,hash,f2.bin,hash,5.927708,10485760,,,blake3
10,1,2026-03-11T12:21:16.686194Z,elea,0.1.1,ef66ed9,hash,f1.bin,hash,6.066916,10485760,,,blake3
10,1,2026-03-11T12:21:16.686094Z,elea,0.1.1,ef66ed9,hash,f3.bin,hash,6.0243340000000005,10485760,,,blake3
10,1,2026-03-11T12:21:16.686115Z,elea,0.1.1,ef66ed9,hash,f5.bin,hash,6.008292,10485760,,,blake3
10,1,2026-03-11T12:21:16.686028Z,elea,0.1.1,ef66ed9,hash,f4.bin,hash,5.903042,10485760,,,blake3
10,1,2026-03-11T12:21:16.688258Z,elea,0.1.1,ef66ed9,add,f2.bin,backend_store,0.5927089999999999,10485760,,None,blake3
10,1,2026-03-11T12:21:16.688318Z,elea,0.1.1,ef66ed9,add,f1.bin,backend_store,0.6441669999999999,10485760,,None,blake3
10,1,2026-03-11T12:21:16.688388Z,elea,0.1.1,ef66ed9,add,f3.bin,backend_store,0.6815410000000001,10485760,,None,blake3
10,1,2026-03-11T12:21:16.688499Z,elea,0.1.1,ef66ed9,add,f5.bin,backend_store,0.733625,10485760,,None,blake3
10,1,2026-03-11T12:21:16.688509Z,elea,0.1.1,ef66ed9,add,f2.bin,add_file_total,8.446417,10485760,,None,blake3
10,1,2026-03-11T12:21:16.68857Z,elea,0.1.1,ef66ed9,add,f1.bin,add_file_total,8.498541999999999,10485760,,None,blake3
10,1,2026-03-11T12:21:16.688598Z,elea,0.1.1,ef66ed9,add,f4.bin,backend_store,0.816583,10485760,,None,blake3
10,1,2026-03-11T12:21:16.688647Z,elea,0.1.1,ef66ed9,add,f3.bin,add_file_total,8.620125,10485760,,None,blake3
10,1,2026-03-11T12:21:16.68869Z,elea,0.1.1,ef66ed9,add,f5.bin,add_file_total,8.631083,10485760,,None,blake3
10,1,2026-03-11T12:21:16.688742Z,elea,0.1.1,ef66ed9,add,f4.bin,add_file_total,8.6735,10485760,,None,blake3
10,1,2026-03-11T12:21:16.688815Z,elea,0.1.1,ef66ed9,add,,add_total,8.824208,,5,None,blake3
2,7,2026-03-11T12:21:16.785667Z,elea,0.1.1,ef66ed9,hash,f2.bin,hash,1.2991249999999999,2097152,,,blake3
2,7,2026-03-11T12:21:16.785703Z,elea,0.1.1,ef66ed9,hash,f3.bin,hash,1.424958,2097152,,,blake3
2,7,2026-03-11T12:21:16.785827Z,elea,0.1.1,ef66ed9,hash,f4.bin,hash,1.538209,2097152,,,blake3
2,7,2026-03-11T12:21:16.785571Z,elea,0.1.1,ef66ed9,hash,f5.bin,hash,1.237583,2097152,,,blake3
2,7,2026-03-11T12:21:16.785598Z,elea,0.1.1,ef66ed9,hash,f1.bin,hash,1.280792,2097152,,,blake3
2,7,2026-03-11T12:21:16.787914Z,elea,0.1.1,ef66ed9,add,f3.bin,backend_store,0.526084,2097152,,None,blake3
2,7,2026-03-11T12:21:16.788036Z,elea,0.1.1,ef66ed9,add,f2.bin,backend_store,0.668291,2097152,,None,blake3
2,7,2026-03-11T12:21:16.788065Z,elea,0.1.1,ef66ed9,add,f4.bin,backend_store,0.659833,2097152,,None,blake3
2,7,2026-03-11T12:21:16.788073Z,elea,0.1.1,ef66ed9,add,f5.bin,backend_store,0.639791,2097152,,None,blake3
2,7,2026-03-11T12:21:16.78809Z,elea,0.1.1,ef66ed9,add,f3.bin,add_file_total,3.852542,2097152,,None,blake3
2,7,2026-03-11T12:21:16.788145Z,elea,0.1.1,ef66ed9,add,f1.bin,backend_store,0.586417,2097152,,None,blake3
2,7,2026-03-11T12:21:16.788225Z,elea,0.1.1,ef66ed9,add,f2.bin,add_file_total,3.928875,2097152,,None,blake3
2,7,2026-03-11T12:21:16.788273Z,elea,0.1.1,ef66ed9,add,f4.bin,add_file_total,4.007875,2097152,,None,blake3
2,7,2026-03-11T12:21:16.788331Z,elea,0.1.1,ef66ed9,add,f5.bin,add_file_total,4.054208999999999,2097152,,None,blake3
2,7,2026-03-11T12:21:16.788404Z,elea,0.1.1,ef66ed9,add,f1.bin,add_file_total,4.135916,2097152,,None,blake3
2,7,2026-03-11T12:21:16.788471Z,elea,0.1.1,ef66ed9,add,,add_total,4.262375,,5,None,blake3
5,23,2026-03-11T12:21:16.918157Z,elea,0.1.1,ef66ed9,hash,f1.bin,hash,2.98725,5242880,,,blake3
5,23,2026-03-11T12:21:16.918265Z,elea,0.1.1,ef66ed9,hash,f4.bin,hash,3.061167,5242880,,,blake3
5,23,2026-03-11T12:21:16.918113Z,elea,0.1.1,ef66ed9,hash,f3.bin,hash,2.935167,5242880,,,blake3
5,23,2026-03-11T12:21:16.918183Z,elea,0.1.1,ef66ed9,hash,f5.bin,hash,3.000458,5242880,,,blake3
5,23,2026-03-11T12:21:16.918096Z,elea,0.1.1,ef66ed9,hash,f2.bin,hash,2.945417,5242880,,,blake3
5,23,2026-03-11T12:21:16.920106Z,elea,0.1.1,ef66ed9,add,f1.bin,backend_store,0.495625,5242880,,None,blake3
5,23,2026-03-11T12:21:16.920167Z,elea,0.1.1,ef66ed9,add,f4.bin,backend_store,0.5395829999999999,5242880,,None,blake3
5,23,2026-03-11T12:21:16.920262Z,elea,0.1.1,ef66ed9,add,f3.bin,backend_store,0.559375,5242880,,None,blake3
5,23,2026-03-11T12:21:16.920275Z,elea,0.1.1,ef66ed9,add,f5.bin,backend_store,0.537458,5242880,,None,blake3
5,23,2026-03-11T12:21:16.920322Z,elea,0.1.1,ef66ed9,add,f1.bin,add_file_total,5.227167,5242880,,None,blake3
5,23,2026-03-11T12:21:16.920374Z,elea,0.1.1,ef66ed9,add,f2.bin,backend_store,0.622541,5242880,,None,blake3
5,23,2026-03-11T12:21:16.920391Z,elea,0.1.1,ef66ed9,add,f4.bin,add_file_total,5.2875,5242880,,None,blake3
5,23,2026-03-11T12:21:16.920486Z,elea,0.1.1,ef66ed9,add,f3.bin,add_file_total,5.398625,5242880,,None,blake3
5,23,2026-03-11T12:21:16.92054Z,elea,0.1.1,ef66ed9,add,f5.bin,add_file_total,5.443417,5242880,,None,blake3
5,23,2026-03-11T12:21:16.920573Z,elea,0.1.1,ef66ed9,add,f2.bin,add_file_total,5.486292000000001,5242880,,None,blake3
5,23,2026-03-11T12:21:16.920617Z,elea,0.1.1,ef66ed9,add,,add_total,5.589958,,5,None,blake3
50,20,2026-03-11T12:21:17.636289Z,elea,0.1.1,ef66ed9,hash,f4.bin,hash,29.849542,52428800,,,blake3
50,20,2026-03-11T12:21:17.635649Z,elea,0.1.1,ef66ed9,hash,f1.bin,hash,29.204916,52428800,,,blake3
50,20,2026-03-11T12:21:17.636308Z,elea,0.1.1,ef66ed9,hash,f3.bin,hash,29.902333,52428800,,,blake3
50,20,2026-03-11T12:21:17.636057Z,elea,0.1.1,ef66ed9,hash,f2.bin,hash,29.633208,52428800,,,blake3
50,20,2026-03-11T12:21:17.635492Z,elea,0.1.1,ef66ed9,hash,f5.bin,hash,29.076708,52428800,,,blake3
50,20,2026-03-11T12:21:17.638752Z,elea,0.1.1,ef66ed9,add,f3.bin,backend_store,1.1518329999999999,52428800,,None,blake3
50,20,2026-03-11T12:21:17.638779Z,elea,0.1.1,ef66ed9,add,f4.bin,backend_store,1.256,52428800,,None,blake3
50,20,2026-03-11T12:21:17.638792Z,elea,0.1.1,ef66ed9,add,f2.bin,backend_store,0.415459,52428800,,None,blake3
50,20,2026-03-11T12:21:17.638808Z,elea,0.1.1,ef66ed9,add,f1.bin,backend_store,1.2511670000000001,52428800,,None,blake3
50,20,2026-03-11T12:21:17.638847Z,elea,0.1.1,ef66ed9,add,f5.bin,backend_store,0.415958,52428800,,None,blake3
50,20,2026-03-11T12:21:17.638968Z,elea,0.1.1,ef66ed9,add,f3.bin,add_file_total,32.610708,52428800,,None,blake3
50,20,2026-03-11T12:21:17.639008Z,elea,0.1.1,ef66ed9,add,f1.bin,add_file_total,32.609958,52428800,,None,blake3
50,20,2026-03-11T12:21:17.639068Z,elea,0.1.1,ef66ed9,add,f4.bin,add_file_total,32.6895,52428800,,None,blake3
50,20,2026-03-11T12:21:17.63911Z,elea,0.1.1,ef66ed9,add,f2.bin,add_file_total,32.731083,52428800,,None,blake3
50,20,2026-03-11T12:21:17.639146Z,elea,0.1.1,ef66ed9,add,f5.bin,add_file_total,32.76875,52428800,,None,blake3
50,20,2026-03-11T12:21:17.639214Z,elea,0.1.1,ef66ed9,add,,add_total,32.891833000000005,,5,None,blake3
1,14,2026-03-11T12:21:17.680467Z,elea,0.1.1,ef66ed9,hash,f2.bin,hash,0.613083,1048576,,,blake3
1,14,2026-03-11T12:21:17.68044Z,elea,0.1.1,ef66ed9,hash,f4.bin,hash,0.602833,1048576,,,blake3
1,14,2026-03-11T12:21:17.680431Z,elea,0.1.1,ef66ed9,hash,f3.bin,hash,0.610792,1048576,,,blake3
1,14,2026-03-11T12:21:17.680451Z,elea,0.1.1,ef66ed9,hash,f5.bin,hash,0.605458,1048576,,,blake3
1,14,2026-03-11T12:21:17.680422Z,elea,0.1.1,ef66ed9,hash,f1.bin,hash,0.6128330000000001,1048576,,,blake3
1,14,2026-03-11T12:21:17.682382Z,elea,0.1.1,ef66ed9,add,f4.bin,backend_store,0.535375,1048576,,None,blake3
1,14,2026-03-11T12:21:17.682409Z,elea,0.1.1,ef66ed9,add,f3.bin,backend_store,0.548125,1048576,,None,blake3
1,14,2026-03-11T12:21:17.68242Z,elea,0.1.1,ef66ed9,add,f2.bin,backend_store,0.607917,1048576,,None,blake3
1,14,2026-03-11T12:21:17.682457Z,elea,0.1.1,ef66ed9,add,f5.bin,backend_store,0.568375,1048576,,None,blake3
1,14,2026-03-11T12:21:17.682472Z,elea,0.1.1,ef66ed9,add,f1.bin,backend_store,0.5566669999999999,1048576,,None,blake3
1,14,2026-03-11T12:21:17.682564Z,elea,0.1.1,ef66ed9,add,f4.bin,add_file_total,2.796666,1048576,,None,blake3
1,14,2026-03-11T12:21:17.682671Z,elea,0.1.1,ef66ed9,add,f3.bin,add_file_total,2.90425,1048576,,None,blake3
1,14,2026-03-11T12:21:17.682722Z,elea,0.1.1,ef66ed9,add,f2.bin,add_file_total,2.969792,1048576,,None,blake3
1,14,2026-03-11T12:21:17.682759Z,elea,0.1.1,ef66ed9,add,f5.bin,add_file_total,2.989417,1048576,,None,blake3
1,14,2026-03-11T12:21:17.682792Z,elea,0.1.1,ef66ed9,add,f1.bin,add_file_total,3.024667,1048576,,None,blake3
1,14,2026-03-11T12:21:17.682841Z,elea,0.1.1,ef66ed9,add,,add_total,3.127041,,5,None,blake3
1,9,2026-03-11T12:21:17.725193Z,elea,0.1.1,ef66ed9,hash,f2.bin,hash,0.6809160000000001,1048576,,,blake3
1,9,2026-03-11T12:21:17.725175Z,elea,0.1.1,ef66ed9,hash,f3.bin,hash,0.6177090000000001,1048576,,,blake3
1,9,2026-03-11T12:21:17.725153Z,elea,0.1.1,ef66ed9,hash,f4.bin,hash,0.612959,1048576,,,blake3
1,9,2026-03-11T12:21:17.725165Z,elea,0.1.1,ef66ed9,hash,f5.bin,hash,0.621667,1048576,,,blake3
1,9,2026-03-11T12:21:17.725145Z,elea,0.1.1,ef66ed9,hash,f1.bin,hash,0.625541,1048576,,,blake3
1,9,2026-03-11T12:21:17.727054Z,elea,0.1.1,ef66ed9,add,f2.bin,backend_store,0.45775,1048576,,None,blake3
1,9,2026-03-11T12:21:17.727094Z,elea,0.1.1,ef66ed9,add,f4.bin,backend_store,0.4575,1048576,,None,blake3
1,9,2026-03-11T12:21:17.727124Z,elea,0.1.1,ef66ed9,add,f3.bin,backend_store,0.502584,1048576,,None,blake3
1,9,2026-03-11T12:21:17.727147Z,elea,0.1.1,ef66ed9,add,f5.bin,backend_store,0.487583,1048576,,None,blake3
1,9,2026-03-11T12:21:17.72723Z,elea,0.1.1,ef66ed9,add,f2.bin,add_file_total,2.768417,1048576,,None,blake3
1,9,2026-03-11T12:21:17.727303Z,elea,0.1.1,ef66ed9,add,f4.bin,add_file_total,2.8255,1048576,,None,blake3
1,9,2026-03-11T12:21:17.72731Z,elea,0.1.1,ef66ed9,add,f1.bin,backend_store,0.618875,1048576,,None,blake3
1,9,2026-03-11T12:21:17.72734Z,elea,0.1.1,ef66ed9,add,f3.bin,add_file_total,2.8483750000000003,1048576,,None,blake3
1,9,2026-03-11T12:21:17.727374Z,elea,0.1.1,ef66ed9,add,f5.bin,add_file_total,2.904458,1048576,,None,blake3
1,9,2026-03-11T12:21:17.727423Z,elea,0.1.1,ef66ed9,add,f1.bin,add_file_total,2.954,1048576,,None,blake3
1,9,2026-03-11T12:21:17.727468Z,elea,0.1.1,ef66ed9,add,,add_total,3.04725,,5,None,blake3
50,19,2026-03-11T12:21:18.430341Z,elea,0.1.1,ef66ed9,hash,f4.bin,hash,29.451708,52428800,,,blake3
50,19,2026-03-11T12:21:18.43032Z,elea,0.1.1,ef66ed9,hash,f1.bin,hash,29.380665999999998,52428800,,,blake3
50,19,2026-03-11T12:21:18.430045Z,elea,0.1.1,ef66ed9,hash,f2.bin,hash,29.127332999999997,52428800,,,blake3
50,19,2026-03-11T12:21:18.430518Z,elea,0.1.1,ef66ed9,hash,f3.bin,hash,29.573417000000003,52428800,,,blake3
50,19,2026-03-11T12:21:18.430656Z,elea,0.1.1,ef66ed9,hash,f5.bin,hash,29.7605,52428800,,,blake3
50,19,2026-03-11T12:21:18.432547Z,elea,0.1.1,ef66ed9,add,f1.bin,backend_store,0.441625,52428800,,None,blake3
50,19,2026-03-11T12:21:18.432586Z,elea,0.1.1,ef66ed9,add,f4.bin,backend_store,0.501542,52428800,,None,blake3
50,19,2026-03-11T12:21:18.432596Z,elea,0.1.1,ef66ed9,add,f2.bin,backend_store,0.45899999999999996,52428800,,None,blake3
50,19,2026-03-11T12:21:18.43263Z,elea,0.1.1,ef66ed9,add,f3.bin,backend_store,0.45191600000000004,52428800,,None,blake3
50,19,2026-03-11T12:21:18.432668Z,elea,0.1.1,ef66ed9,add,f5.bin,backend_store,0.463041,52428800,,None,blake3
50,19,2026-03-11T12:21:18.432753Z,elea,0.1.1,ef66ed9,add,f1.bin,add_file_total,31.873541,52428800,,None,blake3
50,19,2026-03-11T12:21:18.432894Z,elea,0.1.1,ef66ed9,add,f4.bin,add_file_total,32.03854200000001,52428800,,None,blake3
50,19,2026-03-11T12:21:18.432945Z,elea,0.1.1,ef66ed9,add,f2.bin,add_file_total,32.064,52428800,,None,blake3
50,19,2026-03-11T12:21:18.432976Z,elea,0.1.1,ef66ed9,add,f3.bin,add_file_total,32.102459,52428800,,None,blake3
50,19,2026-03-11T12:21:18.433014Z,elea,0.1.1,ef66ed9,add,f5.bin,add_file_total,32.134417,52428800,,None,blake3
50,19,2026-03-11T12:21:18.433065Z,elea,0.1.1,ef66ed9,add,,add_total,32.240583,,5,None,blake3
5,15,2026-03-11T12:21:18.527612Z,elea,0.1.1,ef66ed9,hash,f2.bin,hash,2.92225,5242880,,,blake3
5,15,2026-03-11T12:21:18.52754Z,elea,0.1.1,ef66ed9,hash,f5.bin,hash,2.863625,5242880,,,blake3
5,15,2026-03-11T12:21:18.527622Z,elea,0.1.1,ef66ed9,hash,f1.bin,hash,2.9121669999999997,5242880,,,blake3
5,15,2026-03-11T12:21:18.52763Z,elea,0.1.1,ef66ed9,hash,f3.bin,hash,2.8835,5242880,,,blake3
5,15,2026-03-11T12:21:18.527584Z,elea,0.1.1,ef66ed9,hash,f4.bin,hash,2.9145410000000003,5242880,,,blake3
5,15,2026-03-11T12:21:18.529662Z,elea,0.1.1,ef66ed9,add,f5.bin,backend_store,0.4665,5242880,,None,blake3
5,15,2026-03-11T12:21:18.529685Z,elea,0.1.1,ef66ed9,add,f1.bin,backend_store,0.459625,5242880,,None,blake3
5,15,2026-03-11T12:21:18.529697Z,elea,0.1.1,ef66ed9,add,f2.bin,backend_store,0.514959,5242880,,None,blake3
5,15,2026-03-11T12:21:18.529719Z,elea,0.1.1,ef66ed9,add,f3.bin,backend_store,0.440625,5242880,,None,blake3
5,15,2026-03-11T12:21:18.529733Z,elea,0.1.1,ef66ed9,add,f4.bin,backend_store,0.44212500000000005,5242880,,None,blake3
5,15,2026-03-11T12:21:18.52992Z,elea,0.1.1,ef66ed9,add,f5.bin,add_file_total,5.2758329999999996,5242880,,None,blake3
5,15,2026-03-11T12:21:18.529969Z,elea,0.1.1,ef66ed9,add,f1.bin,add_file_total,5.321709,5242880,,None,blake3
5,15,2026-03-11T12:21:18.530022Z,elea,0.1.1,ef66ed9,add,f2.bin,add_file_total,5.3510420000000005,5242880,,None,blake3
5,15,2026-03-11T12:21:18.530072Z,elea,0.1.1,ef66ed9,add,f3.bin,add_file_total,5.42575,5242880,,None,blake3
5,15,2026-03-11T12:21:18.530124Z,elea,0.1.1,ef66ed9,add,f4.bin,add_file_total,5.5000420000000005,5242880,,None,blake3
5,15,2026-03-11T12:21:18.530182Z,elea,0.1.1,ef66ed9,add,,add_total,5.593209,,5,None,blake3
1,20,2026-03-11T12:21:18.566396Z,elea,0.1.1,ef66ed9,hash,f2.bin,hash,0.657958,1048576,,,blake3
1,20,2026-03-11T12:21:18.566303Z,elea,0.1.1,ef66ed9,hash,f4.bin,hash,0.611,1048576,,,blake3
1,20,2026-03-11T12:21:18.566483Z,elea,0.1.1,ef66ed9,hash,f1.bin,hash,0.6655,1048576,,,blake3
1,20,2026-03-11T12:21:18.566378Z,elea,0.1.1,ef66ed9,hash,f3.bin,hash,0.635334,1048576,,,blake3
1,20,2026-03-11T12:21:18.566474Z,elea,0.1.1,ef66ed9,hash,f5.bin,hash,0.6455000000000001,1048576,,,blake3
1,20,2026-03-11T12:21:18.568621Z,elea,0.1.1,ef66ed9,add,f4.bin,backend_store,0.770334,1048576,,None,blake3
1,20,2026-03-11T12:21:18.568643Z,elea,0.1.1,ef66ed9,add,f1.bin,backend_store,0.766541,1048576,,None,blake3
1,20,2026-03-11T12:21:18.568686Z,elea,0.1.1,ef66ed9,add,f5.bin,backend_store,0.761375,1048576,,None,blake3
1,20,2026-03-11T12:21:18.568697Z,elea,0.1.1,ef66ed9,add,f2.bin,backend_store,0.8536670000000001,1048576,,None,blake3
1,20,2026-03-11T12:21:18.568754Z,elea,0.1.1,ef66ed9,add,f3.bin,backend_store,0.844375,1048576,,None,blake3
1,20,2026-03-11T12:21:18.568927Z,elea,0.1.1,ef66ed9,add,f1.bin,add_file_total,3.2160420000000003,1048576,,None,blake3
1,20,2026-03-11T12:21:18.568968Z,elea,0.1.1,ef66ed9,add,f2.bin,add_file_total,3.2653339999999997,1048576,,None,blake3
1,20,2026-03-11T12:21:18.569014Z,elea,0.1.1,ef66ed9,add,f4.bin,add_file_total,3.361584,1048576,,None,blake3
1,20,2026-03-11T12:21:18.56906Z,elea,0.1.1,ef66ed9,add,f5.bin,add_file_total,3.407667,1048576,,None,blake3
1,20,2026-03-11T12:21:18.569093Z,elea,0.1.1,ef66ed9,add,f3.bin,add_file_total,3.441042,1048576,,None,blake3
1,20,2026-03-11T12:21:18.56915Z,elea,0.1.1,ef66ed9,add,,add_total,3.537375,,5,None,blake3
2,6,2026-03-11T12:21:18.624728Z,elea,0.1.1,ef66ed9,hash,f5.bin,hash,1.194667,2097152,,,blake3
2,6,2026-03-11T12:21:18.624697Z,elea,0.1.1,ef66ed9,hash,f2.bin,hash,1.198542,2097152,,,blake3
2,6,2026-03-11T12:21:18.624678Z,elea,0.1.1,ef66ed9,hash,f3.bin,hash,1.187958,2097152,,,blake3
2,6,2026-03-11T12:21:18.624667Z,elea,0.1.1,ef66ed9,hash,f4.bin,hash,1.158708,2097152,,,blake3
2,6,2026-03-11T12:21:18.624704Z,elea,0.1.1,ef66ed9,hash,f1.bin,hash,1.184,2097152,,,blake3
2,6,2026-03-11T12:21:18.626691Z,elea,0.1.1,ef66ed9,add,f2.bin,backend_store,0.481916,2097152,,None,blake3
2,6,2026-03-11T12:21:18.62673Z,elea,0.1.1,ef66ed9,add,f3.bin,backend_store,0.49237499999999995,2097152,,None,blake3
2,6,2026-03-11T12:21:18.626767Z,elea,0.1.1,ef66ed9,add,f5.bin,backend_store,0.575,2097152,,None,blake3
2,6,2026-03-11T12:21:18.626849Z,elea,0.1.1,ef66ed9,add,f4.bin,backend_store,0.534125,2097152,,None,blake3
2,6,2026-03-11T12:21:18.626877Z,elea,0.1.1,ef66ed9,add,f2.bin,add_file_total,3.396084,2097152,,None,blake3
2,6,2026-03-11T12:21:18.62688Z,elea,0.1.1,ef66ed9,add,f1.bin,backend_store,0.541834,2097152,,None,blake3
2,6,2026-03-11T12:21:18.626912Z,elea,0.1.1,ef66ed9,add,f3.bin,add_file_total,3.457542,2097152,,None,blake3
2,6,2026-03-11T12:21:18.626956Z,elea,0.1.1,ef66ed9,add,f5.bin,add_file_total,3.4637919999999998,2097152,,None,blake3
2,6,2026-03-11T12:21:18.627033Z,elea,0.1.1,ef66ed9,add,f4.bin,add_file_total,3.557208,2097152,,None,blake3
2,6,2026-03-11T12:21:18.627062Z,elea,0.1.1,ef66ed9,add,f1.bin,add_file_total,3.5894999999999997,2097152,,None,blake3
2,6,2026-03-11T12:21:18.627111Z,elea,0.1.1,ef66ed9,add,,add_total,3.689416,,5,None,blake3
10,18,2026-03-11T12:21:18.786352Z,elea,0.1.1,ef66ed9,hash,f3.bin,hash,5.853,10485760,,,blake3
10,18,2026-03-11T12:21:18.786341Z,elea,0.1.1,ef66ed9,hash,f4.bin,hash,5.842833000000001,10485760,,,blake3
10,18,2026-03-11T12:21:18.786536Z,elea,0.1.1,ef66ed9,hash,f2.bin,hash,6.012,10485760,,,blake3
10,18,2026-03-11T12:21:18.786316Z,elea,0.1.1,ef66ed9,hash,f5.bin,hash,5.8223329999999995,10485760,,,blake3
10,18,2026-03-11T12:21:18.786671Z,elea,0.1.1,ef66ed9,hash,f1.bin,hash,6.123042000000001,10485760,,,blake3
10,18,2026-03-11T12:21:18.78865Z,elea,0.1.1,ef66ed9,add,f4.bin,backend_store,0.471375,10485760,,None,blake3
10,18,2026-03-11T12:21:18.78866Z,elea,0.1.1,ef66ed9,add,f3.bin,backend_store,0.503625,10485760,,None,blake3
10,18,2026-03-11T12:21:18.788728Z,elea,0.1.1,ef66ed9,add,f5.bin,backend_store,0.460958,10485760,,None,blake3
10,18,2026-03-11T12:21:18.788734Z,elea,0.1.1,ef66ed9,add,f1.bin,backend_store,0.45075,10485760,,None,blake3
10,18,2026-03-11T12:21:18.788766Z,elea,0.1.1,ef66ed9,add,f2.bin,backend_store,0.544667,10485760,,None,blake3
10,18,2026-03-11T12:21:18.788925Z,elea,0.1.1,ef66ed9,add,f3.bin,add_file_total,8.467458,10485760,,None,blake3
10,18,2026-03-11T12:21:18.788992Z,elea,0.1.1,ef66ed9,add,f4.bin,add_file_total,8.557958,10485760,,None,blake3
10,18,2026-03-11T12:21:18.789066Z,elea,0.1.1,ef66ed9,add,f5.bin,add_file_total,8.605,10485760,,None,blake3
10,18,2026-03-11T12:21:18.78912Z,elea,0.1.1,ef66ed9,add,f2.bin,add_file_total,8.663125,10485760,,None,blake3
10,18,2026-03-11T12:21:18.789175Z,elea,0.1.1,ef66ed9,add,f1.bin,add_file_total,8.716209000000001,10485760,,None,blake3
10,18,2026-03-11T12:21:18.789244Z,elea,0.1.1,ef66ed9,add,,add_total,8.83975,,5,None,blake3
10,13,2026-03-11T12:21:18.949003Z,elea,0.1.1,ef66ed9,hash,f1.bin,hash,6.286625,10485760,,,blake3
10,13,2026-03-11T12:21:18.948423Z,elea,0.1.1,ef66ed9,hash,f3.bin,hash,5.686916999999999,10485760,,,blake3
10,13,2026-03-11T12:21:18.94874Z,elea,0.1.1,ef66ed9,hash,f4.bin,hash,5.992208,10485760,,,blake3
10,13,2026-03-11T12:21:18.948664Z,elea,0.1.1,ef66ed9,hash,f2.bin,hash,5.981333,10485760,,,blake3
10,13,2026-03-11T12:21:18.948678Z,elea,0.1.1,ef66ed9,hash,f5.bin,hash,5.965,10485760,,,blake3
10,13,2026-03-11T12:21:18.950902Z,elea,0.1.1,ef66ed9,add,f1.bin,backend_store,0.5019589999999999,10485760,,None,blake3
10,13,2026-03-11T12:21:18.95091Z,elea,0.1.1,ef66ed9,add,f3.bin,backend_store,0.479,10485760,,None,blake3
10,13,2026-03-11T12:21:18.950963Z,elea,0.1.1,ef66ed9,add,f5.bin,backend_store,0.46925,10485760,,None,blake3
10,13,2026-03-11T12:21:18.95101Z,elea,0.1.1,ef66ed9,add,f2.bin,backend_store,0.548792,10485760,,None,blake3
10,13,2026-03-11T12:21:18.951041Z,elea,0.1.1,ef66ed9,add,f4.bin,backend_store,0.592334,10485760,,None,blake3
10,13,2026-03-11T12:21:18.951121Z,elea,0.1.1,ef66ed9,add,f1.bin,add_file_total,8.456834,10485760,,None,blake3
10,13,2026-03-11T12:21:18.951169Z,elea,0.1.1,ef66ed9,add,f3.bin,add_file_total,8.503333999999999,10485760,,None,blake3
10,13,2026-03-11T12:21:18.951215Z,elea,0.1.1,ef66ed9,add,f5.bin,add_file_total,8.552416000000001,10485760,,None,blake3
10,13,2026-03-11T12:21:18.951263Z,elea,0.1.1,ef66ed9,add,f4.bin,add_file_total,8.595417,10485760,,None,blake3
10,13,2026-03-11T12:21:18.951305Z,elea,0.1.1,ef66ed9,add,f2.bin,add_file_total,8.665667000000001,10485760,,None,blake3
10,13,2026-03-11T12:21:18.95136Z,elea,0.1.1,ef66ed9,add,,add_total,8.745667000000001,,5,None,blake3
2,19,2026-03-11T12:21:19.002133Z,elea,0.1.1,ef66ed9,hash,f5.bin,hash,1.1883329999999999,2097152,,,blake3
2,19,2026-03-11T12:21:19.002106Z,elea,0.1.1,ef66ed9,hash,f4.bin,hash,1.199333,2097152,,,blake3
2,19,2026-03-11T12:21:19.002117Z,elea,0.1.1,ef66ed9,hash,f2.bin,hash,1.195291,2097152,,,blake3
2,19,2026-03-11T12:21:19.002158Z,elea,0.1.1,ef66ed9,hash,f3.bin,hash,1.234166,2097152,,,blake3
2,19,2026-03-11T12:21:19.002125Z,elea,0.1.1,ef66ed9,hash,f1.bin,hash,1.1825830000000002,2097152,,,blake3
2,19,2026-03-11T12:21:19.004143Z,elea,0.1.1,ef66ed9,add,f5.bin,backend_store,0.513333,2097152,,None,blake3
2,19,2026-03-11T12:21:19.004171Z,elea,0.1.1,ef66ed9,add,f4.bin,backend_store,0.5325840000000001,2097152,,None,blake3
2,19,2026-03-11T12:21:19.00418Z,elea,0.1.1,ef66ed9,add,f1.bin,backend_store,0.466125,2097152,,None,blake3
2,19,2026-03-11T12:21:19.004204Z,elea,0.1.1,ef66ed9,add,f2.bin,backend_store,0.5378339999999999,2097152,,None,blake3
2,19,2026-03-11T12:21:19.004245Z,elea,0.1.1,ef66ed9,add,f3.bin,backend_store,0.5531670000000001,2097152,,None,blake3
2,19,2026-03-11T12:21:19.004333Z,elea,0.1.1,ef66ed9,add,f5.bin,add_file_total,3.4363750000000004,2097152,,None,blake3
2,19,2026-03-11T12:21:19.00438Z,elea,0.1.1,ef66ed9,add,f1.bin,add_file_total,3.505375,2097152,,None,blake3
2,19,2026-03-11T12:21:19.004414Z,elea,0.1.1,ef66ed9,add,f4.bin,add_file_total,3.547667,2097152,,None,blake3
2,19,2026-03-11T12:21:19.004448Z,elea,0.1.1,ef66ed9,add,f2.bin,add_file_total,3.583667,2097152,,None,blake3
2,19,2026-03-11T12:21:19.004477Z,elea,0.1.1,ef66ed9,add,f3.bin,add_file_total,3.605334,2097152,,None,blake3
2,19,2026-03-11T12:21:19.004521Z,elea,0.1.1,ef66ed9,add,,add_total,3.69625,,5,None,blake3
5,9,2026-03-11T12:21:19.104289Z,elea,0.1.1,ef66ed9,hash,f1.bin,hash,2.834209,5242880,,,blake3
5,9,2026-03-11T12:21:19.104536Z,elea,0.1.1,ef66ed9,hash,f2.bin,hash,3.048584,5242880,,,blake3
5,9,2026-03-11T12:21:19.104481Z,elea,0.1.1,ef66ed9,hash,f3.bin,hash,2.96475,5242880,,,blake3
5,9,2026-03-11T12:21:19.104473Z,elea,0.1.1,ef66ed9,hash,f4.bin,hash,2.9645,5242880,,,blake3
5,9,2026-03-11T12:21:19.104459Z,elea,0.1.1,ef66ed9,hash,f5.bin,hash,2.949042,5242880,,,blake3
5,9,2026-03-11T12:21:19.10664Z,elea,0.1.1,ef66ed9,add,f1.bin,backend_store,0.4625,5242880,,None,blake3
5,9,2026-03-11T12:21:19.106675Z,elea,0.1.1,ef66ed9,add,f3.bin,backend_store,0.449542,5242880,,None,blake3
5,9,2026-03-11T12:21:19.106797Z,elea,0.1.1,ef66ed9,add,f5.bin,backend_store,0.532208,5242880,,None,blake3
5,9,2026-03-11T12:21:19.106858Z,elea,0.1.1,ef66ed9,add,f2.bin,backend_store,0.663917,5242880,,None,blake3
5,9,2026-03-11T12:21:19.106872Z,elea,0.1.1,ef66ed9,add,f1.bin,add_file_total,5.43525,5242880,,None,blake3
5,9,2026-03-11T12:21:19.106882Z,elea,0.1.1,ef66ed9,add,f4.bin,backend_store,0.611417,5242880,,None,blake3
5,9,2026-03-11T12:21:19.106897Z,elea,0.1.1,ef66ed9,add,f3.bin,add_file_total,5.436875,5242880,,None,blake3
5,9,2026-03-11T12:21:19.106949Z,elea,0.1.1,ef66ed9,add,f5.bin,add_file_total,5.489,5242880,,None,blake3
5,9,2026-03-11T12:21:19.107011Z,elea,0.1.1,ef66ed9,add,f2.bin,add_file_total,5.55125,5242880,,None,blake3
5,9,2026-03-11T12:21:19.107058Z,elea,0.1.1,ef66ed9,add,f4.bin,add_file_total,5.598708,5242880,,None,blake3
5,9,2026-03-11T12:21:19.10715Z,elea,0.1.1,ef66ed9,add,,add_total,5.773124999999999,,5,None,blake3
10,24,2026-03-11T12:21:19.274512Z,elea,0.1.1,ef66ed9,hash,f2.bin,hash,5.837791999999999,10485760,,,blake3
10,24,2026-03-11T12:21:19.274517Z,elea,0.1.1,ef66ed9,hash,f1.bin,hash,5.810625,10485760,,,blake3
10,24,2026-03-11T12:21:19.274505Z,elea,0.1.1,ef66ed9,hash,f4.bin,hash,5.829417,10485760,,,blake3
10,24,2026-03-11T12:21:19.27447Z,elea,0.1.1,ef66ed9,hash,f3.bin,hash,5.806958,10485760,,,blake3
10,24,2026-03-11T12:21:19.274495Z,elea,0.1.1,ef66ed9,hash,f5.bin,hash,5.799042,10485760,,,blake3
10,24,2026-03-11T12:21:19.276804Z,elea,0.1.1,ef66ed9,add,f1.bin,backend_store,0.482292,10485760,,None,blake3
10,24,2026-03-11T12:21:19.276817Z,elea,0.1.1,ef66ed9,add,f2.bin,backend_store,0.499708,10485760,,None,blake3
10,24,2026-03-11T12:21:19.276829Z,elea,0.1.1,ef66ed9,add,f4.bin,backend_store,0.474667,10485760,,None,blake3
10,24,2026-03-11T12:21:19.27685Z,elea,0.1.1,ef66ed9,add,f3.bin,backend_store,0.46508299999999997,10485760,,None,blake3
10,24,2026-03-11T12:21:19.276867Z,elea,0.1.1,ef66ed9,add,f5.bin,backend_store,0.459208,10485760,,None,blake3
10,24,2026-03-11T12:21:19.276975Z,elea,0.1.1,ef66ed9,add,f1.bin,add_file_total,8.337875,10485760,,None,blake3
10,24,2026-03-11T12:21:19.277016Z,elea,0.1.1,ef66ed9,add,f2.bin,add_file_total,8.4025,10485760,,None,blake3
10,24,2026-03-11T12:21:19.277045Z,elea,0.1.1,ef66ed9,add,f4.bin,add_file_total,8.409875000000001,10485760,,None,blake3
10,24,2026-03-11T12:21:19.277077Z,elea,0.1.1,ef66ed9,add,f3.bin,add_file_total,8.450958,10485760,,None,blake3
10,24,2026-03-11T12:21:19.277113Z,elea,0.1.1,ef66ed9,add,f5.bin,add_file_total,8.476083000000001,10485760,,None,blake3
10,24,2026-03-11T12:21:19.27716Z,elea,0.1.1,ef66ed9,add,,add_total,8.587042,,5,None,blake3
5,7,2026-03-11T12:21:19.36848Z,elea,0.1.1,ef66ed9,hash,f1.bin,hash,2.980042,5242880,,,blake3
5,7,2026-03-11T12:21:19.368576Z,elea,0.1.1,ef66ed9,hash,f2.bin,hash,3.0367089999999997,5242880,,,blake3
5,7,2026-03-11T12:21:19.368427Z,elea,0.1.1,ef66ed9,hash,f5.bin,hash,2.917375,5242880,,,blake3
5,7,2026-03-11T12:21:19.36849Z,elea,0.1.1,ef66ed9,hash,f4.bin,hash,2.961459,5242880,,,blake3
5,7,2026-03-11T12:21:19.368616Z,elea,0.1.1,ef66ed9,hash,f3.bin,hash,3.0860000000000003,5242880,,,blake3
5,7,2026-03-11T12:21:19.370728Z,elea,0.1.1,ef66ed9,add,f1.bin,backend_store,0.48820899999999995,5242880,,None,blake3
5,7,2026-03-11T12:21:19.370787Z,elea,0.1.1,ef66ed9,add,f5.bin,backend_store,0.49058299999999994,5242880,,None,blake3
5,7,2026-03-11T12:21:19.370801Z,elea,0.1.1,ef66ed9,add,f2.bin,backend_store,0.5296660000000001,5242880,,None,blake3
5,7,2026-03-11T12:21:19.370843Z,elea,0.1.1,ef66ed9,add,f3.bin,backend_store,0.477334,5242880,,None,blake3
5,7,2026-03-11T12:21:19.370913Z,elea,0.1.1,ef66ed9,add,f1.bin,add_file_total,5.4499580000000005,5242880,,None,blake3
5,7,2026-03-11T12:21:19.370959Z,elea,0.1.1,ef66ed9,add,f4.bin,backend_store,0.577125,5242880,,None,blake3
5,7,2026-03-11T12:21:19.370975Z,elea,0.1.1,ef66ed9,add,f5.bin,add_file_total,5.4792499999999995,5242880,,None,blake3
5,7,2026-03-11T12:21:19.371012Z,elea,0.1.1,ef66ed9,add,f2.bin,add_file_total,5.524625,5242880,,None,blake3
5,7,2026-03-11T12:21:19.371047Z,elea,0.1.1,ef66ed9,add,f3.bin,add_file_total,5.568875,5242880,,None,blake3
5,7,2026-03-11T12:21:19.371074Z,elea,0.1.1,ef66ed9,add,f4.bin,add_file_total,5.59275,5242880,,None,blake3
5,7,2026-03-11T12:21:19.371119Z,elea,0.1.1,ef66ed9,add,,add_total,5.685665999999999,,5,None,blake3
1,3,2026-03-11T12:21:19.407858Z,elea,0.1.1,ef66ed9,hash,f5.bin,hash,0.6805,1048576,,,blake3
1,3,2026-03-11T12:21:19.407768Z,elea,0.1.1,ef66ed9,hash,f4.bin,hash,0.600583,1048576,,,blake3
1,3,2026-03-11T12:21:19.407795Z,elea,0.1.1,ef66ed9,hash,f2.bin,hash,0.603083,1048576,,,blake3
1,3,2026-03-11T12:21:19.407786Z,elea,0.1.1,ef66ed9,hash,f1.bin,hash,0.6255419999999999,1048576,,,blake3
1,3,2026-03-11T12:21:19.407747Z,elea,0.1.1,ef66ed9,hash,f3.bin,hash,0.599541,1048576,,,blake3
1,3,2026-03-11T12:21:19.409576Z,elea,0.1.1,ef66ed9,add,f4.bin,backend_store,0.49404099999999995,1048576,,None,blake3
1,3,2026-03-11T12:21:19.409605Z,elea,0.1.1,ef66ed9,add,f1.bin,backend_store,0.486334,1048576,,None,blake3
1,3,2026-03-11T12:21:19.409634Z,elea,0.1.1,ef66ed9,add,f5.bin,backend_store,0.5744170000000001,1048576,,None,blake3
1,3,2026-03-11T12:21:19.40965Z,elea,0.1.1,ef66ed9,add,f2.bin,backend_store,0.554667,1048576,,None,blake3
1,3,2026-03-11T12:21:19.409664Z,elea,0.1.1,ef66ed9,add,f3.bin,backend_store,0.524416,1048576,,None,blake3
1,3,2026-03-11T12:21:19.409729Z,elea,0.1.1,ef66ed9,add,f4.bin,add_file_total,2.597083,1048576,,None,blake3
1,3,2026-03-11T12:21:19.409872Z,elea,0.1.1,ef66ed9,add,f1.bin,add_file_total,2.738791,1048576,,None,blake3
1,3,2026-03-11T12:21:19.409912Z,elea,0.1.1,ef66ed9,add,f5.bin,add_file_total,2.7746250000000003,1048576,,None,blake3
1,3,2026-03-11T12:21:19.409954Z,elea,0.1.1,ef66ed9,add,f2.bin,add_file_total,2.780083,1048576,,None,blake3
1,3,2026-03-11T12:21:19.409998Z,elea,0.1.1,ef66ed9,add,f3.bin,add_file_total,2.887375,1048576,,None,blake3
1,3,2026-03-11T12:21:19.410042Z,elea,0.1.1,ef66ed9,add,,add_total,2.957334,,5,None,blake3
10,12,2026-03-11T12:21:19.585054Z,elea,0.1.1,ef66ed9,hash,f4.bin,hash,6.061916,10485760,,,blake3
10,12,2026-03-11T12:21:19.584981Z,elea,0.1.1,ef66ed9,hash,f2.bin,hash,5.980625,10485760,,,blake3
10,12,2026-03-11T12:21:19.585089Z,elea,0.1.1,ef66ed9,hash,f3.bin,hash,6.123375,10485760,,,blake3
10,12,2026-03-11T12:21:19.58491Z,elea,0.1.1,ef66ed9,hash,f1.bin,hash,5.921125,10485760,,,blake3
10,12,2026-03-11T12:21:19.584738Z,elea,0.1.1,ef66ed9,hash,f5.bin,hash,5.724,10485760,,,blake3
10,12,2026-03-11T12:21:19.587274Z,elea,0.1.1,ef66ed9,add,f4.bin,backend_store,0.531584,10485760,,None,blake3
10,12,2026-03-11T12:21:19.587346Z,elea,0.1.1,ef66ed9,add,f2.bin,backend_store,0.5772499999999999,10485760,,None,blake3
10,12,2026-03-11T12:21:19.587361Z,elea,0.1.1,ef66ed9,add,f3.bin,backend_store,0.563625,10485760,,None,blake3
10,12,2026-03-11T12:21:19.587388Z,elea,0.1.1,ef66ed9,add,f1.bin,backend_store,0.550458,10485760,,None,blake3
10,12,2026-03-11T12:21:19.587519Z,elea,0.1.1,ef66ed9,add,f4.bin,add_file_total,8.580791000000001,10485760,,None,blake3
10,12,2026-03-11T12:21:19.587568Z,elea,0.1.1,ef66ed9,add,f2.bin,add_file_total,8.633709,10485760,,None,blake3
10,12,2026-03-11T12:21:19.587585Z,elea,0.1.1,ef66ed9,add,f5.bin,backend_store,0.665958,10485760,,None,blake3
10,12,2026-03-11T12:21:19.587603Z,elea,0.1.1,ef66ed9,add,f3.bin,add_file_total,8.681542,10485760,,None,blake3
10,12,2026-03-11T12:21:19.58764Z,elea,0.1.1,ef66ed9,add,f1.bin,add_file_total,8.703166999999999,10485760,,None,blake3
10,12,2026-03-11T12:21:19.587707Z,elea,0.1.1,ef66ed9,add,f5.bin,add_file_total,8.763708,10485760,,None,blake3
10,12,2026-03-11T12:21:19.587762Z,elea,0.1.1,ef66ed9,add,,add_total,8.880333,,5,None,blake3
50,1,2026-03-11T12:21:20.286143Z,elea,0.1.1,ef66ed9,hash,f5.bin,hash,29.53175,52428800,,,blake3
50,1,2026-03-11T12:21:20.285746Z,elea,0.1.1,ef66ed9,hash,f1.bin,hash,29.168667,52428800,,,blake3
50,1,2026-03-11T12:21:20.286408Z,elea,0.1.1,ef66ed9,hash,f3.bin,hash,29.854792,52428800,,,blake3
50,1,2026-03-11T12:21:20.286243Z,elea,0.1.1,ef66ed9,hash,f2.bin,hash,29.712625,52428800,,,blake3
50,1,2026-03-11T12:21:20.286484Z,elea,0.1.1,ef66ed9,hash,f4.bin,hash,29.8935,52428800,,,blake3
50,1,2026-03-11T12:21:20.287746Z,elea,0.1.1,ef66ed9,add,f1.bin,backend_store,0.547958,52428800,,None,blake3
50,1,2026-03-11T12:21:20.287765Z,elea,0.1.1,ef66ed9,add,f3.bin,backend_store,0.536,52428800,,None,blake3
50,1,2026-03-11T12:21:20.287795Z,elea,0.1.1,ef66ed9,add,f5.bin,backend_store,0.615375,52428800,,None,blake3
50,1,2026-03-11T12:21:20.28781Z,elea,0.1.1,ef66ed9,add,f4.bin,backend_store,0.523292,52428800,,None,blake3
50,1,2026-03-11T12:21:20.28783Z,elea,0.1.1,ef66ed9,add,f2.bin,backend_store,0.575708,52428800,,None,blake3
50,1,2026-03-11T12:21:20.287989Z,elea,0.1.1,ef66ed9,add,f1.bin,add_file_total,31.477041999999997,52428800,,None,blake3
50,1,2026-03-11T12:21:20.288041Z,elea,0.1.1,ef66ed9,add,f2.bin,add_file_total,31.550792,52428800,,None,blake3
50,1,2026-03-11T12:21:20.288098Z,elea,0.1.1,ef66ed9,add,f5.bin,add_file_total,31.581791,52428800,,None,blake3
50,1,2026-03-11T12:21:20.288144Z,elea,0.1.1,ef66ed9,add,f4.bin,add_file_total,31.630540999999997,52428800,,None,blake3
50,1,2026-03-11T12:21:20.288184Z,elea,0.1.1,ef66ed9,add,f3.bin,add_file_total,31.675625,52428800,,None,blake3
50,1,2026-03-11T12:21:20.288256Z,elea,0.1.1,ef66ed9,add,,add_total,31.799542,,5,None,blake3
5,14,2026-03-11T12:21:20.381295Z,elea,0.1.1,ef66ed9,hash,f3.bin,hash,2.978791,5242880,,,blake3
5,14,2026-03-11T12:21:20.38135Z,elea,0.1.1,ef66ed9,hash,f4.bin,hash,3.0232089999999996,5242880,,,blake3
5,14,2026-03-11T12:21:20.381305Z,elea,0.1.1,ef66ed9,hash,f1.bin,hash,2.9853330000000002,5242880,,,blake3
5,14,2026-03-11T12:21:20.381289Z,elea,0.1.1,ef66ed9,hash,f5.bin,hash,2.9746249999999996,5242880,,,blake3
5,14,2026-03-11T12:21:20.381129Z,elea,0.1.1,ef66ed9,hash,f2.bin,hash,2.841625,5242880,,,blake3
5,14,2026-03-11T12:21:20.383746Z,elea,0.1.1,ef66ed9,add,f4.bin,backend_store,0.620834,5242880,,None,blake3
5,14,2026-03-11T12:21:20.383782Z,elea,0.1.1,ef66ed9,add,f2.bin,backend_store,0.569125,5242880,,None,blake3
5,14,2026-03-11T12:21:20.383793Z,elea,0.1.1,ef66ed9,add,f1.bin,backend_store,0.651916,5242880,,None,blake3
5,14,2026-03-11T12:21:20.383802Z,elea,0.1.1,ef66ed9,add,f3.bin,backend_store,0.6880000000000001,5242880,,None,blake3
5,14,2026-03-11T12:21:20.383808Z,elea,0.1.1,ef66ed9,add,f5.bin,backend_store,0.6432089999999999,5242880,,None,blake3
5,14,2026-03-11T12:21:20.384146Z,elea,0.1.1,ef66ed9,add,f2.bin,add_file_total,5.900207999999999,5242880,,None,blake3
5,14,2026-03-11T12:21:20.38418Z,elea,0.1.1,ef66ed9,add,f5.bin,add_file_total,5.935542,5242880,,None,blake3
5,14,2026-03-11T12:21:20.38421Z,elea,0.1.1,ef66ed9,add,f4.bin,add_file_total,5.955084,5242880,,None,blake3
5,14,2026-03-11T12:21:20.384239Z,elea,0.1.1,ef66ed9,add,f1.bin,add_file_total,5.994667000000001,5242880,,None,blake3
5,14,2026-03-11T12:21:20.384269Z,elea,0.1.1,ef66ed9,add,f3.bin,add_file_total,6.020958,5242880,,None,blake3
5,14,2026-03-11T12:21:20.384324Z,elea,0.1.1,ef66ed9,add,,add_total,6.126666999999999,,5,None,blake3
2,10,2026-03-11T12:21:20.434795Z,elea,0.1.1,ef66ed9,hash,f3.bin,hash,1.5086249999999999,2097152,,,blake3
2,10,2026-03-11T12:21:20.434568Z,elea,0.1.1,ef66ed9,hash,f1.bin,hash,1.254625,2097152,,,blake3
2,10,2026-03-11T12:21:20.434729Z,elea,0.1.1,ef66ed9,hash,f2.bin,hash,1.4151669999999998,2097152,,,blake3
2,10,2026-03-11T12:21:20.434498Z,elea,0.1.1,ef66ed9,hash,f4.bin,hash,1.199917,2097152,,,blake3
2,10,2026-03-11T12:21:20.434558Z,elea,0.1.1,ef66ed9,hash,f5.bin,hash,1.231834,2097152,,,blake3
2,10,2026-03-11T12:21:20.436367Z,elea,0.1.1,ef66ed9,add,f5.bin,backend_store,0.436459,2097152,,None,blake3
2,10,2026-03-11T12:21:20.436373Z,elea,0.1.1,ef66ed9,add,f1.bin,backend_store,0.464166,2097152,,None,blake3
2,10,2026-03-11T12:21:20.4364Z,elea,0.1.1,ef66ed9,add,f4.bin,backend_store,0.439833,2097152,,None,blake3
2,10,2026-03-11T12:21:20.436435Z,elea,0.1.1,ef66ed9,add,f3.bin,backend_store,0.5433330000000001,2097152,,None,blake3
2,10,2026-03-11T12:21:20.436557Z,elea,0.1.1,ef66ed9,add,f1.bin,add_file_total,3.279541,2097152,,None,blake3
2,10,2026-03-11T12:21:20.436565Z,elea,0.1.1,ef66ed9,add,f2.bin,backend_store,0.580917,2097152,,None,blake3
2,10,2026-03-11T12:21:20.436594Z,elea,0.1.1,ef66ed9,add,f5.bin,add_file_total,3.31125,2097152,,None,blake3
2,10,2026-03-11T12:21:20.436645Z,elea,0.1.1,ef66ed9,add,f4.bin,add_file_total,3.374708,2097152,,None,blake3
2,10,2026-03-11T12:21:20.436685Z,elea,0.1.1,ef66ed9,add,f3.bin,add_file_total,3.431291,2097152,,None,blake3
2,10,2026-03-11T12:21:20.436717Z,elea,0.1.1,ef66ed9,add,f2.bin,add_file_total,3.444875,2097152,,None,blake3
2,10,2026-03-11T12:21:20.436762Z,elea,0.1.1,ef66ed9,add,,add_total,3.546583,,5,None,blake3
5,13,2026-03-11T12:21:20.524293Z,elea,0.1.1,ef66ed9,hash,f3.bin,hash,2.933333,5242880,,,blake3
5,13,2026-03-11T12:21:20.524312Z,elea,0.1.1,ef66ed9,hash,f4.bin,hash,2.935,5242880,,,blake3
5,13,2026-03-11T12:21:20.524339Z,elea,0.1.1,ef66ed9,hash,f1.bin,hash,3.007959,5242880,,,blake3
5,13,2026-03-11T12:21:20.524509Z,elea,0.1.1,ef66ed9,hash,f2.bin,hash,3.165584,5242880,,,blake3
5,13,2026-03-11T12:21:20.524281Z,elea,0.1.1,ef66ed9,hash,f5.bin,hash,2.970208,5242880,,,blake3
5,13,2026-03-11T12:21:20.527162Z,elea,0.1.1,ef66ed9,add,f3.bin,backend_store,0.71975,5242880,,None,blake3
5,13,2026-03-11T12:21:20.52717Z,elea,0.1.1,ef66ed9,add,f2.bin,backend_store,0.64225,5242880,,None,blake3
5,13,2026-03-11T12:21:20.527256Z,elea,0.1.1,ef66ed9,add,f4.bin,backend_store,0.781625,5242880,,None,blake3
5,13,2026-03-11T12:21:20.527404Z,elea,0.1.1,ef66ed9,add,f1.bin,backend_store,0.920958,5242880,,None,blake3
5,13,2026-03-11T12:21:20.527426Z,elea,0.1.1,ef66ed9,add,f3.bin,add_file_total,6.111625,5242880,,None,blake3
5,13,2026-03-11T12:21:20.527449Z,elea,0.1.1,ef66ed9,add,f5.bin,backend_store,0.8711669999999999,5242880,,None,blake3
5,13,2026-03-11T12:21:20.527578Z,elea,0.1.1,ef66ed9,add,f2.bin,add_file_total,6.2852500000000004,5242880,,None,blake3
5,13,2026-03-11T12:21:20.527636Z,elea,0.1.1,ef66ed9,add,f5.bin,add_file_total,6.362166,5242880,,None,blake3
5,13,2026-03-11T12:21:20.527681Z,elea,0.1.1,ef66ed9,add,f1.bin,add_file_total,6.388375,5242880,,None,blake3
5,13,2026-03-11T12:21:20.527745Z,elea,0.1.1,ef66ed9,add,f4.bin,add_file_total,6.443708,5242880,,None,blake3
5,13,2026-03-11T12:21:20.527828Z,elea,0.1.1,ef66ed9,add,,add_total,6.582791,,5,None,blake3
50,12,2026-03-11T12:21:21.208643Z,elea,0.1.1,ef66ed9,hash,f1.bin,hash,29.261125,52428800,,,blake3
50,12,2026-03-11T12:21:21.208465Z,elea,0.1.1,ef66ed9,hash,f4.bin,hash,29.124041,52428800,,,blake3
50,12,2026-03-11T12:21:21.20881Z,elea,0.1.1,ef66ed9,hash,f2.bin,hash,29.495334000000003,52428800,,,blake3
50,12,2026-03-11T12:21:21.208505Z,elea,0.1.1,ef66ed9,hash,f3.bin,hash,29.157333,52428800,,,blake3
50,12,2026-03-11T12:21:21.208481Z,elea,0.1.1,ef66ed9,hash,f5.bin,hash,29.088583,52428800,,,blake3
50,12,2026-03-11T12:21:21.210895Z,elea,0.1.1,ef66ed9,add,f1.bin,backend_store,0.48945900000000003,52428800,,None,blake3
50,12,2026-03-11T12:21:21.210934Z,elea,0.1.1,ef66ed9,add,f2.bin,backend_store,0.48466600000000004,52428800,,None,blake3
50,12,2026-03-11T12:21:21.210987Z,elea,0.1.1,ef66ed9,add,f4.bin,backend_store,0.569125,52428800,,None,blake3
50,12,2026-03-11T12:21:21.211109Z,elea,0.1.1,ef66ed9,add,f1.bin,add_file_total,31.813291,52428800,,None,blake3
50,12,2026-03-11T12:21:21.211173Z,elea,0.1.1,ef66ed9,add,f2.bin,add_file_total,31.900708,52428800,,None,blake3
50,12,2026-03-11T12:21:21.211179Z,elea,0.1.1,ef66ed9,add,f5.bin,backend_store,0.636416,52428800,,None,blake3
50,12,2026-03-11T12:21:21.211205Z,elea,0.1.1,ef66ed9,add,f3.bin,backend_store,0.7230420000000001,52428800,,None,blake3
50,12,2026-03-11T12:21:21.211215Z,elea,0.1.1,ef66ed9,add,f4.bin,add_file_total,31.923875,52428800,,None,blake3
50,12,2026-03-11T12:21:21.211388Z,elea,0.1.1,ef66ed9,add,f3.bin,add_file_total,32.098041,52428800,,None,blake3
50,12,2026-03-11T12:21:21.21142Z,elea,0.1.1,ef66ed9,add,f5.bin,add_file_total,32.128042,52428800,,None,blake3
50,12,2026-03-11T12:21:21.211495Z,elea,0.1.1,ef66ed9,add,,add_total,32.252041000000006,,5,None,blake3
2,21,2026-03-11T12:21:21.268727Z,elea,0.1.1,ef66ed9,hash,f3.bin,hash,1.4435,2097152,,,blake3
2,21,2026-03-11T12:21:21.268739Z,elea,0.1.1,ef66ed9,hash,f4.bin,hash,1.48475,2097152,,,blake3
2,21,2026-03-11T12:21:21.268471Z,elea,0.1.1,ef66ed9,hash,f1.bin,hash,1.212584,2097152,,,blake3
2,21,2026-03-11T12:21:21.268691Z,elea,0.1.1,ef66ed9,hash,f2.bin,hash,1.41625,2097152,,,blake3
2,21,2026-03-11T12:21:21.268636Z,elea,0.1.1,ef66ed9,hash,f5.bin,hash,1.338,2097152,,,blake3
2,21,2026-03-11T12:21:21.270645Z,elea,0.1.1,ef66ed9,add,f3.bin,backend_store,0.562208,2097152,,None,blake3
2,21,2026-03-11T12:21:21.270695Z,elea,0.1.1,ef66ed9,add,f4.bin,backend_store,0.599792,2097152,,None,blake3
2,21,2026-03-11T12:21:21.270838Z,elea,0.1.1,ef66ed9,add,f3.bin,add_file_total,3.614917,2097152,,None,blake3
2,21,2026-03-11T12:21:21.270849Z,elea,0.1.1,ef66ed9,add,f1.bin,backend_store,0.7257910000000001,2097152,,None,blake3
2,21,2026-03-11T12:21:21.270867Z,elea,0.1.1,ef66ed9,add,f2.bin,backend_store,0.649625,2097152,,None,blake3
2,21,2026-03-11T12:21:21.270917Z,elea,0.1.1,ef66ed9,add,f5.bin,backend_store,0.65375,2097152,,None,blake3
2,21,2026-03-11T12:21:21.27097Z,elea,0.1.1,ef66ed9,add,f4.bin,add_file_total,3.76625,2097152,,None,blake3
2,21,2026-03-11T12:21:21.271071Z,elea,0.1.1,ef66ed9,add,f2.bin,add_file_total,3.853,2097152,,None,blake3
2,21,2026-03-11T12:21:21.271118Z,elea,0.1.1,ef66ed9,add,f1.bin,add_file_total,3.894834,2097152,,None,blake3
2,21,2026-03-11T12:21:21.271157Z,elea,0.1.1,ef66ed9,add,f5.bin,add_file_total,3.9388330000000003,2097152,,None,blake3
2,21,2026-03-11T12:21:21.271223Z,elea,0.1.1,ef66ed9,add,,add_total,4.0777909999999995,,5,None,blake3
50,18,2026-03-11T12:21:21.984509Z,elea,0.1.1,ef66ed9,hash,f2.bin,hash,29.37925,52428800,,,blake3
50,18,2026-03-11T12:21:21.984322Z,elea,0.1.1,ef66ed9,hash,f4.bin,hash,29.197208999999997,52428800,,,blake3
50,18,2026-03-11T12:21:21.984608Z,elea,0.1.1,ef66ed9,hash,f5.bin,hash,29.45225,52428800,,,blake3
50,18,2026-03-11T12:21:21.98456Z,elea,0.1.1,ef66ed9,hash,f3.bin,hash,29.383458,52428800,,,blake3
50,18,2026-03-11T12:21:21.98449Z,elea,0.1.1,ef66ed9,hash,f1.bin,hash,29.293291999999997,52428800,,,blake3
50,18,2026-03-11T12:21:21.986832Z,elea,0.1.1,ef66ed9,add,f4.bin,backend_store,0.400958,52428800,,None,blake3
50,18,2026-03-11T12:21:21.986887Z,elea,0.1.1,ef66ed9,add,f2.bin,backend_store,0.474292,52428800,,None,blake3
50,18,2026-03-11T12:21:21.986902Z,elea,0.1.1,ef66ed9,add,f5.bin,backend_store,0.4365,52428800,,None,blake3
50,18,2026-03-11T12:21:21.986975Z,elea,0.1.1,ef66ed9,add,f1.bin,backend_store,0.44049999999999995,52428800,,None,blake3
50,18,2026-03-11T12:21:21.987005Z,elea,0.1.1,ef66ed9,add,f3.bin,backend_store,0.481,52428800,,None,blake3
50,18,2026-03-11T12:21:21.987101Z,elea,0.1.1,ef66ed9,add,f4.bin,add_file_total,32.021666999999994,52428800,,None,blake3
50,18,2026-03-11T12:21:21.987154Z,elea,0.1.1,ef66ed9,add,f2.bin,add_file_total,32.041083,52428800,,None,blake3
50,18,2026-03-11T12:21:21.987201Z,elea,0.1.1,ef66ed9,add,f5.bin,add_file_total,32.078458999999995,52428800,,None,blake3
50,18,2026-03-11T12:21:21.987251Z,elea,0.1.1,ef66ed9,add,f1.bin,add_file_total,32.116959,52428800,,None,blake3
50,18,2026-03-11T12:21:21.9873Z,elea,0.1.1,ef66ed9,add,f3.bin,add_file_total,32.197083,52428800,,None,blake3
50,18,2026-03-11T12:21:21.987375Z,elea,0.1.1,ef66ed9,add,,add_total,32.325125,,5,None,blake3
50,24,2026-03-11T12:21:22.705518Z,elea,0.1.1,ef66ed9,hash,f2.bin,hash,29.094708,52428800,,,blake3
50,24,2026-03-11T12:21:22.705716Z,elea,0.1.1,ef66ed9,hash,f3.bin,hash,29.339375,52428800,,,blake3
50,24,2026-03-11T12:21:22.705851Z,elea,0.1.1,ef66ed9,hash,f1.bin,hash,29.432625,52428800,,,blake3
50,24,2026-03-11T12:21:22.705185Z,elea,0.1.1,ef66ed9,hash,f5.bin,hash,28.79425,52428800,,,blake3
50,24,2026-03-11T12:21:22.705681Z,elea,0.1.1,ef66ed9,hash,f4.bin,hash,29.278708,52428800,,,blake3
50,24,2026-03-11T12:21:22.708082Z,elea,0.1.1,ef66ed9,add,f2.bin,backend_store,0.831584,52428800,,None,blake3
50,24,2026-03-11T12:21:22.70819Z,elea,0.1.1,ef66ed9,add,f3.bin,backend_store,0.9228339999999999,52428800,,None,blake3
50,24,2026-03-11T12:21:22.708251Z,elea,0.1.1,ef66ed9,add,f1.bin,backend_store,0.942083,52428800,,None,blake3
50,24,2026-03-11T12:21:22.708298Z,elea,0.1.1,ef66ed9,add,f4.bin,backend_store,0.941167,52428800,,None,blake3
50,24,2026-03-11T12:21:22.708396Z,elea,0.1.1,ef66ed9,add,f2.bin,add_file_total,32.0405,52428800,,None,blake3
50,24,2026-03-11T12:21:22.708416Z,elea,0.1.1,ef66ed9,add,f5.bin,backend_store,1.0965,52428800,,None,blake3
50,24,2026-03-11T12:21:22.708473Z,elea,0.1.1,ef66ed9,add,f1.bin,add_file_total,32.114334,52428800,,None,blake3
50,24,2026-03-11T12:21:22.708513Z,elea,0.1.1,ef66ed9,add,f3.bin,add_file_total,32.173792,52428800,,None,blake3
50,24,2026-03-11T12:21:22.708546Z,elea,0.1.1,ef66ed9,add,f4.bin,add_file_total,32.194374999999994,52428800,,None,blake3
50,24,2026-03-11T12:21:22.708577Z,elea,0.1.1,ef66ed9,add,f5.bin,add_file_total,32.233417,52428800,,None,blake3
50,24,2026-03-11T12:21:22.70863Z,elea,0.1.1,ef66ed9,add,,add_total,32.337334000000006,,5,None,blake3
1,7,2026-03-11T12:21:22.750192Z,elea,0.1.1,ef66ed9,hash,f5.bin,hash,0.602208,1048576,,,blake3
1,7,2026-03-11T12:21:22.750268Z,elea,0.1.1,ef66ed9,hash,f4.bin,hash,0.6055,1048576,,,blake3
1,7,2026-03-11T12:21:22.750276Z,elea,0.1.1,ef66ed9,hash,f3.bin,hash,0.624,1048576,,,blake3
1,7,2026-03-11T12:21:22.750258Z,elea,0.1.1,ef66ed9,hash,f2.bin,hash,0.6177090000000001,1048576,,,blake3
1,7,2026-03-11T12:21:22.750241Z,elea,0.1.1,ef66ed9,hash,f1.bin,hash,0.608208,1048576,,,blake3
1,7,2026-03-11T12:21:22.751989Z,elea,0.1.1,ef66ed9,add,f5.bin,backend_store,0.425166,1048576,,None,blake3
1,7,2026-03-11T12:21:22.752037Z,elea,0.1.1,ef66ed9,add,f4.bin,backend_store,0.45254099999999997,1048576,,None,blake3
1,7,2026-03-11T12:21:22.752117Z,elea,0.1.1,ef66ed9,add,f2.bin,backend_store,0.49633399999999994,1048576,,None,blake3
1,7,2026-03-11T12:21:22.752135Z,elea,0.1.1,ef66ed9,add,f3.bin,backend_store,0.538042,1048576,,None,blake3
1,7,2026-03-11T12:21:22.752146Z,elea,0.1.1,ef66ed9,add,f1.bin,backend_store,0.503166,1048576,,None,blake3
1,7,2026-03-11T12:21:22.752223Z,elea,0.1.1,ef66ed9,add,f5.bin,add_file_total,2.6923749999999997,1048576,,None,blake3
1,7,2026-03-11T12:21:22.752275Z,elea,0.1.1,ef66ed9,add,f4.bin,add_file_total,2.732333,1048576,,None,blake3
1,7,2026-03-11T12:21:22.752309Z,elea,0.1.1,ef66ed9,add,f2.bin,add_file_total,2.783916,1048576,,None,blake3
1,7,2026-03-11T12:21:22.752342Z,elea,0.1.1,ef66ed9,add,f3.bin,add_file_total,2.8202499999999997,1048576,,None,blake3
1,7,2026-03-11T12:21:22.752375Z,elea,0.1.1,ef66ed9,add,f1.bin,add_file_total,2.837208,1048576,,None,blake3
1,7,2026-03-11T12:21:22.752435Z,elea,0.1.1,ef66ed9,add,,add_total,2.9529579999999997,,5,None,blake3
50,5,2026-03-11T12:21:23.434399Z,elea,0.1.1,ef66ed9,hash,f1.bin,hash,29.908792,52428800,,,blake3
50,5,2026-03-11T12:21:23.434136Z,elea,0.1.1,ef66ed9,hash,f5.bin,hash,29.586125000000003,52428800,,,blake3
50,5,2026-03-11T12:21:23.434778Z,elea,0.1.1,ef66ed9,hash,f4.bin,hash,30.234792,52428800,,,blake3
50,5,2026-03-11T12:21:23.434186Z,elea,0.1.1,ef66ed9,hash,f3.bin,hash,29.671709,52428800,,,blake3
50,5,2026-03-11T12:21:23.434174Z,elea,0.1.1,ef66ed9,hash,f2.bin,hash,29.647750000000002,52428800,,,blake3
50,5,2026-03-11T12:21:23.436553Z,elea,0.1.1,ef66ed9,add,f1.bin,backend_store,0.48954200000000003,52428800,,None,blake3
50,5,2026-03-11T12:21:23.436558Z,elea,0.1.1,ef66ed9,add,f4.bin,backend_store,0.4535,52428800,,None,blake3
50,5,2026-03-11T12:21:23.436571Z,elea,0.1.1,ef66ed9,add,f5.bin,backend_store,0.49129200000000006,52428800,,None,blake3
50,5,2026-03-11T12:21:23.436592Z,elea,0.1.1,ef66ed9,add,f3.bin,backend_store,0.45025000000000004,52428800,,None,blake3
50,5,2026-03-11T12:21:23.43661Z,elea,0.1.1,ef66ed9,add,f2.bin,backend_store,0.440292,52428800,,None,blake3
50,5,2026-03-11T12:21:23.436794Z,elea,0.1.1,ef66ed9,add,f4.bin,add_file_total,32.292584,52428800,,None,blake3
50,5,2026-03-11T12:21:23.436826Z,elea,0.1.1,ef66ed9,add,f2.bin,add_file_total,32.322083,52428800,,None,blake3
50,5,2026-03-11T12:21:23.436872Z,elea,0.1.1,ef66ed9,add,f1.bin,add_file_total,32.41875,52428800,,None,blake3
50,5,2026-03-11T12:21:23.43692Z,elea,0.1.1,ef66ed9,add,f3.bin,add_file_total,32.444542,52428800,,None,blake3
50,5,2026-03-11T12:21:23.436964Z,elea,0.1.1,ef66ed9,add,f5.bin,add_file_total,32.472792,52428800,,None,blake3
50,5,2026-03-11T12:21:23.437033Z,elea,0.1.1,ef66ed9,add,,add_total,32.617208000000005,,5,None,blake3
1,23,2026-03-11T12:21:23.484636Z,elea,0.1.1,ef66ed9,hash,f2.bin,hash,0.606459,1048576,,,blake3
1,23,2026-03-11T12:21:23.484644Z,elea,0.1.1,ef66ed9,hash,f5.bin,hash,0.598375,1048576,,,blake3
1,23,2026-03-11T12:21:23.484672Z,elea,0.1.1,ef66ed9,hash,f4.bin,hash,0.602083,1048576,,,blake3
1,23,2026-03-11T12:21:23.484653Z,elea,0.1.1,ef66ed9,hash,f3.bin,hash,0.615917,1048576,,,blake3
1,23,2026-03-11T12:21:23.484664Z,elea,0.1.1,ef66ed9,hash,f1.bin,hash,0.6024999999999999,1048576,,,blake3
1,23,2026-03-11T12:21:23.486693Z,elea,0.1.1,ef66ed9,add,f2.bin,backend_store,0.501,1048576,,None,blake3
1,23,2026-03-11T12:21:23.486706Z,elea,0.1.1,ef66ed9,add,f5.bin,backend_store,0.49870899999999996,1048576,,None,blake3
1,23,2026-03-11T12:21:23.486765Z,elea,0.1.1,ef66ed9,add,f3.bin,backend_store,0.514792,1048576,,None,blake3
1,23,2026-03-11T12:21:23.486777Z,elea,0.1.1,ef66ed9,add,f1.bin,backend_store,0.498416,1048576,,None,blake3
1,23,2026-03-11T12:21:23.48683Z,elea,0.1.1,ef66ed9,add,f4.bin,backend_store,0.5934999999999999,1048576,,None,blake3
1,23,2026-03-11T12:21:23.486857Z,elea,0.1.1,ef66ed9,add,f2.bin,add_file_total,2.865916,1048576,,None,blake3
1,23,2026-03-11T12:21:23.486902Z,elea,0.1.1,ef66ed9,add,f5.bin,add_file_total,2.898,1048576,,None,blake3
1,23,2026-03-11T12:21:23.486935Z,elea,0.1.1,ef66ed9,add,f3.bin,add_file_total,2.934667,1048576,,None,blake3
1,23,2026-03-11T12:21:23.486968Z,elea,0.1.1,ef66ed9,add,f1.bin,add_file_total,2.964875,1048576,,None,blake3
1,23,2026-03-11T12:21:23.486998Z,elea,0.1.1,ef66ed9,add,f4.bin,add_file_total,2.9906669999999997,1048576,,None,blake3
1,23,2026-03-11T12:21:23.487045Z,elea,0.1.1,ef66ed9,add,,add_total,3.0873749999999998,,5,None,blake3
2,12,2026-03-11T12:21:23.537816Z,elea,0.1.1,ef66ed9,hash,f3.bin,hash,1.1789999999999998,2097152,,,blake3
2,12,2026-03-11T12:21:23.537838Z,elea,0.1.1,ef66ed9,hash,f1.bin,hash,1.186958,2097152,,,blake3
2,12,2026-03-11T12:21:23.537826Z,elea,0.1.1,ef66ed9,hash,f5.bin,hash,1.173334,2097152,,,blake3
2,12,2026-03-11T12:21:23.537805Z,elea,0.1.1,ef66ed9,hash,f2.bin,hash,1.181333,2097152,,,blake3
2,12,2026-03-11T12:21:23.537793Z,elea,0.1.1,ef66ed9,hash,f4.bin,hash,1.176375,2097152,,,blake3
2,12,2026-03-11T12:21:23.539822Z,elea,0.1.1,ef66ed9,add,f1.bin,backend_store,0.455625,2097152,,None,blake3
2,12,2026-03-11T12:21:23.539839Z,elea,0.1.1,ef66ed9,add,f3.bin,backend_store,0.49862500000000004,2097152,,None,blake3
2,12,2026-03-11T12:21:23.539848Z,elea,0.1.1,ef66ed9,add,f5.bin,backend_store,0.468125,2097152,,None,blake3
2,12,2026-03-11T12:21:23.539888Z,elea,0.1.1,ef66ed9,add,f2.bin,backend_store,0.4705,2097152,,None,blake3
2,12,2026-03-11T12:21:23.539969Z,elea,0.1.1,ef66ed9,add,f4.bin,backend_store,0.474542,2097152,,None,blake3
2,12,2026-03-11T12:21:23.540014Z,elea,0.1.1,ef66ed9,add,f5.bin,add_file_total,3.427541,2097152,,None,blake3
2,12,2026-03-11T12:21:23.540053Z,elea,0.1.1,ef66ed9,add,f1.bin,add_file_total,3.464458,2097152,,None,blake3
2,12,2026-03-11T12:21:23.540085Z,elea,0.1.1,ef66ed9,add,f3.bin,add_file_total,3.499167,2097152,,None,blake3
2,12,2026-03-11T12:21:23.540117Z,elea,0.1.1,ef66ed9,add,f2.bin,add_file_total,3.532125,2097152,,None,blake3
2,12,2026-03-11T12:21:23.540149Z,elea,0.1.1,ef66ed9,add,f4.bin,add_file_total,3.5775419999999998,2097152,,None,blake3
2,12,2026-03-11T12:21:23.540195Z,elea,0.1.1,ef66ed9,add,,add_total,3.671875,,5,None,blake3
10,16,2026-03-11T12:21:23.693988Z,elea,0.1.1,ef66ed9,hash,f1.bin,hash,5.854917,10485760,,,blake3
10,16,2026-03-11T12:21:23.694227Z,elea,0.1.1,ef66ed9,hash,f4.bin,hash,6.130375000000001,10485760,,,blake3
10,16,2026-03-11T12:21:23.693939Z,elea,0.1.1,ef66ed9,hash,f3.bin,hash,5.844292,10485760,,,blake3
10,16,2026-03-11T12:21:23.694027Z,elea,0.1.1,ef66ed9,hash,f5.bin,hash,5.825541,10485760,,,blake3
10,16,2026-03-11T12:21:23.694038Z,elea,0.1.1,ef66ed9,hash,f2.bin,hash,5.863,10485760,,,blake3
10,16,2026-03-11T12:21:23.696274Z,elea,0.1.1,ef66ed9,add,f1.bin,backend_store,0.509792,10485760,,None,blake3
10,16,2026-03-11T12:21:23.696291Z,elea,0.1.1,ef66ed9,add,f4.bin,backend_store,0.507084,10485760,,None,blake3
10,16,2026-03-11T12:21:23.696316Z,elea,0.1.1,ef66ed9,add,f3.bin,backend_store,0.4935,10485760,,None,blake3
10,16,2026-03-11T12:21:23.696326Z,elea,0.1.1,ef66ed9,add,f5.bin,backend_store,0.486541,10485760,,None,blake3
10,16,2026-03-11T12:21:23.696422Z,elea,0.1.1,ef66ed9,add,f2.bin,backend_store,0.544875,10485760,,None,blake3
10,16,2026-03-11T12:21:23.69647Z,elea,0.1.1,ef66ed9,add,f1.bin,add_file_total,8.422291,10485760,,None,blake3
10,16,2026-03-11T12:21:23.696498Z,elea,0.1.1,ef66ed9,add,f3.bin,add_file_total,8.445917000000001,10485760,,None,blake3
10,16,2026-03-11T12:21:23.696553Z,elea,0.1.1,ef66ed9,add,f4.bin,add_file_total,8.500292,10485760,,None,blake3
10,16,2026-03-11T12:21:23.696595Z,elea,0.1.1,ef66ed9,add,f5.bin,add_file_total,8.540625,10485760,,None,blake3
10,16,2026-03-11T12:21:23.696637Z,elea,0.1.1,ef66ed9,add,f2.bin,add_file_total,8.582834,10485760,,None,blake3
10,16,2026-03-11T12:21:23.696703Z,elea,0.1.1,ef66ed9,add,,add_total,8.699792,,5,None,blake3
1,13,2026-03-11T12:21:23.733375Z,elea,0.1.1,ef66ed9,hash,f3.bin,hash,0.607916,1048576,,,blake3
1,13,2026-03-11T12:21:23.733383Z,elea,0.1.1,ef66ed9,hash,f5.bin,hash,0.5965830000000001,1048576,,,blake3
1,13,2026-03-11T12:21:23.733435Z,elea,0.1.1,ef66ed9,hash,f2.bin,hash,0.631375,1048576,,,blake3
1,13,2026-03-11T12:21:23.7334Z,elea,0.1.1,ef66ed9,hash,f1.bin,hash,0.5998330000000001,1048576,,,blake3
1,13,2026-03-11T12:21:23.733392Z,elea,0.1.1,ef66ed9,hash,f4.bin,hash,0.600125,1048576,,,blake3
1,13,2026-03-11T12:21:23.735158Z,elea,0.1.1,ef66ed9,add,f2.bin,backend_store,0.380292,1048576,,None,blake3
1,13,2026-03-11T12:21:23.735257Z,elea,0.1.1,ef66ed9,add,f3.bin,backend_store,0.51075,1048576,,None,blake3
1,13,2026-03-11T12:21:23.735305Z,elea,0.1.1,ef66ed9,add,f1.bin,backend_store,0.49525,1048576,,None,blake3
1,13,2026-03-11T12:21:23.735316Z,elea,0.1.1,ef66ed9,add,f4.bin,backend_store,0.47654199999999997,1048576,,None,blake3
1,13,2026-03-11T12:21:23.735322Z,elea,0.1.1,ef66ed9,add,f5.bin,backend_store,0.556959,1048576,,None,blake3
1,13,2026-03-11T12:21:23.735329Z,elea,0.1.1,ef66ed9,add,f2.bin,add_file_total,2.558167,1048576,,None,blake3
1,13,2026-03-11T12:21:23.73541Z,elea,0.1.1,ef66ed9,add,f3.bin,add_file_total,2.675083,1048576,,None,blake3
1,13,2026-03-11T12:21:23.735494Z,elea,0.1.1,ef66ed9,add,f5.bin,add_file_total,2.746667,1048576,,None,blake3
1,13,2026-03-11T12:21:23.735542Z,elea,0.1.1,ef66ed9,add,f1.bin,add_file_total,2.793042,1048576,,None,blake3
1,13,2026-03-11T12:21:23.735575Z,elea,0.1.1,ef66ed9,add,f4.bin,add_file_total,2.829291,1048576,,None,blake3
1,13,2026-03-11T12:21:23.735631Z,elea,0.1.1,ef66ed9,add,,add_total,2.931917,,5,None,blake3
5,21,2026-03-11T12:21:23.82301Z,elea,0.1.1,ef66ed9,hash,f1.bin,hash,2.946667,5242880,,,blake3
5,21,2026-03-11T12:21:23.822989Z,elea,0.1.1,ef66ed9,hash,f4.bin,hash,2.998083,5242880,,,blake3
5,21,2026-03-11T12:21:23.82292Z,elea,0.1.1,ef66ed9,hash,f5.bin,hash,2.892958,5242880,,,blake3
5,21,2026-03-11T12:21:23.822941Z,elea,0.1.1,ef66ed9,hash,f3.bin,hash,2.933958,5242880,,,blake3
5,21,2026-03-11T12:21:23.822982Z,elea,0.1.1,ef66ed9,hash,f2.bin,hash,2.942708,5242880,,,blake3
5,21,2026-03-11T12:21:23.825302Z,elea,0.1.1,ef66ed9,add,f5.bin,backend_store,0.468708,5242880,,None,blake3
5,21,2026-03-11T12:21:23.825329Z,elea,0.1.1,ef66ed9,add,f4.bin,backend_store,0.508209,5242880,,None,blake3
5,21,2026-03-11T12:21:23.825363Z,elea,0.1.1,ef66ed9,add,f1.bin,backend_store,0.569,5242880,,None,blake3
5,21,2026-03-11T12:21:23.825425Z,elea,0.1.1,ef66ed9,add,f3.bin,backend_store,0.57125,5242880,,None,blake3
5,21,2026-03-11T12:21:23.825461Z,elea,0.1.1,ef66ed9,add,f2.bin,backend_store,0.5050410000000001,5242880,,None,blake3
5,21,2026-03-11T12:21:23.825468Z,elea,0.1.1,ef66ed9,add,f5.bin,add_file_total,5.492292,5242880,,None,blake3
5,21,2026-03-11T12:21:23.825517Z,elea,0.1.1,ef66ed9,add,f4.bin,add_file_total,5.562208,5242880,,None,blake3
5,21,2026-03-11T12:21:23.825577Z,elea,0.1.1,ef66ed9,add,f1.bin,add_file_total,5.591417,5242880,,None,blake3
5,21,2026-03-11T12:21:23.825619Z,elea,0.1.1,ef66ed9,add,f3.bin,add_file_total,5.646083,5242880,,None,blake3
5,21,2026-03-11T12:21:23.825665Z,elea,0.1.1,ef66ed9,add,f2.bin,add_file_total,5.686666,5242880,,None,blake3
5,21,2026-03-11T12:21:23.825731Z,elea,0.1.1,ef66ed9,add,,add_total,5.819167,,5,None,blake3
2,1,2026-03-11T12:21:23.874158Z,elea,0.1.1,ef66ed9,hash,f1.bin,hash,1.183833,2097152,,,blake3
2,1,2026-03-11T12:21:23.874169Z,elea,0.1.1,ef66ed9,hash,f5.bin,hash,1.1743750000000002,2097152,,,blake3
2,1,2026-03-11T12:21:23.874177Z,elea,0.1.1,ef66ed9,hash,f2.bin,hash,1.178375,2097152,,,blake3
2,1,2026-03-11T12:21:23.87415Z,elea,0.1.1,ef66ed9,hash,f3.bin,hash,1.1719169999999999,2097152,,,blake3
2,1,2026-03-11T12:21:23.874137Z,elea,0.1.1,ef66ed9,hash,f4.bin,hash,1.1715829999999998,2097152,,,blake3
2,1,2026-03-11T12:21:23.876329Z,elea,0.1.1,ef66ed9,add,f1.bin,backend_store,0.6038330000000001,2097152,,None,blake3
2,1,2026-03-11T12:21:23.876445Z,elea,0.1.1,ef66ed9,add,f3.bin,backend_store,0.618167,2097152,,None,blake3
2,1,2026-03-11T12:21:23.876496Z,elea,0.1.1,ef66ed9,add,f5.bin,backend_store,0.7587079999999999,2097152,,None,blake3
2,1,2026-03-11T12:21:23.876517Z,elea,0.1.1,ef66ed9,add,f4.bin,backend_store,0.662625,2097152,,None,blake3
2,1,2026-03-11T12:21:23.87654Z,elea,0.1.1,ef66ed9,add,f1.bin,add_file_total,3.6219580000000002,2097152,,None,blake3
2,1,2026-03-11T12:21:23.876579Z,elea,0.1.1,ef66ed9,add,f2.bin,backend_store,0.786833,2097152,,None,blake3
2,1,2026-03-11T12:21:23.876621Z,elea,0.1.1,ef66ed9,add,f3.bin,add_file_total,3.6909170000000002,2097152,,None,blake3
2,1,2026-03-11T12:21:23.876727Z,elea,0.1.1,ef66ed9,add,f4.bin,add_file_total,3.793791,2097152,,None,blake3
2,1,2026-03-11T12:21:23.876768Z,elea,0.1.1,ef66ed9,add,f5.bin,add_file_total,3.832125,2097152,,None,blake3
2,1,2026-03-11T12:21:23.876798Z,elea,0.1.1,ef66ed9,add,f2.bin,add_file_total,3.861542,2097152,,None,blake3
2,1,2026-03-11T12:21:23.876865Z,elea,0.1.1,ef66ed9,add,,add_total,3.99325,,5,None,blake3
2,16,2026-03-11T12:21:23.928115Z,elea,0.1.1,ef66ed9,hash,f2.bin,hash,1.174208,2097152,,,blake3
2,16,2026-03-11T12:21:23.928108Z,elea,0.1.1,ef66ed9,hash,f5.bin,hash,1.190041,2097152,,,blake3
2,16,2026-03-11T12:21:23.928095Z,elea,0.1.1,ef66ed9,hash,f4.bin,hash,1.171208,2097152,,,blake3
2,16,2026-03-11T12:21:23.928076Z,elea,0.1.1,ef66ed9,hash,f3.bin,hash,1.199625,2097152,,,blake3
2,16,2026-03-11T12:21:23.928061Z,elea,0.1.1,ef66ed9,hash,f1.bin,hash,1.19675,2097152,,,blake3
2,16,2026-03-11T12:21:23.930454Z,elea,0.1.1,ef66ed9,add,f5.bin,backend_store,0.7127910000000001,2097152,,None,blake3
2,16,2026-03-11T12:21:23.930465Z,elea,0.1.1,ef66ed9,add,f1.bin,backend_store,0.655417,2097152,,None,blake3
2,16,2026-03-11T12:21:23.930476Z,elea,0.1.1,ef66ed9,add,f3.bin,backend_store,0.6937920000000001,2097152,,None,blake3
2,16,2026-03-11T12:21:23.930493Z,elea,0.1.1,ef66ed9,add,f4.bin,backend_store,0.696542,2097152,,None,blake3
2,16,2026-03-11T12:21:23.930524Z,elea,0.1.1,ef66ed9,add,f2.bin,backend_store,0.754459,2097152,,None,blake3
2,16,2026-03-11T12:21:23.930658Z,elea,0.1.1,ef66ed9,add,f3.bin,add_file_total,3.824916,2097152,,None,blake3
2,16,2026-03-11T12:21:23.930713Z,elea,0.1.1,ef66ed9,add,f5.bin,add_file_total,3.849125,2097152,,None,blake3
2,16,2026-03-11T12:21:23.930753Z,elea,0.1.1,ef66ed9,add,f1.bin,add_file_total,3.9282500000000002,2097152,,None,blake3
2,16,2026-03-11T12:21:23.930785Z,elea,0.1.1,ef66ed9,add,f4.bin,add_file_total,3.9258749999999996,2097152,,None,blake3
2,16,2026-03-11T12:21:23.930813Z,elea,0.1.1,ef66ed9,add,f2.bin,add_file_total,3.9803750000000004,2097152,,None,blake3
2,16,2026-03-11T12:21:23.930875Z,elea,0.1.1,ef66ed9,add,,add_total,4.090792,,5,None,blake3
50,11,2026-03-11T12:21:24.600869Z,elea,0.1.1,ef66ed9,hash,f2.bin,hash,30.010541000000003,52428800,,,blake3
50,11,2026-03-11T12:21:24.60083Z,elea,0.1.1,ef66ed9,hash,f5.bin,hash,30.016375,52428800,,,blake3
50,11,2026-03-11T12:21:24.600973Z,elea,0.1.1,ef66ed9,hash,f1.bin,hash,30.171084,52428800,,,blake3
50,11,2026-03-11T12:21:24.600933Z,elea,0.1.1,ef66ed9,hash,f4.bin,hash,30.137792,52428800,,,blake3
50,11,2026-03-11T12:21:24.600692Z,elea,0.1.1,ef66ed9,hash,f3.bin,hash,29.840166,52428800,,,blake3
50,11,2026-03-11T12:21:24.60305Z,elea,0.1.1,ef66ed9,add,f2.bin,backend_store,0.672416,52428800,,None,blake3
50,11,2026-03-11T12:21:24.603229Z,elea,0.1.1,ef66ed9,add,f4.bin,backend_store,0.740583,52428800,,None,blake3
50,11,2026-03-11T12:21:24.60355Z,elea,0.1.1,ef66ed9,add,f5.bin,backend_store,1.1564590000000001,52428800,,None,blake3
50,11,2026-03-11T12:21:24.603628Z,elea,0.1.1,ef66ed9,add,f3.bin,backend_store,1.1090419999999999,52428800,,None,blake3
50,11,2026-03-11T12:21:24.603695Z,elea,0.1.1,ef66ed9,add,f1.bin,backend_store,1.243792,52428800,,None,blake3
50,11,2026-03-11T12:21:24.603877Z,elea,0.1.1,ef66ed9,add,f2.bin,add_file_total,33.085416,52428800,,None,blake3
50,11,2026-03-11T12:21:24.604004Z,elea,0.1.1,ef66ed9,add,f4.bin,add_file_total,33.25512500000001,52428800,,None,blake3
50,11,2026-03-11T12:21:24.604055Z,elea,0.1.1,ef66ed9,add,f5.bin,add_file_total,33.266834,52428800,,None,blake3
50,11,2026-03-11T12:21:24.604117Z,elea,0.1.1,ef66ed9,add,f1.bin,add_file_total,33.335416,52428800,,None,blake3
50,11,2026-03-11T12:21:24.604149Z,elea,0.1.1,ef66ed9,add,f3.bin,add_file_total,33.358875000000005,52428800,,None,blake3
50,11,2026-03-11T12:21:24.604218Z,elea,0.1.1,ef66ed9,add,,add_total,33.507917,,5,None,blake3
5,22,2026-03-11T12:21:24.704784Z,elea,0.1.1,ef66ed9,hash,f1.bin,hash,2.950875,5242880,,,blake3
5,22,2026-03-11T12:21:24.704794Z,elea,0.1.1,ef66ed9,hash,f5.bin,hash,2.918,5242880,,,blake3
5,22,2026-03-11T12:21:24.704772Z,elea,0.1.1,ef66ed9,hash,f4.bin,hash,2.9299999999999997,5242880,,,blake3
5,22,2026-03-11T12:21:24.704751Z,elea,0.1.1,ef66ed9,hash,f3.bin,hash,2.9494170000000004,5242880,,,blake3
5,22,2026-03-11T12:21:24.704707Z,elea,0.1.1,ef66ed9,hash,f2.bin,hash,2.9021670000000004,5242880,,,blake3
5,22,2026-03-11T12:21:24.707069Z,elea,0.1.1,ef66ed9,add,f1.bin,backend_store,0.593167,5242880,,None,blake3
5,22,2026-03-11T12:21:24.707104Z,elea,0.1.1,ef66ed9,add,f4.bin,backend_store,0.575792,5242880,,None,blake3
5,22,2026-03-11T12:21:24.707111Z,elea,0.1.1,ef66ed9,add,f5.bin,backend_store,0.610541,5242880,,None,blake3
5,22,2026-03-11T12:21:24.707195Z,elea,0.1.1,ef66ed9,add,f2.bin,backend_store,0.603625,5242880,,None,blake3
5,22,2026-03-11T12:21:24.707235Z,elea,0.1.1,ef66ed9,add,f3.bin,backend_store,0.6204999999999999,5242880,,None,blake3
5,22,2026-03-11T12:21:24.707331Z,elea,0.1.1,ef66ed9,add,f1.bin,add_file_total,5.555334,5242880,,None,blake3
5,22,2026-03-11T12:21:24.707377Z,elea,0.1.1,ef66ed9,add,f4.bin,add_file_total,5.607125,5242880,,None,blake3
5,22,2026-03-11T12:21:24.707408Z,elea,0.1.1,ef66ed9,add,f5.bin,add_file_total,5.618709,5242880,,None,blake3
5,22,2026-03-11T12:21:24.707437Z,elea,0.1.1,ef66ed9,add,f2.bin,add_file_total,5.6722079999999995,5242880,,None,blake3
5,22,2026-03-11T12:21:24.70747Z,elea,0.1.1,ef66ed9,add,f3.bin,add_file_total,5.713667,5242880,,None,blake3
5,22,2026-03-11T12:21:24.707521Z,elea,0.1.1,ef66ed9,add,,add_total,5.8031250000000005,,5,None,blake3
5,4,2026-03-11T12:21:24.797288Z,elea,0.1.1,ef66ed9,hash,f4.bin,hash,2.909792,5242880,,,blake3
5,4,2026-03-11T12:21:24.797233Z,elea,0.1.1,ef66ed9,hash,f5.bin,hash,2.891542,5242880,,,blake3
5,4,2026-03-11T12:21:24.797342Z,elea,0.1.1,ef66ed9,hash,f1.bin,hash,2.965667,5242880,,,blake3
5,4,2026-03-11T12:21:24.797266Z,elea,0.1.1,ef66ed9,hash,f3.bin,hash,2.9173329999999997,5242880,,,blake3
5,4,2026-03-11T12:21:24.79733Z,elea,0.1.1,ef66ed9,hash,f2.bin,hash,2.937083,5242880,,,blake3
5,4,2026-03-11T12:21:24.799756Z,elea,0.1.1,ef66ed9,add,f5.bin,backend_store,0.643542,5242880,,None,blake3
5,4,2026-03-11T12:21:24.799768Z,elea,0.1.1,ef66ed9,add,f3.bin,backend_store,0.608917,5242880,,None,blake3
5,4,2026-03-11T12:21:24.799796Z,elea,0.1.1,ef66ed9,add,f2.bin,backend_store,0.607916,5242880,,None,blake3
5,4,2026-03-11T12:21:24.79982Z,elea,0.1.1,ef66ed9,add,f1.bin,backend_store,0.6826249999999999,5242880,,None,blake3
5,4,2026-03-11T12:21:24.799833Z,elea,0.1.1,ef66ed9,add,f4.bin,backend_store,0.7397499999999999,5242880,,None,blake3
5,4,2026-03-11T12:21:24.799992Z,elea,0.1.1,ef66ed9,add,f3.bin,add_file_total,5.692041,5242880,,None,blake3
5,4,2026-03-11T12:21:24.800039Z,elea,0.1.1,ef66ed9,add,f2.bin,add_file_total,5.726709,5242880,,None,blake3
5,4,2026-03-11T12:21:24.800087Z,elea,0.1.1,ef66ed9,add,f1.bin,add_file_total,5.777333,5242880,,None,blake3
5,4,2026-03-11T12:21:24.800124Z,elea,0.1.1,ef66ed9,add,f5.bin,add_file_total,5.8330839999999995,5242880,,None,blake3
5,4,2026-03-11T12:21:24.80017Z,elea,0.1.1,ef66ed9,add,f4.bin,add_file_total,5.85725,5242880,,None,blake3
5,4,2026-03-11T12:21:24.800266Z,elea,0.1.1,ef66ed9,add,,add_total,6.020292,,5,None,blake3
10,6,2026-03-11T12:21:24.989147Z,elea,0.1.1,ef66ed9,hash,f1.bin,hash,5.867167,10485760,,,blake3
10,6,2026-03-11T12:21:24.989005Z,elea,0.1.1,ef66ed9,hash,f5.bin,hash,5.709958,10485760,,,blake3
10,6,2026-03-11T12:21:24.988977Z,elea,0.1.1,ef66ed9,hash,f4.bin,hash,5.742,10485760,,,blake3
10,6,2026-03-11T12:21:24.989097Z,elea,0.1.1,ef66ed9,hash,f3.bin,hash,5.823334,10485760,,,blake3
10,6,2026-03-11T12:21:24.989114Z,elea,0.1.1,ef66ed9,hash,f2.bin,hash,5.841041,10485760,,,blake3
10,6,2026-03-11T12:21:24.991274Z,elea,0.1.1,ef66ed9,add,f4.bin,backend_store,0.467667,10485760,,None,blake3
10,6,2026-03-11T12:21:24.991286Z,elea,0.1.1,ef66ed9,add,f1.bin,backend_store,0.517167,10485760,,None,blake3
10,6,2026-03-11T12:21:24.991305Z,elea,0.1.1,ef66ed9,add,f5.bin,backend_store,0.515792,10485760,,None,blake3
10,6,2026-03-11T12:21:24.991322Z,elea,0.1.1,ef66ed9,add,f3.bin,backend_store,0.477083,10485760,,None,blake3
10,6,2026-03-11T12:21:24.991417Z,elea,0.1.1,ef66ed9,add,f2.bin,backend_store,0.540625,10485760,,None,blake3
10,6,2026-03-11T12:21:24.991489Z,elea,0.1.1,ef66ed9,add,f4.bin,add_file_total,8.290041,10485760,,None,blake3
10,6,2026-03-11T12:21:24.991541Z,elea,0.1.1,ef66ed9,add,f5.bin,add_file_total,8.316208,10485760,,None,blake3
10,6,2026-03-11T12:21:24.991596Z,elea,0.1.1,ef66ed9,add,f1.bin,add_file_total,8.372582999999999,10485760,,None,blake3
10,6,2026-03-11T12:21:24.991648Z,elea,0.1.1,ef66ed9,add,f3.bin,add_file_total,8.426334,10485760,,None,blake3
10,6,2026-03-11T12:21:24.991683Z,elea,0.1.1,ef66ed9,add,f2.bin,add_file_total,8.469833,10485760,,None,blake3
10,6,2026-03-11T12:21:24.991744Z,elea,0.1.1,ef66ed9,add,,add_total,8.577542000000001,,5,None,blake3
50,9,2026-03-11T12:21:25.676669Z,elea,0.1.1,ef66ed9,hash,f5.bin,hash,28.93275,52428800,,,blake3
50,9,2026-03-11T12:21:25.676651Z,elea,0.1.1,ef66ed9,hash,f3.bin,hash,28.95075,52428800,,,blake3
50,9,2026-03-11T12:21:25.676685Z,elea,0.1.1,ef66ed9,hash,f2.bin,hash,28.987834,52428800,,,blake3
50,9,2026-03-11T12:21:25.67679Z,elea,0.1.1,ef66ed9,hash,f4.bin,hash,29.0795,52428800,,,blake3
50,9,2026-03-11T12:21:25.676826Z,elea,0.1.1,ef66ed9,hash,f1.bin,hash,29.127958,52428800,,,blake3
50,9,2026-03-11T12:21:25.679148Z,elea,0.1.1,ef66ed9,add,f5.bin,backend_store,0.466875,52428800,,None,blake3
50,9,2026-03-11T12:21:25.679158Z,elea,0.1.1,ef66ed9,add,f2.bin,backend_store,0.43324999999999997,52428800,,None,blake3
50,9,2026-03-11T12:21:25.679175Z,elea,0.1.1,ef66ed9,add,f3.bin,backend_store,0.475541,52428800,,None,blake3
50,9,2026-03-11T12:21:25.679194Z,elea,0.1.1,ef66ed9,add,f4.bin,backend_store,0.43291599999999997,52428800,,None,blake3
50,9,2026-03-11T12:21:25.679249Z,elea,0.1.1,ef66ed9,add,f1.bin,backend_store,0.457334,52428800,,None,blake3
50,9,2026-03-11T12:21:25.679346Z,elea,0.1.1,ef66ed9,add,f5.bin,add_file_total,31.682042,52428800,,None,blake3
50,9,2026-03-11T12:21:25.679381Z,elea,0.1.1,ef66ed9,add,f2.bin,add_file_total,31.752708,52428800,,None,blake3
50,9,2026-03-11T12:21:25.679413Z,elea,0.1.1,ef66ed9,add,f3.bin,add_file_total,31.748875,52428800,,None,blake3
50,9,2026-03-11T12:21:25.679442Z,elea,0.1.1,ef66ed9,add,f4.bin,add_file_total,31.778000000000002,52428800,,None,blake3
50,9,2026-03-11T12:21:25.679473Z,elea,0.1.1,ef66ed9,add,f1.bin,add_file_total,31.808666,52428800,,None,blake3
50,9,2026-03-11T12:21:25.679523Z,elea,0.1.1,ef66ed9,add,,add_total,31.92825,,5,None,blake3
50,8,2026-03-11T12:21:26.365021Z,elea,0.1.1,ef66ed9,hash,f4.bin,hash,29.604917,52428800,,,blake3
50,8,2026-03-11T12:21:26.365366Z,elea,0.1.1,ef66ed9,hash,f3.bin,hash,29.996959,52428800,,,blake3
50,8,2026-03-11T12:21:26.364442Z,elea,0.1.1,ef66ed9,hash,f5.bin,hash,29.030375,52428800,,,blake3
50,8,2026-03-11T12:21:26.364945Z,elea,0.1.1,ef66ed9,hash,f2.bin,hash,29.546542,52428800,,,blake3
50,8,2026-03-11T12:21:26.364818Z,elea,0.1.1,ef66ed9,hash,f1.bin,hash,29.432167,52428800,,,blake3
50,8,2026-03-11T12:21:26.36736Z,elea,0.1.1,ef66ed9,add,f2.bin,backend_store,0.6375419999999999,52428800,,None,blake3
50,8,2026-03-11T12:21:26.367383Z,elea,0.1.1,ef66ed9,add,f5.bin,backend_store,0.6948749999999999,52428800,,None,blake3
50,8,2026-03-11T12:21:26.367493Z,elea,0.1.1,ef66ed9,add,f3.bin,backend_store,0.8374170000000001,52428800,,None,blake3
50,8,2026-03-11T12:21:26.367533Z,elea,0.1.1,ef66ed9,add,f4.bin,backend_store,0.882333,52428800,,None,blake3
50,8,2026-03-11T12:21:26.367572Z,elea,0.1.1,ef66ed9,add,f1.bin,backend_store,0.8172919999999999,52428800,,None,blake3
50,8,2026-03-11T12:21:26.367592Z,elea,0.1.1,ef66ed9,add,f2.bin,add_file_total,32.240125,52428800,,None,blake3
50,8,2026-03-11T12:21:26.367707Z,elea,0.1.1,ef66ed9,add,f5.bin,add_file_total,32.347458,52428800,,None,blake3
50,8,2026-03-11T12:21:26.367754Z,elea,0.1.1,ef66ed9,add,f3.bin,add_file_total,32.419709,52428800,,None,blake3
50,8,2026-03-11T12:21:26.367797Z,elea,0.1.1,ef66ed9,add,f4.bin,add_file_total,32.426249999999996,52428800,,None,blake3
50,8,2026-03-11T12:21:26.367848Z,elea,0.1.1,ef66ed9,add,f1.bin,add_file_total,32.5065,52428800,,None,blake3
50,8,2026-03-11T12:21:26.367908Z,elea,0.1.1,ef66ed9,add,,add_total,32.604082999999996,,5,None,blake3
5,8,2026-03-11T12:21:26.461262Z,elea,0.1.1,ef66ed9,hash,f4.bin,hash,2.924709,5242880,,,blake3
5,8,2026-03-11T12:21:26.461249Z,elea,0.1.1,ef66ed9,hash,f1.bin,hash,2.914042,5242880,,,blake3
5,8,2026-03-11T12:21:26.461224Z,elea,0.1.1,ef66ed9,hash,f5.bin,hash,2.8745,5242880,,,blake3
5,8,2026-03-11T12:21:26.461271Z,elea,0.1.1,ef66ed9,hash,f3.bin,hash,2.90075,5242880,,,blake3
5,8,2026-03-11T12:21:26.461232Z,elea,0.1.1,ef66ed9,hash,f2.bin,hash,2.919959,5242880,,,blake3
5,8,2026-03-11T12:21:26.463696Z,elea,0.1.1,ef66ed9,add,f1.bin,backend_store,0.5439579999999999,5242880,,None,blake3
5,8,2026-03-11T12:21:26.463715Z,elea,0.1.1,ef66ed9,add,f5.bin,backend_store,0.5415840000000001,5242880,,None,blake3
5,8,2026-03-11T12:21:26.463724Z,elea,0.1.1,ef66ed9,add,f4.bin,backend_store,0.587042,5242880,,None,blake3
5,8,2026-03-11T12:21:26.463763Z,elea,0.1.1,ef66ed9,add,f3.bin,backend_store,0.536,5242880,,None,blake3
5,8,2026-03-11T12:21:26.463803Z,elea,0.1.1,ef66ed9,add,f2.bin,backend_store,0.551459,5242880,,None,blake3
5,8,2026-03-11T12:21:26.463901Z,elea,0.1.1,ef66ed9,add,f1.bin,add_file_total,5.618583,5242880,,None,blake3
5,8,2026-03-11T12:21:26.463935Z,elea,0.1.1,ef66ed9,add,f5.bin,add_file_total,5.65125,5242880,,None,blake3
5,8,2026-03-11T12:21:26.463963Z,elea,0.1.1,ef66ed9,add,f4.bin,add_file_total,5.689625,5242880,,None,blake3
5,8,2026-03-11T12:21:26.463994Z,elea,0.1.1,ef66ed9,add,f3.bin,add_file_total,5.709208,5242880,,None,blake3
5,8,2026-03-11T12:21:26.464023Z,elea,0.1.1,ef66ed9,add,f2.bin,add_file_total,5.747625,5242880,,None,blake3
5,8,2026-03-11T12:21:26.464071Z,elea,0.1.1,ef66ed9,add,,add_total,5.8387910000000005,,5,None,blake3
2,24,2026-03-11T12:21:26.523804Z,elea,0.1.1,ef66ed9,hash,f3.bin,hash,1.197709,2097152,,,blake3
2,24,2026-03-11T12:21:26.523786Z,elea,0.1.1,ef66ed9,hash,f4.bin,hash,1.1496659999999999,2097152,,,blake3
2,24,2026-03-11T12:21:26.523774Z,elea,0.1.1,ef66ed9,hash,f2.bin,hash,1.1906670000000001,2097152,,,blake3
2,24,2026-03-11T12:21:26.523794Z,elea,0.1.1,ef66ed9,hash,f5.bin,hash,1.171666,2097152,,,blake3
2,24,2026-03-11T12:21:26.523763Z,elea,0.1.1,ef66ed9,hash,f1.bin,hash,1.193,2097152,,,blake3
2,24,2026-03-11T12:21:26.525907Z,elea,0.1.1,ef66ed9,add,f3.bin,backend_store,0.53175,2097152,,None,blake3
2,24,2026-03-11T12:21:26.525915Z,elea,0.1.1,ef66ed9,add,f2.bin,backend_store,0.502542,2097152,,None,blake3
2,24,2026-03-11T12:21:26.525927Z,elea,0.1.1,ef66ed9,add,f5.bin,backend_store,0.481541,2097152,,None,blake3
2,24,2026-03-11T12:21:26.525989Z,elea,0.1.1,ef66ed9,add,f4.bin,backend_store,0.598542,2097152,,None,blake3
2,24,2026-03-11T12:21:26.526107Z,elea,0.1.1,ef66ed9,add,f1.bin,backend_store,0.582667,2097152,,None,blake3
2,24,2026-03-11T12:21:26.526127Z,elea,0.1.1,ef66ed9,add,f3.bin,add_file_total,3.571958,2097152,,None,blake3
2,24,2026-03-11T12:21:26.526162Z,elea,0.1.1,ef66ed9,add,f2.bin,add_file_total,3.620834,2097152,,None,blake3
2,24,2026-03-11T12:21:26.5262Z,elea,0.1.1,ef66ed9,add,f5.bin,add_file_total,3.640542,2097152,,None,blake3
2,24,2026-03-11T12:21:26.526236Z,elea,0.1.1,ef66ed9,add,f4.bin,add_file_total,3.6681660000000003,2097152,,None,blake3
2,24,2026-03-11T12:21:26.526264Z,elea,0.1.1,ef66ed9,add,f1.bin,add_file_total,3.731083,2097152,,None,blake3
2,24,2026-03-11T12:21:26.526311Z,elea,0.1.1,ef66ed9,add,,add_total,3.816334,,5,None,blake3
50,7,2026-03-11T12:21:27.219132Z,elea,0.1.1,ef66ed9,hash,f5.bin,hash,28.948125,52428800,,,blake3
50,7,2026-03-11T12:21:27.219002Z,elea,0.1.1,ef66ed9,hash,f2.bin,hash,28.834417000000002,52428800,,,blake3
50,7,2026-03-11T12:21:27.218955Z,elea,0.1.1,ef66ed9,hash,f3.bin,hash,28.801167,52428800,,,blake3
50,7,2026-03-11T12:21:27.219121Z,elea,0.1.1,ef66ed9,hash,f4.bin,hash,28.91725,52428800,,,blake3
50,7,2026-03-11T12:21:27.219172Z,elea,0.1.1,ef66ed9,hash,f1.bin,hash,28.982917,52428800,,,blake3
50,7,2026-03-11T12:21:27.222577Z,elea,0.1.1,ef66ed9,add,f3.bin,backend_store,1.413959,52428800,,None,blake3
50,7,2026-03-11T12:21:27.2226Z,elea,0.1.1,ef66ed9,add,f2.bin,backend_store,1.471875,52428800,,None,blake3
50,7,2026-03-11T12:21:27.222653Z,elea,0.1.1,ef66ed9,add,f5.bin,backend_store,1.530833,52428800,,None,blake3
50,7,2026-03-11T12:21:27.222664Z,elea,0.1.1,ef66ed9,add,f4.bin,backend_store,1.451916,52428800,,None,blake3
50,7,2026-03-11T12:21:27.222679Z,elea,0.1.1,ef66ed9,add,f1.bin,backend_store,1.4361249999999999,52428800,,None,blake3
50,7,2026-03-11T12:21:27.222796Z,elea,0.1.1,ef66ed9,add,f3.bin,add_file_total,32.676333,52428800,,None,blake3
50,7,2026-03-11T12:21:27.222846Z,elea,0.1.1,ef66ed9,add,f2.bin,add_file_total,32.721875,52428800,,None,blake3
50,7,2026-03-11T12:21:27.222873Z,elea,0.1.1,ef66ed9,add,f1.bin,add_file_total,32.74225,52428800,,None,blake3
50,7,2026-03-11T12:21:27.222907Z,elea,0.1.1,ef66ed9,add,f4.bin,add_file_total,32.775833,52428800,,None,blake3
50,7,2026-03-11T12:21:27.222939Z,elea,0.1.1,ef66ed9,add,f5.bin,add_file_total,32.79075,52428800,,None,blake3
50,7,2026-03-11T12:21:27.222992Z,elea,0.1.1,ef66ed9,add,,add_total,32.921916,,5,None,blake3
1,25,2026-03-11T12:21:27.265059Z,elea,0.1.1,ef66ed9,hash,f1.bin,hash,0.606791,1048576,,,blake3
1,25,2026-03-11T12:21:27.265066Z,elea,0.1.1,ef66ed9,hash,f4.bin,hash,0.605417,1048576,,,blake3
1,25,2026-03-11T12:21:27.265079Z,elea,0.1.1,ef66ed9,hash,f5.bin,hash,0.6057089999999999,1048576,,,blake3
1,25,2026-03-11T12:21:27.265122Z,elea,0.1.1,ef66ed9,hash,f3.bin,hash,0.658625,1048576,,,blake3
1,25,2026-03-11T12:21:27.265047Z,elea,0.1.1,ef66ed9,hash,f2.bin,hash,0.610625,1048576,,,blake3
1,25,2026-03-11T12:21:27.26705Z,elea,0.1.1,ef66ed9,add,f4.bin,backend_store,0.5639580000000001,1048576,,None,blake3
1,25,2026-03-11T12:21:27.267057Z,elea,0.1.1,ef66ed9,add,f1.bin,backend_store,0.5764589999999999,1048576,,None,blake3
1,25,2026-03-11T12:21:27.267146Z,elea,0.1.1,ef66ed9,add,f2.bin,backend_store,0.589875,1048576,,None,blake3
1,25,2026-03-11T12:21:27.267168Z,elea,0.1.1,ef66ed9,add,f5.bin,backend_store,0.653917,1048576,,None,blake3
1,25,2026-03-11T12:21:27.267186Z,elea,0.1.1,ef66ed9,add,f3.bin,backend_store,0.652834,1048576,,None,blake3
1,25,2026-03-11T12:21:27.267322Z,elea,0.1.1,ef66ed9,add,f1.bin,add_file_total,2.9021250000000003,1048576,,None,blake3
1,25,2026-03-11T12:21:27.267384Z,elea,0.1.1,ef66ed9,add,f2.bin,add_file_total,2.986667,1048576,,None,blake3
1,25,2026-03-11T12:21:27.267443Z,elea,0.1.1,ef66ed9,add,f4.bin,add_file_total,3.015417,1048576,,None,blake3
1,25,2026-03-11T12:21:27.267481Z,elea,0.1.1,ef66ed9,add,f5.bin,add_file_total,3.0561249999999998,1048576,,None,blake3
1,25,2026-03-11T12:21:27.267518Z,elea,0.1.1,ef66ed9,add,f3.bin,add_file_total,3.093792,1048576,,None,blake3
1,25,2026-03-11T12:21:27.267585Z,elea,0.1.1,ef66ed9,add,,add_total,3.222375,,5,None,blake3
50,14,2026-03-11T12:21:27.950005Z,elea,0.1.1,ef66ed9,hash,f4.bin,hash,29.465042,52428800,,,blake3
50,14,2026-03-11T12:21:27.949649Z,elea,0.1.1,ef66ed9,hash,f1.bin,hash,29.091167000000002,52428800,,,blake3
50,14,2026-03-11T12:21:27.949549Z,elea,0.1.1,ef66ed9,hash,f5.bin,hash,29.001209,52428800,,,blake3
50,14,2026-03-11T12:21:27.949794Z,elea,0.1.1,ef66ed9,hash,f2.bin,hash,29.210832999999997,52428800,,,blake3
50,14,2026-03-11T12:21:27.949476Z,elea,0.1.1,ef66ed9,hash,f3.bin,hash,28.899125,52428800,,,blake3
50,14,2026-03-11T12:21:27.9524Z,elea,0.1.1,ef66ed9,add,f4.bin,backend_store,1.1188339999999999,52428800,,None,blake3
50,14,2026-03-11T12:21:27.952417Z,elea,0.1.1,ef66ed9,add,f1.bin,backend_store,1.1199999999999999,52428800,,None,blake3
50,14,2026-03-11T12:21:27.952442Z,elea,0.1.1,ef66ed9,add,f5.bin,backend_store,1.097208,52428800,,None,blake3
50,14,2026-03-11T12:21:27.952481Z,elea,0.1.1,ef66ed9,add,f3.bin,backend_store,1.063917,52428800,,None,blake3
50,14,2026-03-11T12:21:27.952544Z,elea,0.1.1,ef66ed9,add,f2.bin,backend_store,1.158667,52428800,,None,blake3
50,14,2026-03-11T12:21:27.952591Z,elea,0.1.1,ef66ed9,add,f4.bin,add_file_total,32.092042,52428800,,None,blake3
50,14,2026-03-11T12:21:27.952626Z,elea,0.1.1,ef66ed9,add,f1.bin,add_file_total,32.114208,52428800,,None,blake3
50,14,2026-03-11T12:21:27.95266Z,elea,0.1.1,ef66ed9,add,f5.bin,add_file_total,32.153833,52428800,,None,blake3
50,14,2026-03-11T12:21:27.952692Z,elea,0.1.1,ef66ed9,add,f3.bin,add_file_total,32.180125,52428800,,None,blake3
50,14,2026-03-11T12:21:27.952723Z,elea,0.1.1,ef66ed9,add,f2.bin,add_file_total,32.211083,52428800,,None,blake3
50,14,2026-03-11T12:21:27.952775Z,elea,0.1.1,ef66ed9,add,,add_total,32.326375,,5,None,blake3
2,22,2026-03-11T12:21:28.005429Z,elea,0.1.1,ef66ed9,hash,f1.bin,hash,1.1912500000000001,2097152,,,blake3
2,22,2026-03-11T12:21:28.005417Z,elea,0.1.1,ef66ed9,hash,f2.bin,hash,1.1819169999999999,2097152,,,blake3
2,22,2026-03-11T12:21:28.005407Z,elea,0.1.1,ef66ed9,hash,f5.bin,hash,1.160958,2097152,,,blake3
2,22,2026-03-11T12:21:28.005397Z,elea,0.1.1,ef66ed9,hash,f3.bin,hash,1.212666,2097152,,,blake3
2,22,2026-03-11T12:21:28.005383Z,elea,0.1.1,ef66ed9,hash,f4.bin,hash,1.1705,2097152,,,blake3
2,22,2026-03-11T12:21:28.007533Z,elea,0.1.1,ef66ed9,add,f2.bin,backend_store,0.49870899999999996,2097152,,None,blake3
2,22,2026-03-11T12:21:28.00754Z,elea,0.1.1,ef66ed9,add,f1.bin,backend_store,0.525125,2097152,,None,blake3
2,22,2026-03-11T12:21:28.00756Z,elea,0.1.1,ef66ed9,add,f5.bin,backend_store,0.49787500000000007,2097152,,None,blake3
2,22,2026-03-11T12:21:28.007567Z,elea,0.1.1,ef66ed9,add,f4.bin,backend_store,0.442708,2097152,,None,blake3
2,22,2026-03-11T12:21:28.007604Z,elea,0.1.1,ef66ed9,add,f3.bin,backend_store,0.508875,2097152,,None,blake3
2,22,2026-03-11T12:21:28.007692Z,elea,0.1.1,ef66ed9,add,f2.bin,add_file_total,3.523,2097152,,None,blake3
2,22,2026-03-11T12:21:28.007733Z,elea,0.1.1,ef66ed9,add,f1.bin,add_file_total,3.56475,2097152,,None,blake3
2,22,2026-03-11T12:21:28.007763Z,elea,0.1.1,ef66ed9,add,f4.bin,add_file_total,3.593834,2097152,,None,blake3
2,22,2026-03-11T12:21:28.007793Z,elea,0.1.1,ef66ed9,add,f3.bin,add_file_total,3.649625,2097152,,None,blake3
2,22,2026-03-11T12:21:28.007818Z,elea,0.1.1,ef66ed9,add,f5.bin,add_file_total,3.6498749999999998,2097152,,None,blake3
2,22,2026-03-11T12:21:28.007862Z,elea,0.1.1,ef66ed9,add,,add_total,3.753333,,5,None,blake3
50,10,2026-03-11T12:21:28.686283Z,elea,0.1.1,ef66ed9,hash,f5.bin,hash,28.930667,52428800,,,blake3
50,10,2026-03-11T12:21:28.686433Z,elea,0.1.1,ef66ed9,hash,f1.bin,hash,29.09525,52428800,,,blake3
50,10,2026-03-11T12:21:28.686071Z,elea,0.1.1,ef66ed9,hash,f2.bin,hash,28.745,52428800,,,blake3
50,10,2026-03-11T12:21:28.6861Z,elea,0.1.1,ef66ed9,hash,f3.bin,hash,28.775499999999997,52428800,,,blake3
50,10,2026-03-11T12:21:28.686363Z,elea,0.1.1,ef66ed9,hash,f4.bin,hash,29.061667,52428800,,,blake3
50,10,2026-03-11T12:21:28.688764Z,elea,0.1.1,ef66ed9,add,f5.bin,backend_store,0.5185,52428800,,None,blake3
50,10,2026-03-11T12:21:28.68882Z,elea,0.1.1,ef66ed9,add,f2.bin,backend_store,0.517,52428800,,None,blake3
50,10,2026-03-11T12:21:28.688884Z,elea,0.1.1,ef66ed9,add,f4.bin,backend_store,0.526709,52428800,,None,blake3
50,10,2026-03-11T12:21:28.688918Z,elea,0.1.1,ef66ed9,add,f3.bin,backend_store,0.579458,52428800,,None,blake3
50,10,2026-03-11T12:21:28.688938Z,elea,0.1.1,ef66ed9,add,f1.bin,backend_store,0.648583,52428800,,None,blake3
50,10,2026-03-11T12:21:28.688954Z,elea,0.1.1,ef66ed9,add,f5.bin,add_file_total,31.662708,52428800,,None,blake3
50,10,2026-03-11T12:21:28.688993Z,elea,0.1.1,ef66ed9,add,f2.bin,add_file_total,31.699125000000002,52428800,,None,blake3
50,10,2026-03-11T12:21:28.689087Z,elea,0.1.1,ef66ed9,add,f4.bin,add_file_total,31.818541999999997,52428800,,None,blake3
50,10,2026-03-11T12:21:28.689153Z,elea,0.1.1,ef66ed9,add,f1.bin,add_file_total,31.859917000000003,52428800,,None,blake3
50,10,2026-03-11T12:21:28.689207Z,elea,0.1.1,ef66ed9,add,f3.bin,add_file_total,31.916374999999995,52428800,,None,blake3
50,10,2026-03-11T12:21:28.689282Z,elea,0.1.1,ef66ed9,add,,add_total,32.040833,,5,None,blake3
50,3,2026-03-11T12:21:29.346846Z,elea,0.1.1,ef66ed9,hash,f5.bin,hash,29.2065,52428800,,,blake3
50,3,2026-03-11T12:21:29.347095Z,elea,0.1.1,ef66ed9,hash,f2.bin,hash,29.477583000000003,52428800,,,blake3
50,3,2026-03-11T12:21:29.346755Z,elea,0.1.1,ef66ed9,hash,f1.bin,hash,29.100625,52428800,,,blake3
50,3,2026-03-11T12:21:29.346684Z,elea,0.1.1,ef66ed9,hash,f3.bin,hash,28.998334,52428800,,,blake3
50,3,2026-03-11T12:21:29.346996Z,elea,0.1.1,ef66ed9,hash,f4.bin,hash,29.393791,52428800,,,blake3
50,3,2026-03-11T12:21:29.349367Z,elea,0.1.1,ef66ed9,add,f5.bin,backend_store,0.45325,52428800,,None,blake3
50,3,2026-03-11T12:21:29.349393Z,elea,0.1.1,ef66ed9,add,f2.bin,backend_store,0.45525,52428800,,None,blake3
50,3,2026-03-11T12:21:29.349412Z,elea,0.1.1,ef66ed9,add,f1.bin,backend_store,0.4385,52428800,,None,blake3
50,3,2026-03-11T12:21:29.349434Z,elea,0.1.1,ef66ed9,add,f3.bin,backend_store,0.42570800000000003,52428800,,None,blake3
50,3,2026-03-11T12:21:29.349542Z,elea,0.1.1,ef66ed9,add,f5.bin,add_file_total,31.975917,52428800,,None,blake3
50,3,2026-03-11T12:21:29.349555Z,elea,0.1.1,ef66ed9,add,f4.bin,backend_store,0.5108750000000001,52428800,,None,blake3
50,3,2026-03-11T12:21:29.349604Z,elea,0.1.1,ef66ed9,add,f2.bin,add_file_total,32.0405,52428800,,None,blake3
50,3,2026-03-11T12:21:29.349634Z,elea,0.1.1,ef66ed9,add,f1.bin,add_file_total,32.06225,52428800,,None,blake3
50,3,2026-03-11T12:21:29.349677Z,elea,0.1.1,ef66ed9,add,f3.bin,add_file_total,32.105583,52428800,,None,blake3
50,3,2026-03-11T12:21:29.349708Z,elea,0.1.1,ef66ed9,add,f4.bin,add_file_total,32.166792,52428800,,None,blake3
50,3,2026-03-11T12:21:29.349751Z,elea,0.1.1,ef66ed9,add,,add_total,32.263332999999996,,5,None,blake3
2,14,2026-03-11T12:21:29.401068Z,elea,0.1.1,ef66ed9,hash,f3.bin,hash,1.2402909999999998,2097152,,,blake3
2,14,2026-03-11T12:21:29.401056Z,elea,0.1.1,ef66ed9,hash,f5.bin,hash,1.230667,2097152,,,blake3
2,14,2026-03-11T12:21:29.40108Z,elea,0.1.1,ef66ed9,hash,f2.bin,hash,1.245167,2097152,,,blake3
2,14,2026-03-11T12:21:29.401035Z,elea,0.1.1,ef66ed9,hash,f4.bin,hash,1.1895829999999998,2097152,,,blake3
2,14,2026-03-11T12:21:29.401003Z,elea,0.1.1,ef66ed9,hash,f1.bin,hash,1.177792,2097152,,,blake3
2,14,2026-03-11T12:21:29.403277Z,elea,0.1.1,ef66ed9,add,f5.bin,backend_store,0.707417,2097152,,None,blake3
2,14,2026-03-11T12:21:29.403293Z,elea,0.1.1,ef66ed9,add,f3.bin,backend_store,0.736708,2097152,,None,blake3
2,14,2026-03-11T12:21:29.403326Z,elea,0.1.1,ef66ed9,add,f4.bin,backend_store,0.709333,2097152,,None,blake3
2,14,2026-03-11T12:21:29.403339Z,elea,0.1.1,ef66ed9,add,f1.bin,backend_store,0.699333,2097152,,None,blake3
2,14,2026-03-11T12:21:29.403361Z,elea,0.1.1,ef66ed9,add,f2.bin,backend_store,0.7592500000000001,2097152,,None,blake3
2,14,2026-03-11T12:21:29.403453Z,elea,0.1.1,ef66ed9,add,f5.bin,add_file_total,3.682791,2097152,,None,blake3
2,14,2026-03-11T12:21:29.403485Z,elea,0.1.1,ef66ed9,add,f3.bin,add_file_total,3.693583,2097152,,None,blake3
2,14,2026-03-11T12:21:29.403517Z,elea,0.1.1,ef66ed9,add,f4.bin,add_file_total,3.719125,2097152,,None,blake3
2,14,2026-03-11T12:21:29.403545Z,elea,0.1.1,ef66ed9,add,f1.bin,add_file_total,3.75075,2097152,,None,blake3
2,14,2026-03-11T12:21:29.403574Z,elea,0.1.1,ef66ed9,add,f2.bin,add_file_total,3.776625,2097152,,None,blake3
2,14,2026-03-11T12:21:29.403634Z,elea,0.1.1,ef66ed9,add,,add_total,3.886375,,5,None,blake3
10,10,2026-03-11T12:21:29.559051Z,elea,0.1.1,ef66ed9,hash,f3.bin,hash,5.965792,10485760,,,blake3
10,10,2026-03-11T12:21:29.558872Z,elea,0.1.1,ef66ed9,hash,f1.bin,hash,5.80275,10485760,,,blake3
10,10,2026-03-11T12:21:29.558926Z,elea,0.1.1,ef66ed9,hash,f5.bin,hash,5.8885,10485760,,,blake3
10,10,2026-03-11T12:21:29.558938Z,elea,0.1.1,ef66ed9,hash,f2.bin,hash,5.908666,10485760,,,blake3
10,10,2026-03-11T12:21:29.558856Z,elea,0.1.1,ef66ed9,hash,f4.bin,hash,5.799124999999999,10485760,,,blake3
10,10,2026-03-11T12:21:29.561141Z,elea,0.1.1,ef66ed9,add,f3.bin,backend_store,0.413042,10485760,,None,blake3
10,10,2026-03-11T12:21:29.561227Z,elea,0.1.1,ef66ed9,add,f1.bin,backend_store,0.47654199999999997,10485760,,None,blake3
10,10,2026-03-11T12:21:29.56128Z,elea,0.1.1,ef66ed9,add,f5.bin,backend_store,0.491459,10485760,,None,blake3
10,10,2026-03-11T12:21:29.561291Z,elea,0.1.1,ef66ed9,add,f2.bin,backend_store,0.474958,10485760,,None,blake3
10,10,2026-03-11T12:21:29.561307Z,elea,0.1.1,ef66ed9,add,f3.bin,add_file_total,8.29425,10485760,,None,blake3
10,10,2026-03-11T12:21:29.561318Z,elea,0.1.1,ef66ed9,add,f4.bin,backend_store,0.469708,10485760,,None,blake3
10,10,2026-03-11T12:21:29.561384Z,elea,0.1.1,ef66ed9,add,f1.bin,add_file_total,8.375625,10485760,,None,blake3
10,10,2026-03-11T12:21:29.561468Z,elea,0.1.1,ef66ed9,add,f2.bin,add_file_total,8.479959000000001,10485760,,None,blake3
10,10,2026-03-11T12:21:29.561518Z,elea,0.1.1,ef66ed9,add,f5.bin,add_file_total,8.498125,10485760,,None,blake3
10,10,2026-03-11T12:21:29.561564Z,elea,0.1.1,ef66ed9,add,f4.bin,add_file_total,8.531125000000001,10485760,,None,blake3
10,10,2026-03-11T12:21:29.561631Z,elea,0.1.1,ef66ed9,add,,add_total,8.678917,,5,None,blake3
50,16,2026-03-11T12:21:30.22384Z,elea,0.1.1,ef66ed9,hash,f5.bin,hash,29.049,52428800,,,blake3
50,16,2026-03-11T12:21:30.223944Z,elea,0.1.1,ef66ed9,hash,f1.bin,hash,29.18575,52428800,,,blake3
50,16,2026-03-11T12:21:30.223557Z,elea,0.1.1,ef66ed9,hash,f2.bin,hash,28.729709,52428800,,,blake3
50,16,2026-03-11T12:21:30.223972Z,elea,0.1.1,ef66ed9,hash,f3.bin,hash,29.164459,52428800,,,blake3
50,16,2026-03-11T12:21:30.223963Z,elea,0.1.1,ef66ed9,hash,f4.bin,hash,29.169792,52428800,,,blake3
50,16,2026-03-11T12:21:30.226107Z,elea,0.1.1,ef66ed9,add,f5.bin,backend_store,0.560417,52428800,,None,blake3
50,16,2026-03-11T12:21:30.226119Z,elea,0.1.1,ef66ed9,add,f1.bin,backend_store,0.566291,52428800,,None,blake3
50,16,2026-03-11T12:21:30.226135Z,elea,0.1.1,ef66ed9,add,f2.bin,backend_store,0.557084,52428800,,None,blake3
50,16,2026-03-11T12:21:30.226151Z,elea,0.1.1,ef66ed9,add,f3.bin,backend_store,0.536459,52428800,,None,blake3
50,16,2026-03-11T12:21:30.226168Z,elea,0.1.1,ef66ed9,add,f4.bin,backend_store,0.5247080000000001,52428800,,None,blake3
50,16,2026-03-11T12:21:30.226322Z,elea,0.1.1,ef66ed9,add,f5.bin,add_file_total,31.579792,52428800,,None,blake3
50,16,2026-03-11T12:21:30.226365Z,elea,0.1.1,ef66ed9,add,f2.bin,add_file_total,31.626375,52428800,,None,blake3
50,16,2026-03-11T12:21:30.226415Z,elea,0.1.1,ef66ed9,add,f3.bin,add_file_total,31.676167,52428800,,None,blake3
50,16,2026-03-11T12:21:30.22646Z,elea,0.1.1,ef66ed9,add,f1.bin,add_file_total,31.747417,52428800,,None,blake3
50,16,2026-03-11T12:21:30.226505Z,elea,0.1.1,ef66ed9,add,f4.bin,add_file_total,31.768625,52428800,,None,blake3
50,16,2026-03-11T12:21:30.226575Z,elea,0.1.1,ef66ed9,add,,add_total,31.897209000000004,,5,None,blake3
10,5,2026-03-11T12:21:30.383795Z,elea,0.1.1,ef66ed9,hash,f4.bin,hash,5.871917,10485760,,,blake3
10,5,2026-03-11T12:21:30.383781Z,elea,0.1.1,ef66ed9,hash,f1.bin,hash,5.8722080000000005,10485760,,,blake3
10,5,2026-03-11T12:21:30.383811Z,elea,0.1.1,ef66ed9,hash,f2.bin,hash,5.930459,10485760,,,blake3
10,5,2026-03-11T12:21:30.383927Z,elea,0.1.1,ef66ed9,hash,f3.bin,hash,6.050333,10485760,,,blake3
10,5,2026-03-11T12:21:30.383646Z,elea,0.1.1,ef66ed9,hash,f5.bin,hash,5.748209,10485760,,,blake3
10,5,2026-03-11T12:21:30.386064Z,elea,0.1.1,ef66ed9,add,f2.bin,backend_store,0.512834,10485760,,None,blake3
10,5,2026-03-11T12:21:30.386075Z,elea,0.1.1,ef66ed9,add,f3.bin,backend_store,0.480917,10485760,,None,blake3
10,5,2026-03-11T12:21:30.386099Z,elea,0.1.1,ef66ed9,add,f5.bin,backend_store,0.487292,10485760,,None,blake3
10,5,2026-03-11T12:21:30.38611Z,elea,0.1.1,ef66ed9,add,f1.bin,backend_store,0.585167,10485760,,None,blake3
10,5,2026-03-11T12:21:30.386127Z,elea,0.1.1,ef66ed9,add,f4.bin,backend_store,0.617958,10485760,,None,blake3
10,5,2026-03-11T12:21:30.386242Z,elea,0.1.1,ef66ed9,add,f2.bin,add_file_total,8.368875,10485760,,None,blake3
10,5,2026-03-11T12:21:30.3863Z,elea,0.1.1,ef66ed9,add,f3.bin,add_file_total,8.465083,10485760,,None,blake3
10,5,2026-03-11T12:21:30.386332Z,elea,0.1.1,ef66ed9,add,f5.bin,add_file_total,8.465,10485760,,None,blake3
10,5,2026-03-11T12:21:30.386364Z,elea,0.1.1,ef66ed9,add,f1.bin,add_file_total,8.495875,10485760,,None,blake3
10,5,2026-03-11T12:21:30.386392Z,elea,0.1.1,ef66ed9,add,f4.bin,add_file_total,8.5335,10485760,,None,blake3
10,5,2026-03-11T12:21:30.386436Z,elea,0.1.1,ef66ed9,add,,add_total,8.634583,,5,None,blake3
50,25,2026-03-11T12:21:31.065849Z,elea,0.1.1,ef66ed9,hash,f3.bin,hash,28.996208999999997,52428800,,,blake3
50,25,2026-03-11T12:21:31.065786Z,elea,0.1.1,ef66ed9,hash,f2.bin,hash,28.925083,52428800,,,blake3
50,25,2026-03-11T12:21:31.065915Z,elea,0.1.1,ef66ed9,hash,f1.bin,hash,29.038125,52428800,,,blake3
50,25,2026-03-11T12:21:31.065838Z,elea,0.1.1,ef66ed9,hash,f4.bin,hash,28.951417,52428800,,,blake3
50,25,2026-03-11T12:21:31.06587Z,elea,0.1.1,ef66ed9,hash,f5.bin,hash,29.007917000000003,52428800,,,blake3
50,25,2026-03-11T12:21:31.068204Z,elea,0.1.1,ef66ed9,add,f3.bin,backend_store,0.470708,52428800,,None,blake3
50,25,2026-03-11T12:21:31.068217Z,elea,0.1.1,ef66ed9,add,f1.bin,backend_store,0.43754200000000004,52428800,,None,blake3
50,25,2026-03-11T12:21:31.068268Z,elea,0.1.1,ef66ed9,add,f2.bin,backend_store,0.459125,52428800,,None,blake3
50,25,2026-03-11T12:21:31.068308Z,elea,0.1.1,ef66ed9,add,f5.bin,backend_store,0.43841699999999995,52428800,,None,blake3
50,25,2026-03-11T12:21:31.068314Z,elea,0.1.1,ef66ed9,add,f4.bin,backend_store,0.505833,52428800,,None,blake3
50,25,2026-03-11T12:21:31.068456Z,elea,0.1.1,ef66ed9,add,f3.bin,add_file_total,31.647209000000004,52428800,,None,blake3
50,25,2026-03-11T12:21:31.068525Z,elea,0.1.1,ef66ed9,add,f1.bin,add_file_total,31.705958,52428800,,None,blake3
50,25,2026-03-11T12:21:31.068577Z,elea,0.1.1,ef66ed9,add,f2.bin,add_file_total,31.768583000000003,52428800,,None,blake3
50,25,2026-03-11T12:21:31.06862Z,elea,0.1.1,ef66ed9,add,f5.bin,add_file_total,31.808334000000002,52428800,,None,blake3
50,25,2026-03-11T12:21:31.068691Z,elea,0.1.1,ef66ed9,add,f4.bin,add_file_total,31.872958,52428800,,None,blake3
50,25,2026-03-11T12:21:31.068765Z,elea,0.1.1,ef66ed9,add,,add_total,32.004417000000004,,5,None,blake3
2,20,2026-03-11T12:21:31.126996Z,elea,0.1.1,ef66ed9,hash,f2.bin,hash,1.1787919999999998,2097152,,,blake3
2,20,2026-03-11T12:21:31.126969Z,elea,0.1.1,ef66ed9,hash,f5.bin,hash,1.1695,2097152,,,blake3
2,20,2026-03-11T12:21:31.127003Z,elea,0.1.1,ef66ed9,hash,f3.bin,hash,1.177167,2097152,,,blake3
2,20,2026-03-11T12:21:31.126981Z,elea,0.1.1,ef66ed9,hash,f4.bin,hash,1.172416,2097152,,,blake3
2,20,2026-03-11T12:21:31.127016Z,elea,0.1.1,ef66ed9,hash,f1.bin,hash,1.180209,2097152,,,blake3
2,20,2026-03-11T12:21:31.128872Z,elea,0.1.1,ef66ed9,add,f2.bin,backend_store,0.505791,2097152,,None,blake3
2,20,2026-03-11T12:21:31.128906Z,elea,0.1.1,ef66ed9,add,f3.bin,backend_store,0.499375,2097152,,None,blake3
2,20,2026-03-11T12:21:31.128915Z,elea,0.1.1,ef66ed9,add,f5.bin,backend_store,0.526958,2097152,,None,blake3
2,20,2026-03-11T12:21:31.128929Z,elea,0.1.1,ef66ed9,add,f4.bin,backend_store,0.49995900000000004,2097152,,None,blake3
2,20,2026-03-11T12:21:31.129019Z,elea,0.1.1,ef66ed9,add,f1.bin,backend_store,0.557458,2097152,,None,blake3
2,20,2026-03-11T12:21:31.129097Z,elea,0.1.1,ef66ed9,add,f2.bin,add_file_total,3.291625,2097152,,None,blake3
2,20,2026-03-11T12:21:31.129135Z,elea,0.1.1,ef66ed9,add,f3.bin,add_file_total,3.343625,2097152,,None,blake3
2,20,2026-03-11T12:21:31.129168Z,elea,0.1.1,ef66ed9,add,f1.bin,add_file_total,3.377625,2097152,,None,blake3
2,20,2026-03-11T12:21:31.129205Z,elea,0.1.1,ef66ed9,add,f5.bin,add_file_total,3.441291,2097152,,None,blake3
2,20,2026-03-11T12:21:31.129246Z,elea,0.1.1,ef66ed9,add,f4.bin,add_file_total,3.460084,2097152,,None,blake3
2,20,2026-03-11T12:21:31.129297Z,elea,0.1.1,ef66ed9,add,,add_total,3.569,,5,None,blake3
1,5,2026-03-11T12:21:31.165077Z,elea,0.1.1,ef66ed9,hash,f5.bin,hash,0.615,1048576,,,blake3
1,5,2026-03-11T12:21:31.165003Z,elea,0.1.1,ef66ed9,hash,f3.bin,hash,0.614041,1048576,,,blake3
1,5,2026-03-11T12:21:31.165036Z,elea,0.1.1,ef66ed9,hash,f2.bin,hash,0.618792,1048576,,,blake3
1,5,2026-03-11T12:21:31.164991Z,elea,0.1.1,ef66ed9,hash,f1.bin,hash,0.6135,1048576,,,blake3
1,5,2026-03-11T12:21:31.165026Z,elea,0.1.1,ef66ed9,hash,f4.bin,hash,0.6226670000000001,1048576,,,blake3
1,5,2026-03-11T12:21:31.16714Z,elea,0.1.1,ef66ed9,add,f3.bin,backend_store,0.5345000000000001,1048576,,None,blake3
1,5,2026-03-11T12:21:31.167196Z,elea,0.1.1,ef66ed9,add,f5.bin,backend_store,0.60125,1048576,,None,blake3
1,5,2026-03-11T12:21:31.167257Z,elea,0.1.1,ef66ed9,add,f2.bin,backend_store,0.637375,1048576,,None,blake3
1,5,2026-03-11T12:21:31.167265Z,elea,0.1.1,ef66ed9,add,f1.bin,backend_store,0.6120410000000001,1048576,,None,blake3
1,5,2026-03-11T12:21:31.167302Z,elea,0.1.1,ef66ed9,add,f4.bin,backend_store,0.6202920000000001,1048576,,None,blake3
1,5,2026-03-11T12:21:31.167421Z,elea,0.1.1,ef66ed9,add,f3.bin,add_file_total,3.051875,1048576,,None,blake3
1,5,2026-03-11T12:21:31.167461Z,elea,0.1.1,ef66ed9,add,f5.bin,add_file_total,3.017375,1048576,,None,blake3
1,5,2026-03-11T12:21:31.167505Z,elea,0.1.1,ef66ed9,add,f2.bin,add_file_total,3.136875,1048576,,None,blake3
1,5,2026-03-11T12:21:31.167541Z,elea,0.1.1,ef66ed9,add,f1.bin,add_file_total,3.200792,1048576,,None,blake3
1,5,2026-03-11T12:21:31.167574Z,elea,0.1.1,ef66ed9,add,f4.bin,add_file_total,3.2083340000000002,1048576,,None,blake3
1,5,2026-03-11T12:21:31.167633Z,elea,0.1.1,ef66ed9,add,,add_total,3.318,,5,None,blake3
