size_mb,rep,timestamp,user,dvs_version,git_commit,command,file,step,duration_ms,file_size_bytes,num_files,compression,hash_algorithm
1,1,2026-03-11T12:20:38.784677Z,elea,0.1.1,ef66ed9,hash,f4.bin,hash,0.602625,1048576,,,blake3
1,1,2026-03-11T12:20:38.784648Z,elea,0.1.1,ef66ed9,hash,f5.bin,hash,0.593625,1048576,,,blake3
1,1,2026-03-11T12:20:38.784669Z,elea,0.1.1,ef66ed9,hash,f3.bin,hash,0.600916,1048576,,,blake3
1,1,2026-03-11T12:20:38.784657Z,elea,0.1.1,ef66ed9,hash,f1.bin,hash,0.6014590000000001,1048576,,,blake3
1,1,2026-03-11T12:20:38.784639Z,elea,0.1.1,ef66ed9,hash,f2.bin,hash,0.6045,1048576,,,blake3
1,1,2026-03-11T12:20:38.786591Z,elea,0.1.1,ef66ed9,add,f4.bin,backend_store,0.590875,1048576,,None,blake3
1,1,2026-03-11T12:20:38.786624Z,elea,0.1.1,ef66ed9,add,f5.bin,backend_store,0.6040000000000001,1048576,,None,blake3
1,1,2026-03-11T12:20:38.786641Z,elea,0.1.1,ef66ed9,add,f3.bin,backend_store,0.583542,1048576,,None,blake3
1,1,2026-03-11T12:20:38.786675Z,elea,0.1.1,ef66ed9,add,f1.bin,backend_store,0.585708,1048576,,None,blake3
1,1,2026-03-11T12:20:38.786769Z,elea,0.1.1,ef66ed9,add,f2.bin,backend_store,0.644917,1048576,,None,blake3
1,1,2026-03-11T12:20:38.786865Z,elea,0.1.1,ef66ed9,add,f4.bin,add_file_total,2.858708,1048576,,None,blake3
1,1,2026-03-11T12:20:38.786901Z,elea,0.1.1,ef66ed9,add,f5.bin,add_file_total,2.894667,1048576,,None,blake3
1,1,2026-03-11T12:20:38.786932Z,elea,0.1.1,ef66ed9,add,f2.bin,add_file_total,2.932,1048576,,None,blake3
1,1,2026-03-11T12:20:38.786965Z,elea,0.1.1,ef66ed9,add,f1.bin,add_file_total,2.958791,1048576,,None,blake3
1,1,2026-03-11T12:20:38.786997Z,elea,0.1.1,ef66ed9,add,f3.bin,add_file_total,2.98175,1048576,,None,blake3
1,1,2026-03-11T12:20:38.787101Z,elea,0.1.1,ef66ed9,add,,add_total,3.141958,,5,None,blake3
1,2,2026-03-11T12:20:38.822143Z,elea,0.1.1,ef66ed9,hash,f5.bin,hash,0.595417,1048576,,,blake3
1,2,2026-03-11T12:20:38.82216Z,elea,0.1.1,ef66ed9,hash,f3.bin,hash,0.599333,1048576,,,blake3
1,2,2026-03-11T12:20:38.822152Z,elea,0.1.1,ef66ed9,hash,f4.bin,hash,0.597375,1048576,,,blake3
1,2,2026-03-11T12:20:38.822132Z,elea,0.1.1,ef66ed9,hash,f1.bin,hash,0.6022500000000001,1048576,,,blake3
1,2,2026-03-11T12:20:38.822117Z,elea,0.1.1,ef66ed9,hash,f2.bin,hash,0.59775,1048576,,,blake3
1,2,2026-03-11T12:20:38.824059Z,elea,0.1.1,ef66ed9,add,f5.bin,backend_store,0.610042,1048576,,None,blake3
1,2,2026-03-11T12:20:38.824079Z,elea,0.1.1,ef66ed9,add,f4.bin,backend_store,0.591417,1048576,,None,blake3
1,2,2026-03-11T12:20:38.82409Z,elea,0.1.1,ef66ed9,add,f3.bin,backend_store,0.619709,1048576,,None,blake3
1,2,2026-03-11T12:20:38.824119Z,elea,0.1.1,ef66ed9,add,f1.bin,backend_store,0.605959,1048576,,None,blake3
1,2,2026-03-11T12:20:38.824131Z,elea,0.1.1,ef66ed9,add,f2.bin,backend_store,0.598708,1048576,,None,blake3
1,2,2026-03-11T12:20:38.824229Z,elea,0.1.1,ef66ed9,add,f5.bin,add_file_total,2.726416,1048576,,None,blake3
1,2,2026-03-11T12:20:38.824266Z,elea,0.1.1,ef66ed9,add,f4.bin,add_file_total,2.761458,1048576,,None,blake3
1,2,2026-03-11T12:20:38.824297Z,elea,0.1.1,ef66ed9,add,f3.bin,add_file_total,2.7922089999999997,1048576,,None,blake3
1,2,2026-03-11T12:20:38.824328Z,elea,0.1.1,ef66ed9,add,f2.bin,add_file_total,2.844541,1048576,,None,blake3
1,2,2026-03-11T12:20:38.824357Z,elea,0.1.1,ef66ed9,add,f1.bin,add_file_total,2.854291,1048576,,None,blake3
1,2,2026-03-11T12:20:38.824414Z,elea,0.1.1,ef66ed9,add,,add_total,2.96425,,5,None,blake3
1,3,2026-03-11T12:20:38.85887Z,elea,0.1.1,ef66ed9,hash,f5.bin,hash,0.6358750000000001,1048576,,,blake3
1,3,2026-03-11T12:20:38.858896Z,elea,0.1.1,ef66ed9,hash,f2.bin,hash,0.63325,1048576,,,blake3
1,3,2026-03-11T12:20:38.858904Z,elea,0.1.1,ef66ed9,hash,f3.bin,hash,0.605833,1048576,,,blake3
1,3,2026-03-11T12:20:38.858877Z,elea,0.1.1,ef66ed9,hash,f1.bin,hash,0.625667,1048576,,,blake3
1,3,2026-03-11T12:20:38.858885Z,elea,0.1.1,ef66ed9,hash,f4.bin,hash,0.608375,1048576,,,blake3
1,3,2026-03-11T12:20:38.860871Z,elea,0.1.1,ef66ed9,add,f5.bin,backend_store,0.490166,1048576,,None,blake3
1,3,2026-03-11T12:20:38.860909Z,elea,0.1.1,ef66ed9,add,f2.bin,backend_store,0.51425,1048576,,None,blake3
1,3,2026-03-11T12:20:38.860977Z,elea,0.1.1,ef66ed9,add,f3.bin,backend_store,0.564458,1048576,,None,blake3
1,3,2026-03-11T12:20:38.860991Z,elea,0.1.1,ef66ed9,add,f1.bin,backend_store,0.5507920000000001,1048576,,None,blake3
1,3,2026-03-11T12:20:38.861091Z,elea,0.1.1,ef66ed9,add,f5.bin,add_file_total,2.9042920000000003,1048576,,None,blake3
1,3,2026-03-11T12:20:38.861134Z,elea,0.1.1,ef66ed9,add,f3.bin,add_file_total,2.91625,1048576,,None,blake3
1,3,2026-03-11T12:20:38.861198Z,elea,0.1.1,ef66ed9,add,f2.bin,add_file_total,3.010291,1048576,,None,blake3
1,3,2026-03-11T12:20:38.861205Z,elea,0.1.1,ef66ed9,add,f4.bin,backend_store,0.6604580000000001,1048576,,None,blake3
1,3,2026-03-11T12:20:38.861243Z,elea,0.1.1,ef66ed9,add,f1.bin,add_file_total,3.0415,1048576,,None,blake3
1,3,2026-03-11T12:20:38.861341Z,elea,0.1.1,ef66ed9,add,f4.bin,add_file_total,3.143042,1048576,,None,blake3
1,3,2026-03-11T12:20:38.861397Z,elea,0.1.1,ef66ed9,add,,add_total,3.260917,,5,None,blake3
1,4,2026-03-11T12:20:38.8963Z,elea,0.1.1,ef66ed9,hash,f5.bin,hash,0.604542,1048576,,,blake3
1,4,2026-03-11T12:20:38.896293Z,elea,0.1.1,ef66ed9,hash,f4.bin,hash,0.6090829999999999,1048576,,,blake3
1,4,2026-03-11T12:20:38.89631Z,elea,0.1.1,ef66ed9,hash,f3.bin,hash,0.619916,1048576,,,blake3
1,4,2026-03-11T12:20:38.896283Z,elea,0.1.1,ef66ed9,hash,f2.bin,hash,0.617917,1048576,,,blake3
1,4,2026-03-11T12:20:38.896273Z,elea,0.1.1,ef66ed9,hash,f1.bin,hash,0.618625,1048576,,,blake3
1,4,2026-03-11T12:20:38.898237Z,elea,0.1.1,ef66ed9,add,f4.bin,backend_store,0.483084,1048576,,None,blake3
1,4,2026-03-11T12:20:38.898248Z,elea,0.1.1,ef66ed9,add,f3.bin,backend_store,0.47300000000000003,1048576,,None,blake3
1,4,2026-03-11T12:20:38.89829Z,elea,0.1.1,ef66ed9,add,f5.bin,backend_store,0.548041,1048576,,None,blake3
1,4,2026-03-11T12:20:38.898366Z,elea,0.1.1,ef66ed9,add,f2.bin,backend_store,0.556458,1048576,,None,blake3
1,4,2026-03-11T12:20:38.898384Z,elea,0.1.1,ef66ed9,add,f1.bin,backend_store,0.5411250000000001,1048576,,None,blake3
1,4,2026-03-11T12:20:38.898402Z,elea,0.1.1,ef66ed9,add,f3.bin,add_file_total,2.758459,1048576,,None,blake3
1,4,2026-03-11T12:20:38.898447Z,elea,0.1.1,ef66ed9,add,f4.bin,add_file_total,2.802875,1048576,,None,blake3
1,4,2026-03-11T12:20:38.898483Z,elea,0.1.1,ef66ed9,add,f5.bin,add_file_total,2.8388340000000003,1048576,,None,blake3
1,4,2026-03-11T12:20:38.898532Z,elea,0.1.1,ef66ed9,add,f2.bin,add_file_total,2.891,1048576,,None,blake3
1,4,2026-03-11T12:20:38.898562Z,elea,0.1.1,ef66ed9,add,f1.bin,add_file_total,2.9454160000000003,1048576,,None,blake3
1,4,2026-03-11T12:20:38.898601Z,elea,0.1.1,ef66ed9,add,,add_total,3.017125,,5,None,blake3
1,5,2026-03-11T12:20:38.933364Z,elea,0.1.1,ef66ed9,hash,f2.bin,hash,0.6014160000000001,1048576,,,blake3
1,5,2026-03-11T12:20:38.933356Z,elea,0.1.1,ef66ed9,hash,f3.bin,hash,0.61225,1048576,,,blake3
1,5,2026-03-11T12:20:38.93341Z,elea,0.1.1,ef66ed9,hash,f5.bin,hash,0.616375,1048576,,,blake3
1,5,2026-03-11T12:20:38.933421Z,elea,0.1.1,ef66ed9,hash,f4.bin,hash,0.6272909999999999,1048576,,,blake3
1,5,2026-03-11T12:20:38.933333Z,elea,0.1.1,ef66ed9,hash,f1.bin,hash,0.5992919999999999,1048576,,,blake3
1,5,2026-03-11T12:20:38.935376Z,elea,0.1.1,ef66ed9,add,f3.bin,backend_store,0.653459,1048576,,None,blake3
1,5,2026-03-11T12:20:38.935382Z,elea,0.1.1,ef66ed9,add,f4.bin,backend_store,0.6082909999999999,1048576,,None,blake3
1,5,2026-03-11T12:20:38.935393Z,elea,0.1.1,ef66ed9,add,f2.bin,backend_store,0.682708,1048576,,None,blake3
1,5,2026-03-11T12:20:38.935409Z,elea,0.1.1,ef66ed9,add,f5.bin,backend_store,0.662417,1048576,,None,blake3
1,5,2026-03-11T12:20:38.935421Z,elea,0.1.1,ef66ed9,add,f1.bin,backend_store,0.633709,1048576,,None,blake3
1,5,2026-03-11T12:20:38.935552Z,elea,0.1.1,ef66ed9,add,f3.bin,add_file_total,2.84375,1048576,,None,blake3
1,5,2026-03-11T12:20:38.935588Z,elea,0.1.1,ef66ed9,add,f2.bin,add_file_total,2.8755,1048576,,None,blake3
1,5,2026-03-11T12:20:38.935612Z,elea,0.1.1,ef66ed9,add,f4.bin,add_file_total,2.9032910000000003,1048576,,None,blake3
1,5,2026-03-11T12:20:38.935644Z,elea,0.1.1,ef66ed9,add,f1.bin,add_file_total,2.9517919999999997,1048576,,None,blake3
1,5,2026-03-11T12:20:38.935673Z,elea,0.1.1,ef66ed9,add,f5.bin,add_file_total,2.9635830000000003,1048576,,None,blake3
1,5,2026-03-11T12:20:38.935728Z,elea,0.1.1,ef66ed9,add,,add_total,3.0752919999999997,,5,None,blake3
1,6,2026-03-11T12:20:38.969408Z,elea,0.1.1,ef66ed9,hash,f5.bin,hash,0.606667,1048576,,,blake3
1,6,2026-03-11T12:20:38.969424Z,elea,0.1.1,ef66ed9,hash,f1.bin,hash,0.600333,1048576,,,blake3
1,6,2026-03-11T12:20:38.969399Z,elea,0.1.1,ef66ed9,hash,f4.bin,hash,0.596917,1048576,,,blake3
1,6,2026-03-11T12:20:38.969417Z,elea,0.1.1,ef66ed9,hash,f3.bin,hash,0.6002919999999999,1048576,,,blake3
1,6,2026-03-11T12:20:38.969392Z,elea,0.1.1,ef66ed9,hash,f2.bin,hash,0.604083,1048576,,,blake3
1,6,2026-03-11T12:20:38.971369Z,elea,0.1.1,ef66ed9,add,f5.bin,backend_store,0.5625,1048576,,None,blake3
1,6,2026-03-11T12:20:38.971377Z,elea,0.1.1,ef66ed9,add,f4.bin,backend_store,0.5299579999999999,1048576,,None,blake3
1,6,2026-03-11T12:20:38.971399Z,elea,0.1.1,ef66ed9,add,f1.bin,backend_store,0.5712090000000001,1048576,,None,blake3
1,6,2026-03-11T12:20:38.971417Z,elea,0.1.1,ef66ed9,add,f3.bin,backend_store,0.543709,1048576,,None,blake3
1,6,2026-03-11T12:20:38.971426Z,elea,0.1.1,ef66ed9,add,f2.bin,backend_store,0.533583,1048576,,None,blake3
1,6,2026-03-11T12:20:38.971557Z,elea,0.1.1,ef66ed9,add,f5.bin,add_file_total,2.79175,1048576,,None,blake3
1,6,2026-03-11T12:20:38.97159Z,elea,0.1.1,ef66ed9,add,f4.bin,add_file_total,2.825125,1048576,,None,blake3
1,6,2026-03-11T12:20:38.971621Z,elea,0.1.1,ef66ed9,add,f1.bin,add_file_total,2.8562079999999996,1048576,,None,blake3
1,6,2026-03-11T12:20:38.971652Z,elea,0.1.1,ef66ed9,add,f3.bin,add_file_total,2.887417,1048576,,None,blake3
1,6,2026-03-11T12:20:38.971681Z,elea,0.1.1,ef66ed9,add,f2.bin,add_file_total,2.93775,1048576,,None,blake3
1,6,2026-03-11T12:20:38.971722Z,elea,0.1.1,ef66ed9,add,,add_total,3.0121670000000003,,5,None,blake3
1,7,2026-03-11T12:20:39.005984Z,elea,0.1.1,ef66ed9,hash,f2.bin,hash,0.602959,1048576,,,blake3
1,7,2026-03-11T12:20:39.005969Z,elea,0.1.1,ef66ed9,hash,f3.bin,hash,0.596167,1048576,,,blake3
1,7,2026-03-11T12:20:39.005962Z,elea,0.1.1,ef66ed9,hash,f1.bin,hash,0.598583,1048576,,,blake3
1,7,2026-03-11T12:20:39.005953Z,elea,0.1.1,ef66ed9,hash,f5.bin,hash,0.598417,1048576,,,blake3
1,7,2026-03-11T12:20:39.005945Z,elea,0.1.1,ef66ed9,hash,f4.bin,hash,0.600542,1048576,,,blake3
1,7,2026-03-11T12:20:39.007969Z,elea,0.1.1,ef66ed9,add,f4.bin,backend_store,0.59375,1048576,,None,blake3
1,7,2026-03-11T12:20:39.007983Z,elea,0.1.1,ef66ed9,add,f3.bin,backend_store,0.660125,1048576,,None,blake3
1,7,2026-03-11T12:20:39.007989Z,elea,0.1.1,ef66ed9,add,f5.bin,backend_store,0.636458,1048576,,None,blake3
1,7,2026-03-11T12:20:39.008006Z,elea,0.1.1,ef66ed9,add,f2.bin,backend_store,0.704,1048576,,None,blake3
1,7,2026-03-11T12:20:39.008035Z,elea,0.1.1,ef66ed9,add,f1.bin,backend_store,0.686333,1048576,,None,blake3
1,7,2026-03-11T12:20:39.008155Z,elea,0.1.1,ef66ed9,add,f4.bin,add_file_total,2.850708,1048576,,None,blake3
1,7,2026-03-11T12:20:39.008204Z,elea,0.1.1,ef66ed9,add,f5.bin,add_file_total,2.884417,1048576,,None,blake3
1,7,2026-03-11T12:20:39.008247Z,elea,0.1.1,ef66ed9,add,f3.bin,add_file_total,2.92475,1048576,,None,blake3
1,7,2026-03-11T12:20:39.008282Z,elea,0.1.1,ef66ed9,add,f2.bin,add_file_total,2.959209,1048576,,None,blake3
1,7,2026-03-11T12:20:39.008324Z,elea,0.1.1,ef66ed9,add,f1.bin,add_file_total,3.0054589999999997,1048576,,None,blake3
1,7,2026-03-11T12:20:39.008393Z,elea,0.1.1,ef66ed9,add,,add_total,3.123917,,5,None,blake3
1,8,2026-03-11T12:20:39.042572Z,elea,0.1.1,ef66ed9,hash,f5.bin,hash,0.595084,1048576,,,blake3
1,8,2026-03-11T12:20:39.042544Z,elea,0.1.1,ef66ed9,hash,f3.bin,hash,0.6000829999999999,1048576,,,blake3
1,8,2026-03-11T12:20:39.042553Z,elea,0.1.1,ef66ed9,hash,f4.bin,hash,0.5995,1048576,,,blake3
1,8,2026-03-11T12:20:39.042564Z,elea,0.1.1,ef66ed9,hash,f1.bin,hash,0.600417,1048576,,,blake3
1,8,2026-03-11T12:20:39.042535Z,elea,0.1.1,ef66ed9,hash,f2.bin,hash,0.600709,1048576,,,blake3
1,8,2026-03-11T12:20:39.044485Z,elea,0.1.1,ef66ed9,add,f5.bin,backend_store,0.563417,1048576,,None,blake3
1,8,2026-03-11T12:20:39.044529Z,elea,0.1.1,ef66ed9,add,f3.bin,backend_store,0.583792,1048576,,None,blake3
1,8,2026-03-11T12:20:39.044534Z,elea,0.1.1,ef66ed9,add,f1.bin,backend_store,0.5391670000000001,1048576,,None,blake3
1,8,2026-03-11T12:20:39.044544Z,elea,0.1.1,ef66ed9,add,f4.bin,backend_store,0.5724589999999999,1048576,,None,blake3
1,8,2026-03-11T12:20:39.044562Z,elea,0.1.1,ef66ed9,add,f2.bin,backend_store,0.553416,1048576,,None,blake3
1,8,2026-03-11T12:20:39.044739Z,elea,0.1.1,ef66ed9,add,f5.bin,add_file_total,2.824084,1048576,,None,blake3
1,8,2026-03-11T12:20:39.044784Z,elea,0.1.1,ef66ed9,add,f4.bin,add_file_total,2.883875,1048576,,None,blake3
1,8,2026-03-11T12:20:39.04483Z,elea,0.1.1,ef66ed9,add,f2.bin,add_file_total,2.934,1048576,,None,blake3
1,8,2026-03-11T12:20:39.044872Z,elea,0.1.1,ef66ed9,add,f1.bin,add_file_total,2.969958,1048576,,None,blake3
1,8,2026-03-11T12:20:39.044915Z,elea,0.1.1,ef66ed9,add,f3.bin,add_file_total,3.020291,1048576,,None,blake3
1,8,2026-03-11T12:20:39.044971Z,elea,0.1.1,ef66ed9,add,,add_total,3.1228330000000004,,5,None,blake3
1,9,2026-03-11T12:20:39.07854Z,elea,0.1.1,ef66ed9,hash,f1.bin,hash,0.599875,1048576,,,blake3
1,9,2026-03-11T12:20:39.078524Z,elea,0.1.1,ef66ed9,hash,f5.bin,hash,0.5968749999999999,1048576,,,blake3
1,9,2026-03-11T12:20:39.078514Z,elea,0.1.1,ef66ed9,hash,f4.bin,hash,0.600834,1048576,,,blake3
1,9,2026-03-11T12:20:39.078549Z,elea,0.1.1,ef66ed9,hash,f3.bin,hash,0.598875,1048576,,,blake3
1,9,2026-03-11T12:20:39.078532Z,elea,0.1.1,ef66ed9,hash,f2.bin,hash,0.5958330000000001,1048576,,,blake3
1,9,2026-03-11T12:20:39.080554Z,elea,0.1.1,ef66ed9,add,f1.bin,backend_store,0.6488750000000001,1048576,,None,blake3
1,9,2026-03-11T12:20:39.080563Z,elea,0.1.1,ef66ed9,add,f5.bin,backend_store,0.634583,1048576,,None,blake3
1,9,2026-03-11T12:20:39.080576Z,elea,0.1.1,ef66ed9,add,f3.bin,backend_store,0.606667,1048576,,None,blake3
1,9,2026-03-11T12:20:39.080593Z,elea,0.1.1,ef66ed9,add,f4.bin,backend_store,0.634667,1048576,,None,blake3
1,9,2026-03-11T12:20:39.080626Z,elea,0.1.1,ef66ed9,add,f2.bin,backend_store,0.634583,1048576,,None,blake3
1,9,2026-03-11T12:20:39.080718Z,elea,0.1.1,ef66ed9,add,f1.bin,add_file_total,2.822292,1048576,,None,blake3
1,9,2026-03-11T12:20:39.08076Z,elea,0.1.1,ef66ed9,add,f5.bin,add_file_total,2.867625,1048576,,None,blake3
1,9,2026-03-11T12:20:39.080796Z,elea,0.1.1,ef66ed9,add,f2.bin,add_file_total,2.90275,1048576,,None,blake3
1,9,2026-03-11T12:20:39.080835Z,elea,0.1.1,ef66ed9,add,f4.bin,add_file_total,2.958666,1048576,,None,blake3
1,9,2026-03-11T12:20:39.080878Z,elea,0.1.1,ef66ed9,add,f3.bin,add_file_total,2.953208,1048576,,None,blake3
1,9,2026-03-11T12:20:39.080938Z,elea,0.1.1,ef66ed9,add,,add_total,3.098,,5,None,blake3
1,10,2026-03-11T12:20:39.114297Z,elea,0.1.1,ef66ed9,hash,f2.bin,hash,0.663541,1048576,,,blake3
1,10,2026-03-11T12:20:39.114244Z,elea,0.1.1,ef66ed9,hash,f1.bin,hash,0.601042,1048576,,,blake3
1,10,2026-03-11T12:20:39.114254Z,elea,0.1.1,ef66ed9,hash,f4.bin,hash,0.598042,1048576,,,blake3
1,10,2026-03-11T12:20:39.114219Z,elea,0.1.1,ef66ed9,hash,f3.bin,hash,0.59525,1048576,,,blake3
1,10,2026-03-11T12:20:39.114213Z,elea,0.1.1,ef66ed9,hash,f5.bin,hash,0.598042,1048576,,,blake3
1,10,2026-03-11T12:20:39.116133Z,elea,0.1.1,ef66ed9,add,f2.bin,backend_store,0.6000829999999999,1048576,,None,blake3
1,10,2026-03-11T12:20:39.116146Z,elea,0.1.1,ef66ed9,add,f1.bin,backend_store,0.60125,1048576,,None,blake3
1,10,2026-03-11T12:20:39.116179Z,elea,0.1.1,ef66ed9,add,f3.bin,backend_store,0.588209,1048576,,None,blake3
1,10,2026-03-11T12:20:39.116193Z,elea,0.1.1,ef66ed9,add,f5.bin,backend_store,0.5795,1048576,,None,blake3
1,10,2026-03-11T12:20:39.116221Z,elea,0.1.1,ef66ed9,add,f4.bin,backend_store,0.656667,1048576,,None,blake3
1,10,2026-03-11T12:20:39.11631Z,elea,0.1.1,ef66ed9,add,f2.bin,add_file_total,2.70425,1048576,,None,blake3
1,10,2026-03-11T12:20:39.116404Z,elea,0.1.1,ef66ed9,add,f1.bin,add_file_total,2.791166,1048576,,None,blake3
1,10,2026-03-11T12:20:39.116459Z,elea,0.1.1,ef66ed9,add,f3.bin,add_file_total,2.8479170000000003,1048576,,None,blake3
1,10,2026-03-11T12:20:39.116505Z,elea,0.1.1,ef66ed9,add,f5.bin,add_file_total,2.91925,1048576,,None,blake3
1,10,2026-03-11T12:20:39.116563Z,elea,0.1.1,ef66ed9,add,f4.bin,add_file_total,2.946041,1048576,,None,blake3
1,10,2026-03-11T12:20:39.116625Z,elea,0.1.1,ef66ed9,add,,add_total,3.076792,,5,None,blake3
1,11,2026-03-11T12:20:39.149978Z,elea,0.1.1,ef66ed9,hash,f2.bin,hash,0.606375,1048576,,,blake3
1,11,2026-03-11T12:20:39.149956Z,elea,0.1.1,ef66ed9,hash,f5.bin,hash,0.594083,1048576,,,blake3
1,11,2026-03-11T12:20:39.149985Z,elea,0.1.1,ef66ed9,hash,f1.bin,hash,0.601458,1048576,,,blake3
1,11,2026-03-11T12:20:39.149946Z,elea,0.1.1,ef66ed9,hash,f3.bin,hash,0.598625,1048576,,,blake3
1,11,2026-03-11T12:20:39.149963Z,elea,0.1.1,ef66ed9,hash,f4.bin,hash,0.601625,1048576,,,blake3
1,11,2026-03-11T12:20:39.15202Z,elea,0.1.1,ef66ed9,add,f1.bin,backend_store,0.520292,1048576,,None,blake3
1,11,2026-03-11T12:20:39.152039Z,elea,0.1.1,ef66ed9,add,f2.bin,backend_store,0.57475,1048576,,None,blake3
1,11,2026-03-11T12:20:39.152057Z,elea,0.1.1,ef66ed9,add,f5.bin,backend_store,0.581041,1048576,,None,blake3
1,11,2026-03-11T12:20:39.152071Z,elea,0.1.1,ef66ed9,add,f4.bin,backend_store,0.51875,1048576,,None,blake3
1,11,2026-03-11T12:20:39.152084Z,elea,0.1.1,ef66ed9,add,f3.bin,backend_store,0.554833,1048576,,None,blake3
1,11,2026-03-11T12:20:39.152209Z,elea,0.1.1,ef66ed9,add,f1.bin,add_file_total,2.886583,1048576,,None,blake3
1,11,2026-03-11T12:20:39.152249Z,elea,0.1.1,ef66ed9,add,f2.bin,add_file_total,2.929917,1048576,,None,blake3
1,11,2026-03-11T12:20:39.152283Z,elea,0.1.1,ef66ed9,add,f5.bin,add_file_total,2.97575,1048576,,None,blake3
1,11,2026-03-11T12:20:39.152326Z,elea,0.1.1,ef66ed9,add,f4.bin,add_file_total,3.008292,1048576,,None,blake3
1,11,2026-03-11T12:20:39.152365Z,elea,0.1.1,ef66ed9,add,f3.bin,add_file_total,3.055834,1048576,,None,blake3
1,11,2026-03-11T12:20:39.152405Z,elea,0.1.1,ef66ed9,add,,add_total,3.147042,,5,None,blake3
1,12,2026-03-11T12:20:39.186057Z,elea,0.1.1,ef66ed9,hash,f3.bin,hash,0.598166,1048576,,,blake3
1,12,2026-03-11T12:20:39.186069Z,elea,0.1.1,ef66ed9,hash,f2.bin,hash,0.605209,1048576,,,blake3
1,12,2026-03-11T12:20:39.186029Z,elea,0.1.1,ef66ed9,hash,f1.bin,hash,0.6006670000000001,1048576,,,blake3
1,12,2026-03-11T12:20:39.18605Z,elea,0.1.1,ef66ed9,hash,f5.bin,hash,0.595584,1048576,,,blake3
1,12,2026-03-11T12:20:39.18604Z,elea,0.1.1,ef66ed9,hash,f4.bin,hash,0.600459,1048576,,,blake3
1,12,2026-03-11T12:20:39.187789Z,elea,0.1.1,ef66ed9,add,f3.bin,backend_store,0.5139170000000001,1048576,,None,blake3
1,12,2026-03-11T12:20:39.187846Z,elea,0.1.1,ef66ed9,add,f2.bin,backend_store,0.56025,1048576,,None,blake3
1,12,2026-03-11T12:20:39.187914Z,elea,0.1.1,ef66ed9,add,f1.bin,backend_store,0.604875,1048576,,None,blake3
1,12,2026-03-11T12:20:39.187942Z,elea,0.1.1,ef66ed9,add,f5.bin,backend_store,0.5984999999999999,1048576,,None,blake3
1,12,2026-03-11T12:20:39.187954Z,elea,0.1.1,ef66ed9,add,f4.bin,backend_store,0.597334,1048576,,None,blake3
1,12,2026-03-11T12:20:39.187975Z,elea,0.1.1,ef66ed9,add,f3.bin,add_file_total,2.564542,1048576,,None,blake3
1,12,2026-03-11T12:20:39.188028Z,elea,0.1.1,ef66ed9,add,f2.bin,add_file_total,2.6167920000000002,1048576,,None,blake3
1,12,2026-03-11T12:20:39.188098Z,elea,0.1.1,ef66ed9,add,f1.bin,add_file_total,2.707292,1048576,,None,blake3
1,12,2026-03-11T12:20:39.188188Z,elea,0.1.1,ef66ed9,add,f5.bin,add_file_total,2.777709,1048576,,None,blake3
1,12,2026-03-11T12:20:39.18824Z,elea,0.1.1,ef66ed9,add,f4.bin,add_file_total,2.8307919999999998,1048576,,None,blake3
1,12,2026-03-11T12:20:39.188313Z,elea,0.1.1,ef66ed9,add,,add_total,2.956375,,5,None,blake3
1,13,2026-03-11T12:20:39.22171Z,elea,0.1.1,ef66ed9,hash,f4.bin,hash,0.597959,1048576,,,blake3
1,13,2026-03-11T12:20:39.221737Z,elea,0.1.1,ef66ed9,hash,f3.bin,hash,0.609417,1048576,,,blake3
1,13,2026-03-11T12:20:39.221698Z,elea,0.1.1,ef66ed9,hash,f1.bin,hash,0.604583,1048576,,,blake3
1,13,2026-03-11T12:20:39.221729Z,elea,0.1.1,ef66ed9,hash,f5.bin,hash,0.601666,1048576,,,blake3
1,13,2026-03-11T12:20:39.221719Z,elea,0.1.1,ef66ed9,hash,f2.bin,hash,0.598833,1048576,,,blake3
1,13,2026-03-11T12:20:39.223591Z,elea,0.1.1,ef66ed9,add,f1.bin,backend_store,0.521541,1048576,,None,blake3
1,13,2026-03-11T12:20:39.223598Z,elea,0.1.1,ef66ed9,add,f4.bin,backend_store,0.564834,1048576,,None,blake3
1,13,2026-03-11T12:20:39.223633Z,elea,0.1.1,ef66ed9,add,f3.bin,backend_store,0.576875,1048576,,None,blake3
1,13,2026-03-11T12:20:39.223668Z,elea,0.1.1,ef66ed9,add,f5.bin,backend_store,0.566916,1048576,,None,blake3
1,13,2026-03-11T12:20:39.223694Z,elea,0.1.1,ef66ed9,add,f2.bin,backend_store,0.572708,1048576,,None,blake3
1,13,2026-03-11T12:20:39.223772Z,elea,0.1.1,ef66ed9,add,f4.bin,add_file_total,2.706417,1048576,,None,blake3
1,13,2026-03-11T12:20:39.223812Z,elea,0.1.1,ef66ed9,add,f5.bin,add_file_total,2.7385,1048576,,None,blake3
1,13,2026-03-11T12:20:39.223851Z,elea,0.1.1,ef66ed9,add,f3.bin,add_file_total,2.781,1048576,,None,blake3
1,13,2026-03-11T12:20:39.223892Z,elea,0.1.1,ef66ed9,add,f1.bin,add_file_total,2.837167,1048576,,None,blake3
1,13,2026-03-11T12:20:39.223928Z,elea,0.1.1,ef66ed9,add,f2.bin,add_file_total,2.86075,1048576,,None,blake3
1,13,2026-03-11T12:20:39.223983Z,elea,0.1.1,ef66ed9,add,,add_total,2.9615,,5,None,blake3
1,14,2026-03-11T12:20:39.257472Z,elea,0.1.1,ef66ed9,hash,f2.bin,hash,0.606792,1048576,,,blake3
1,14,2026-03-11T12:20:39.257488Z,elea,0.1.1,ef66ed9,hash,f4.bin,hash,0.5952919999999999,1048576,,,blake3
1,14,2026-03-11T12:20:39.257461Z,elea,0.1.1,ef66ed9,hash,f1.bin,hash,0.6041249999999999,1048576,,,blake3
1,14,2026-03-11T12:20:39.257481Z,elea,0.1.1,ef66ed9,hash,f3.bin,hash,0.600125,1048576,,,blake3
1,14,2026-03-11T12:20:39.257451Z,elea,0.1.1,ef66ed9,hash,f5.bin,hash,0.594375,1048576,,,blake3
1,14,2026-03-11T12:20:39.259482Z,elea,0.1.1,ef66ed9,add,f4.bin,backend_store,0.54225,1048576,,None,blake3
1,14,2026-03-11T12:20:39.259488Z,elea,0.1.1,ef66ed9,add,f2.bin,backend_store,0.5463749999999999,1048576,,None,blake3
1,14,2026-03-11T12:20:39.259496Z,elea,0.1.1,ef66ed9,add,f1.bin,backend_store,0.53,1048576,,None,blake3
1,14,2026-03-11T12:20:39.259615Z,elea,0.1.1,ef66ed9,add,f3.bin,backend_store,0.5946670000000001,1048576,,None,blake3
1,14,2026-03-11T12:20:39.259655Z,elea,0.1.1,ef66ed9,add,f5.bin,backend_store,0.657167,1048576,,None,blake3
1,14,2026-03-11T12:20:39.259673Z,elea,0.1.1,ef66ed9,add,f4.bin,add_file_total,2.8442089999999998,1048576,,None,blake3
1,14,2026-03-11T12:20:39.259725Z,elea,0.1.1,ef66ed9,add,f1.bin,add_file_total,2.9155420000000003,1048576,,None,blake3
1,14,2026-03-11T12:20:39.259766Z,elea,0.1.1,ef66ed9,add,f2.bin,add_file_total,2.941458,1048576,,None,blake3
1,14,2026-03-11T12:20:39.259803Z,elea,0.1.1,ef66ed9,add,f3.bin,add_file_total,2.975208,1048576,,None,blake3
1,14,2026-03-11T12:20:39.259835Z,elea,0.1.1,ef66ed9,add,f5.bin,add_file_total,3.011709,1048576,,None,blake3
1,14,2026-03-11T12:20:39.259881Z,elea,0.1.1,ef66ed9,add,,add_total,3.0986249999999997,,5,None,blake3
1,15,2026-03-11T12:20:39.293712Z,elea,0.1.1,ef66ed9,hash,f2.bin,hash,0.613542,1048576,,,blake3
1,15,2026-03-11T12:20:39.293724Z,elea,0.1.1,ef66ed9,hash,f3.bin,hash,0.602208,1048576,,,blake3
1,15,2026-03-11T12:20:39.293735Z,elea,0.1.1,ef66ed9,hash,f4.bin,hash,0.605791,1048576,,,blake3
1,15,2026-03-11T12:20:39.293688Z,elea,0.1.1,ef66ed9,hash,f5.bin,hash,0.598166,1048576,,,blake3
1,15,2026-03-11T12:20:39.293745Z,elea,0.1.1,ef66ed9,hash,f1.bin,hash,0.617459,1048576,,,blake3
1,15,2026-03-11T12:20:39.29554Z,elea,0.1.1,ef66ed9,add,f2.bin,backend_store,0.641042,1048576,,None,blake3
1,15,2026-03-11T12:20:39.295554Z,elea,0.1.1,ef66ed9,add,f4.bin,backend_store,0.625458,1048576,,None,blake3
1,15,2026-03-11T12:20:39.295577Z,elea,0.1.1,ef66ed9,add,f5.bin,backend_store,0.601375,1048576,,None,blake3
1,15,2026-03-11T12:20:39.295584Z,elea,0.1.1,ef66ed9,add,f3.bin,backend_store,0.6695829999999999,1048576,,None,blake3
1,15,2026-03-11T12:20:39.29559Z,elea,0.1.1,ef66ed9,add,f1.bin,backend_store,0.610625,1048576,,None,blake3
1,15,2026-03-11T12:20:39.295728Z,elea,0.1.1,ef66ed9,add,f2.bin,add_file_total,2.662417,1048576,,None,blake3
1,15,2026-03-11T12:20:39.295763Z,elea,0.1.1,ef66ed9,add,f4.bin,add_file_total,2.691333,1048576,,None,blake3
1,15,2026-03-11T12:20:39.295797Z,elea,0.1.1,ef66ed9,add,f5.bin,add_file_total,2.7412500000000004,1048576,,None,blake3
1,15,2026-03-11T12:20:39.295836Z,elea,0.1.1,ef66ed9,add,f3.bin,add_file_total,2.765666,1048576,,None,blake3
1,15,2026-03-11T12:20:39.295886Z,elea,0.1.1,ef66ed9,add,f1.bin,add_file_total,2.8195,1048576,,None,blake3
1,15,2026-03-11T12:20:39.295938Z,elea,0.1.1,ef66ed9,add,,add_total,2.9251669999999996,,5,None,blake3
1,16,2026-03-11T12:20:39.330875Z,elea,0.1.1,ef66ed9,hash,f3.bin,hash,0.604375,1048576,,,blake3
1,16,2026-03-11T12:20:39.330867Z,elea,0.1.1,ef66ed9,hash,f5.bin,hash,0.597458,1048576,,,blake3
1,16,2026-03-11T12:20:39.330849Z,elea,0.1.1,ef66ed9,hash,f4.bin,hash,0.6002919999999999,1048576,,,blake3
1,16,2026-03-11T12:20:39.33086Z,elea,0.1.1,ef66ed9,hash,f1.bin,hash,0.60825,1048576,,,blake3
1,16,2026-03-11T12:20:39.330842Z,elea,0.1.1,ef66ed9,hash,f2.bin,hash,0.6080420000000001,1048576,,,blake3
1,16,2026-03-11T12:20:39.332667Z,elea,0.1.1,ef66ed9,add,f5.bin,backend_store,0.48304199999999997,1048576,,None,blake3
1,16,2026-03-11T12:20:39.332752Z,elea,0.1.1,ef66ed9,add,f3.bin,backend_store,0.594375,1048576,,None,blake3
1,16,2026-03-11T12:20:39.332779Z,elea,0.1.1,ef66ed9,add,f1.bin,backend_store,0.554542,1048576,,None,blake3
1,16,2026-03-11T12:20:39.33279Z,elea,0.1.1,ef66ed9,add,f4.bin,backend_store,0.59075,1048576,,None,blake3
1,16,2026-03-11T12:20:39.332815Z,elea,0.1.1,ef66ed9,add,f2.bin,backend_store,0.568333,1048576,,None,blake3
1,16,2026-03-11T12:20:39.33285Z,elea,0.1.1,ef66ed9,add,f5.bin,add_file_total,2.6215420000000003,1048576,,None,blake3
1,16,2026-03-11T12:20:39.332883Z,elea,0.1.1,ef66ed9,add,f3.bin,add_file_total,2.658416,1048576,,None,blake3
1,16,2026-03-11T12:20:39.332925Z,elea,0.1.1,ef66ed9,add,f1.bin,add_file_total,2.705167,1048576,,None,blake3
1,16,2026-03-11T12:20:39.332954Z,elea,0.1.1,ef66ed9,add,f4.bin,add_file_total,2.7352079999999996,1048576,,None,blake3
1,16,2026-03-11T12:20:39.332982Z,elea,0.1.1,ef66ed9,add,f2.bin,add_file_total,2.78575,1048576,,None,blake3
1,16,2026-03-11T12:20:39.333022Z,elea,0.1.1,ef66ed9,add,,add_total,2.85875,,5,None,blake3
1,17,2026-03-11T12:20:39.366892Z,elea,0.1.1,ef66ed9,hash,f3.bin,hash,0.59475,1048576,,,blake3
1,17,2026-03-11T12:20:39.366903Z,elea,0.1.1,ef66ed9,hash,f1.bin,hash,0.6008749999999999,1048576,,,blake3
1,17,2026-03-11T12:20:39.366885Z,elea,0.1.1,ef66ed9,hash,f5.bin,hash,0.5948330000000001,1048576,,,blake3
1,17,2026-03-11T12:20:39.366912Z,elea,0.1.1,ef66ed9,hash,f4.bin,hash,0.6033329999999999,1048576,,,blake3
1,17,2026-03-11T12:20:39.366875Z,elea,0.1.1,ef66ed9,hash,f2.bin,hash,0.5990420000000001,1048576,,,blake3
1,17,2026-03-11T12:20:39.36897Z,elea,0.1.1,ef66ed9,add,f1.bin,backend_store,0.621375,1048576,,None,blake3
1,17,2026-03-11T12:20:39.369033Z,elea,0.1.1,ef66ed9,add,f4.bin,backend_store,0.639042,1048576,,None,blake3
1,17,2026-03-11T12:20:39.369042Z,elea,0.1.1,ef66ed9,add,f3.bin,backend_store,0.703666,1048576,,None,blake3
1,17,2026-03-11T12:20:39.369069Z,elea,0.1.1,ef66ed9,add,f2.bin,backend_store,0.651875,1048576,,None,blake3
1,17,2026-03-11T12:20:39.369076Z,elea,0.1.1,ef66ed9,add,f5.bin,backend_store,0.7062919999999999,1048576,,None,blake3
1,17,2026-03-11T12:20:39.369193Z,elea,0.1.1,ef66ed9,add,f1.bin,add_file_total,2.937417,1048576,,None,blake3
1,17,2026-03-11T12:20:39.369249Z,elea,0.1.1,ef66ed9,add,f3.bin,add_file_total,2.991375,1048576,,None,blake3
1,17,2026-03-11T12:20:39.369282Z,elea,0.1.1,ef66ed9,add,f4.bin,add_file_total,3.0256250000000002,1048576,,None,blake3
1,17,2026-03-11T12:20:39.369316Z,elea,0.1.1,ef66ed9,add,f5.bin,add_file_total,3.0638330000000003,1048576,,None,blake3
1,17,2026-03-11T12:20:39.369349Z,elea,0.1.1,ef66ed9,add,f2.bin,add_file_total,3.1134169999999997,1048576,,None,blake3
1,17,2026-03-11T12:20:39.369413Z,elea,0.1.1,ef66ed9,add,,add_total,3.214083,,5,None,blake3
1,18,2026-03-11T12:20:39.403576Z,elea,0.1.1,ef66ed9,hash,f3.bin,hash,0.613167,1048576,,,blake3
1,18,2026-03-11T12:20:39.40356Z,elea,0.1.1,ef66ed9,hash,f2.bin,hash,0.6064170000000001,1048576,,,blake3
1,18,2026-03-11T12:20:39.403569Z,elea,0.1.1,ef66ed9,hash,f1.bin,hash,0.6050829999999999,1048576,,,blake3
1,18,2026-03-11T12:20:39.403551Z,elea,0.1.1,ef66ed9,hash,f5.bin,hash,0.623208,1048576,,,blake3
1,18,2026-03-11T12:20:39.40348Z,elea,0.1.1,ef66ed9,hash,f4.bin,hash,0.579959,1048576,,,blake3
1,18,2026-03-11T12:20:39.405806Z,elea,0.1.1,ef66ed9,add,f3.bin,backend_store,0.672625,1048576,,None,blake3
1,18,2026-03-11T12:20:39.405821Z,elea,0.1.1,ef66ed9,add,f2.bin,backend_store,0.673125,1048576,,None,blake3
1,18,2026-03-11T12:20:39.405836Z,elea,0.1.1,ef66ed9,add,f5.bin,backend_store,0.6432910000000001,1048576,,None,blake3
1,18,2026-03-11T12:20:39.405854Z,elea,0.1.1,ef66ed9,add,f1.bin,backend_store,0.6800419999999999,1048576,,None,blake3
1,18,2026-03-11T12:20:39.405863Z,elea,0.1.1,ef66ed9,add,f4.bin,backend_store,0.6563749999999999,1048576,,None,blake3
1,18,2026-03-11T12:20:39.405991Z,elea,0.1.1,ef66ed9,add,f3.bin,add_file_total,3.089375,1048576,,None,blake3
1,18,2026-03-11T12:20:39.406032Z,elea,0.1.1,ef66ed9,add,f2.bin,add_file_total,3.1215420000000003,1048576,,None,blake3
1,18,2026-03-11T12:20:39.406057Z,elea,0.1.1,ef66ed9,add,f1.bin,add_file_total,3.154625,1048576,,None,blake3
1,18,2026-03-11T12:20:39.406096Z,elea,0.1.1,ef66ed9,add,f5.bin,add_file_total,3.193292,1048576,,None,blake3
1,18,2026-03-11T12:20:39.406123Z,elea,0.1.1,ef66ed9,add,f4.bin,add_file_total,3.252583,1048576,,None,blake3
1,18,2026-03-11T12:20:39.406173Z,elea,0.1.1,ef66ed9,add,,add_total,3.342625,,5,None,blake3
1,19,2026-03-11T12:20:39.442719Z,elea,0.1.1,ef66ed9,hash,f5.bin,hash,0.656084,1048576,,,blake3
1,19,2026-03-11T12:20:39.442708Z,elea,0.1.1,ef66ed9,hash,f1.bin,hash,0.60925,1048576,,,blake3
1,19,2026-03-11T12:20:39.442662Z,elea,0.1.1,ef66ed9,hash,f3.bin,hash,0.619209,1048576,,,blake3
1,19,2026-03-11T12:20:39.442677Z,elea,0.1.1,ef66ed9,hash,f2.bin,hash,0.613584,1048576,,,blake3
1,19,2026-03-11T12:20:39.442696Z,elea,0.1.1,ef66ed9,hash,f4.bin,hash,0.620834,1048576,,,blake3
1,19,2026-03-11T12:20:39.44448Z,elea,0.1.1,ef66ed9,add,f5.bin,backend_store,0.481,1048576,,None,blake3
1,19,2026-03-11T12:20:39.444569Z,elea,0.1.1,ef66ed9,add,f1.bin,backend_store,0.5615420000000001,1048576,,None,blake3
1,19,2026-03-11T12:20:39.444607Z,elea,0.1.1,ef66ed9,add,f2.bin,backend_store,0.539875,1048576,,None,blake3
1,19,2026-03-11T12:20:39.444628Z,elea,0.1.1,ef66ed9,add,f3.bin,backend_store,0.5965830000000001,1048576,,None,blake3
1,19,2026-03-11T12:20:39.444658Z,elea,0.1.1,ef66ed9,add,f5.bin,add_file_total,2.637,1048576,,None,blake3
1,19,2026-03-11T12:20:39.444671Z,elea,0.1.1,ef66ed9,add,f4.bin,backend_store,0.5884170000000001,1048576,,None,blake3
1,19,2026-03-11T12:20:39.444777Z,elea,0.1.1,ef66ed9,add,f1.bin,add_file_total,2.7239579999999997,1048576,,None,blake3
1,19,2026-03-11T12:20:39.444794Z,elea,0.1.1,ef66ed9,add,f2.bin,add_file_total,2.77,1048576,,None,blake3
1,19,2026-03-11T12:20:39.444843Z,elea,0.1.1,ef66ed9,add,f3.bin,add_file_total,2.8392500000000003,1048576,,None,blake3
1,19,2026-03-11T12:20:39.444877Z,elea,0.1.1,ef66ed9,add,f4.bin,add_file_total,2.84075,1048576,,None,blake3
1,19,2026-03-11T12:20:39.44493Z,elea,0.1.1,ef66ed9,add,,add_total,2.966083,,5,None,blake3
1,20,2026-03-11T12:20:39.480278Z,elea,0.1.1,ef66ed9,hash,f3.bin,hash,0.597167,1048576,,,blake3
1,20,2026-03-11T12:20:39.480271Z,elea,0.1.1,ef66ed9,hash,f2.bin,hash,0.600125,1048576,,,blake3
1,20,2026-03-11T12:20:39.480298Z,elea,0.1.1,ef66ed9,hash,f4.bin,hash,0.5944579999999999,1048576,,,blake3
1,20,2026-03-11T12:20:39.480317Z,elea,0.1.1,ef66ed9,hash,f1.bin,hash,0.671125,1048576,,,blake3
1,20,2026-03-11T12:20:39.480256Z,elea,0.1.1,ef66ed9,hash,f5.bin,hash,0.596708,1048576,,,blake3
1,20,2026-03-11T12:20:39.482222Z,elea,0.1.1,ef66ed9,add,f3.bin,backend_store,0.598584,1048576,,None,blake3
1,20,2026-03-11T12:20:39.482231Z,elea,0.1.1,ef66ed9,add,f2.bin,backend_store,0.5838749999999999,1048576,,None,blake3
1,20,2026-03-11T12:20:39.482255Z,elea,0.1.1,ef66ed9,add,f4.bin,backend_store,0.5854159999999999,1048576,,None,blake3
1,20,2026-03-11T12:20:39.482281Z,elea,0.1.1,ef66ed9,add,f5.bin,backend_store,0.5837089999999999,1048576,,None,blake3
1,20,2026-03-11T12:20:39.482402Z,elea,0.1.1,ef66ed9,add,f3.bin,add_file_total,2.803417,1048576,,None,blake3
1,20,2026-03-11T12:20:39.482412Z,elea,0.1.1,ef66ed9,add,f1.bin,backend_store,0.627583,1048576,,None,blake3
1,20,2026-03-11T12:20:39.482449Z,elea,0.1.1,ef66ed9,add,f2.bin,add_file_total,2.850375,1048576,,None,blake3
1,20,2026-03-11T12:20:39.482489Z,elea,0.1.1,ef66ed9,add,f5.bin,add_file_total,2.890709,1048576,,None,blake3
1,20,2026-03-11T12:20:39.482522Z,elea,0.1.1,ef66ed9,add,f4.bin,add_file_total,2.9195409999999997,1048576,,None,blake3
1,20,2026-03-11T12:20:39.48255Z,elea,0.1.1,ef66ed9,add,f1.bin,add_file_total,2.9577090000000004,1048576,,None,blake3
1,20,2026-03-11T12:20:39.482589Z,elea,0.1.1,ef66ed9,add,,add_total,3.042958,,5,None,blake3
1,21,2026-03-11T12:20:39.516576Z,elea,0.1.1,ef66ed9,hash,f2.bin,hash,0.606,1048576,,,blake3
1,21,2026-03-11T12:20:39.516586Z,elea,0.1.1,ef66ed9,hash,f4.bin,hash,0.598542,1048576,,,blake3
1,21,2026-03-11T12:20:39.516604Z,elea,0.1.1,ef66ed9,hash,f5.bin,hash,0.5992919999999999,1048576,,,blake3
1,21,2026-03-11T12:20:39.516597Z,elea,0.1.1,ef66ed9,hash,f1.bin,hash,0.5996670000000001,1048576,,,blake3
1,21,2026-03-11T12:20:39.516611Z,elea,0.1.1,ef66ed9,hash,f3.bin,hash,0.6008749999999999,1048576,,,blake3
1,21,2026-03-11T12:20:39.518491Z,elea,0.1.1,ef66ed9,add,f4.bin,backend_store,0.490792,1048576,,None,blake3
1,21,2026-03-11T12:20:39.518543Z,elea,0.1.1,ef66ed9,add,f5.bin,backend_store,0.523,1048576,,None,blake3
1,21,2026-03-11T12:20:39.518557Z,elea,0.1.1,ef66ed9,add,f2.bin,backend_store,0.566416,1048576,,None,blake3
1,21,2026-03-11T12:20:39.518571Z,elea,0.1.1,ef66ed9,add,f1.bin,backend_store,0.529083,1048576,,None,blake3
1,21,2026-03-11T12:20:39.518601Z,elea,0.1.1,ef66ed9,add,f3.bin,backend_store,0.5417500000000001,1048576,,None,blake3
1,21,2026-03-11T12:20:39.518696Z,elea,0.1.1,ef66ed9,add,f4.bin,add_file_total,2.739417,1048576,,None,blake3
1,21,2026-03-11T12:20:39.518761Z,elea,0.1.1,ef66ed9,add,f2.bin,add_file_total,2.83675,1048576,,None,blake3
1,21,2026-03-11T12:20:39.518798Z,elea,0.1.1,ef66ed9,add,f5.bin,add_file_total,2.846,1048576,,None,blake3
1,21,2026-03-11T12:20:39.518831Z,elea,0.1.1,ef66ed9,add,f1.bin,add_file_total,2.879458,1048576,,None,blake3
1,21,2026-03-11T12:20:39.518865Z,elea,0.1.1,ef66ed9,add,f3.bin,add_file_total,2.919667,1048576,,None,blake3
1,21,2026-03-11T12:20:39.518915Z,elea,0.1.1,ef66ed9,add,,add_total,3.027541,,5,None,blake3
1,22,2026-03-11T12:20:39.552051Z,elea,0.1.1,ef66ed9,hash,f1.bin,hash,0.6128750000000001,1048576,,,blake3
1,22,2026-03-11T12:20:39.552034Z,elea,0.1.1,ef66ed9,hash,f2.bin,hash,0.612292,1048576,,,blake3
1,22,2026-03-11T12:20:39.552043Z,elea,0.1.1,ef66ed9,hash,f3.bin,hash,0.604333,1048576,,,blake3
1,22,2026-03-11T12:20:39.552061Z,elea,0.1.1,ef66ed9,hash,f4.bin,hash,0.61075,1048576,,,blake3
1,22,2026-03-11T12:20:39.55201Z,elea,0.1.1,ef66ed9,hash,f5.bin,hash,0.5982080000000001,1048576,,,blake3
1,22,2026-03-11T12:20:39.553948Z,elea,0.1.1,ef66ed9,add,f2.bin,backend_store,0.484125,1048576,,None,blake3
1,22,2026-03-11T12:20:39.554032Z,elea,0.1.1,ef66ed9,add,f1.bin,backend_store,0.587708,1048576,,None,blake3
1,22,2026-03-11T12:20:39.554077Z,elea,0.1.1,ef66ed9,add,f5.bin,backend_store,0.541417,1048576,,None,blake3
1,22,2026-03-11T12:20:39.554083Z,elea,0.1.1,ef66ed9,add,f3.bin,backend_store,0.608625,1048576,,None,blake3
1,22,2026-03-11T12:20:39.554111Z,elea,0.1.1,ef66ed9,add,f4.bin,backend_store,0.6068749999999999,1048576,,None,blake3
1,22,2026-03-11T12:20:39.554119Z,elea,0.1.1,ef66ed9,add,f2.bin,add_file_total,2.731,1048576,,None,blake3
1,22,2026-03-11T12:20:39.554249Z,elea,0.1.1,ef66ed9,add,f1.bin,add_file_total,2.854583,1048576,,None,blake3
1,22,2026-03-11T12:20:39.554302Z,elea,0.1.1,ef66ed9,add,f5.bin,add_file_total,2.926875,1048576,,None,blake3
1,22,2026-03-11T12:20:39.554332Z,elea,0.1.1,ef66ed9,add,f3.bin,add_file_total,2.940084,1048576,,None,blake3
1,22,2026-03-11T12:20:39.554366Z,elea,0.1.1,ef66ed9,add,f4.bin,add_file_total,2.971042,1048576,,None,blake3
1,22,2026-03-11T12:20:39.554426Z,elea,0.1.1,ef66ed9,add,,add_total,3.0919160000000003,,5,None,blake3
1,23,2026-03-11T12:20:39.588924Z,elea,0.1.1,ef66ed9,hash,f1.bin,hash,0.6026659999999999,1048576,,,blake3
1,23,2026-03-11T12:20:39.5889Z,elea,0.1.1,ef66ed9,hash,f3.bin,hash,0.606208,1048576,,,blake3
1,23,2026-03-11T12:20:39.588932Z,elea,0.1.1,ef66ed9,hash,f4.bin,hash,0.599,1048576,,,blake3
1,23,2026-03-11T12:20:39.588908Z,elea,0.1.1,ef66ed9,hash,f5.bin,hash,0.600042,1048576,,,blake3
1,23,2026-03-11T12:20:39.588915Z,elea,0.1.1,ef66ed9,hash,f2.bin,hash,0.6040000000000001,1048576,,,blake3
1,23,2026-03-11T12:20:39.590932Z,elea,0.1.1,ef66ed9,add,f2.bin,backend_store,0.5219159999999999,1048576,,None,blake3
1,23,2026-03-11T12:20:39.59104Z,elea,0.1.1,ef66ed9,add,f1.bin,backend_store,0.7527919999999999,1048576,,None,blake3
1,23,2026-03-11T12:20:39.591097Z,elea,0.1.1,ef66ed9,add,f3.bin,backend_store,0.795084,1048576,,None,blake3
1,23,2026-03-11T12:20:39.591118Z,elea,0.1.1,ef66ed9,add,f5.bin,backend_store,0.770042,1048576,,None,blake3
1,23,2026-03-11T12:20:39.591132Z,elea,0.1.1,ef66ed9,add,f4.bin,backend_store,0.7957500000000001,1048576,,None,blake3
1,23,2026-03-11T12:20:39.591156Z,elea,0.1.1,ef66ed9,add,f2.bin,add_file_total,2.861875,1048576,,None,blake3
1,23,2026-03-11T12:20:39.591234Z,elea,0.1.1,ef66ed9,add,f1.bin,add_file_total,2.94425,1048576,,None,blake3
1,23,2026-03-11T12:20:39.591291Z,elea,0.1.1,ef66ed9,add,f3.bin,add_file_total,3.0322080000000002,1048576,,None,blake3
1,23,2026-03-11T12:20:39.591338Z,elea,0.1.1,ef66ed9,add,f5.bin,add_file_total,3.061667,1048576,,None,blake3
1,23,2026-03-11T12:20:39.591402Z,elea,0.1.1,ef66ed9,add,f4.bin,add_file_total,3.117667,1048576,,None,blake3
1,23,2026-03-11T12:20:39.591466Z,elea,0.1.1,ef66ed9,add,,add_total,3.235542,,5,None,blake3
1,24,2026-03-11T12:20:39.626491Z,elea,0.1.1,ef66ed9,hash,f2.bin,hash,0.599125,1048576,,,blake3
1,24,2026-03-11T12:20:39.626498Z,elea,0.1.1,ef66ed9,hash,f4.bin,hash,0.597375,1048576,,,blake3
1,24,2026-03-11T12:20:39.626471Z,elea,0.1.1,ef66ed9,hash,f3.bin,hash,0.599334,1048576,,,blake3
1,24,2026-03-11T12:20:39.626479Z,elea,0.1.1,ef66ed9,hash,f5.bin,hash,0.595083,1048576,,,blake3
1,24,2026-03-11T12:20:39.626464Z,elea,0.1.1,ef66ed9,hash,f1.bin,hash,0.6018749999999999,1048576,,,blake3
1,24,2026-03-11T12:20:39.62855Z,elea,0.1.1,ef66ed9,add,f5.bin,backend_store,0.578292,1048576,,None,blake3
1,24,2026-03-11T12:20:39.628581Z,elea,0.1.1,ef66ed9,add,f4.bin,backend_store,0.64875,1048576,,None,blake3
1,24,2026-03-11T12:20:39.628594Z,elea,0.1.1,ef66ed9,add,f3.bin,backend_store,0.6703749999999999,1048576,,None,blake3
1,24,2026-03-11T12:20:39.628619Z,elea,0.1.1,ef66ed9,add,f1.bin,backend_store,0.6260420000000001,1048576,,None,blake3
1,24,2026-03-11T12:20:39.628657Z,elea,0.1.1,ef66ed9,add,f2.bin,backend_store,0.760084,1048576,,None,blake3
1,24,2026-03-11T12:20:39.628794Z,elea,0.1.1,ef66ed9,add,f3.bin,add_file_total,2.978334,1048576,,None,blake3
1,24,2026-03-11T12:20:39.628828Z,elea,0.1.1,ef66ed9,add,f4.bin,add_file_total,3.000083,1048576,,None,blake3
1,24,2026-03-11T12:20:39.628869Z,elea,0.1.1,ef66ed9,add,f5.bin,add_file_total,3.047125,1048576,,None,blake3
1,24,2026-03-11T12:20:39.628906Z,elea,0.1.1,ef66ed9,add,f1.bin,add_file_total,3.088459,1048576,,None,blake3
1,24,2026-03-11T12:20:39.628948Z,elea,0.1.1,ef66ed9,add,f2.bin,add_file_total,3.124834,1048576,,None,blake3
1,24,2026-03-11T12:20:39.629002Z,elea,0.1.1,ef66ed9,add,,add_total,3.234458,,5,None,blake3
1,25,2026-03-11T12:20:39.662608Z,elea,0.1.1,ef66ed9,hash,f5.bin,hash,0.595417,1048576,,,blake3
1,25,2026-03-11T12:20:39.662618Z,elea,0.1.1,ef66ed9,hash,f4.bin,hash,0.599583,1048576,,,blake3
1,25,2026-03-11T12:20:39.662596Z,elea,0.1.1,ef66ed9,hash,f3.bin,hash,0.6030840000000001,1048576,,,blake3
1,25,2026-03-11T12:20:39.662585Z,elea,0.1.1,ef66ed9,hash,f1.bin,hash,0.608708,1048576,,,blake3
1,25,2026-03-11T12:20:39.662571Z,elea,0.1.1,ef66ed9,hash,f2.bin,hash,0.613083,1048576,,,blake3
1,25,2026-03-11T12:20:39.664445Z,elea,0.1.1,ef66ed9,add,f5.bin,backend_store,0.444042,1048576,,None,blake3
1,25,2026-03-11T12:20:39.664504Z,elea,0.1.1,ef66ed9,add,f4.bin,backend_store,0.479291,1048576,,None,blake3
1,25,2026-03-11T12:20:39.664521Z,elea,0.1.1,ef66ed9,add,f1.bin,backend_store,0.461583,1048576,,None,blake3
1,25,2026-03-11T12:20:39.664584Z,elea,0.1.1,ef66ed9,add,f3.bin,backend_store,0.5401670000000001,1048576,,None,blake3
1,25,2026-03-11T12:20:39.664624Z,elea,0.1.1,ef66ed9,add,f5.bin,add_file_total,2.686,1048576,,None,blake3
1,25,2026-03-11T12:20:39.664638Z,elea,0.1.1,ef66ed9,add,f2.bin,backend_store,0.556416,1048576,,None,blake3
1,25,2026-03-11T12:20:39.66466Z,elea,0.1.1,ef66ed9,add,f4.bin,add_file_total,2.723125,1048576,,None,blake3
1,25,2026-03-11T12:20:39.664697Z,elea,0.1.1,ef66ed9,add,f1.bin,add_file_total,2.7789580000000003,1048576,,None,blake3
1,25,2026-03-11T12:20:39.664732Z,elea,0.1.1,ef66ed9,add,f3.bin,add_file_total,2.810083,1048576,,None,blake3
1,25,2026-03-11T12:20:39.664765Z,elea,0.1.1,ef66ed9,add,f2.bin,add_file_total,2.8536249999999996,1048576,,None,blake3
1,25,2026-03-11T12:20:39.664801Z,elea,0.1.1,ef66ed9,add,,add_total,2.928292,,5,None,blake3
2,1,2026-03-11T12:20:39.712937Z,elea,0.1.1,ef66ed9,hash,f4.bin,hash,1.1644999999999999,2097152,,,blake3
2,1,2026-03-11T12:20:39.712919Z,elea,0.1.1,ef66ed9,hash,f3.bin,hash,1.169958,2097152,,,blake3
2,1,2026-03-11T12:20:39.712944Z,elea,0.1.1,ef66ed9,hash,f5.bin,hash,1.162542,2097152,,,blake3
2,1,2026-03-11T12:20:39.712928Z,elea,0.1.1,ef66ed9,hash,f2.bin,hash,1.178375,2097152,,,blake3
2,1,2026-03-11T12:20:39.71291Z,elea,0.1.1,ef66ed9,hash,f1.bin,hash,1.1850420000000002,2097152,,,blake3
2,1,2026-03-11T12:20:39.714822Z,elea,0.1.1,ef66ed9,add,f4.bin,backend_store,0.432209,2097152,,None,blake3
2,1,2026-03-11T12:20:39.714879Z,elea,0.1.1,ef66ed9,add,f3.bin,backend_store,0.47808300000000004,2097152,,None,blake3
2,1,2026-03-11T12:20:39.714924Z,elea,0.1.1,ef66ed9,add,f2.bin,backend_store,0.470042,2097152,,None,blake3
2,1,2026-03-11T12:20:39.714936Z,elea,0.1.1,ef66ed9,add,f1.bin,backend_store,0.45679200000000003,2097152,,None,blake3
2,1,2026-03-11T12:20:39.714949Z,elea,0.1.1,ef66ed9,add,f5.bin,backend_store,0.526917,2097152,,None,blake3
2,1,2026-03-11T12:20:39.714983Z,elea,0.1.1,ef66ed9,add,f4.bin,add_file_total,3.272834,2097152,,None,blake3
2,1,2026-03-11T12:20:39.715022Z,elea,0.1.1,ef66ed9,add,f3.bin,add_file_total,3.3157080000000003,2097152,,None,blake3
2,1,2026-03-11T12:20:39.715168Z,elea,0.1.1,ef66ed9,add,f2.bin,add_file_total,3.463791,2097152,,None,blake3
2,1,2026-03-11T12:20:39.715204Z,elea,0.1.1,ef66ed9,add,f1.bin,add_file_total,3.522625,2097152,,None,blake3
2,1,2026-03-11T12:20:39.715236Z,elea,0.1.1,ef66ed9,add,f5.bin,add_file_total,3.5254589999999997,2097152,,None,blake3
2,1,2026-03-11T12:20:39.715298Z,elea,0.1.1,ef66ed9,add,,add_total,3.6445000000000003,,5,None,blake3
2,2,2026-03-11T12:20:39.761426Z,elea,0.1.1,ef66ed9,hash,f3.bin,hash,1.170917,2097152,,,blake3
2,2,2026-03-11T12:20:39.761409Z,elea,0.1.1,ef66ed9,hash,f4.bin,hash,1.167,2097152,,,blake3
2,2,2026-03-11T12:20:39.761401Z,elea,0.1.1,ef66ed9,hash,f2.bin,hash,1.174667,2097152,,,blake3
2,2,2026-03-11T12:20:39.761386Z,elea,0.1.1,ef66ed9,hash,f5.bin,hash,1.171208,2097152,,,blake3
2,2,2026-03-11T12:20:39.761419Z,elea,0.1.1,ef66ed9,hash,f1.bin,hash,1.172083,2097152,,,blake3
2,2,2026-03-11T12:20:39.763289Z,elea,0.1.1,ef66ed9,add,f4.bin,backend_store,0.468833,2097152,,None,blake3
2,2,2026-03-11T12:20:39.763371Z,elea,0.1.1,ef66ed9,add,f3.bin,backend_store,0.5626249999999999,2097152,,None,blake3
2,2,2026-03-11T12:20:39.763435Z,elea,0.1.1,ef66ed9,add,f2.bin,backend_store,0.5965,2097152,,None,blake3
2,2,2026-03-11T12:20:39.763453Z,elea,0.1.1,ef66ed9,add,f1.bin,backend_store,0.566084,2097152,,None,blake3
2,2,2026-03-11T12:20:39.763465Z,elea,0.1.1,ef66ed9,add,f5.bin,backend_store,0.598792,2097152,,None,blake3
2,2,2026-03-11T12:20:39.763472Z,elea,0.1.1,ef66ed9,add,f4.bin,add_file_total,3.265042,2097152,,None,blake3
2,2,2026-03-11T12:20:39.763545Z,elea,0.1.1,ef66ed9,add,f3.bin,add_file_total,3.342917,2097152,,None,blake3
2,2,2026-03-11T12:20:39.763611Z,elea,0.1.1,ef66ed9,add,f2.bin,add_file_total,3.413916,2097152,,None,blake3
2,2,2026-03-11T12:20:39.76365Z,elea,0.1.1,ef66ed9,add,f5.bin,add_file_total,3.469959,2097152,,None,blake3
2,2,2026-03-11T12:20:39.763685Z,elea,0.1.1,ef66ed9,add,f1.bin,add_file_total,3.486917,2097152,,None,blake3
2,2,2026-03-11T12:20:39.763731Z,elea,0.1.1,ef66ed9,add,,add_total,3.579125,,5,None,blake3
2,3,2026-03-11T12:20:39.810921Z,elea,0.1.1,ef66ed9,hash,f4.bin,hash,1.1715,2097152,,,blake3
2,3,2026-03-11T12:20:39.810937Z,elea,0.1.1,ef66ed9,hash,f5.bin,hash,1.165375,2097152,,,blake3
2,3,2026-03-11T12:20:39.81093Z,elea,0.1.1,ef66ed9,hash,f1.bin,hash,1.180958,2097152,,,blake3
2,3,2026-03-11T12:20:39.810913Z,elea,0.1.1,ef66ed9,hash,f2.bin,hash,1.1819169999999999,2097152,,,blake3
2,3,2026-03-11T12:20:39.810898Z,elea,0.1.1,ef66ed9,hash,f3.bin,hash,1.1762089999999998,2097152,,,blake3
2,3,2026-03-11T12:20:39.812709Z,elea,0.1.1,ef66ed9,add,f5.bin,backend_store,0.531208,2097152,,None,blake3
2,3,2026-03-11T12:20:39.812724Z,elea,0.1.1,ef66ed9,add,f1.bin,backend_store,0.533959,2097152,,None,blake3
2,3,2026-03-11T12:20:39.812741Z,elea,0.1.1,ef66ed9,add,f4.bin,backend_store,0.580166,2097152,,None,blake3
2,3,2026-03-11T12:20:39.812778Z,elea,0.1.1,ef66ed9,add,f2.bin,backend_store,0.563875,2097152,,None,blake3
2,3,2026-03-11T12:20:39.812903Z,elea,0.1.1,ef66ed9,add,f3.bin,backend_store,0.66425,2097152,,None,blake3
2,3,2026-03-11T12:20:39.812922Z,elea,0.1.1,ef66ed9,add,f1.bin,add_file_total,3.215375,2097152,,None,blake3
2,3,2026-03-11T12:20:39.812962Z,elea,0.1.1,ef66ed9,add,f4.bin,add_file_total,3.2534579999999997,2097152,,None,blake3
2,3,2026-03-11T12:20:39.813003Z,elea,0.1.1,ef66ed9,add,f5.bin,add_file_total,3.293292,2097152,,None,blake3
2,3,2026-03-11T12:20:39.813041Z,elea,0.1.1,ef66ed9,add,f2.bin,add_file_total,3.336042,2097152,,None,blake3
2,3,2026-03-11T12:20:39.813075Z,elea,0.1.1,ef66ed9,add,f3.bin,add_file_total,3.391416,2097152,,None,blake3
2,3,2026-03-11T12:20:39.813112Z,elea,0.1.1,ef66ed9,add,,add_total,3.4524999999999997,,5,None,blake3
2,4,2026-03-11T12:20:39.86048Z,elea,0.1.1,ef66ed9,hash,f1.bin,hash,1.187875,2097152,,,blake3
2,4,2026-03-11T12:20:39.860461Z,elea,0.1.1,ef66ed9,hash,f5.bin,hash,1.1851660000000002,2097152,,,blake3
2,4,2026-03-11T12:20:39.860474Z,elea,0.1.1,ef66ed9,hash,f2.bin,hash,1.199084,2097152,,,blake3
2,4,2026-03-11T12:20:39.86045Z,elea,0.1.1,ef66ed9,hash,f4.bin,hash,1.198333,2097152,,,blake3
2,4,2026-03-11T12:20:39.860437Z,elea,0.1.1,ef66ed9,hash,f3.bin,hash,1.196625,2097152,,,blake3
2,4,2026-03-11T12:20:39.862426Z,elea,0.1.1,ef66ed9,add,f1.bin,backend_store,0.506667,2097152,,None,blake3
2,4,2026-03-11T12:20:39.862455Z,elea,0.1.1,ef66ed9,add,f4.bin,backend_store,0.472375,2097152,,None,blake3
2,4,2026-03-11T12:20:39.862465Z,elea,0.1.1,ef66ed9,add,f5.bin,backend_store,0.531042,2097152,,None,blake3
2,4,2026-03-11T12:20:39.862506Z,elea,0.1.1,ef66ed9,add,f2.bin,backend_store,0.5505,2097152,,None,blake3
2,4,2026-03-11T12:20:39.862554Z,elea,0.1.1,ef66ed9,add,f3.bin,backend_store,0.539708,2097152,,None,blake3
2,4,2026-03-11T12:20:39.86259Z,elea,0.1.1,ef66ed9,add,f1.bin,add_file_total,3.314417,2097152,,None,blake3
2,4,2026-03-11T12:20:39.862631Z,elea,0.1.1,ef66ed9,add,f4.bin,add_file_total,3.403625,2097152,,None,blake3
2,4,2026-03-11T12:20:39.862669Z,elea,0.1.1,ef66ed9,add,f5.bin,add_file_total,3.443667,2097152,,None,blake3
2,4,2026-03-11T12:20:39.862704Z,elea,0.1.1,ef66ed9,add,f2.bin,add_file_total,3.476,2097152,,None,blake3
2,4,2026-03-11T12:20:39.862735Z,elea,0.1.1,ef66ed9,add,f3.bin,add_file_total,3.535417,2097152,,None,blake3
2,4,2026-03-11T12:20:39.862775Z,elea,0.1.1,ef66ed9,add,,add_total,3.601458,,5,None,blake3
2,5,2026-03-11T12:20:39.911205Z,elea,0.1.1,ef66ed9,hash,f3.bin,hash,1.22675,2097152,,,blake3
2,5,2026-03-11T12:20:39.911197Z,elea,0.1.1,ef66ed9,hash,f1.bin,hash,1.204166,2097152,,,blake3
2,5,2026-03-11T12:20:39.911225Z,elea,0.1.1,ef66ed9,hash,f5.bin,hash,1.1982920000000001,2097152,,,blake3
2,5,2026-03-11T12:20:39.911217Z,elea,0.1.1,ef66ed9,hash,f4.bin,hash,1.193083,2097152,,,blake3
2,5,2026-03-11T12:20:39.911156Z,elea,0.1.1,ef66ed9,hash,f2.bin,hash,1.19575,2097152,,,blake3
2,5,2026-03-11T12:20:39.913372Z,elea,0.1.1,ef66ed9,add,f3.bin,backend_store,0.504042,2097152,,None,blake3
2,5,2026-03-11T12:20:39.913417Z,elea,0.1.1,ef66ed9,add,f1.bin,backend_store,0.537334,2097152,,None,blake3
2,5,2026-03-11T12:20:39.91355Z,elea,0.1.1,ef66ed9,add,f5.bin,backend_store,0.6471250000000001,2097152,,None,blake3
2,5,2026-03-11T12:20:39.913609Z,elea,0.1.1,ef66ed9,add,f3.bin,add_file_total,3.649667,2097152,,None,blake3
2,5,2026-03-11T12:20:39.913621Z,elea,0.1.1,ef66ed9,add,f2.bin,backend_store,0.6245419999999999,2097152,,None,blake3
2,5,2026-03-11T12:20:39.91365Z,elea,0.1.1,ef66ed9,add,f4.bin,backend_store,0.681709,2097152,,None,blake3
2,5,2026-03-11T12:20:39.913676Z,elea,0.1.1,ef66ed9,add,f1.bin,add_file_total,3.7100000000000004,2097152,,None,blake3
2,5,2026-03-11T12:20:39.913735Z,elea,0.1.1,ef66ed9,add,f5.bin,add_file_total,3.771458,2097152,,None,blake3
2,5,2026-03-11T12:20:39.913834Z,elea,0.1.1,ef66ed9,add,f2.bin,add_file_total,3.9095,2097152,,None,blake3
2,5,2026-03-11T12:20:39.913861Z,elea,0.1.1,ef66ed9,add,f4.bin,add_file_total,3.879333,2097152,,None,blake3
2,5,2026-03-11T12:20:39.913916Z,elea,0.1.1,ef66ed9,add,,add_total,4.022625000000001,,5,None,blake3
2,6,2026-03-11T12:20:39.960909Z,elea,0.1.1,ef66ed9,hash,f1.bin,hash,1.240917,2097152,,,blake3
2,6,2026-03-11T12:20:39.960882Z,elea,0.1.1,ef66ed9,hash,f4.bin,hash,1.1925,2097152,,,blake3
2,6,2026-03-11T12:20:39.960859Z,elea,0.1.1,ef66ed9,hash,f3.bin,hash,1.17875,2097152,,,blake3
2,6,2026-03-11T12:20:39.960898Z,elea,0.1.1,ef66ed9,hash,f5.bin,hash,1.199208,2097152,,,blake3
2,6,2026-03-11T12:20:39.960892Z,elea,0.1.1,ef66ed9,hash,f2.bin,hash,1.183417,2097152,,,blake3
2,6,2026-03-11T12:20:39.962993Z,elea,0.1.1,ef66ed9,add,f3.bin,backend_store,0.571875,2097152,,None,blake3
2,6,2026-03-11T12:20:39.963007Z,elea,0.1.1,ef66ed9,add,f1.bin,backend_store,0.62775,2097152,,None,blake3
2,6,2026-03-11T12:20:39.963041Z,elea,0.1.1,ef66ed9,add,f4.bin,backend_store,0.6348750000000001,2097152,,None,blake3
2,6,2026-03-11T12:20:39.963051Z,elea,0.1.1,ef66ed9,add,f2.bin,backend_store,0.589375,2097152,,None,blake3
2,6,2026-03-11T12:20:39.963069Z,elea,0.1.1,ef66ed9,add,f5.bin,backend_store,0.6166659999999999,2097152,,None,blake3
2,6,2026-03-11T12:20:39.963159Z,elea,0.1.1,ef66ed9,add,f3.bin,add_file_total,3.491167,2097152,,None,blake3
2,6,2026-03-11T12:20:39.963184Z,elea,0.1.1,ef66ed9,add,f1.bin,add_file_total,3.545042,2097152,,None,blake3
2,6,2026-03-11T12:20:39.963203Z,elea,0.1.1,ef66ed9,add,f4.bin,add_file_total,3.553917,2097152,,None,blake3
2,6,2026-03-11T12:20:39.963234Z,elea,0.1.1,ef66ed9,add,f2.bin,add_file_total,3.57875,2097152,,None,blake3
2,6,2026-03-11T12:20:39.963258Z,elea,0.1.1,ef66ed9,add,f5.bin,add_file_total,3.6094999999999997,2097152,,None,blake3
2,6,2026-03-11T12:20:39.963305Z,elea,0.1.1,ef66ed9,add,,add_total,3.707625,,5,None,blake3
2,7,2026-03-11T12:20:40.009001Z,elea,0.1.1,ef66ed9,hash,f5.bin,hash,1.174834,2097152,,,blake3
2,7,2026-03-11T12:20:40.008978Z,elea,0.1.1,ef66ed9,hash,f3.bin,hash,1.17375,2097152,,,blake3
2,7,2026-03-11T12:20:40.008991Z,elea,0.1.1,ef66ed9,hash,f1.bin,hash,1.219166,2097152,,,blake3
2,7,2026-03-11T12:20:40.008957Z,elea,0.1.1,ef66ed9,hash,f4.bin,hash,1.17775,2097152,,,blake3
2,7,2026-03-11T12:20:40.008967Z,elea,0.1.1,ef66ed9,hash,f2.bin,hash,1.179208,2097152,,,blake3
2,7,2026-03-11T12:20:40.0107Z,elea,0.1.1,ef66ed9,add,f5.bin,backend_store,0.48312499999999997,2097152,,None,blake3
2,7,2026-03-11T12:20:40.010716Z,elea,0.1.1,ef66ed9,add,f3.bin,backend_store,0.464333,2097152,,None,blake3
2,7,2026-03-11T12:20:40.010745Z,elea,0.1.1,ef66ed9,add,f1.bin,backend_store,0.518958,2097152,,None,blake3
2,7,2026-03-11T12:20:40.010783Z,elea,0.1.1,ef66ed9,add,f2.bin,backend_store,0.455166,2097152,,None,blake3
2,7,2026-03-11T12:20:40.010851Z,elea,0.1.1,ef66ed9,add,f4.bin,backend_store,0.541291,2097152,,None,blake3
2,7,2026-03-11T12:20:40.010892Z,elea,0.1.1,ef66ed9,add,f5.bin,add_file_total,3.152917,2097152,,None,blake3
2,7,2026-03-11T12:20:40.010932Z,elea,0.1.1,ef66ed9,add,f3.bin,add_file_total,3.2014169999999997,2097152,,None,blake3
2,7,2026-03-11T12:20:40.01097Z,elea,0.1.1,ef66ed9,add,f1.bin,add_file_total,3.244625,2097152,,None,blake3
2,7,2026-03-11T12:20:40.011001Z,elea,0.1.1,ef66ed9,add,f2.bin,add_file_total,3.273708,2097152,,None,blake3
2,7,2026-03-11T12:20:40.011029Z,elea,0.1.1,ef66ed9,add,f4.bin,add_file_total,3.3032090000000003,2097152,,None,blake3
2,7,2026-03-11T12:20:40.011067Z,elea,0.1.1,ef66ed9,add,,add_total,3.3832079999999998,,5,None,blake3
2,8,2026-03-11T12:20:40.059672Z,elea,0.1.1,ef66ed9,hash,f4.bin,hash,1.173125,2097152,,,blake3
2,8,2026-03-11T12:20:40.05969Z,elea,0.1.1,ef66ed9,hash,f1.bin,hash,1.190583,2097152,,,blake3
2,8,2026-03-11T12:20:40.059698Z,elea,0.1.1,ef66ed9,hash,f2.bin,hash,1.2189169999999998,2097152,,,blake3
2,8,2026-03-11T12:20:40.059681Z,elea,0.1.1,ef66ed9,hash,f5.bin,hash,1.158667,2097152,,,blake3
2,8,2026-03-11T12:20:40.059663Z,elea,0.1.1,ef66ed9,hash,f3.bin,hash,1.181875,2097152,,,blake3
2,8,2026-03-11T12:20:40.061525Z,elea,0.1.1,ef66ed9,add,f1.bin,backend_store,0.536458,2097152,,None,blake3
2,8,2026-03-11T12:20:40.06156Z,elea,0.1.1,ef66ed9,add,f2.bin,backend_store,0.554333,2097152,,None,blake3
2,8,2026-03-11T12:20:40.061618Z,elea,0.1.1,ef66ed9,add,f4.bin,backend_store,0.6585,2097152,,None,blake3
2,8,2026-03-11T12:20:40.061661Z,elea,0.1.1,ef66ed9,add,f5.bin,backend_store,0.6339170000000001,2097152,,None,blake3
2,8,2026-03-11T12:20:40.06167Z,elea,0.1.1,ef66ed9,add,f1.bin,add_file_total,3.214583,2097152,,None,blake3
2,8,2026-03-11T12:20:40.061694Z,elea,0.1.1,ef66ed9,add,f3.bin,backend_store,0.620125,2097152,,None,blake3
2,8,2026-03-11T12:20:40.061705Z,elea,0.1.1,ef66ed9,add,f2.bin,add_file_total,3.270958,2097152,,None,blake3
2,8,2026-03-11T12:20:40.061766Z,elea,0.1.1,ef66ed9,add,f4.bin,add_file_total,3.303083,2097152,,None,blake3
2,8,2026-03-11T12:20:40.061812Z,elea,0.1.1,ef66ed9,add,f5.bin,add_file_total,3.354208,2097152,,None,blake3
2,8,2026-03-11T12:20:40.061865Z,elea,0.1.1,ef66ed9,add,f3.bin,add_file_total,3.416792,2097152,,None,blake3
2,8,2026-03-11T12:20:40.061926Z,elea,0.1.1,ef66ed9,add,,add_total,3.520375,,5,None,blake3
2,9,2026-03-11T12:20:40.108403Z,elea,0.1.1,ef66ed9,hash,f1.bin,hash,1.189917,2097152,,,blake3
2,9,2026-03-11T12:20:40.108387Z,elea,0.1.1,ef66ed9,hash,f3.bin,hash,1.170791,2097152,,,blake3
2,9,2026-03-11T12:20:40.108453Z,elea,0.1.1,ef66ed9,hash,f4.bin,hash,1.23275,2097152,,,blake3
2,9,2026-03-11T12:20:40.108396Z,elea,0.1.1,ef66ed9,hash,f2.bin,hash,1.180959,2097152,,,blake3
2,9,2026-03-11T12:20:40.108363Z,elea,0.1.1,ef66ed9,hash,f5.bin,hash,1.180167,2097152,,,blake3
2,9,2026-03-11T12:20:40.110224Z,elea,0.1.1,ef66ed9,add,f4.bin,backend_store,0.36370800000000003,2097152,,None,blake3
2,9,2026-03-11T12:20:40.110353Z,elea,0.1.1,ef66ed9,add,f4.bin,add_file_total,3.1715,2097152,,None,blake3
2,9,2026-03-11T12:20:40.110401Z,elea,0.1.1,ef66ed9,add,f2.bin,backend_store,0.517625,2097152,,None,blake3
2,9,2026-03-11T12:20:40.110414Z,elea,0.1.1,ef66ed9,add,f3.bin,backend_store,0.5763330000000001,2097152,,None,blake3
2,9,2026-03-11T12:20:40.110433Z,elea,0.1.1,ef66ed9,add,f1.bin,backend_store,0.605583,2097152,,None,blake3
2,9,2026-03-11T12:20:40.110447Z,elea,0.1.1,ef66ed9,add,f5.bin,backend_store,0.543334,2097152,,None,blake3
2,9,2026-03-11T12:20:40.110527Z,elea,0.1.1,ef66ed9,add,f2.bin,add_file_total,3.35725,2097152,,None,blake3
2,9,2026-03-11T12:20:40.110575Z,elea,0.1.1,ef66ed9,add,f3.bin,add_file_total,3.405959,2097152,,None,blake3
2,9,2026-03-11T12:20:40.110606Z,elea,0.1.1,ef66ed9,add,f1.bin,add_file_total,3.443959,2097152,,None,blake3
2,9,2026-03-11T12:20:40.110635Z,elea,0.1.1,ef66ed9,add,f5.bin,add_file_total,3.491209,2097152,,None,blake3
2,9,2026-03-11T12:20:40.110675Z,elea,0.1.1,ef66ed9,add,,add_total,3.562417,,5,None,blake3
2,10,2026-03-11T12:20:40.156443Z,elea,0.1.1,ef66ed9,hash,f3.bin,hash,1.1776659999999999,2097152,,,blake3
2,10,2026-03-11T12:20:40.156403Z,elea,0.1.1,ef66ed9,hash,f5.bin,hash,1.166209,2097152,,,blake3
2,10,2026-03-11T12:20:40.156427Z,elea,0.1.1,ef66ed9,hash,f1.bin,hash,1.1893340000000001,2097152,,,blake3
2,10,2026-03-11T12:20:40.156395Z,elea,0.1.1,ef66ed9,hash,f4.bin,hash,1.175209,2097152,,,blake3
2,10,2026-03-11T12:20:40.156436Z,elea,0.1.1,ef66ed9,hash,f2.bin,hash,1.1809159999999999,2097152,,,blake3
2,10,2026-03-11T12:20:40.158241Z,elea,0.1.1,ef66ed9,add,f3.bin,backend_store,0.384458,2097152,,None,blake3
2,10,2026-03-11T12:20:40.158301Z,elea,0.1.1,ef66ed9,add,f5.bin,backend_store,0.43358300000000005,2097152,,None,blake3
2,10,2026-03-11T12:20:40.158318Z,elea,0.1.1,ef66ed9,add,f2.bin,backend_store,0.38379199999999997,2097152,,None,blake3
2,10,2026-03-11T12:20:40.158375Z,elea,0.1.1,ef66ed9,add,f4.bin,backend_store,0.46087500000000003,2097152,,None,blake3
2,10,2026-03-11T12:20:40.158397Z,elea,0.1.1,ef66ed9,add,f3.bin,add_file_total,3.2014579999999997,2097152,,None,blake3
2,10,2026-03-11T12:20:40.15846Z,elea,0.1.1,ef66ed9,add,f5.bin,add_file_total,3.2747919999999997,2097152,,None,blake3
2,10,2026-03-11T12:20:40.158502Z,elea,0.1.1,ef66ed9,add,f2.bin,add_file_total,3.3057920000000003,2097152,,None,blake3
2,10,2026-03-11T12:20:40.158533Z,elea,0.1.1,ef66ed9,add,f4.bin,add_file_total,3.345084,2097152,,None,blake3
2,10,2026-03-11T12:20:40.158605Z,elea,0.1.1,ef66ed9,add,f1.bin,backend_store,0.718458,2097152,,None,blake3
2,10,2026-03-11T12:20:40.158712Z,elea,0.1.1,ef66ed9,add,f1.bin,add_file_total,3.5191250000000003,2097152,,None,blake3
2,10,2026-03-11T12:20:40.158756Z,elea,0.1.1,ef66ed9,add,,add_total,3.61775,,5,None,blake3
2,11,2026-03-11T12:20:40.204446Z,elea,0.1.1,ef66ed9,hash,f4.bin,hash,1.166166,2097152,,,blake3
2,11,2026-03-11T12:20:40.204453Z,elea,0.1.1,ef66ed9,hash,f2.bin,hash,1.174625,2097152,,,blake3
2,11,2026-03-11T12:20:40.204428Z,elea,0.1.1,ef66ed9,hash,f3.bin,hash,1.189041,2097152,,,blake3
2,11,2026-03-11T12:20:40.204437Z,elea,0.1.1,ef66ed9,hash,f1.bin,hash,1.1801249999999999,2097152,,,blake3
2,11,2026-03-11T12:20:40.204404Z,elea,0.1.1,ef66ed9,hash,f5.bin,hash,1.1719169999999999,2097152,,,blake3
2,11,2026-03-11T12:20:40.206319Z,elea,0.1.1,ef66ed9,add,f3.bin,backend_store,0.511625,2097152,,None,blake3
2,11,2026-03-11T12:20:40.20635Z,elea,0.1.1,ef66ed9,add,f4.bin,backend_store,0.5777920000000001,2097152,,None,blake3
2,11,2026-03-11T12:20:40.206382Z,elea,0.1.1,ef66ed9,add,f2.bin,backend_store,0.59625,2097152,,None,blake3
2,11,2026-03-11T12:20:40.206388Z,elea,0.1.1,ef66ed9,add,f1.bin,backend_store,0.558125,2097152,,None,blake3
2,11,2026-03-11T12:20:40.206413Z,elea,0.1.1,ef66ed9,add,f5.bin,backend_store,0.561417,2097152,,None,blake3
2,11,2026-03-11T12:20:40.206504Z,elea,0.1.1,ef66ed9,add,f4.bin,add_file_total,3.2855,2097152,,None,blake3
2,11,2026-03-11T12:20:40.206538Z,elea,0.1.1,ef66ed9,add,f3.bin,add_file_total,3.330333,2097152,,None,blake3
2,11,2026-03-11T12:20:40.206561Z,elea,0.1.1,ef66ed9,add,f2.bin,add_file_total,3.35225,2097152,,None,blake3
2,11,2026-03-11T12:20:40.206595Z,elea,0.1.1,ef66ed9,add,f1.bin,add_file_total,3.3910839999999998,2097152,,None,blake3
2,11,2026-03-11T12:20:40.206624Z,elea,0.1.1,ef66ed9,add,f5.bin,add_file_total,3.44,2097152,,None,blake3
2,11,2026-03-11T12:20:40.206667Z,elea,0.1.1,ef66ed9,add,,add_total,3.519959,,5,None,blake3
2,12,2026-03-11T12:20:40.252381Z,elea,0.1.1,ef66ed9,hash,f1.bin,hash,1.1845,2097152,,,blake3
2,12,2026-03-11T12:20:40.252354Z,elea,0.1.1,ef66ed9,hash,f3.bin,hash,1.184416,2097152,,,blake3
2,12,2026-03-11T12:20:40.25234Z,elea,0.1.1,ef66ed9,hash,f2.bin,hash,1.193625,2097152,,,blake3
2,12,2026-03-11T12:20:40.252373Z,elea,0.1.1,ef66ed9,hash,f5.bin,hash,1.169042,2097152,,,blake3
2,12,2026-03-11T12:20:40.252362Z,elea,0.1.1,ef66ed9,hash,f4.bin,hash,1.173666,2097152,,,blake3
2,12,2026-03-11T12:20:40.254506Z,elea,0.1.1,ef66ed9,add,f5.bin,backend_store,0.623042,2097152,,None,blake3
2,12,2026-03-11T12:20:40.254514Z,elea,0.1.1,ef66ed9,add,f3.bin,backend_store,0.675834,2097152,,None,blake3
2,12,2026-03-11T12:20:40.254525Z,elea,0.1.1,ef66ed9,add,f1.bin,backend_store,0.694625,2097152,,None,blake3
2,12,2026-03-11T12:20:40.254559Z,elea,0.1.1,ef66ed9,add,f4.bin,backend_store,0.643,2097152,,None,blake3
2,12,2026-03-11T12:20:40.254571Z,elea,0.1.1,ef66ed9,add,f2.bin,backend_store,0.710125,2097152,,None,blake3
2,12,2026-03-11T12:20:40.254676Z,elea,0.1.1,ef66ed9,add,f3.bin,add_file_total,3.544625,2097152,,None,blake3
2,12,2026-03-11T12:20:40.254717Z,elea,0.1.1,ef66ed9,add,f5.bin,add_file_total,3.58525,2097152,,None,blake3
2,12,2026-03-11T12:20:40.254749Z,elea,0.1.1,ef66ed9,add,f1.bin,add_file_total,3.6168329999999997,2097152,,None,blake3
2,12,2026-03-11T12:20:40.254782Z,elea,0.1.1,ef66ed9,add,f2.bin,add_file_total,3.6712089999999997,2097152,,None,blake3
2,12,2026-03-11T12:20:40.254814Z,elea,0.1.1,ef66ed9,add,f4.bin,add_file_total,3.682333,2097152,,None,blake3
2,12,2026-03-11T12:20:40.25486Z,elea,0.1.1,ef66ed9,add,,add_total,3.784917,,5,None,blake3
2,13,2026-03-11T12:20:40.302802Z,elea,0.1.1,ef66ed9,hash,f1.bin,hash,1.199208,2097152,,,blake3
2,13,2026-03-11T12:20:40.302793Z,elea,0.1.1,ef66ed9,hash,f4.bin,hash,1.147959,2097152,,,blake3
2,13,2026-03-11T12:20:40.302823Z,elea,0.1.1,ef66ed9,hash,f3.bin,hash,1.189792,2097152,,,blake3
2,13,2026-03-11T12:20:40.302811Z,elea,0.1.1,ef66ed9,hash,f2.bin,hash,1.2095,2097152,,,blake3
2,13,2026-03-11T12:20:40.302776Z,elea,0.1.1,ef66ed9,hash,f5.bin,hash,1.192083,2097152,,,blake3
2,13,2026-03-11T12:20:40.304678Z,elea,0.1.1,ef66ed9,add,f1.bin,backend_store,0.5483330000000001,2097152,,None,blake3
2,13,2026-03-11T12:20:40.304942Z,elea,0.1.1,ef66ed9,add,f3.bin,backend_store,0.768459,2097152,,None,blake3
2,13,2026-03-11T12:20:40.304951Z,elea,0.1.1,ef66ed9,add,f4.bin,backend_store,0.783458,2097152,,None,blake3
2,13,2026-03-11T12:20:40.304976Z,elea,0.1.1,ef66ed9,add,f1.bin,add_file_total,3.4044589999999997,2097152,,None,blake3
2,13,2026-03-11T12:20:40.305001Z,elea,0.1.1,ef66ed9,add,f2.bin,backend_store,0.8034589999999999,2097152,,None,blake3
2,13,2026-03-11T12:20:40.305012Z,elea,0.1.1,ef66ed9,add,f5.bin,backend_store,0.6768339999999999,2097152,,None,blake3
2,13,2026-03-11T12:20:40.305352Z,elea,0.1.1,ef66ed9,add,f3.bin,add_file_total,3.7697920000000003,2097152,,None,blake3
2,13,2026-03-11T12:20:40.30539Z,elea,0.1.1,ef66ed9,add,f4.bin,add_file_total,3.799541,2097152,,None,blake3
2,13,2026-03-11T12:20:40.305439Z,elea,0.1.1,ef66ed9,add,f2.bin,add_file_total,3.8774170000000003,2097152,,None,blake3
2,13,2026-03-11T12:20:40.30548Z,elea,0.1.1,ef66ed9,add,f5.bin,add_file_total,3.9342500000000005,2097152,,None,blake3
2,13,2026-03-11T12:20:40.305534Z,elea,0.1.1,ef66ed9,add,,add_total,4.019666,,5,None,blake3
2,14,2026-03-11T12:20:40.351926Z,elea,0.1.1,ef66ed9,hash,f3.bin,hash,1.1752500000000001,2097152,,,blake3
2,14,2026-03-11T12:20:40.351909Z,elea,0.1.1,ef66ed9,hash,f4.bin,hash,1.181083,2097152,,,blake3
2,14,2026-03-11T12:20:40.351917Z,elea,0.1.1,ef66ed9,hash,f2.bin,hash,1.190709,2097152,,,blake3
2,14,2026-03-11T12:20:40.351935Z,elea,0.1.1,ef66ed9,hash,f1.bin,hash,1.1875419999999999,2097152,,,blake3
2,14,2026-03-11T12:20:40.3519Z,elea,0.1.1,ef66ed9,hash,f5.bin,hash,1.163417,2097152,,,blake3
2,14,2026-03-11T12:20:40.353749Z,elea,0.1.1,ef66ed9,add,f3.bin,backend_store,0.415958,2097152,,None,blake3
2,14,2026-03-11T12:20:40.35389Z,elea,0.1.1,ef66ed9,add,f4.bin,backend_store,0.549708,2097152,,None,blake3
2,14,2026-03-11T12:20:40.353916Z,elea,0.1.1,ef66ed9,add,f3.bin,add_file_total,3.2341670000000002,2097152,,None,blake3
2,14,2026-03-11T12:20:40.353926Z,elea,0.1.1,ef66ed9,add,f2.bin,backend_store,0.5673330000000001,2097152,,None,blake3
2,14,2026-03-11T12:20:40.353963Z,elea,0.1.1,ef66ed9,add,f5.bin,backend_store,0.537542,2097152,,None,blake3
2,14,2026-03-11T12:20:40.353972Z,elea,0.1.1,ef66ed9,add,f1.bin,backend_store,0.5721660000000001,2097152,,None,blake3
2,14,2026-03-11T12:20:40.354032Z,elea,0.1.1,ef66ed9,add,f4.bin,add_file_total,3.354833,2097152,,None,blake3
2,14,2026-03-11T12:20:40.354079Z,elea,0.1.1,ef66ed9,add,f2.bin,add_file_total,3.41325,2097152,,None,blake3
2,14,2026-03-11T12:20:40.354114Z,elea,0.1.1,ef66ed9,add,f1.bin,add_file_total,3.430958,2097152,,None,blake3
2,14,2026-03-11T12:20:40.354145Z,elea,0.1.1,ef66ed9,add,f5.bin,add_file_total,3.4630419999999997,2097152,,None,blake3
2,14,2026-03-11T12:20:40.354203Z,elea,0.1.1,ef66ed9,add,,add_total,3.5761249999999998,,5,None,blake3
2,15,2026-03-11T12:20:40.399945Z,elea,0.1.1,ef66ed9,hash,f1.bin,hash,1.1734580000000001,2097152,,,blake3
2,15,2026-03-11T12:20:40.399937Z,elea,0.1.1,ef66ed9,hash,f3.bin,hash,1.169875,2097152,,,blake3
2,15,2026-03-11T12:20:40.39996Z,elea,0.1.1,ef66ed9,hash,f2.bin,hash,1.185541,2097152,,,blake3
2,15,2026-03-11T12:20:40.399928Z,elea,0.1.1,ef66ed9,hash,f4.bin,hash,1.176042,2097152,,,blake3
2,15,2026-03-11T12:20:40.399916Z,elea,0.1.1,ef66ed9,hash,f5.bin,hash,1.164666,2097152,,,blake3
2,15,2026-03-11T12:20:40.401943Z,elea,0.1.1,ef66ed9,add,f2.bin,backend_store,0.545042,2097152,,None,blake3
2,15,2026-03-11T12:20:40.401991Z,elea,0.1.1,ef66ed9,add,f3.bin,backend_store,0.618417,2097152,,None,blake3
2,15,2026-03-11T12:20:40.402007Z,elea,0.1.1,ef66ed9,add,f4.bin,backend_store,0.580875,2097152,,None,blake3
2,15,2026-03-11T12:20:40.40204Z,elea,0.1.1,ef66ed9,add,f5.bin,backend_store,0.599875,2097152,,None,blake3
2,15,2026-03-11T12:20:40.402065Z,elea,0.1.1,ef66ed9,add,f1.bin,backend_store,0.708916,2097152,,None,blake3
2,15,2026-03-11T12:20:40.402102Z,elea,0.1.1,ef66ed9,add,f2.bin,add_file_total,3.411833,2097152,,None,blake3
2,15,2026-03-11T12:20:40.402171Z,elea,0.1.1,ef66ed9,add,f3.bin,add_file_total,3.475875,2097152,,None,blake3
2,15,2026-03-11T12:20:40.402225Z,elea,0.1.1,ef66ed9,add,f4.bin,add_file_total,3.527167,2097152,,None,blake3
2,15,2026-03-11T12:20:40.402268Z,elea,0.1.1,ef66ed9,add,f1.bin,add_file_total,3.5780410000000002,2097152,,None,blake3
2,15,2026-03-11T12:20:40.40231Z,elea,0.1.1,ef66ed9,add,f5.bin,add_file_total,3.6154170000000003,2097152,,None,blake3
2,15,2026-03-11T12:20:40.402363Z,elea,0.1.1,ef66ed9,add,,add_total,3.7182920000000004,,5,None,blake3
2,16,2026-03-11T12:20:40.448774Z,elea,0.1.1,ef66ed9,hash,f5.bin,hash,1.171875,2097152,,,blake3
2,16,2026-03-11T12:20:40.448738Z,elea,0.1.1,ef66ed9,hash,f1.bin,hash,1.1902080000000002,2097152,,,blake3
2,16,2026-03-11T12:20:40.448752Z,elea,0.1.1,ef66ed9,hash,f2.bin,hash,1.181542,2097152,,,blake3
2,16,2026-03-11T12:20:40.448781Z,elea,0.1.1,ef66ed9,hash,f4.bin,hash,1.1888750000000001,2097152,,,blake3
2,16,2026-03-11T12:20:40.44876Z,elea,0.1.1,ef66ed9,hash,f3.bin,hash,1.145416,2097152,,,blake3
2,16,2026-03-11T12:20:40.450979Z,elea,0.1.1,ef66ed9,add,f3.bin,backend_store,0.498416,2097152,,None,blake3
2,16,2026-03-11T12:20:40.45102Z,elea,0.1.1,ef66ed9,add,f2.bin,backend_store,0.6088330000000001,2097152,,None,blake3
2,16,2026-03-11T12:20:40.451034Z,elea,0.1.1,ef66ed9,add,f4.bin,backend_store,0.6015830000000001,2097152,,None,blake3
2,16,2026-03-11T12:20:40.451042Z,elea,0.1.1,ef66ed9,add,f1.bin,backend_store,0.651208,2097152,,None,blake3
2,16,2026-03-11T12:20:40.451086Z,elea,0.1.1,ef66ed9,add,f5.bin,backend_store,0.680458,2097152,,None,blake3
2,16,2026-03-11T12:20:40.451196Z,elea,0.1.1,ef66ed9,add,f3.bin,add_file_total,3.653541,2097152,,None,blake3
2,16,2026-03-11T12:20:40.451245Z,elea,0.1.1,ef66ed9,add,f2.bin,add_file_total,3.7165000000000004,2097152,,None,blake3
2,16,2026-03-11T12:20:40.45128Z,elea,0.1.1,ef66ed9,add,f4.bin,add_file_total,3.753084,2097152,,None,blake3
2,16,2026-03-11T12:20:40.451318Z,elea,0.1.1,ef66ed9,add,f1.bin,add_file_total,3.8131250000000003,2097152,,None,blake3
2,16,2026-03-11T12:20:40.451388Z,elea,0.1.1,ef66ed9,add,f5.bin,add_file_total,3.857625,2097152,,None,blake3
2,16,2026-03-11T12:20:40.451447Z,elea,0.1.1,ef66ed9,add,,add_total,3.973125,,5,None,blake3
2,17,2026-03-11T12:20:40.500888Z,elea,0.1.1,ef66ed9,hash,f5.bin,hash,1.196041,2097152,,,blake3
2,17,2026-03-11T12:20:40.500847Z,elea,0.1.1,ef66ed9,hash,f4.bin,hash,1.195,2097152,,,blake3
2,17,2026-03-11T12:20:40.500897Z,elea,0.1.1,ef66ed9,hash,f1.bin,hash,1.217417,2097152,,,blake3
2,17,2026-03-11T12:20:40.500877Z,elea,0.1.1,ef66ed9,hash,f3.bin,hash,1.2037499999999999,2097152,,,blake3
2,17,2026-03-11T12:20:40.500866Z,elea,0.1.1,ef66ed9,hash,f2.bin,hash,1.206625,2097152,,,blake3
2,17,2026-03-11T12:20:40.502727Z,elea,0.1.1,ef66ed9,add,f5.bin,backend_store,0.403458,2097152,,None,blake3
2,17,2026-03-11T12:20:40.502792Z,elea,0.1.1,ef66ed9,add,f4.bin,backend_store,0.439875,2097152,,None,blake3
2,17,2026-03-11T12:20:40.502801Z,elea,0.1.1,ef66ed9,add,f1.bin,backend_store,0.42812500000000003,2097152,,None,blake3
2,17,2026-03-11T12:20:40.502818Z,elea,0.1.1,ef66ed9,add,f3.bin,backend_store,0.422875,2097152,,None,blake3
2,17,2026-03-11T12:20:40.502857Z,elea,0.1.1,ef66ed9,add,f2.bin,backend_store,0.427166,2097152,,None,blake3
2,17,2026-03-11T12:20:40.502896Z,elea,0.1.1,ef66ed9,add,f5.bin,add_file_total,3.2837500000000004,2097152,,None,blake3
2,17,2026-03-11T12:20:40.502969Z,elea,0.1.1,ef66ed9,add,f4.bin,add_file_total,3.335834,2097152,,None,blake3
2,17,2026-03-11T12:20:40.503019Z,elea,0.1.1,ef66ed9,add,f1.bin,add_file_total,3.399084,2097152,,None,blake3
2,17,2026-03-11T12:20:40.503062Z,elea,0.1.1,ef66ed9,add,f3.bin,add_file_total,3.458167,2097152,,None,blake3
2,17,2026-03-11T12:20:40.503241Z,elea,0.1.1,ef66ed9,add,f2.bin,add_file_total,3.644541,2097152,,None,blake3
2,17,2026-03-11T12:20:40.503286Z,elea,0.1.1,ef66ed9,add,,add_total,3.730959,,5,None,blake3
2,18,2026-03-11T12:20:40.549212Z,elea,0.1.1,ef66ed9,hash,f4.bin,hash,1.177667,2097152,,,blake3
2,18,2026-03-11T12:20:40.549243Z,elea,0.1.1,ef66ed9,hash,f1.bin,hash,1.1604160000000001,2097152,,,blake3
2,18,2026-03-11T12:20:40.549232Z,elea,0.1.1,ef66ed9,hash,f2.bin,hash,1.175417,2097152,,,blake3
2,18,2026-03-11T12:20:40.549252Z,elea,0.1.1,ef66ed9,hash,f3.bin,hash,1.1912500000000001,2097152,,,blake3
2,18,2026-03-11T12:20:40.549196Z,elea,0.1.1,ef66ed9,hash,f5.bin,hash,1.1713330000000002,2097152,,,blake3
2,18,2026-03-11T12:20:40.550865Z,elea,0.1.1,ef66ed9,add,f4.bin,backend_store,0.440125,2097152,,None,blake3
2,18,2026-03-11T12:20:40.550927Z,elea,0.1.1,ef66ed9,add,f2.bin,backend_store,0.46037500000000003,2097152,,None,blake3
2,18,2026-03-11T12:20:40.550932Z,elea,0.1.1,ef66ed9,add,f3.bin,backend_store,0.44204200000000005,2097152,,None,blake3
2,18,2026-03-11T12:20:40.551025Z,elea,0.1.1,ef66ed9,add,f1.bin,backend_store,0.583958,2097152,,None,blake3
2,18,2026-03-11T12:20:40.551053Z,elea,0.1.1,ef66ed9,add,f4.bin,add_file_total,3.060167,2097152,,None,blake3
2,18,2026-03-11T12:20:40.551083Z,elea,0.1.1,ef66ed9,add,f5.bin,backend_store,0.572916,2097152,,None,blake3
2,18,2026-03-11T12:20:40.551113Z,elea,0.1.1,ef66ed9,add,f2.bin,add_file_total,3.112208,2097152,,None,blake3
2,18,2026-03-11T12:20:40.55115Z,elea,0.1.1,ef66ed9,add,f3.bin,add_file_total,3.156875,2097152,,None,blake3
2,18,2026-03-11T12:20:40.55119Z,elea,0.1.1,ef66ed9,add,f1.bin,add_file_total,3.1935000000000002,2097152,,None,blake3
2,18,2026-03-11T12:20:40.551223Z,elea,0.1.1,ef66ed9,add,f5.bin,add_file_total,3.237084,2097152,,None,blake3
2,18,2026-03-11T12:20:40.551277Z,elea,0.1.1,ef66ed9,add,,add_total,3.33075,,5,None,blake3
2,19,2026-03-11T12:20:40.597081Z,elea,0.1.1,ef66ed9,hash,f3.bin,hash,1.178958,2097152,,,blake3
2,19,2026-03-11T12:20:40.597072Z,elea,0.1.1,ef66ed9,hash,f5.bin,hash,1.1965000000000001,2097152,,,blake3
2,19,2026-03-11T12:20:40.597135Z,elea,0.1.1,ef66ed9,hash,f4.bin,hash,1.2480410000000002,2097152,,,blake3
2,19,2026-03-11T12:20:40.597062Z,elea,0.1.1,ef66ed9,hash,f2.bin,hash,1.176375,2097152,,,blake3
2,19,2026-03-11T12:20:40.59705Z,elea,0.1.1,ef66ed9,hash,f1.bin,hash,1.179041,2097152,,,blake3
2,19,2026-03-11T12:20:40.598914Z,elea,0.1.1,ef66ed9,add,f3.bin,backend_store,0.430834,2097152,,None,blake3
2,19,2026-03-11T12:20:40.59898Z,elea,0.1.1,ef66ed9,add,f2.bin,backend_store,0.44554099999999996,2097152,,None,blake3
2,19,2026-03-11T12:20:40.599053Z,elea,0.1.1,ef66ed9,add,f1.bin,backend_store,0.49541699999999994,2097152,,None,blake3
2,19,2026-03-11T12:20:40.599085Z,elea,0.1.1,ef66ed9,add,f5.bin,backend_store,0.5844999999999999,2097152,,None,blake3
2,19,2026-03-11T12:20:40.599111Z,elea,0.1.1,ef66ed9,add,f3.bin,add_file_total,3.2625,2097152,,None,blake3
2,19,2026-03-11T12:20:40.599119Z,elea,0.1.1,ef66ed9,add,f4.bin,backend_store,0.6057499999999999,2097152,,None,blake3
2,19,2026-03-11T12:20:40.599168Z,elea,0.1.1,ef66ed9,add,f2.bin,add_file_total,3.325917,2097152,,None,blake3
2,19,2026-03-11T12:20:40.599207Z,elea,0.1.1,ef66ed9,add,f1.bin,add_file_total,3.367625,2097152,,None,blake3
2,19,2026-03-11T12:20:40.599245Z,elea,0.1.1,ef66ed9,add,f5.bin,add_file_total,3.421583,2097152,,None,blake3
2,19,2026-03-11T12:20:40.599277Z,elea,0.1.1,ef66ed9,add,f4.bin,add_file_total,3.431333,2097152,,None,blake3
2,19,2026-03-11T12:20:40.599336Z,elea,0.1.1,ef66ed9,add,,add_total,3.548125,,5,None,blake3
2,20,2026-03-11T12:20:40.644351Z,elea,0.1.1,ef66ed9,hash,f4.bin,hash,1.161375,2097152,,,blake3
2,20,2026-03-11T12:20:40.644377Z,elea,0.1.1,ef66ed9,hash,f2.bin,hash,1.161459,2097152,,,blake3
2,20,2026-03-11T12:20:40.644343Z,elea,0.1.1,ef66ed9,hash,f1.bin,hash,1.169958,2097152,,,blake3
2,20,2026-03-11T12:20:40.644369Z,elea,0.1.1,ef66ed9,hash,f3.bin,hash,1.1605,2097152,,,blake3
2,20,2026-03-11T12:20:40.64436Z,elea,0.1.1,ef66ed9,hash,f5.bin,hash,1.161666,2097152,,,blake3
2,20,2026-03-11T12:20:40.646164Z,elea,0.1.1,ef66ed9,add,f4.bin,backend_store,0.44466599999999995,2097152,,None,blake3
2,20,2026-03-11T12:20:40.646201Z,elea,0.1.1,ef66ed9,add,f2.bin,backend_store,0.46716599999999997,2097152,,None,blake3
2,20,2026-03-11T12:20:40.646212Z,elea,0.1.1,ef66ed9,add,f1.bin,backend_store,0.451375,2097152,,None,blake3
2,20,2026-03-11T12:20:40.646299Z,elea,0.1.1,ef66ed9,add,f3.bin,backend_store,0.5189590000000001,2097152,,None,blake3
2,20,2026-03-11T12:20:40.646324Z,elea,0.1.1,ef66ed9,add,f5.bin,backend_store,0.524375,2097152,,None,blake3
2,20,2026-03-11T12:20:40.646391Z,elea,0.1.1,ef66ed9,add,f1.bin,add_file_total,3.251,2097152,,None,blake3
2,20,2026-03-11T12:20:40.646433Z,elea,0.1.1,ef66ed9,add,f2.bin,add_file_total,3.272334,2097152,,None,blake3
2,20,2026-03-11T12:20:40.64647Z,elea,0.1.1,ef66ed9,add,f4.bin,add_file_total,3.313584,2097152,,None,blake3
2,20,2026-03-11T12:20:40.646654Z,elea,0.1.1,ef66ed9,add,f3.bin,add_file_total,3.479916,2097152,,None,blake3
2,20,2026-03-11T12:20:40.646678Z,elea,0.1.1,ef66ed9,add,f5.bin,add_file_total,3.525959,2097152,,None,blake3
2,20,2026-03-11T12:20:40.646727Z,elea,0.1.1,ef66ed9,add,,add_total,3.6203339999999997,,5,None,blake3
2,21,2026-03-11T12:20:40.692684Z,elea,0.1.1,ef66ed9,hash,f3.bin,hash,1.169916,2097152,,,blake3
2,21,2026-03-11T12:20:40.692658Z,elea,0.1.1,ef66ed9,hash,f2.bin,hash,1.177459,2097152,,,blake3
2,21,2026-03-11T12:20:40.692676Z,elea,0.1.1,ef66ed9,hash,f1.bin,hash,1.169042,2097152,,,blake3
2,21,2026-03-11T12:20:40.692667Z,elea,0.1.1,ef66ed9,hash,f5.bin,hash,1.160292,2097152,,,blake3
2,21,2026-03-11T12:20:40.69265Z,elea,0.1.1,ef66ed9,hash,f4.bin,hash,1.181625,2097152,,,blake3
2,21,2026-03-11T12:20:40.694265Z,elea,0.1.1,ef66ed9,add,f3.bin,backend_store,0.325209,2097152,,None,blake3
2,21,2026-03-11T12:20:40.694284Z,elea,0.1.1,ef66ed9,add,f1.bin,backend_store,0.30574999999999997,2097152,,None,blake3
2,21,2026-03-11T12:20:40.694381Z,elea,0.1.1,ef66ed9,add,f2.bin,backend_store,0.423125,2097152,,None,blake3
2,21,2026-03-11T12:20:40.694414Z,elea,0.1.1,ef66ed9,add,f3.bin,add_file_total,2.962167,2097152,,None,blake3
2,21,2026-03-11T12:20:40.694425Z,elea,0.1.1,ef66ed9,add,f4.bin,backend_store,0.376666,2097152,,None,blake3
2,21,2026-03-11T12:20:40.694456Z,elea,0.1.1,ef66ed9,add,f1.bin,add_file_total,3.015334,2097152,,None,blake3
2,21,2026-03-11T12:20:40.694511Z,elea,0.1.1,ef66ed9,add,f2.bin,add_file_total,3.0758330000000003,2097152,,None,blake3
2,21,2026-03-11T12:20:40.694518Z,elea,0.1.1,ef66ed9,add,f5.bin,backend_store,0.306541,2097152,,None,blake3
2,21,2026-03-11T12:20:40.694533Z,elea,0.1.1,ef66ed9,add,f4.bin,add_file_total,3.113625,2097152,,None,blake3
2,21,2026-03-11T12:20:40.694622Z,elea,0.1.1,ef66ed9,add,f5.bin,add_file_total,3.187666,2097152,,None,blake3
2,21,2026-03-11T12:20:40.694672Z,elea,0.1.1,ef66ed9,add,,add_total,3.302083,,5,None,blake3
2,22,2026-03-11T12:20:40.74031Z,elea,0.1.1,ef66ed9,hash,f1.bin,hash,1.171208,2097152,,,blake3
2,22,2026-03-11T12:20:40.740301Z,elea,0.1.1,ef66ed9,hash,f5.bin,hash,1.1640000000000001,2097152,,,blake3
2,22,2026-03-11T12:20:40.740291Z,elea,0.1.1,ef66ed9,hash,f2.bin,hash,1.168833,2097152,,,blake3
2,22,2026-03-11T12:20:40.740318Z,elea,0.1.1,ef66ed9,hash,f3.bin,hash,1.1688749999999999,2097152,,,blake3
2,22,2026-03-11T12:20:40.740277Z,elea,0.1.1,ef66ed9,hash,f4.bin,hash,1.174,2097152,,,blake3
2,22,2026-03-11T12:20:40.742128Z,elea,0.1.1,ef66ed9,add,f4.bin,backend_store,0.43825,2097152,,None,blake3
2,22,2026-03-11T12:20:40.742154Z,elea,0.1.1,ef66ed9,add,f5.bin,backend_store,0.542458,2097152,,None,blake3
2,22,2026-03-11T12:20:40.742307Z,elea,0.1.1,ef66ed9,add,f3.bin,backend_store,0.66,2097152,,None,blake3
2,22,2026-03-11T12:20:40.742317Z,elea,0.1.1,ef66ed9,add,f2.bin,backend_store,0.6686660000000001,2097152,,None,blake3
2,22,2026-03-11T12:20:40.742335Z,elea,0.1.1,ef66ed9,add,f4.bin,add_file_total,3.2525000000000004,2097152,,None,blake3
2,22,2026-03-11T12:20:40.742343Z,elea,0.1.1,ef66ed9,add,f1.bin,backend_store,0.739041,2097152,,None,blake3
2,22,2026-03-11T12:20:40.742357Z,elea,0.1.1,ef66ed9,add,f5.bin,add_file_total,3.27,2097152,,None,blake3
2,22,2026-03-11T12:20:40.742759Z,elea,0.1.1,ef66ed9,add,f3.bin,add_file_total,3.665125,2097152,,None,blake3
2,22,2026-03-11T12:20:40.742788Z,elea,0.1.1,ef66ed9,add,f2.bin,add_file_total,3.700708,2097152,,None,blake3
2,22,2026-03-11T12:20:40.742816Z,elea,0.1.1,ef66ed9,add,f1.bin,add_file_total,3.733625,2097152,,None,blake3
2,22,2026-03-11T12:20:40.742873Z,elea,0.1.1,ef66ed9,add,,add_total,3.843375,,5,None,blake3
2,23,2026-03-11T12:20:40.788574Z,elea,0.1.1,ef66ed9,hash,f5.bin,hash,1.1626670000000001,2097152,,,blake3
2,23,2026-03-11T12:20:40.788555Z,elea,0.1.1,ef66ed9,hash,f2.bin,hash,1.1793339999999999,2097152,,,blake3
2,23,2026-03-11T12:20:40.788581Z,elea,0.1.1,ef66ed9,hash,f4.bin,hash,1.1704160000000001,2097152,,,blake3
2,23,2026-03-11T12:20:40.788567Z,elea,0.1.1,ef66ed9,hash,f3.bin,hash,1.163666,2097152,,,blake3
2,23,2026-03-11T12:20:40.788547Z,elea,0.1.1,ef66ed9,hash,f1.bin,hash,1.181,2097152,,,blake3
2,23,2026-03-11T12:20:40.79037Z,elea,0.1.1,ef66ed9,add,f2.bin,backend_store,0.5735,2097152,,None,blake3
2,23,2026-03-11T12:20:40.790379Z,elea,0.1.1,ef66ed9,add,f4.bin,backend_store,0.545208,2097152,,None,blake3
2,23,2026-03-11T12:20:40.790386Z,elea,0.1.1,ef66ed9,add,f5.bin,backend_store,0.611083,2097152,,None,blake3
2,23,2026-03-11T12:20:40.790397Z,elea,0.1.1,ef66ed9,add,f3.bin,backend_store,0.5502499999999999,2097152,,None,blake3
2,23,2026-03-11T12:20:40.790412Z,elea,0.1.1,ef66ed9,add,f1.bin,backend_store,0.5441670000000001,2097152,,None,blake3
2,23,2026-03-11T12:20:40.79054Z,elea,0.1.1,ef66ed9,add,f4.bin,add_file_total,3.193041,2097152,,None,blake3
2,23,2026-03-11T12:20:40.790567Z,elea,0.1.1,ef66ed9,add,f2.bin,add_file_total,3.2221670000000002,2097152,,None,blake3
2,23,2026-03-11T12:20:40.790595Z,elea,0.1.1,ef66ed9,add,f5.bin,add_file_total,3.248792,2097152,,None,blake3
2,23,2026-03-11T12:20:40.790627Z,elea,0.1.1,ef66ed9,add,f3.bin,add_file_total,3.279833,2097152,,None,blake3
2,23,2026-03-11T12:20:40.790653Z,elea,0.1.1,ef66ed9,add,f1.bin,add_file_total,3.323458,2097152,,None,blake3
2,23,2026-03-11T12:20:40.790697Z,elea,0.1.1,ef66ed9,add,,add_total,3.402208,,5,None,blake3
2,24,2026-03-11T12:20:40.83655Z,elea,0.1.1,ef66ed9,hash,f5.bin,hash,1.172833,2097152,,,blake3
2,24,2026-03-11T12:20:40.836535Z,elea,0.1.1,ef66ed9,hash,f2.bin,hash,1.170666,2097152,,,blake3
2,24,2026-03-11T12:20:40.836543Z,elea,0.1.1,ef66ed9,hash,f1.bin,hash,1.1706670000000001,2097152,,,blake3
2,24,2026-03-11T12:20:40.836562Z,elea,0.1.1,ef66ed9,hash,f3.bin,hash,1.1825830000000002,2097152,,,blake3
2,24,2026-03-11T12:20:40.836529Z,elea,0.1.1,ef66ed9,hash,f4.bin,hash,1.181958,2097152,,,blake3
2,24,2026-03-11T12:20:40.838456Z,elea,0.1.1,ef66ed9,add,f2.bin,backend_store,0.46,2097152,,None,blake3
2,24,2026-03-11T12:20:40.838586Z,elea,0.1.1,ef66ed9,add,f1.bin,backend_store,0.559833,2097152,,None,blake3
2,24,2026-03-11T12:20:40.838601Z,elea,0.1.1,ef66ed9,add,f3.bin,backend_store,0.54025,2097152,,None,blake3
2,24,2026-03-11T12:20:40.838607Z,elea,0.1.1,ef66ed9,add,f4.bin,backend_store,0.550541,2097152,,None,blake3
2,24,2026-03-11T12:20:40.838638Z,elea,0.1.1,ef66ed9,add,f5.bin,backend_store,0.6457499999999999,2097152,,None,blake3
2,24,2026-03-11T12:20:40.838649Z,elea,0.1.1,ef66ed9,add,f2.bin,add_file_total,3.3188750000000002,2097152,,None,blake3
2,24,2026-03-11T12:20:40.838758Z,elea,0.1.1,ef66ed9,add,f3.bin,add_file_total,3.430083,2097152,,None,blake3
2,24,2026-03-11T12:20:40.839004Z,elea,0.1.1,ef66ed9,add,f1.bin,add_file_total,3.675542,2097152,,None,blake3
2,24,2026-03-11T12:20:40.839042Z,elea,0.1.1,ef66ed9,add,f5.bin,add_file_total,3.718667,2097152,,None,blake3
2,24,2026-03-11T12:20:40.839086Z,elea,0.1.1,ef66ed9,add,f4.bin,add_file_total,3.769708,2097152,,None,blake3
2,24,2026-03-11T12:20:40.839137Z,elea,0.1.1,ef66ed9,add,,add_total,3.864625,,5,None,blake3
2,25,2026-03-11T12:20:40.889075Z,elea,0.1.1,ef66ed9,hash,f4.bin,hash,1.2012500000000002,2097152,,,blake3
2,25,2026-03-11T12:20:40.889094Z,elea,0.1.1,ef66ed9,hash,f3.bin,hash,1.240834,2097152,,,blake3
2,25,2026-03-11T12:20:40.889085Z,elea,0.1.1,ef66ed9,hash,f1.bin,hash,1.195667,2097152,,,blake3
2,25,2026-03-11T12:20:40.889054Z,elea,0.1.1,ef66ed9,hash,f2.bin,hash,1.202042,2097152,,,blake3
2,25,2026-03-11T12:20:40.889045Z,elea,0.1.1,ef66ed9,hash,f5.bin,hash,1.182292,2097152,,,blake3
2,25,2026-03-11T12:20:40.890947Z,elea,0.1.1,ef66ed9,add,f4.bin,backend_store,0.454791,2097152,,None,blake3
2,25,2026-03-11T12:20:40.890956Z,elea,0.1.1,ef66ed9,add,f3.bin,backend_store,0.443917,2097152,,None,blake3
2,25,2026-03-11T12:20:40.890984Z,elea,0.1.1,ef66ed9,add,f2.bin,backend_store,0.407958,2097152,,None,blake3
2,25,2026-03-11T12:20:40.891008Z,elea,0.1.1,ef66ed9,add,f5.bin,backend_store,0.417333,2097152,,None,blake3
2,25,2026-03-11T12:20:40.891079Z,elea,0.1.1,ef66ed9,add,f1.bin,backend_store,0.539584,2097152,,None,blake3
2,25,2026-03-11T12:20:40.891135Z,elea,0.1.1,ef66ed9,add,f4.bin,add_file_total,3.303,2097152,,None,blake3
2,25,2026-03-11T12:20:40.891179Z,elea,0.1.1,ef66ed9,add,f3.bin,add_file_total,3.372125,2097152,,None,blake3
2,25,2026-03-11T12:20:40.891307Z,elea,0.1.1,ef66ed9,add,f5.bin,add_file_total,3.4738339999999996,2097152,,None,blake3
2,25,2026-03-11T12:20:40.891344Z,elea,0.1.1,ef66ed9,add,f2.bin,add_file_total,3.506875,2097152,,None,blake3
2,25,2026-03-11T12:20:40.891386Z,elea,0.1.1,ef66ed9,add,f1.bin,add_file_total,3.560708,2097152,,None,blake3
2,25,2026-03-11T12:20:40.891437Z,elea,0.1.1,ef66ed9,add,,add_total,3.657291,,5,None,blake3
5,1,2026-03-11T12:20:40.976113Z,elea,0.1.1,ef66ed9,hash,f5.bin,hash,2.882458,5242880,,,blake3
5,1,2026-03-11T12:20:40.976088Z,elea,0.1.1,ef66ed9,hash,f4.bin,hash,2.885583,5242880,,,blake3
5,1,2026-03-11T12:20:40.976132Z,elea,0.1.1,ef66ed9,hash,f1.bin,hash,2.9188330000000002,5242880,,,blake3
5,1,2026-03-11T12:20:40.976143Z,elea,0.1.1,ef66ed9,hash,f2.bin,hash,2.9307920000000003,5242880,,,blake3
5,1,2026-03-11T12:20:40.976121Z,elea,0.1.1,ef66ed9,hash,f3.bin,hash,2.900833,5242880,,,blake3
5,1,2026-03-11T12:20:40.978241Z,elea,0.1.1,ef66ed9,add,f5.bin,backend_store,0.501417,5242880,,None,blake3
5,1,2026-03-11T12:20:40.97825Z,elea,0.1.1,ef66ed9,add,f4.bin,backend_store,0.481916,5242880,,None,blake3
5,1,2026-03-11T12:20:40.978272Z,elea,0.1.1,ef66ed9,add,f1.bin,backend_store,0.493125,5242880,,None,blake3
5,1,2026-03-11T12:20:40.978327Z,elea,0.1.1,ef66ed9,add,f2.bin,backend_store,0.49545800000000007,5242880,,None,blake3
5,1,2026-03-11T12:20:40.978339Z,elea,0.1.1,ef66ed9,add,f3.bin,backend_store,0.48633299999999996,5242880,,None,blake3
5,1,2026-03-11T12:20:40.978423Z,elea,0.1.1,ef66ed9,add,f4.bin,add_file_total,5.263249999999999,5242880,,None,blake3
5,1,2026-03-11T12:20:40.978492Z,elea,0.1.1,ef66ed9,add,f1.bin,add_file_total,5.335833,5242880,,None,blake3
5,1,2026-03-11T12:20:40.978563Z,elea,0.1.1,ef66ed9,add,f5.bin,add_file_total,5.394125,5242880,,None,blake3
5,1,2026-03-11T12:20:40.978618Z,elea,0.1.1,ef66ed9,add,f2.bin,add_file_total,5.455291,5242880,,None,blake3
5,1,2026-03-11T12:20:40.978657Z,elea,0.1.1,ef66ed9,add,f3.bin,add_file_total,5.493917,5242880,,None,blake3
5,1,2026-03-11T12:20:40.978728Z,elea,0.1.1,ef66ed9,add,,add_total,5.610333000000001,,5,None,blake3
5,2,2026-03-11T12:20:41.06422Z,elea,0.1.1,ef66ed9,hash,f3.bin,hash,2.940667,5242880,,,blake3
5,2,2026-03-11T12:20:41.064175Z,elea,0.1.1,ef66ed9,hash,f1.bin,hash,2.9305,5242880,,,blake3
5,2,2026-03-11T12:20:41.064151Z,elea,0.1.1,ef66ed9,hash,f5.bin,hash,2.860042,5242880,,,blake3
5,2,2026-03-11T12:20:41.064132Z,elea,0.1.1,ef66ed9,hash,f4.bin,hash,2.878792,5242880,,,blake3
5,2,2026-03-11T12:20:41.064184Z,elea,0.1.1,ef66ed9,hash,f2.bin,hash,2.911333,5242880,,,blake3
5,2,2026-03-11T12:20:41.066336Z,elea,0.1.1,ef66ed9,add,f5.bin,backend_store,0.5343330000000001,5242880,,None,blake3
5,2,2026-03-11T12:20:41.066423Z,elea,0.1.1,ef66ed9,add,f1.bin,backend_store,0.637,5242880,,None,blake3
5,2,2026-03-11T12:20:41.066466Z,elea,0.1.1,ef66ed9,add,f2.bin,backend_store,0.605542,5242880,,None,blake3
5,2,2026-03-11T12:20:41.066485Z,elea,0.1.1,ef66ed9,add,f3.bin,backend_store,0.731084,5242880,,None,blake3
5,2,2026-03-11T12:20:41.066504Z,elea,0.1.1,ef66ed9,add,f4.bin,backend_store,0.666458,5242880,,None,blake3
5,2,2026-03-11T12:20:41.066555Z,elea,0.1.1,ef66ed9,add,f5.bin,add_file_total,5.3195,5242880,,None,blake3
5,2,2026-03-11T12:20:41.066672Z,elea,0.1.1,ef66ed9,add,f1.bin,add_file_total,5.470415999999999,5242880,,None,blake3
5,2,2026-03-11T12:20:41.066862Z,elea,0.1.1,ef66ed9,add,f3.bin,add_file_total,5.637917,5242880,,None,blake3
5,2,2026-03-11T12:20:41.066897Z,elea,0.1.1,ef66ed9,add,f2.bin,add_file_total,5.680208,5242880,,None,blake3
5,2,2026-03-11T12:20:41.066931Z,elea,0.1.1,ef66ed9,add,f4.bin,add_file_total,5.723584000000001,5242880,,None,blake3
5,2,2026-03-11T12:20:41.066988Z,elea,0.1.1,ef66ed9,add,,add_total,5.8240419999999995,,5,None,blake3
5,3,2026-03-11T12:20:41.149051Z,elea,0.1.1,ef66ed9,hash,f2.bin,hash,2.94275,5242880,,,blake3
5,3,2026-03-11T12:20:41.148998Z,elea,0.1.1,ef66ed9,hash,f5.bin,hash,2.894292,5242880,,,blake3
5,3,2026-03-11T12:20:41.149033Z,elea,0.1.1,ef66ed9,hash,f1.bin,hash,2.905917,5242880,,,blake3
5,3,2026-03-11T12:20:41.149008Z,elea,0.1.1,ef66ed9,hash,f3.bin,hash,2.911959,5242880,,,blake3
5,3,2026-03-11T12:20:41.149026Z,elea,0.1.1,ef66ed9,hash,f4.bin,hash,2.909166,5242880,,,blake3
5,3,2026-03-11T12:20:41.151195Z,elea,0.1.1,ef66ed9,add,f2.bin,backend_store,0.5299579999999999,5242880,,None,blake3
5,3,2026-03-11T12:20:41.151214Z,elea,0.1.1,ef66ed9,add,f1.bin,backend_store,0.505542,5242880,,None,blake3
5,3,2026-03-11T12:20:41.151237Z,elea,0.1.1,ef66ed9,add,f5.bin,backend_store,0.530709,5242880,,None,blake3
5,3,2026-03-11T12:20:41.151251Z,elea,0.1.1,ef66ed9,add,f3.bin,backend_store,0.515584,5242880,,None,blake3
5,3,2026-03-11T12:20:41.151288Z,elea,0.1.1,ef66ed9,add,f4.bin,backend_store,0.5320830000000001,5242880,,None,blake3
5,3,2026-03-11T12:20:41.151403Z,elea,0.1.1,ef66ed9,add,f2.bin,add_file_total,5.340833,5242880,,None,blake3
5,3,2026-03-11T12:20:41.151453Z,elea,0.1.1,ef66ed9,add,f3.bin,add_file_total,5.400542000000001,5242880,,None,blake3
5,3,2026-03-11T12:20:41.151501Z,elea,0.1.1,ef66ed9,add,f5.bin,add_file_total,5.44625,5242880,,None,blake3
5,3,2026-03-11T12:20:41.151553Z,elea,0.1.1,ef66ed9,add,f1.bin,add_file_total,5.488333,5242880,,None,blake3
5,3,2026-03-11T12:20:41.151602Z,elea,0.1.1,ef66ed9,add,f4.bin,add_file_total,5.540917,5242880,,None,blake3
5,3,2026-03-11T12:20:41.151672Z,elea,0.1.1,ef66ed9,add,,add_total,5.662375,,5,None,blake3
5,4,2026-03-11T12:20:41.23405Z,elea,0.1.1,ef66ed9,hash,f1.bin,hash,2.921084,5242880,,,blake3
5,4,2026-03-11T12:20:41.234076Z,elea,0.1.1,ef66ed9,hash,f3.bin,hash,2.931542,5242880,,,blake3
5,4,2026-03-11T12:20:41.234131Z,elea,0.1.1,ef66ed9,hash,f2.bin,hash,2.978292,5242880,,,blake3
5,4,2026-03-11T12:20:41.234007Z,elea,0.1.1,ef66ed9,hash,f5.bin,hash,2.891292,5242880,,,blake3
5,4,2026-03-11T12:20:41.234041Z,elea,0.1.1,ef66ed9,hash,f4.bin,hash,2.918834,5242880,,,blake3
5,4,2026-03-11T12:20:41.236286Z,elea,0.1.1,ef66ed9,add,f4.bin,backend_store,0.570166,5242880,,None,blake3
5,4,2026-03-11T12:20:41.236296Z,elea,0.1.1,ef66ed9,add,f1.bin,backend_store,0.6604580000000001,5242880,,None,blake3
5,4,2026-03-11T12:20:41.236306Z,elea,0.1.1,ef66ed9,add,f3.bin,backend_store,0.652833,5242880,,None,blake3
5,4,2026-03-11T12:20:41.236311Z,elea,0.1.1,ef66ed9,add,f5.bin,backend_store,0.626667,5242880,,None,blake3
5,4,2026-03-11T12:20:41.236319Z,elea,0.1.1,ef66ed9,add,f2.bin,backend_store,0.63025,5242880,,None,blake3
5,4,2026-03-11T12:20:41.236484Z,elea,0.1.1,ef66ed9,add,f5.bin,add_file_total,5.415875,5242880,,None,blake3
5,4,2026-03-11T12:20:41.236763Z,elea,0.1.1,ef66ed9,add,f1.bin,add_file_total,5.681417000000001,5242880,,None,blake3
5,4,2026-03-11T12:20:41.2368Z,elea,0.1.1,ef66ed9,add,f3.bin,add_file_total,5.712584,5242880,,None,blake3
5,4,2026-03-11T12:20:41.23684Z,elea,0.1.1,ef66ed9,add,f2.bin,add_file_total,5.753834,5242880,,None,blake3
5,4,2026-03-11T12:20:41.236874Z,elea,0.1.1,ef66ed9,add,f4.bin,add_file_total,5.796792,5242880,,None,blake3
5,4,2026-03-11T12:20:41.236921Z,elea,0.1.1,ef66ed9,add,,add_total,5.893166,,5,None,blake3
5,5,2026-03-11T12:20:41.320834Z,elea,0.1.1,ef66ed9,hash,f4.bin,hash,2.938,5242880,,,blake3
5,5,2026-03-11T12:20:41.320856Z,elea,0.1.1,ef66ed9,hash,f2.bin,hash,2.9233330000000004,5242880,,,blake3
5,5,2026-03-11T12:20:41.320795Z,elea,0.1.1,ef66ed9,hash,f5.bin,hash,2.878458,5242880,,,blake3
5,5,2026-03-11T12:20:41.320827Z,elea,0.1.1,ef66ed9,hash,f1.bin,hash,2.9212079999999996,5242880,,,blake3
5,5,2026-03-11T12:20:41.320867Z,elea,0.1.1,ef66ed9,hash,f3.bin,hash,2.944375,5242880,,,blake3
5,5,2026-03-11T12:20:41.322873Z,elea,0.1.1,ef66ed9,add,f4.bin,backend_store,0.391625,5242880,,None,blake3
5,5,2026-03-11T12:20:41.322966Z,elea,0.1.1,ef66ed9,add,f5.bin,backend_store,0.43304200000000004,5242880,,None,blake3
5,5,2026-03-11T12:20:41.323014Z,elea,0.1.1,ef66ed9,add,f1.bin,backend_store,0.44875,5242880,,None,blake3
5,5,2026-03-11T12:20:41.323029Z,elea,0.1.1,ef66ed9,add,f2.bin,backend_store,0.519667,5242880,,None,blake3
5,5,2026-03-11T12:20:41.323064Z,elea,0.1.1,ef66ed9,add,f3.bin,backend_store,0.45554100000000003,5242880,,None,blake3
5,5,2026-03-11T12:20:41.32314Z,elea,0.1.1,ef66ed9,add,f4.bin,add_file_total,5.271417,5242880,,None,blake3
5,5,2026-03-11T12:20:41.323199Z,elea,0.1.1,ef66ed9,add,f5.bin,add_file_total,5.329833,5242880,,None,blake3
5,5,2026-03-11T12:20:41.323248Z,elea,0.1.1,ef66ed9,add,f1.bin,add_file_total,5.389083,5242880,,None,blake3
5,5,2026-03-11T12:20:41.323301Z,elea,0.1.1,ef66ed9,add,f3.bin,add_file_total,5.390667,5242880,,None,blake3
5,5,2026-03-11T12:20:41.323349Z,elea,0.1.1,ef66ed9,add,f2.bin,add_file_total,5.48325,5242880,,None,blake3
5,5,2026-03-11T12:20:41.323415Z,elea,0.1.1,ef66ed9,add,,add_total,5.592083000000001,,5,None,blake3
5,6,2026-03-11T12:20:41.407642Z,elea,0.1.1,ef66ed9,hash,f4.bin,hash,2.905208,5242880,,,blake3
5,6,2026-03-11T12:20:41.407668Z,elea,0.1.1,ef66ed9,hash,f1.bin,hash,2.9325,5242880,,,blake3
5,6,2026-03-11T12:20:41.407557Z,elea,0.1.1,ef66ed9,hash,f5.bin,hash,2.893625,5242880,,,blake3
5,6,2026-03-11T12:20:41.40757Z,elea,0.1.1,ef66ed9,hash,f3.bin,hash,2.9229999999999996,5242880,,,blake3
5,6,2026-03-11T12:20:41.407658Z,elea,0.1.1,ef66ed9,hash,f2.bin,hash,2.918209,5242880,,,blake3
5,6,2026-03-11T12:20:41.409602Z,elea,0.1.1,ef66ed9,add,f5.bin,backend_store,0.378375,5242880,,None,blake3
5,6,2026-03-11T12:20:41.40969Z,elea,0.1.1,ef66ed9,add,f4.bin,backend_store,0.50525,5242880,,None,blake3
5,6,2026-03-11T12:20:41.409751Z,elea,0.1.1,ef66ed9,add,f3.bin,backend_store,0.49299999999999994,5242880,,None,blake3
5,6,2026-03-11T12:20:41.409755Z,elea,0.1.1,ef66ed9,add,f5.bin,add_file_total,5.146709,5242880,,None,blake3
5,6,2026-03-11T12:20:41.409768Z,elea,0.1.1,ef66ed9,add,f1.bin,backend_store,0.55125,5242880,,None,blake3
5,6,2026-03-11T12:20:41.409778Z,elea,0.1.1,ef66ed9,add,f2.bin,backend_store,0.491958,5242880,,None,blake3
5,6,2026-03-11T12:20:41.410091Z,elea,0.1.1,ef66ed9,add,f4.bin,add_file_total,5.481875,5242880,,None,blake3
5,6,2026-03-11T12:20:41.410285Z,elea,0.1.1,ef66ed9,add,f3.bin,add_file_total,5.678624999999999,5242880,,None,blake3
5,6,2026-03-11T12:20:41.410325Z,elea,0.1.1,ef66ed9,add,f2.bin,add_file_total,5.723875,5242880,,None,blake3
5,6,2026-03-11T12:20:41.410391Z,elea,0.1.1,ef66ed9,add,f1.bin,add_file_total,5.781334,5242880,,None,blake3
5,6,2026-03-11T12:20:41.410451Z,elea,0.1.1,ef66ed9,add,,add_total,5.881333,,5,None,blake3
5,7,2026-03-11T12:20:41.49372Z,elea,0.1.1,ef66ed9,hash,f2.bin,hash,2.946333,5242880,,,blake3
5,7,2026-03-11T12:20:41.493738Z,elea,0.1.1,ef66ed9,hash,f1.bin,hash,2.941208,5242880,,,blake3
5,7,2026-03-11T12:20:41.493676Z,elea,0.1.1,ef66ed9,hash,f5.bin,hash,2.874333,5242880,,,blake3
5,7,2026-03-11T12:20:41.493978Z,elea,0.1.1,ef66ed9,hash,f4.bin,hash,3.187666,5242880,,,blake3
5,7,2026-03-11T12:20:41.493745Z,elea,0.1.1,ef66ed9,hash,f3.bin,hash,2.9139999999999997,5242880,,,blake3
5,7,2026-03-11T12:20:41.496103Z,elea,0.1.1,ef66ed9,add,f1.bin,backend_store,0.50275,5242880,,None,blake3
5,7,2026-03-11T12:20:41.496126Z,elea,0.1.1,ef66ed9,add,f4.bin,backend_store,0.462834,5242880,,None,blake3
5,7,2026-03-11T12:20:41.496135Z,elea,0.1.1,ef66ed9,add,f2.bin,backend_store,0.541,5242880,,None,blake3
5,7,2026-03-11T12:20:41.496142Z,elea,0.1.1,ef66ed9,add,f3.bin,backend_store,0.455167,5242880,,None,blake3
5,7,2026-03-11T12:20:41.496184Z,elea,0.1.1,ef66ed9,add,f5.bin,backend_store,0.558042,5242880,,None,blake3
5,7,2026-03-11T12:20:41.49628Z,elea,0.1.1,ef66ed9,add,f4.bin,add_file_total,5.534667,5242880,,None,blake3
5,7,2026-03-11T12:20:41.496483Z,elea,0.1.1,ef66ed9,add,f1.bin,add_file_total,5.7457080000000005,5242880,,None,blake3
5,7,2026-03-11T12:20:41.496522Z,elea,0.1.1,ef66ed9,add,f3.bin,add_file_total,5.773958,5242880,,None,blake3
5,7,2026-03-11T12:20:41.496558Z,elea,0.1.1,ef66ed9,add,f2.bin,add_file_total,5.8195,5242880,,None,blake3
5,7,2026-03-11T12:20:41.496625Z,elea,0.1.1,ef66ed9,add,f5.bin,add_file_total,5.8782499999999995,5242880,,None,blake3
5,7,2026-03-11T12:20:41.496675Z,elea,0.1.1,ef66ed9,add,,add_total,5.970834,,5,None,blake3
5,8,2026-03-11T12:20:41.580576Z,elea,0.1.1,ef66ed9,hash,f5.bin,hash,3.0855,5242880,,,blake3
5,8,2026-03-11T12:20:41.580519Z,elea,0.1.1,ef66ed9,hash,f1.bin,hash,3.0132079999999997,5242880,,,blake3
5,8,2026-03-11T12:20:41.580428Z,elea,0.1.1,ef66ed9,hash,f4.bin,hash,2.9457910000000003,5242880,,,blake3
5,8,2026-03-11T12:20:41.580412Z,elea,0.1.1,ef66ed9,hash,f2.bin,hash,2.927083,5242880,,,blake3
5,8,2026-03-11T12:20:41.580502Z,elea,0.1.1,ef66ed9,hash,f3.bin,hash,3.028209,5242880,,,blake3
5,8,2026-03-11T12:20:41.582511Z,elea,0.1.1,ef66ed9,add,f5.bin,backend_store,0.49375,5242880,,None,blake3
5,8,2026-03-11T12:20:41.582531Z,elea,0.1.1,ef66ed9,add,f1.bin,backend_store,0.491875,5242880,,None,blake3
5,8,2026-03-11T12:20:41.582562Z,elea,0.1.1,ef66ed9,add,f3.bin,backend_store,0.43483299999999997,5242880,,None,blake3
5,8,2026-03-11T12:20:41.58259Z,elea,0.1.1,ef66ed9,add,f4.bin,backend_store,0.523541,5242880,,None,blake3
5,8,2026-03-11T12:20:41.582619Z,elea,0.1.1,ef66ed9,add,f2.bin,backend_store,0.5219159999999999,5242880,,None,blake3
5,8,2026-03-11T12:20:41.582673Z,elea,0.1.1,ef66ed9,add,f5.bin,add_file_total,5.235917,5242880,,None,blake3
5,8,2026-03-11T12:20:41.58279Z,elea,0.1.1,ef66ed9,add,f1.bin,add_file_total,5.350167,5242880,,None,blake3
5,8,2026-03-11T12:20:41.583109Z,elea,0.1.1,ef66ed9,add,f3.bin,add_file_total,5.681292,5242880,,None,blake3
5,8,2026-03-11T12:20:41.583157Z,elea,0.1.1,ef66ed9,add,f4.bin,add_file_total,5.722625,5242880,,None,blake3
5,8,2026-03-11T12:20:41.583196Z,elea,0.1.1,ef66ed9,add,f2.bin,add_file_total,5.760541,5242880,,None,blake3
5,8,2026-03-11T12:20:41.583248Z,elea,0.1.1,ef66ed9,add,,add_total,5.8549999999999995,,5,None,blake3
5,9,2026-03-11T12:20:41.673578Z,elea,0.1.1,ef66ed9,hash,f1.bin,hash,3.227416,5242880,,,blake3
5,9,2026-03-11T12:20:41.673552Z,elea,0.1.1,ef66ed9,hash,f5.bin,hash,3.172083,5242880,,,blake3
5,9,2026-03-11T12:20:41.673502Z,elea,0.1.1,ef66ed9,hash,f2.bin,hash,3.06525,5242880,,,blake3
5,9,2026-03-11T12:20:41.673867Z,elea,0.1.1,ef66ed9,hash,f4.bin,hash,3.475792,5242880,,,blake3
5,9,2026-03-11T12:20:41.673595Z,elea,0.1.1,ef66ed9,hash,f3.bin,hash,3.2342500000000003,5242880,,,blake3
5,9,2026-03-11T12:20:41.676179Z,elea,0.1.1,ef66ed9,add,f5.bin,backend_store,0.488042,5242880,,None,blake3
5,9,2026-03-11T12:20:41.67619Z,elea,0.1.1,ef66ed9,add,f2.bin,backend_store,0.46341600000000005,5242880,,None,blake3
5,9,2026-03-11T12:20:41.676265Z,elea,0.1.1,ef66ed9,add,f1.bin,backend_store,0.590542,5242880,,None,blake3
5,9,2026-03-11T12:20:41.676297Z,elea,0.1.1,ef66ed9,add,f3.bin,backend_store,0.47325,5242880,,None,blake3
5,9,2026-03-11T12:20:41.676373Z,elea,0.1.1,ef66ed9,add,f5.bin,add_file_total,6.015166,5242880,,None,blake3
5,9,2026-03-11T12:20:41.676447Z,elea,0.1.1,ef66ed9,add,f4.bin,backend_store,0.64,5242880,,None,blake3
5,9,2026-03-11T12:20:41.676637Z,elea,0.1.1,ef66ed9,add,f2.bin,add_file_total,6.307,5242880,,None,blake3
5,9,2026-03-11T12:20:41.676705Z,elea,0.1.1,ef66ed9,add,f1.bin,add_file_total,6.397833,5242880,,None,blake3
5,9,2026-03-11T12:20:41.676748Z,elea,0.1.1,ef66ed9,add,f3.bin,add_file_total,6.421792,5242880,,None,blake3
5,9,2026-03-11T12:20:41.676804Z,elea,0.1.1,ef66ed9,add,f4.bin,add_file_total,6.471458999999999,5242880,,None,blake3
5,9,2026-03-11T12:20:41.676865Z,elea,0.1.1,ef66ed9,add,,add_total,6.588083,,5,None,blake3
5,10,2026-03-11T12:20:41.771718Z,elea,0.1.1,ef66ed9,hash,f3.bin,hash,2.9849170000000003,5242880,,,blake3
5,10,2026-03-11T12:20:41.771686Z,elea,0.1.1,ef66ed9,hash,f2.bin,hash,2.892875,5242880,,,blake3
5,10,2026-03-11T12:20:41.771661Z,elea,0.1.1,ef66ed9,hash,f4.bin,hash,2.928084,5242880,,,blake3
5,10,2026-03-11T12:20:41.771758Z,elea,0.1.1,ef66ed9,hash,f5.bin,hash,3.0114159999999996,5242880,,,blake3
5,10,2026-03-11T12:20:41.771703Z,elea,0.1.1,ef66ed9,hash,f1.bin,hash,2.9547499999999998,5242880,,,blake3
5,10,2026-03-11T12:20:41.774588Z,elea,0.1.1,ef66ed9,add,f3.bin,backend_store,0.5886659999999999,5242880,,None,blake3
5,10,2026-03-11T12:20:41.774622Z,elea,0.1.1,ef66ed9,add,f2.bin,backend_store,0.611667,5242880,,None,blake3
5,10,2026-03-11T12:20:41.774634Z,elea,0.1.1,ef66ed9,add,f4.bin,backend_store,0.582584,5242880,,None,blake3
5,10,2026-03-11T12:20:41.774889Z,elea,0.1.1,ef66ed9,add,f5.bin,backend_store,0.7233339999999999,5242880,,None,blake3
5,10,2026-03-11T12:20:41.774913Z,elea,0.1.1,ef66ed9,add,f3.bin,add_file_total,6.221375,5242880,,None,blake3
5,10,2026-03-11T12:20:41.774928Z,elea,0.1.1,ef66ed9,add,f1.bin,backend_store,0.717792,5242880,,None,blake3
5,10,2026-03-11T12:20:41.774979Z,elea,0.1.1,ef66ed9,add,f2.bin,add_file_total,6.267957999999999,5242880,,None,blake3
5,10,2026-03-11T12:20:41.775271Z,elea,0.1.1,ef66ed9,add,f4.bin,add_file_total,6.571667,5242880,,None,blake3
5,10,2026-03-11T12:20:41.77534Z,elea,0.1.1,ef66ed9,add,f5.bin,add_file_total,6.641583000000001,5242880,,None,blake3
5,10,2026-03-11T12:20:41.775397Z,elea,0.1.1,ef66ed9,add,f1.bin,add_file_total,6.702500000000001,5242880,,None,blake3
5,10,2026-03-11T12:20:41.775476Z,elea,0.1.1,ef66ed9,add,,add_total,6.8487089999999995,,5,None,blake3
5,11,2026-03-11T12:20:41.87309Z,elea,0.1.1,ef66ed9,hash,f4.bin,hash,3.087167,5242880,,,blake3
5,11,2026-03-11T12:20:41.873038Z,elea,0.1.1,ef66ed9,hash,f2.bin,hash,3.094625,5242880,,,blake3
5,11,2026-03-11T12:20:41.872868Z,elea,0.1.1,ef66ed9,hash,f3.bin,hash,2.9432080000000003,5242880,,,blake3
5,11,2026-03-11T12:20:41.872955Z,elea,0.1.1,ef66ed9,hash,f5.bin,hash,3.039,5242880,,,blake3
5,11,2026-03-11T12:20:41.872934Z,elea,0.1.1,ef66ed9,hash,f1.bin,hash,2.975958,5242880,,,blake3
5,11,2026-03-11T12:20:41.875494Z,elea,0.1.1,ef66ed9,add,f4.bin,backend_store,0.595709,5242880,,None,blake3
5,11,2026-03-11T12:20:41.875605Z,elea,0.1.1,ef66ed9,add,f3.bin,backend_store,0.625167,5242880,,None,blake3
5,11,2026-03-11T12:20:41.875654Z,elea,0.1.1,ef66ed9,add,f2.bin,backend_store,0.732625,5242880,,None,blake3
5,11,2026-03-11T12:20:41.875726Z,elea,0.1.1,ef66ed9,add,f1.bin,backend_store,0.709459,5242880,,None,blake3
5,11,2026-03-11T12:20:41.875741Z,elea,0.1.1,ef66ed9,add,f5.bin,backend_store,0.7312500000000001,5242880,,None,blake3
5,11,2026-03-11T12:20:41.875752Z,elea,0.1.1,ef66ed9,add,f4.bin,add_file_total,5.862875,5242880,,None,blake3
5,11,2026-03-11T12:20:41.87582Z,elea,0.1.1,ef66ed9,add,f3.bin,add_file_total,5.913333,5242880,,None,blake3
5,11,2026-03-11T12:20:41.875891Z,elea,0.1.1,ef66ed9,add,f2.bin,add_file_total,5.980792,5242880,,None,blake3
5,11,2026-03-11T12:20:41.87596Z,elea,0.1.1,ef66ed9,add,f1.bin,add_file_total,6.0445,5242880,,None,blake3
5,11,2026-03-11T12:20:41.876018Z,elea,0.1.1,ef66ed9,add,f5.bin,add_file_total,6.139125,5242880,,None,blake3
5,11,2026-03-11T12:20:41.876097Z,elea,0.1.1,ef66ed9,add,,add_total,6.275125,,5,None,blake3
5,12,2026-03-11T12:20:41.972132Z,elea,0.1.1,ef66ed9,hash,f5.bin,hash,2.9213329999999997,5242880,,,blake3
5,12,2026-03-11T12:20:41.972154Z,elea,0.1.1,ef66ed9,hash,f2.bin,hash,2.945208,5242880,,,blake3
5,12,2026-03-11T12:20:41.972102Z,elea,0.1.1,ef66ed9,hash,f3.bin,hash,2.8707920000000002,5242880,,,blake3
5,12,2026-03-11T12:20:41.972144Z,elea,0.1.1,ef66ed9,hash,f1.bin,hash,2.908958,5242880,,,blake3
5,12,2026-03-11T12:20:41.972117Z,elea,0.1.1,ef66ed9,hash,f4.bin,hash,2.926834,5242880,,,blake3
5,12,2026-03-11T12:20:41.974774Z,elea,0.1.1,ef66ed9,add,f5.bin,backend_store,0.78125,5242880,,None,blake3
5,12,2026-03-11T12:20:41.974976Z,elea,0.1.1,ef66ed9,add,f2.bin,backend_store,0.935167,5242880,,None,blake3
5,12,2026-03-11T12:20:41.974989Z,elea,0.1.1,ef66ed9,add,f4.bin,backend_store,0.845708,5242880,,None,blake3
5,12,2026-03-11T12:20:41.975013Z,elea,0.1.1,ef66ed9,add,f5.bin,add_file_total,5.877791,5242880,,None,blake3
5,12,2026-03-11T12:20:41.975041Z,elea,0.1.1,ef66ed9,add,f3.bin,backend_store,0.946917,5242880,,None,blake3
5,12,2026-03-11T12:20:41.975247Z,elea,0.1.1,ef66ed9,add,f1.bin,backend_store,1.14025,5242880,,None,blake3
5,12,2026-03-11T12:20:41.975352Z,elea,0.1.1,ef66ed9,add,f4.bin,add_file_total,6.2155830000000005,5242880,,None,blake3
5,12,2026-03-11T12:20:41.975396Z,elea,0.1.1,ef66ed9,add,f3.bin,add_file_total,6.2616249999999996,5242880,,None,blake3
5,12,2026-03-11T12:20:41.97546Z,elea,0.1.1,ef66ed9,add,f2.bin,add_file_total,6.343666000000001,5242880,,None,blake3
5,12,2026-03-11T12:20:41.975503Z,elea,0.1.1,ef66ed9,add,f1.bin,add_file_total,6.3727089999999995,5242880,,None,blake3
5,12,2026-03-11T12:20:41.975577Z,elea,0.1.1,ef66ed9,add,,add_total,6.500500000000001,,5,None,blake3
5,13,2026-03-11T12:20:42.084029Z,elea,0.1.1,ef66ed9,hash,f2.bin,hash,3.031334,5242880,,,blake3
5,13,2026-03-11T12:20:42.084138Z,elea,0.1.1,ef66ed9,hash,f5.bin,hash,3.113334,5242880,,,blake3
5,13,2026-03-11T12:20:42.08398Z,elea,0.1.1,ef66ed9,hash,f3.bin,hash,2.986958,5242880,,,blake3
5,13,2026-03-11T12:20:42.08397Z,elea,0.1.1,ef66ed9,hash,f1.bin,hash,2.97675,5242880,,,blake3
5,13,2026-03-11T12:20:42.083958Z,elea,0.1.1,ef66ed9,hash,f4.bin,hash,2.989792,5242880,,,blake3
5,13,2026-03-11T12:20:42.085946Z,elea,0.1.1,ef66ed9,add,f5.bin,backend_store,0.548834,5242880,,None,blake3
5,13,2026-03-11T12:20:42.08596Z,elea,0.1.1,ef66ed9,add,f1.bin,backend_store,0.505166,5242880,,None,blake3
5,13,2026-03-11T12:20:42.085968Z,elea,0.1.1,ef66ed9,add,f3.bin,backend_store,0.529875,5242880,,None,blake3
5,13,2026-03-11T12:20:42.08608Z,elea,0.1.1,ef66ed9,add,f4.bin,backend_store,0.59925,5242880,,None,blake3
5,13,2026-03-11T12:20:42.086134Z,elea,0.1.1,ef66ed9,add,f2.bin,backend_store,0.7428750000000001,5242880,,None,blake3
5,13,2026-03-11T12:20:42.086272Z,elea,0.1.1,ef66ed9,add,f3.bin,add_file_total,5.335084,5242880,,None,blake3
5,13,2026-03-11T12:20:42.086311Z,elea,0.1.1,ef66ed9,add,f1.bin,add_file_total,5.379833,5242880,,None,blake3
5,13,2026-03-11T12:20:42.086352Z,elea,0.1.1,ef66ed9,add,f5.bin,add_file_total,5.416667,5242880,,None,blake3
5,13,2026-03-11T12:20:42.086391Z,elea,0.1.1,ef66ed9,add,f4.bin,add_file_total,5.469957999999999,5242880,,None,blake3
5,13,2026-03-11T12:20:42.086437Z,elea,0.1.1,ef66ed9,add,f2.bin,add_file_total,5.503792000000001,5242880,,None,blake3
5,13,2026-03-11T12:20:42.086502Z,elea,0.1.1,ef66ed9,add,,add_total,5.620584,,5,None,blake3
5,14,2026-03-11T12:20:42.170427Z,elea,0.1.1,ef66ed9,hash,f2.bin,hash,2.915959,5242880,,,blake3
5,14,2026-03-11T12:20:42.170437Z,elea,0.1.1,ef66ed9,hash,f4.bin,hash,2.901209,5242880,,,blake3
5,14,2026-03-11T12:20:42.170446Z,elea,0.1.1,ef66ed9,hash,f1.bin,hash,2.912667,5242880,,,blake3
5,14,2026-03-11T12:20:42.170367Z,elea,0.1.1,ef66ed9,hash,f5.bin,hash,2.8780419999999998,5242880,,,blake3
5,14,2026-03-11T12:20:42.170416Z,elea,0.1.1,ef66ed9,hash,f3.bin,hash,2.906583,5242880,,,blake3
5,14,2026-03-11T12:20:42.172606Z,elea,0.1.1,ef66ed9,add,f2.bin,backend_store,0.438041,5242880,,None,blake3
5,14,2026-03-11T12:20:42.172622Z,elea,0.1.1,ef66ed9,add,f3.bin,backend_store,0.382167,5242880,,None,blake3
5,14,2026-03-11T12:20:42.172777Z,elea,0.1.1,ef66ed9,add,f2.bin,add_file_total,5.312416000000001,5242880,,None,blake3
5,14,2026-03-11T12:20:42.172787Z,elea,0.1.1,ef66ed9,add,f4.bin,backend_store,0.5084580000000001,5242880,,None,blake3
5,14,2026-03-11T12:20:42.172818Z,elea,0.1.1,ef66ed9,add,f5.bin,backend_store,0.569459,5242880,,None,blake3
5,14,2026-03-11T12:20:42.172835Z,elea,0.1.1,ef66ed9,add,f1.bin,backend_store,0.617,5242880,,None,blake3
5,14,2026-03-11T12:20:42.17284Z,elea,0.1.1,ef66ed9,add,f3.bin,add_file_total,5.378084,5242880,,None,blake3
5,14,2026-03-11T12:20:42.172933Z,elea,0.1.1,ef66ed9,add,f4.bin,add_file_total,5.4683329999999994,5242880,,None,blake3
5,14,2026-03-11T12:20:42.173023Z,elea,0.1.1,ef66ed9,add,f1.bin,add_file_total,5.560458,5242880,,None,blake3
5,14,2026-03-11T12:20:42.173106Z,elea,0.1.1,ef66ed9,add,f5.bin,add_file_total,5.653417,5242880,,None,blake3
5,14,2026-03-11T12:20:42.173195Z,elea,0.1.1,ef66ed9,add,,add_total,5.767917,,5,None,blake3
5,15,2026-03-11T12:20:42.255974Z,elea,0.1.1,ef66ed9,hash,f1.bin,hash,2.9537500000000003,5242880,,,blake3
5,15,2026-03-11T12:20:42.25587Z,elea,0.1.1,ef66ed9,hash,f5.bin,hash,2.9142080000000004,5242880,,,blake3
5,15,2026-03-11T12:20:42.255939Z,elea,0.1.1,ef66ed9,hash,f3.bin,hash,2.949041,5242880,,,blake3
5,15,2026-03-11T12:20:42.255924Z,elea,0.1.1,ef66ed9,hash,f4.bin,hash,2.91975,5242880,,,blake3
5,15,2026-03-11T12:20:42.255902Z,elea,0.1.1,ef66ed9,hash,f2.bin,hash,2.9317919999999997,5242880,,,blake3
5,15,2026-03-11T12:20:42.257997Z,elea,0.1.1,ef66ed9,add,f4.bin,backend_store,0.37366699999999997,5242880,,None,blake3
5,15,2026-03-11T12:20:42.25801Z,elea,0.1.1,ef66ed9,add,f1.bin,backend_store,0.44049999999999995,5242880,,None,blake3
5,15,2026-03-11T12:20:42.258167Z,elea,0.1.1,ef66ed9,add,f2.bin,backend_store,0.515,5242880,,None,blake3
5,15,2026-03-11T12:20:42.25819Z,elea,0.1.1,ef66ed9,add,f3.bin,backend_store,0.5837079999999999,5242880,,None,blake3
5,15,2026-03-11T12:20:42.258201Z,elea,0.1.1,ef66ed9,add,f1.bin,add_file_total,5.241041,5242880,,None,blake3
5,15,2026-03-11T12:20:42.258227Z,elea,0.1.1,ef66ed9,add,f5.bin,backend_store,0.614834,5242880,,None,blake3
5,15,2026-03-11T12:20:42.258237Z,elea,0.1.1,ef66ed9,add,f4.bin,add_file_total,5.281708,5242880,,None,blake3
5,15,2026-03-11T12:20:42.258313Z,elea,0.1.1,ef66ed9,add,f2.bin,add_file_total,5.3759999999999994,5242880,,None,blake3
5,15,2026-03-11T12:20:42.258375Z,elea,0.1.1,ef66ed9,add,f3.bin,add_file_total,5.439875000000001,5242880,,None,blake3
5,15,2026-03-11T12:20:42.25843Z,elea,0.1.1,ef66ed9,add,f5.bin,add_file_total,5.510041,5242880,,None,blake3
5,15,2026-03-11T12:20:42.258494Z,elea,0.1.1,ef66ed9,add,,add_total,5.600499999999999,,5,None,blake3
5,16,2026-03-11T12:20:42.341215Z,elea,0.1.1,ef66ed9,hash,f2.bin,hash,2.935834,5242880,,,blake3
5,16,2026-03-11T12:20:42.341183Z,elea,0.1.1,ef66ed9,hash,f1.bin,hash,2.942834,5242880,,,blake3
5,16,2026-03-11T12:20:42.341153Z,elea,0.1.1,ef66ed9,hash,f5.bin,hash,2.88925,5242880,,,blake3
5,16,2026-03-11T12:20:42.341164Z,elea,0.1.1,ef66ed9,hash,f3.bin,hash,2.908541,5242880,,,blake3
5,16,2026-03-11T12:20:42.341174Z,elea,0.1.1,ef66ed9,hash,f4.bin,hash,2.895541,5242880,,,blake3
5,16,2026-03-11T12:20:42.343121Z,elea,0.1.1,ef66ed9,add,f2.bin,backend_store,0.48604200000000003,5242880,,None,blake3
5,16,2026-03-11T12:20:42.343144Z,elea,0.1.1,ef66ed9,add,f1.bin,backend_store,0.47804199999999997,5242880,,None,blake3
5,16,2026-03-11T12:20:42.343152Z,elea,0.1.1,ef66ed9,add,f5.bin,backend_store,0.47854100000000005,5242880,,None,blake3
5,16,2026-03-11T12:20:42.343187Z,elea,0.1.1,ef66ed9,add,f4.bin,backend_store,0.459417,5242880,,None,blake3
5,16,2026-03-11T12:20:42.343224Z,elea,0.1.1,ef66ed9,add,f3.bin,backend_store,0.522667,5242880,,None,blake3
5,16,2026-03-11T12:20:42.343298Z,elea,0.1.1,ef66ed9,add,f2.bin,add_file_total,5.0788329999999995,5242880,,None,blake3
5,16,2026-03-11T12:20:42.343332Z,elea,0.1.1,ef66ed9,add,f4.bin,add_file_total,5.114166,5242880,,None,blake3
5,16,2026-03-11T12:20:42.343379Z,elea,0.1.1,ef66ed9,add,f1.bin,add_file_total,5.169166000000001,5242880,,None,blake3
5,16,2026-03-11T12:20:42.343426Z,elea,0.1.1,ef66ed9,add,f5.bin,add_file_total,5.20925,5242880,,None,blake3
5,16,2026-03-11T12:20:42.343466Z,elea,0.1.1,ef66ed9,add,f3.bin,add_file_total,5.250625,5242880,,None,blake3
5,16,2026-03-11T12:20:42.343522Z,elea,0.1.1,ef66ed9,add,,add_total,5.34425,,5,None,blake3
5,17,2026-03-11T12:20:42.425134Z,elea,0.1.1,ef66ed9,hash,f2.bin,hash,2.9107920000000003,5242880,,,blake3
5,17,2026-03-11T12:20:42.425144Z,elea,0.1.1,ef66ed9,hash,f1.bin,hash,2.9202500000000002,5242880,,,blake3
5,17,2026-03-11T12:20:42.425094Z,elea,0.1.1,ef66ed9,hash,f5.bin,hash,2.878291,5242880,,,blake3
5,17,2026-03-11T12:20:42.4251Z,elea,0.1.1,ef66ed9,hash,f3.bin,hash,2.90675,5242880,,,blake3
5,17,2026-03-11T12:20:42.425123Z,elea,0.1.1,ef66ed9,hash,f4.bin,hash,2.888417,5242880,,,blake3
5,17,2026-03-11T12:20:42.427179Z,elea,0.1.1,ef66ed9,add,f1.bin,backend_store,0.516084,5242880,,None,blake3
5,17,2026-03-11T12:20:42.427208Z,elea,0.1.1,ef66ed9,add,f5.bin,backend_store,0.522875,5242880,,None,blake3
5,17,2026-03-11T12:20:42.427226Z,elea,0.1.1,ef66ed9,add,f2.bin,backend_store,0.587917,5242880,,None,blake3
5,17,2026-03-11T12:20:42.427259Z,elea,0.1.1,ef66ed9,add,f3.bin,backend_store,0.542333,5242880,,None,blake3
5,17,2026-03-11T12:20:42.427271Z,elea,0.1.1,ef66ed9,add,f4.bin,backend_store,0.529084,5242880,,None,blake3
5,17,2026-03-11T12:20:42.427348Z,elea,0.1.1,ef66ed9,add,f5.bin,add_file_total,5.18175,5242880,,None,blake3
5,17,2026-03-11T12:20:42.427403Z,elea,0.1.1,ef66ed9,add,f1.bin,add_file_total,5.242,5242880,,None,blake3
5,17,2026-03-11T12:20:42.427453Z,elea,0.1.1,ef66ed9,add,f2.bin,add_file_total,5.2844169999999995,5242880,,None,blake3
5,17,2026-03-11T12:20:42.427498Z,elea,0.1.1,ef66ed9,add,f3.bin,add_file_total,5.339667,5242880,,None,blake3
5,17,2026-03-11T12:20:42.427542Z,elea,0.1.1,ef66ed9,add,f4.bin,add_file_total,5.373458,5242880,,None,blake3
5,17,2026-03-11T12:20:42.427609Z,elea,0.1.1,ef66ed9,add,,add_total,5.481875,,5,None,blake3
5,18,2026-03-11T12:20:42.50958Z,elea,0.1.1,ef66ed9,hash,f3.bin,hash,2.910167,5242880,,,blake3
5,18,2026-03-11T12:20:42.50959Z,elea,0.1.1,ef66ed9,hash,f1.bin,hash,2.917625,5242880,,,blake3
5,18,2026-03-11T12:20:42.509532Z,elea,0.1.1,ef66ed9,hash,f5.bin,hash,2.885125,5242880,,,blake3
5,18,2026-03-11T12:20:42.509573Z,elea,0.1.1,ef66ed9,hash,f2.bin,hash,2.9152090000000004,5242880,,,blake3
5,18,2026-03-11T12:20:42.509544Z,elea,0.1.1,ef66ed9,hash,f4.bin,hash,2.905834,5242880,,,blake3
5,18,2026-03-11T12:20:42.511808Z,elea,0.1.1,ef66ed9,add,f1.bin,backend_store,0.509625,5242880,,None,blake3
5,18,2026-03-11T12:20:42.511821Z,elea,0.1.1,ef66ed9,add,f5.bin,backend_store,0.513583,5242880,,None,blake3
5,18,2026-03-11T12:20:42.511843Z,elea,0.1.1,ef66ed9,add,f3.bin,backend_store,0.571,5242880,,None,blake3
5,18,2026-03-11T12:20:42.51185Z,elea,0.1.1,ef66ed9,add,f2.bin,backend_store,0.501209,5242880,,None,blake3
5,18,2026-03-11T12:20:42.511869Z,elea,0.1.1,ef66ed9,add,f4.bin,backend_store,0.49824999999999997,5242880,,None,blake3
5,18,2026-03-11T12:20:42.512046Z,elea,0.1.1,ef66ed9,add,f2.bin,add_file_total,5.448625000000001,5242880,,None,blake3
5,18,2026-03-11T12:20:42.512094Z,elea,0.1.1,ef66ed9,add,f1.bin,add_file_total,5.491541,5242880,,None,blake3
5,18,2026-03-11T12:20:42.512138Z,elea,0.1.1,ef66ed9,add,f5.bin,add_file_total,5.540792,5242880,,None,blake3
5,18,2026-03-11T12:20:42.512184Z,elea,0.1.1,ef66ed9,add,f3.bin,add_file_total,5.583959,5242880,,None,blake3
5,18,2026-03-11T12:20:42.512228Z,elea,0.1.1,ef66ed9,add,f4.bin,add_file_total,5.633667,5242880,,None,blake3
5,18,2026-03-11T12:20:42.512285Z,elea,0.1.1,ef66ed9,add,,add_total,5.720917,,5,None,blake3
5,19,2026-03-11T12:20:42.600475Z,elea,0.1.1,ef66ed9,hash,f2.bin,hash,2.9365419999999998,5242880,,,blake3
5,19,2026-03-11T12:20:42.600695Z,elea,0.1.1,ef66ed9,hash,f3.bin,hash,3.150084,5242880,,,blake3
5,19,2026-03-11T12:20:42.600485Z,elea,0.1.1,ef66ed9,hash,f5.bin,hash,2.921209,5242880,,,blake3
5,19,2026-03-11T12:20:42.600552Z,elea,0.1.1,ef66ed9,hash,f1.bin,hash,2.963333,5242880,,,blake3
5,19,2026-03-11T12:20:42.600533Z,elea,0.1.1,ef66ed9,hash,f4.bin,hash,2.973792,5242880,,,blake3
5,19,2026-03-11T12:20:42.60264Z,elea,0.1.1,ef66ed9,add,f2.bin,backend_store,0.406458,5242880,,None,blake3
5,19,2026-03-11T12:20:42.602701Z,elea,0.1.1,ef66ed9,add,f3.bin,backend_store,0.42841599999999996,5242880,,None,blake3
5,19,2026-03-11T12:20:42.602715Z,elea,0.1.1,ef66ed9,add,f5.bin,backend_store,0.429667,5242880,,None,blake3
5,19,2026-03-11T12:20:42.602733Z,elea,0.1.1,ef66ed9,add,f1.bin,backend_store,0.413041,5242880,,None,blake3
5,19,2026-03-11T12:20:42.602796Z,elea,0.1.1,ef66ed9,add,f4.bin,backend_store,0.45425,5242880,,None,blake3
5,19,2026-03-11T12:20:42.602816Z,elea,0.1.1,ef66ed9,add,f2.bin,add_file_total,5.3197909999999995,5242880,,None,blake3
5,19,2026-03-11T12:20:42.60288Z,elea,0.1.1,ef66ed9,add,f5.bin,add_file_total,5.374333999999999,5242880,,None,blake3
5,19,2026-03-11T12:20:42.602939Z,elea,0.1.1,ef66ed9,add,f3.bin,add_file_total,5.443041,5242880,,None,blake3
5,19,2026-03-11T12:20:42.602982Z,elea,0.1.1,ef66ed9,add,f1.bin,add_file_total,5.474208,5242880,,None,blake3
5,19,2026-03-11T12:20:42.603032Z,elea,0.1.1,ef66ed9,add,f4.bin,add_file_total,5.529042,5242880,,None,blake3
5,19,2026-03-11T12:20:42.603094Z,elea,0.1.1,ef66ed9,add,,add_total,5.648583,,5,None,blake3
5,20,2026-03-11T12:20:42.690355Z,elea,0.1.1,ef66ed9,hash,f5.bin,hash,2.881666,5242880,,,blake3
5,20,2026-03-11T12:20:42.690365Z,elea,0.1.1,ef66ed9,hash,f3.bin,hash,2.904666,5242880,,,blake3
5,20,2026-03-11T12:20:42.690378Z,elea,0.1.1,ef66ed9,hash,f1.bin,hash,2.9177500000000003,5242880,,,blake3
5,20,2026-03-11T12:20:42.690422Z,elea,0.1.1,ef66ed9,hash,f2.bin,hash,2.938625,5242880,,,blake3
5,20,2026-03-11T12:20:42.690343Z,elea,0.1.1,ef66ed9,hash,f4.bin,hash,2.899875,5242880,,,blake3
5,20,2026-03-11T12:20:42.692378Z,elea,0.1.1,ef66ed9,add,f5.bin,backend_store,0.54725,5242880,,None,blake3
5,20,2026-03-11T12:20:42.69245Z,elea,0.1.1,ef66ed9,add,f2.bin,backend_store,0.53425,5242880,,None,blake3
5,20,2026-03-11T12:20:42.692531Z,elea,0.1.1,ef66ed9,add,f4.bin,backend_store,0.5848329999999999,5242880,,None,blake3
5,20,2026-03-11T12:20:42.692592Z,elea,0.1.1,ef66ed9,add,f1.bin,backend_store,0.7035840000000001,5242880,,None,blake3
5,20,2026-03-11T12:20:42.692606Z,elea,0.1.1,ef66ed9,add,f3.bin,backend_store,0.7256250000000001,5242880,,None,blake3
5,20,2026-03-11T12:20:42.692619Z,elea,0.1.1,ef66ed9,add,f5.bin,add_file_total,5.179875,5242880,,None,blake3
5,20,2026-03-11T12:20:42.692647Z,elea,0.1.1,ef66ed9,add,f2.bin,add_file_total,5.230833,5242880,,None,blake3
5,20,2026-03-11T12:20:42.692714Z,elea,0.1.1,ef66ed9,add,f4.bin,add_file_total,5.3107500000000005,5242880,,None,blake3
5,20,2026-03-11T12:20:42.692766Z,elea,0.1.1,ef66ed9,add,f1.bin,add_file_total,5.354334,5242880,,None,blake3
5,20,2026-03-11T12:20:42.692915Z,elea,0.1.1,ef66ed9,add,f3.bin,add_file_total,5.511584,5242880,,None,blake3
5,20,2026-03-11T12:20:42.693007Z,elea,0.1.1,ef66ed9,add,,add_total,5.640334,,5,None,blake3
5,21,2026-03-11T12:20:42.779374Z,elea,0.1.1,ef66ed9,hash,f2.bin,hash,2.951041,5242880,,,blake3
5,21,2026-03-11T12:20:42.77932Z,elea,0.1.1,ef66ed9,hash,f5.bin,hash,2.874583,5242880,,,blake3
5,21,2026-03-11T12:20:42.779382Z,elea,0.1.1,ef66ed9,hash,f3.bin,hash,2.919833,5242880,,,blake3
5,21,2026-03-11T12:20:42.779345Z,elea,0.1.1,ef66ed9,hash,f1.bin,hash,2.9047919999999996,5242880,,,blake3
5,21,2026-03-11T12:20:42.779334Z,elea,0.1.1,ef66ed9,hash,f4.bin,hash,2.899084,5242880,,,blake3
5,21,2026-03-11T12:20:42.781545Z,elea,0.1.1,ef66ed9,add,f3.bin,backend_store,0.46766599999999997,5242880,,None,blake3
5,21,2026-03-11T12:20:42.781595Z,elea,0.1.1,ef66ed9,add,f2.bin,backend_store,0.5565,5242880,,None,blake3
5,21,2026-03-11T12:20:42.781606Z,elea,0.1.1,ef66ed9,add,f5.bin,backend_store,0.554666,5242880,,None,blake3
5,21,2026-03-11T12:20:42.781627Z,elea,0.1.1,ef66ed9,add,f4.bin,backend_store,0.47558300000000003,5242880,,None,blake3
5,21,2026-03-11T12:20:42.781653Z,elea,0.1.1,ef66ed9,add,f1.bin,backend_store,0.535708,5242880,,None,blake3
5,21,2026-03-11T12:20:42.781692Z,elea,0.1.1,ef66ed9,add,f3.bin,add_file_total,5.301834,5242880,,None,blake3
5,21,2026-03-11T12:20:42.781758Z,elea,0.1.1,ef66ed9,add,f5.bin,add_file_total,5.369959,5242880,,None,blake3
5,21,2026-03-11T12:20:42.781803Z,elea,0.1.1,ef66ed9,add,f2.bin,add_file_total,5.41875,5242880,,None,blake3
5,21,2026-03-11T12:20:42.781826Z,elea,0.1.1,ef66ed9,add,f4.bin,add_file_total,5.442,5242880,,None,blake3
5,21,2026-03-11T12:20:42.781855Z,elea,0.1.1,ef66ed9,add,f1.bin,add_file_total,5.479584,5242880,,None,blake3
5,21,2026-03-11T12:20:42.781896Z,elea,0.1.1,ef66ed9,add,,add_total,5.559958,,5,None,blake3
5,22,2026-03-11T12:20:42.870148Z,elea,0.1.1,ef66ed9,hash,f4.bin,hash,2.967833,5242880,,,blake3
5,22,2026-03-11T12:20:42.870172Z,elea,0.1.1,ef66ed9,hash,f3.bin,hash,2.9793749999999997,5242880,,,blake3
5,22,2026-03-11T12:20:42.870745Z,elea,0.1.1,ef66ed9,hash,f5.bin,hash,3.484708,5242880,,,blake3
5,22,2026-03-11T12:20:42.87016Z,elea,0.1.1,ef66ed9,hash,f2.bin,hash,2.9456249999999997,5242880,,,blake3
5,22,2026-03-11T12:20:42.870136Z,elea,0.1.1,ef66ed9,hash,f1.bin,hash,2.964625,5242880,,,blake3
5,22,2026-03-11T12:20:42.872306Z,elea,0.1.1,ef66ed9,add,f4.bin,backend_store,0.39266700000000004,5242880,,None,blake3
5,22,2026-03-11T12:20:42.872346Z,elea,0.1.1,ef66ed9,add,f3.bin,backend_store,0.413042,5242880,,None,blake3
5,22,2026-03-11T12:20:42.87244Z,elea,0.1.1,ef66ed9,add,f2.bin,backend_store,0.41795899999999997,5242880,,None,blake3
5,22,2026-03-11T12:20:42.872458Z,elea,0.1.1,ef66ed9,add,f1.bin,backend_store,0.427416,5242880,,None,blake3
5,22,2026-03-11T12:20:42.872468Z,elea,0.1.1,ef66ed9,add,f5.bin,backend_store,0.504791,5242880,,None,blake3
5,22,2026-03-11T12:20:42.872476Z,elea,0.1.1,ef66ed9,add,f4.bin,add_file_total,5.336459,5242880,,None,blake3
5,22,2026-03-11T12:20:42.872514Z,elea,0.1.1,ef66ed9,add,f3.bin,add_file_total,5.370917,5242880,,None,blake3
5,22,2026-03-11T12:20:42.872652Z,elea,0.1.1,ef66ed9,add,f1.bin,add_file_total,5.51625,5242880,,None,blake3
5,22,2026-03-11T12:20:42.872713Z,elea,0.1.1,ef66ed9,add,f5.bin,add_file_total,5.554375,5242880,,None,blake3
5,22,2026-03-11T12:20:42.872766Z,elea,0.1.1,ef66ed9,add,f2.bin,add_file_total,5.619292,5242880,,None,blake3
5,22,2026-03-11T12:20:42.872839Z,elea,0.1.1,ef66ed9,add,,add_total,5.736542,,5,None,blake3
5,23,2026-03-11T12:20:42.957373Z,elea,0.1.1,ef66ed9,hash,f5.bin,hash,2.8717080000000004,5242880,,,blake3
5,23,2026-03-11T12:20:42.9574Z,elea,0.1.1,ef66ed9,hash,f4.bin,hash,2.8932089999999997,5242880,,,blake3
5,23,2026-03-11T12:20:42.957441Z,elea,0.1.1,ef66ed9,hash,f2.bin,hash,2.915458,5242880,,,blake3
5,23,2026-03-11T12:20:42.957421Z,elea,0.1.1,ef66ed9,hash,f3.bin,hash,2.904083,5242880,,,blake3
5,23,2026-03-11T12:20:42.957454Z,elea,0.1.1,ef66ed9,hash,f1.bin,hash,2.918875,5242880,,,blake3
5,23,2026-03-11T12:20:42.959477Z,elea,0.1.1,ef66ed9,add,f3.bin,backend_store,0.38875,5242880,,None,blake3
5,23,2026-03-11T12:20:42.959548Z,elea,0.1.1,ef66ed9,add,f4.bin,backend_store,0.427959,5242880,,None,blake3
5,23,2026-03-11T12:20:42.959596Z,elea,0.1.1,ef66ed9,add,f1.bin,backend_store,0.448542,5242880,,None,blake3
5,23,2026-03-11T12:20:42.959675Z,elea,0.1.1,ef66ed9,add,f5.bin,backend_store,0.606792,5242880,,None,blake3
5,23,2026-03-11T12:20:42.959685Z,elea,0.1.1,ef66ed9,add,f3.bin,add_file_total,5.217875,5242880,,None,blake3
5,23,2026-03-11T12:20:42.959721Z,elea,0.1.1,ef66ed9,add,f2.bin,backend_store,0.660083,5242880,,None,blake3
5,23,2026-03-11T12:20:42.959802Z,elea,0.1.1,ef66ed9,add,f1.bin,add_file_total,5.330209,5242880,,None,blake3
5,23,2026-03-11T12:20:42.959877Z,elea,0.1.1,ef66ed9,add,f4.bin,add_file_total,5.415583,5242880,,None,blake3
5,23,2026-03-11T12:20:42.95991Z,elea,0.1.1,ef66ed9,add,f5.bin,add_file_total,5.452667,5242880,,None,blake3
5,23,2026-03-11T12:20:42.959945Z,elea,0.1.1,ef66ed9,add,f2.bin,add_file_total,5.4755,5242880,,None,blake3
5,23,2026-03-11T12:20:42.959989Z,elea,0.1.1,ef66ed9,add,,add_total,5.562792000000001,,5,None,blake3
5,24,2026-03-11T12:20:43.042949Z,elea,0.1.1,ef66ed9,hash,f4.bin,hash,2.924792,5242880,,,blake3
5,24,2026-03-11T12:20:43.042919Z,elea,0.1.1,ef66ed9,hash,f1.bin,hash,2.903708,5242880,,,blake3
5,24,2026-03-11T12:20:43.042887Z,elea,0.1.1,ef66ed9,hash,f5.bin,hash,2.8807080000000003,5242880,,,blake3
5,24,2026-03-11T12:20:43.042959Z,elea,0.1.1,ef66ed9,hash,f2.bin,hash,2.953625,5242880,,,blake3
5,24,2026-03-11T12:20:43.042912Z,elea,0.1.1,ef66ed9,hash,f3.bin,hash,2.9248339999999997,5242880,,,blake3
5,24,2026-03-11T12:20:43.045008Z,elea,0.1.1,ef66ed9,add,f1.bin,backend_store,0.49970899999999996,5242880,,None,blake3
5,24,2026-03-11T12:20:43.045013Z,elea,0.1.1,ef66ed9,add,f5.bin,backend_store,0.4785,5242880,,None,blake3
5,24,2026-03-11T12:20:43.045031Z,elea,0.1.1,ef66ed9,add,f4.bin,backend_store,0.550708,5242880,,None,blake3
5,24,2026-03-11T12:20:43.045052Z,elea,0.1.1,ef66ed9,add,f2.bin,backend_store,0.475958,5242880,,None,blake3
5,24,2026-03-11T12:20:43.045067Z,elea,0.1.1,ef66ed9,add,f3.bin,backend_store,0.44816700000000004,5242880,,None,blake3
5,24,2026-03-11T12:20:43.0452Z,elea,0.1.1,ef66ed9,add,f5.bin,add_file_total,5.241292,5242880,,None,blake3
5,24,2026-03-11T12:20:43.045255Z,elea,0.1.1,ef66ed9,add,f4.bin,add_file_total,5.293792000000001,5242880,,None,blake3
5,24,2026-03-11T12:20:43.0453Z,elea,0.1.1,ef66ed9,add,f3.bin,add_file_total,5.349333000000001,5242880,,None,blake3
5,24,2026-03-11T12:20:43.045343Z,elea,0.1.1,ef66ed9,add,f1.bin,add_file_total,5.382874999999999,5242880,,None,blake3
5,24,2026-03-11T12:20:43.045387Z,elea,0.1.1,ef66ed9,add,f2.bin,add_file_total,5.436624999999999,5242880,,None,blake3
5,24,2026-03-11T12:20:43.045435Z,elea,0.1.1,ef66ed9,add,,add_total,5.517834,,5,None,blake3
5,25,2026-03-11T12:20:43.128657Z,elea,0.1.1,ef66ed9,hash,f2.bin,hash,2.974333,5242880,,,blake3
5,25,2026-03-11T12:20:43.128629Z,elea,0.1.1,ef66ed9,hash,f3.bin,hash,2.935458,5242880,,,blake3
5,25,2026-03-11T12:20:43.128556Z,elea,0.1.1,ef66ed9,hash,f5.bin,hash,2.920666,5242880,,,blake3
5,25,2026-03-11T12:20:43.12862Z,elea,0.1.1,ef66ed9,hash,f4.bin,hash,2.957625,5242880,,,blake3
5,25,2026-03-11T12:20:43.128743Z,elea,0.1.1,ef66ed9,hash,f1.bin,hash,3.09625,5242880,,,blake3
5,25,2026-03-11T12:20:43.130423Z,elea,0.1.1,ef66ed9,add,f2.bin,backend_store,0.373709,5242880,,None,blake3
5,25,2026-03-11T12:20:43.130604Z,elea,0.1.1,ef66ed9,add,f2.bin,add_file_total,4.9944999999999995,5242880,,None,blake3
5,25,2026-03-11T12:20:43.13063Z,elea,0.1.1,ef66ed9,add,f5.bin,backend_store,0.528583,5242880,,None,blake3
5,25,2026-03-11T12:20:43.130647Z,elea,0.1.1,ef66ed9,add,f4.bin,backend_store,0.5249159999999999,5242880,,None,blake3
5,25,2026-03-11T12:20:43.130684Z,elea,0.1.1,ef66ed9,add,f3.bin,backend_store,0.592458,5242880,,None,blake3
5,25,2026-03-11T12:20:43.130697Z,elea,0.1.1,ef66ed9,add,f1.bin,backend_store,0.5465,5242880,,None,blake3
5,25,2026-03-11T12:20:43.130789Z,elea,0.1.1,ef66ed9,add,f5.bin,add_file_total,5.202624999999999,5242880,,None,blake3
5,25,2026-03-11T12:20:43.130836Z,elea,0.1.1,ef66ed9,add,f4.bin,add_file_total,5.228791,5242880,,None,blake3
5,25,2026-03-11T12:20:43.130883Z,elea,0.1.1,ef66ed9,add,f3.bin,add_file_total,5.275208,5242880,,None,blake3
5,25,2026-03-11T12:20:43.130918Z,elea,0.1.1,ef66ed9,add,f1.bin,add_file_total,5.293333,5242880,,None,blake3
5,25,2026-03-11T12:20:43.130984Z,elea,0.1.1,ef66ed9,add,,add_total,5.424291,,5,None,blake3
10,1,2026-03-11T12:20:43.283325Z,elea,0.1.1,ef66ed9,hash,f3.bin,hash,5.752083,10485760,,,blake3
10,1,2026-03-11T12:20:43.283374Z,elea,0.1.1,ef66ed9,hash,f4.bin,hash,5.8195,10485760,,,blake3
10,1,2026-03-11T12:20:43.283366Z,elea,0.1.1,ef66ed9,hash,f2.bin,hash,5.841875,10485760,,,blake3
10,1,2026-03-11T12:20:43.283422Z,elea,0.1.1,ef66ed9,hash,f1.bin,hash,5.884041,10485760,,,blake3
10,1,2026-03-11T12:20:43.283302Z,elea,0.1.1,ef66ed9,hash,f5.bin,hash,5.7895,10485760,,,blake3
10,1,2026-03-11T12:20:43.285793Z,elea,0.1.1,ef66ed9,add,f2.bin,backend_store,0.645084,10485760,,None,blake3
10,1,2026-03-11T12:20:43.285817Z,elea,0.1.1,ef66ed9,add,f1.bin,backend_store,0.641875,10485760,,None,blake3
10,1,2026-03-11T12:20:43.285847Z,elea,0.1.1,ef66ed9,add,f3.bin,backend_store,0.767416,10485760,,None,blake3
10,1,2026-03-11T12:20:43.285858Z,elea,0.1.1,ef66ed9,add,f4.bin,backend_store,0.745709,10485760,,None,blake3
10,1,2026-03-11T12:20:43.285899Z,elea,0.1.1,ef66ed9,add,f5.bin,backend_store,0.693291,10485760,,None,blake3
10,1,2026-03-11T12:20:43.286028Z,elea,0.1.1,ef66ed9,add,f1.bin,add_file_total,8.533125,10485760,,None,blake3
10,1,2026-03-11T12:20:43.286081Z,elea,0.1.1,ef66ed9,add,f2.bin,add_file_total,8.589042,10485760,,None,blake3
10,1,2026-03-11T12:20:43.286125Z,elea,0.1.1,ef66ed9,add,f3.bin,add_file_total,8.627041,10485760,,None,blake3
10,1,2026-03-11T12:20:43.286175Z,elea,0.1.1,ef66ed9,add,f4.bin,add_file_total,8.676167,10485760,,None,blake3
10,1,2026-03-11T12:20:43.286224Z,elea,0.1.1,ef66ed9,add,f5.bin,add_file_total,8.755707999999998,10485760,,None,blake3
10,1,2026-03-11T12:20:43.28628Z,elea,0.1.1,ef66ed9,add,,add_total,8.8375,,5,None,blake3
10,2,2026-03-11T12:20:43.447775Z,elea,0.1.1,ef66ed9,hash,f2.bin,hash,5.878208,10485760,,,blake3
10,2,2026-03-11T12:20:43.447743Z,elea,0.1.1,ef66ed9,hash,f1.bin,hash,5.894208,10485760,,,blake3
10,2,2026-03-11T12:20:43.447918Z,elea,0.1.1,ef66ed9,hash,f4.bin,hash,6.045708,10485760,,,blake3
10,2,2026-03-11T12:20:43.44776Z,elea,0.1.1,ef66ed9,hash,f5.bin,hash,5.887417,10485760,,,blake3
10,2,2026-03-11T12:20:43.447908Z,elea,0.1.1,ef66ed9,hash,f3.bin,hash,5.991375000000001,10485760,,,blake3
10,2,2026-03-11T12:20:43.450307Z,elea,0.1.1,ef66ed9,add,f1.bin,backend_store,0.851042,10485760,,None,blake3
10,2,2026-03-11T12:20:43.45033Z,elea,0.1.1,ef66ed9,add,f2.bin,backend_store,0.865208,10485760,,None,blake3
10,2,2026-03-11T12:20:43.450414Z,elea,0.1.1,ef66ed9,add,f4.bin,backend_store,0.912125,10485760,,None,blake3
10,2,2026-03-11T12:20:43.450433Z,elea,0.1.1,ef66ed9,add,f3.bin,backend_store,0.893708,10485760,,None,blake3
10,2,2026-03-11T12:20:43.450443Z,elea,0.1.1,ef66ed9,add,f5.bin,backend_store,0.927042,10485760,,None,blake3
10,2,2026-03-11T12:20:43.450571Z,elea,0.1.1,ef66ed9,add,f1.bin,add_file_total,8.763459,10485760,,None,blake3
10,2,2026-03-11T12:20:43.450679Z,elea,0.1.1,ef66ed9,add,f2.bin,add_file_total,8.851332999999999,10485760,,None,blake3
10,2,2026-03-11T12:20:43.450728Z,elea,0.1.1,ef66ed9,add,f3.bin,add_file_total,8.882042,10485760,,None,blake3
10,2,2026-03-11T12:20:43.450788Z,elea,0.1.1,ef66ed9,add,f4.bin,add_file_total,8.963291,10485760,,None,blake3
10,2,2026-03-11T12:20:43.45083Z,elea,0.1.1,ef66ed9,add,f5.bin,add_file_total,9.020708,10485760,,None,blake3
10,2,2026-03-11T12:20:43.450885Z,elea,0.1.1,ef66ed9,add,,add_total,9.1135,,5,None,blake3
10,3,2026-03-11T12:20:43.603897Z,elea,0.1.1,ef66ed9,hash,f2.bin,hash,6.370125,10485760,,,blake3
10,3,2026-03-11T12:20:43.603657Z,elea,0.1.1,ef66ed9,hash,f1.bin,hash,6.156458,10485760,,,blake3
10,3,2026-03-11T12:20:43.603412Z,elea,0.1.1,ef66ed9,hash,f3.bin,hash,5.919417,10485760,,,blake3
10,3,2026-03-11T12:20:43.603551Z,elea,0.1.1,ef66ed9,hash,f4.bin,hash,6.024833,10485760,,,blake3
10,3,2026-03-11T12:20:43.603542Z,elea,0.1.1,ef66ed9,hash,f5.bin,hash,6.031417,10485760,,,blake3
10,3,2026-03-11T12:20:43.6055Z,elea,0.1.1,ef66ed9,add,f1.bin,backend_store,0.374083,10485760,,None,blake3
10,3,2026-03-11T12:20:43.60564Z,elea,0.1.1,ef66ed9,add,f2.bin,backend_store,0.5299579999999999,10485760,,None,blake3
10,3,2026-03-11T12:20:43.605647Z,elea,0.1.1,ef66ed9,add,f3.bin,backend_store,0.47333400000000003,10485760,,None,blake3
10,3,2026-03-11T12:20:43.605657Z,elea,0.1.1,ef66ed9,add,f4.bin,backend_store,0.460542,10485760,,None,blake3
10,3,2026-03-11T12:20:43.605721Z,elea,0.1.1,ef66ed9,add,f1.bin,add_file_total,8.262334,10485760,,None,blake3
10,3,2026-03-11T12:20:43.605845Z,elea,0.1.1,ef66ed9,add,f2.bin,add_file_total,8.3745,10485760,,None,blake3
10,3,2026-03-11T12:20:43.605881Z,elea,0.1.1,ef66ed9,add,f5.bin,backend_store,0.6570830000000001,10485760,,None,blake3
10,3,2026-03-11T12:20:43.605888Z,elea,0.1.1,ef66ed9,add,f4.bin,add_file_total,8.416417000000001,10485760,,None,blake3
10,3,2026-03-11T12:20:43.60591Z,elea,0.1.1,ef66ed9,add,f3.bin,add_file_total,8.459958,10485760,,None,blake3
10,3,2026-03-11T12:20:43.606019Z,elea,0.1.1,ef66ed9,add,f5.bin,add_file_total,8.559249999999999,10485760,,None,blake3
10,3,2026-03-11T12:20:43.606078Z,elea,0.1.1,ef66ed9,add,,add_total,8.664167,,5,None,blake3
10,4,2026-03-11T12:20:43.760993Z,elea,0.1.1,ef66ed9,hash,f1.bin,hash,5.937125,10485760,,,blake3
10,4,2026-03-11T12:20:43.760962Z,elea,0.1.1,ef66ed9,hash,f3.bin,hash,5.8654589999999995,10485760,,,blake3
10,4,2026-03-11T12:20:43.760924Z,elea,0.1.1,ef66ed9,hash,f5.bin,hash,5.839292,10485760,,,blake3
10,4,2026-03-11T12:20:43.760981Z,elea,0.1.1,ef66ed9,hash,f2.bin,hash,5.897666999999999,10485760,,,blake3
10,4,2026-03-11T12:20:43.761107Z,elea,0.1.1,ef66ed9,hash,f4.bin,hash,5.998458,10485760,,,blake3
10,4,2026-03-11T12:20:43.763361Z,elea,0.1.1,ef66ed9,add,f3.bin,backend_store,0.41575,10485760,,None,blake3
10,4,2026-03-11T12:20:43.763377Z,elea,0.1.1,ef66ed9,add,f5.bin,backend_store,0.400542,10485760,,None,blake3
10,4,2026-03-11T12:20:43.763565Z,elea,0.1.1,ef66ed9,add,f4.bin,backend_store,0.500458,10485760,,None,blake3
10,4,2026-03-11T12:20:43.763571Z,elea,0.1.1,ef66ed9,add,f1.bin,backend_store,0.664375,10485760,,None,blake3
10,4,2026-03-11T12:20:43.763605Z,elea,0.1.1,ef66ed9,add,f3.bin,add_file_total,8.570167,10485760,,None,blake3
10,4,2026-03-11T12:20:43.76363Z,elea,0.1.1,ef66ed9,add,f2.bin,backend_store,0.597291,10485760,,None,blake3
10,4,2026-03-11T12:20:43.763639Z,elea,0.1.1,ef66ed9,add,f5.bin,add_file_total,8.629042,10485760,,None,blake3
10,4,2026-03-11T12:20:43.763811Z,elea,0.1.1,ef66ed9,add,f4.bin,add_file_total,8.781458,10485760,,None,blake3
10,4,2026-03-11T12:20:43.763863Z,elea,0.1.1,ef66ed9,add,f1.bin,add_file_total,8.85375,10485760,,None,blake3
10,4,2026-03-11T12:20:43.76393Z,elea,0.1.1,ef66ed9,add,f2.bin,add_file_total,8.923709,10485760,,None,blake3
10,4,2026-03-11T12:20:43.764003Z,elea,0.1.1,ef66ed9,add,,add_total,9.037875000000001,,5,None,blake3
10,5,2026-03-11T12:20:43.920708Z,elea,0.1.1,ef66ed9,hash,f5.bin,hash,5.836125,10485760,,,blake3
10,5,2026-03-11T12:20:43.920599Z,elea,0.1.1,ef66ed9,hash,f1.bin,hash,5.7842910000000005,10485760,,,blake3
10,5,2026-03-11T12:20:43.920693Z,elea,0.1.1,ef66ed9,hash,f2.bin,hash,5.854792,10485760,,,blake3
10,5,2026-03-11T12:20:43.920754Z,elea,0.1.1,ef66ed9,hash,f4.bin,hash,5.91325,10485760,,,blake3
10,5,2026-03-11T12:20:43.920627Z,elea,0.1.1,ef66ed9,hash,f3.bin,hash,5.805208,10485760,,,blake3
10,5,2026-03-11T12:20:43.923008Z,elea,0.1.1,ef66ed9,add,f5.bin,backend_store,0.461875,10485760,,None,blake3
10,5,2026-03-11T12:20:43.923117Z,elea,0.1.1,ef66ed9,add,f1.bin,backend_store,0.533167,10485760,,None,blake3
10,5,2026-03-11T12:20:43.923123Z,elea,0.1.1,ef66ed9,add,f4.bin,backend_store,0.454208,10485760,,None,blake3
10,5,2026-03-11T12:20:43.923162Z,elea,0.1.1,ef66ed9,add,f3.bin,backend_store,0.448833,10485760,,None,blake3
10,5,2026-03-11T12:20:43.923193Z,elea,0.1.1,ef66ed9,add,f2.bin,backend_store,0.573167,10485760,,None,blake3
10,5,2026-03-11T12:20:43.923281Z,elea,0.1.1,ef66ed9,add,f5.bin,add_file_total,8.48,10485760,,None,blake3
10,5,2026-03-11T12:20:43.923413Z,elea,0.1.1,ef66ed9,add,f1.bin,add_file_total,8.63425,10485760,,None,blake3
10,5,2026-03-11T12:20:43.92349Z,elea,0.1.1,ef66ed9,add,f4.bin,add_file_total,8.689084,10485760,,None,blake3
10,5,2026-03-11T12:20:43.923559Z,elea,0.1.1,ef66ed9,add,f3.bin,add_file_total,8.770709,10485760,,None,blake3
10,5,2026-03-11T12:20:43.923615Z,elea,0.1.1,ef66ed9,add,f2.bin,add_file_total,8.828125,10485760,,None,blake3
10,5,2026-03-11T12:20:43.923674Z,elea,0.1.1,ef66ed9,add,,add_total,8.943458,,5,None,blake3
10,6,2026-03-11T12:20:44.103892Z,elea,0.1.1,ef66ed9,hash,f4.bin,hash,5.860417,10485760,,,blake3
10,6,2026-03-11T12:20:44.104238Z,elea,0.1.1,ef66ed9,hash,f3.bin,hash,6.19175,10485760,,,blake3
10,6,2026-03-11T12:20:44.103873Z,elea,0.1.1,ef66ed9,hash,f1.bin,hash,5.8395,10485760,,,blake3
10,6,2026-03-11T12:20:44.104015Z,elea,0.1.1,ef66ed9,hash,f2.bin,hash,6.023375,10485760,,,blake3
10,6,2026-03-11T12:20:44.103996Z,elea,0.1.1,ef66ed9,hash,f5.bin,hash,5.980583,10485760,,,blake3
10,6,2026-03-11T12:20:44.106404Z,elea,0.1.1,ef66ed9,add,f3.bin,backend_store,0.736541,10485760,,None,blake3
10,6,2026-03-11T12:20:44.106479Z,elea,0.1.1,ef66ed9,add,f1.bin,backend_store,0.7657090000000001,10485760,,None,blake3
10,6,2026-03-11T12:20:44.106513Z,elea,0.1.1,ef66ed9,add,f2.bin,backend_store,0.760917,10485760,,None,blake3
10,6,2026-03-11T12:20:44.10653Z,elea,0.1.1,ef66ed9,add,f4.bin,backend_store,0.899209,10485760,,None,blake3
10,6,2026-03-11T12:20:44.10657Z,elea,0.1.1,ef66ed9,add,f5.bin,backend_store,0.550375,10485760,,None,blake3
10,6,2026-03-11T12:20:44.106813Z,elea,0.1.1,ef66ed9,add,f3.bin,add_file_total,8.838208999999999,10485760,,None,blake3
10,6,2026-03-11T12:20:44.106913Z,elea,0.1.1,ef66ed9,add,f1.bin,add_file_total,8.905083,10485760,,None,blake3
10,6,2026-03-11T12:20:44.106982Z,elea,0.1.1,ef66ed9,add,f2.bin,add_file_total,9.026208,10485760,,None,blake3
10,6,2026-03-11T12:20:44.107031Z,elea,0.1.1,ef66ed9,add,f4.bin,add_file_total,9.060917,10485760,,None,blake3
10,6,2026-03-11T12:20:44.107085Z,elea,0.1.1,ef66ed9,add,f5.bin,add_file_total,9.114709,10485760,,None,blake3
10,6,2026-03-11T12:20:44.107148Z,elea,0.1.1,ef66ed9,add,,add_total,9.224124999999999,,5,None,blake3
10,7,2026-03-11T12:20:44.259226Z,elea,0.1.1,ef66ed9,hash,f1.bin,hash,5.896083,10485760,,,blake3
10,7,2026-03-11T12:20:44.259213Z,elea,0.1.1,ef66ed9,hash,f4.bin,hash,5.914917,10485760,,,blake3
10,7,2026-03-11T12:20:44.259183Z,elea,0.1.1,ef66ed9,hash,f3.bin,hash,5.920208,10485760,,,blake3
10,7,2026-03-11T12:20:44.259219Z,elea,0.1.1,ef66ed9,hash,f5.bin,hash,5.857667,10485760,,,blake3
10,7,2026-03-11T12:20:44.259196Z,elea,0.1.1,ef66ed9,hash,f2.bin,hash,5.900542,10485760,,,blake3
10,7,2026-03-11T12:20:44.261409Z,elea,0.1.1,ef66ed9,add,f1.bin,backend_store,0.427083,10485760,,None,blake3
10,7,2026-03-11T12:20:44.261535Z,elea,0.1.1,ef66ed9,add,f3.bin,backend_store,0.421583,10485760,,None,blake3
10,7,2026-03-11T12:20:44.261625Z,elea,0.1.1,ef66ed9,add,f4.bin,backend_store,0.5647500000000001,10485760,,None,blake3
10,7,2026-03-11T12:20:44.261673Z,elea,0.1.1,ef66ed9,add,f1.bin,add_file_total,8.414542,10485760,,None,blake3
10,7,2026-03-11T12:20:44.261688Z,elea,0.1.1,ef66ed9,add,f5.bin,backend_store,0.524917,10485760,,None,blake3
10,7,2026-03-11T12:20:44.261764Z,elea,0.1.1,ef66ed9,add,f2.bin,backend_store,0.47812499999999997,10485760,,None,blake3
10,7,2026-03-11T12:20:44.261811Z,elea,0.1.1,ef66ed9,add,f3.bin,add_file_total,8.587124999999999,10485760,,None,blake3
10,7,2026-03-11T12:20:44.261947Z,elea,0.1.1,ef66ed9,add,f4.bin,add_file_total,8.713333,10485760,,None,blake3
10,7,2026-03-11T12:20:44.262007Z,elea,0.1.1,ef66ed9,add,f2.bin,add_file_total,8.748541,10485760,,None,blake3
10,7,2026-03-11T12:20:44.262055Z,elea,0.1.1,ef66ed9,add,f5.bin,add_file_total,8.711958000000001,10485760,,None,blake3
10,7,2026-03-11T12:20:44.262129Z,elea,0.1.1,ef66ed9,add,,add_total,8.9365,,5,None,blake3
10,8,2026-03-11T12:20:44.414026Z,elea,0.1.1,ef66ed9,hash,f4.bin,hash,5.689292,10485760,,,blake3
10,8,2026-03-11T12:20:44.414103Z,elea,0.1.1,ef66ed9,hash,f3.bin,hash,5.817625,10485760,,,blake3
10,8,2026-03-11T12:20:44.414138Z,elea,0.1.1,ef66ed9,hash,f1.bin,hash,5.834083000000001,10485760,,,blake3
10,8,2026-03-11T12:20:44.414011Z,elea,0.1.1,ef66ed9,hash,f5.bin,hash,5.7314169999999995,10485760,,,blake3
10,8,2026-03-11T12:20:44.413981Z,elea,0.1.1,ef66ed9,hash,f2.bin,hash,5.718958,10485760,,,blake3
10,8,2026-03-11T12:20:44.416162Z,elea,0.1.1,ef66ed9,add,f4.bin,backend_store,0.474209,10485760,,None,blake3
10,8,2026-03-11T12:20:44.416228Z,elea,0.1.1,ef66ed9,add,f1.bin,backend_store,0.484333,10485760,,None,blake3
10,8,2026-03-11T12:20:44.416264Z,elea,0.1.1,ef66ed9,add,f3.bin,backend_store,0.536875,10485760,,None,blake3
10,8,2026-03-11T12:20:44.416273Z,elea,0.1.1,ef66ed9,add,f5.bin,backend_store,0.483666,10485760,,None,blake3
10,8,2026-03-11T12:20:44.416396Z,elea,0.1.1,ef66ed9,add,f2.bin,backend_store,0.5475420000000001,10485760,,None,blake3
10,8,2026-03-11T12:20:44.416422Z,elea,0.1.1,ef66ed9,add,f4.bin,add_file_total,8.129333,10485760,,None,blake3
10,8,2026-03-11T12:20:44.416534Z,elea,0.1.1,ef66ed9,add,f3.bin,add_file_total,8.295833,10485760,,None,blake3
10,8,2026-03-11T12:20:44.416584Z,elea,0.1.1,ef66ed9,add,f5.bin,add_file_total,8.348292,10485760,,None,blake3
10,8,2026-03-11T12:20:44.416618Z,elea,0.1.1,ef66ed9,add,f1.bin,add_file_total,8.378207999999999,10485760,,None,blake3
10,8,2026-03-11T12:20:44.416659Z,elea,0.1.1,ef66ed9,add,f2.bin,add_file_total,8.443084,10485760,,None,blake3
10,8,2026-03-11T12:20:44.416699Z,elea,0.1.1,ef66ed9,add,,add_total,8.513417,,5,None,blake3
10,9,2026-03-11T12:20:44.567084Z,elea,0.1.1,ef66ed9,hash,f4.bin,hash,5.884875,10485760,,,blake3
10,9,2026-03-11T12:20:44.567054Z,elea,0.1.1,ef66ed9,hash,f5.bin,hash,5.807458,10485760,,,blake3
10,9,2026-03-11T12:20:44.567031Z,elea,0.1.1,ef66ed9,hash,f2.bin,hash,5.77225,10485760,,,blake3
10,9,2026-03-11T12:20:44.567067Z,elea,0.1.1,ef66ed9,hash,f1.bin,hash,5.836625,10485760,,,blake3
10,9,2026-03-11T12:20:44.567104Z,elea,0.1.1,ef66ed9,hash,f3.bin,hash,5.8881250000000005,10485760,,,blake3
10,9,2026-03-11T12:20:44.569227Z,elea,0.1.1,ef66ed9,add,f4.bin,backend_store,0.503542,10485760,,None,blake3
10,9,2026-03-11T12:20:44.569237Z,elea,0.1.1,ef66ed9,add,f5.bin,backend_store,0.4889160000000001,10485760,,None,blake3
10,9,2026-03-11T12:20:44.569267Z,elea,0.1.1,ef66ed9,add,f2.bin,backend_store,0.47470900000000005,10485760,,None,blake3
10,9,2026-03-11T12:20:44.569308Z,elea,0.1.1,ef66ed9,add,f1.bin,backend_store,0.48304199999999997,10485760,,None,blake3
10,9,2026-03-11T12:20:44.56946Z,elea,0.1.1,ef66ed9,add,f3.bin,backend_store,0.470542,10485760,,None,blake3
10,9,2026-03-11T12:20:44.569466Z,elea,0.1.1,ef66ed9,add,f4.bin,add_file_total,8.294334000000001,10485760,,None,blake3
10,9,2026-03-11T12:20:44.569502Z,elea,0.1.1,ef66ed9,add,f5.bin,add_file_total,8.322332999999999,10485760,,None,blake3
10,9,2026-03-11T12:20:44.569544Z,elea,0.1.1,ef66ed9,add,f2.bin,add_file_total,8.361917,10485760,,None,blake3
10,9,2026-03-11T12:20:44.569588Z,elea,0.1.1,ef66ed9,add,f1.bin,add_file_total,8.409666999999999,10485760,,None,blake3
10,9,2026-03-11T12:20:44.569653Z,elea,0.1.1,ef66ed9,add,f3.bin,add_file_total,8.477291,10485760,,None,blake3
10,9,2026-03-11T12:20:44.569699Z,elea,0.1.1,ef66ed9,add,,add_total,8.5845,,5,None,blake3
10,10,2026-03-11T12:20:44.724204Z,elea,0.1.1,ef66ed9,hash,f4.bin,hash,5.899417,10485760,,,blake3
10,10,2026-03-11T12:20:44.724188Z,elea,0.1.1,ef66ed9,hash,f5.bin,hash,5.957917,10485760,,,blake3
10,10,2026-03-11T12:20:44.724172Z,elea,0.1.1,ef66ed9,hash,f3.bin,hash,5.967208,10485760,,,blake3
10,10,2026-03-11T12:20:44.724283Z,elea,0.1.1,ef66ed9,hash,f1.bin,hash,6.06825,10485760,,,blake3
10,10,2026-03-11T12:20:44.72405Z,elea,0.1.1,ef66ed9,hash,f2.bin,hash,5.824709,10485760,,,blake3
10,10,2026-03-11T12:20:44.726255Z,elea,0.1.1,ef66ed9,add,f4.bin,backend_store,0.4075,10485760,,None,blake3
10,10,2026-03-11T12:20:44.726485Z,elea,0.1.1,ef66ed9,add,f3.bin,backend_store,0.566792,10485760,,None,blake3
10,10,2026-03-11T12:20:44.726544Z,elea,0.1.1,ef66ed9,add,f1.bin,backend_store,0.593125,10485760,,None,blake3
10,10,2026-03-11T12:20:44.726561Z,elea,0.1.1,ef66ed9,add,f5.bin,backend_store,0.661459,10485760,,None,blake3
10,10,2026-03-11T12:20:44.726572Z,elea,0.1.1,ef66ed9,add,f4.bin,add_file_total,8.36225,10485760,,None,blake3
10,10,2026-03-11T12:20:44.726636Z,elea,0.1.1,ef66ed9,add,f2.bin,backend_store,0.540625,10485760,,None,blake3
10,10,2026-03-11T12:20:44.726748Z,elea,0.1.1,ef66ed9,add,f3.bin,add_file_total,8.591291,10485760,,None,blake3
10,10,2026-03-11T12:20:44.726888Z,elea,0.1.1,ef66ed9,add,f1.bin,add_file_total,8.728875,10485760,,None,blake3
10,10,2026-03-11T12:20:44.726945Z,elea,0.1.1,ef66ed9,add,f5.bin,add_file_total,8.786583,10485760,,None,blake3
10,10,2026-03-11T12:20:44.727002Z,elea,0.1.1,ef66ed9,add,f2.bin,add_file_total,8.847707999999999,10485760,,None,blake3
10,10,2026-03-11T12:20:44.727068Z,elea,0.1.1,ef66ed9,add,,add_total,8.977792,,5,None,blake3
10,11,2026-03-11T12:20:44.878255Z,elea,0.1.1,ef66ed9,hash,f1.bin,hash,5.882875,10485760,,,blake3
10,11,2026-03-11T12:20:44.87829Z,elea,0.1.1,ef66ed9,hash,f3.bin,hash,5.857041000000001,10485760,,,blake3
10,11,2026-03-11T12:20:44.878276Z,elea,0.1.1,ef66ed9,hash,f4.bin,hash,5.845167,10485760,,,blake3
10,11,2026-03-11T12:20:44.878299Z,elea,0.1.1,ef66ed9,hash,f5.bin,hash,5.917417,10485760,,,blake3
10,11,2026-03-11T12:20:44.878189Z,elea,0.1.1,ef66ed9,hash,f2.bin,hash,5.850083,10485760,,,blake3
10,11,2026-03-11T12:20:44.880538Z,elea,0.1.1,ef66ed9,add,f5.bin,backend_store,0.470083,10485760,,None,blake3
10,11,2026-03-11T12:20:44.880572Z,elea,0.1.1,ef66ed9,add,f1.bin,backend_store,0.580666,10485760,,None,blake3
10,11,2026-03-11T12:20:44.880582Z,elea,0.1.1,ef66ed9,add,f3.bin,backend_store,0.5420419999999999,10485760,,None,blake3
10,11,2026-03-11T12:20:44.880602Z,elea,0.1.1,ef66ed9,add,f4.bin,backend_store,0.563458,10485760,,None,blake3
10,11,2026-03-11T12:20:44.880686Z,elea,0.1.1,ef66ed9,add,f2.bin,backend_store,0.49691700000000005,10485760,,None,blake3
10,11,2026-03-11T12:20:44.880852Z,elea,0.1.1,ef66ed9,add,f5.bin,add_file_total,8.508125,10485760,,None,blake3
10,11,2026-03-11T12:20:44.880903Z,elea,0.1.1,ef66ed9,add,f3.bin,add_file_total,8.523208,10485760,,None,blake3
10,11,2026-03-11T12:20:44.880972Z,elea,0.1.1,ef66ed9,add,f4.bin,add_file_total,8.619208,10485760,,None,blake3
10,11,2026-03-11T12:20:44.881028Z,elea,0.1.1,ef66ed9,add,f1.bin,add_file_total,8.686542000000001,10485760,,None,blake3
10,11,2026-03-11T12:20:44.881075Z,elea,0.1.1,ef66ed9,add,f2.bin,add_file_total,8.779792,10485760,,None,blake3
10,11,2026-03-11T12:20:44.881132Z,elea,0.1.1,ef66ed9,add,,add_total,8.867833000000001,,5,None,blake3
10,12,2026-03-11T12:20:45.033628Z,elea,0.1.1,ef66ed9,hash,f1.bin,hash,5.927125,10485760,,,blake3
10,12,2026-03-11T12:20:45.033612Z,elea,0.1.1,ef66ed9,hash,f5.bin,hash,5.9802919999999995,10485760,,,blake3
10,12,2026-03-11T12:20:45.03356Z,elea,0.1.1,ef66ed9,hash,f2.bin,hash,5.956124999999999,10485760,,,blake3
10,12,2026-03-11T12:20:45.033642Z,elea,0.1.1,ef66ed9,hash,f4.bin,hash,5.948125,10485760,,,blake3
10,12,2026-03-11T12:20:45.033591Z,elea,0.1.1,ef66ed9,hash,f3.bin,hash,5.975541,10485760,,,blake3
10,12,2026-03-11T12:20:45.035892Z,elea,0.1.1,ef66ed9,add,f1.bin,backend_store,0.5415409999999999,10485760,,None,blake3
10,12,2026-03-11T12:20:45.035932Z,elea,0.1.1,ef66ed9,add,f5.bin,backend_store,0.553292,10485760,,None,blake3
10,12,2026-03-11T12:20:45.036137Z,elea,0.1.1,ef66ed9,add,f2.bin,backend_store,0.7175830000000001,10485760,,None,blake3
10,12,2026-03-11T12:20:45.036155Z,elea,0.1.1,ef66ed9,add,f1.bin,add_file_total,8.549959,10485760,,None,blake3
10,12,2026-03-11T12:20:45.036166Z,elea,0.1.1,ef66ed9,add,f4.bin,backend_store,0.693167,10485760,,None,blake3
10,12,2026-03-11T12:20:45.036186Z,elea,0.1.1,ef66ed9,add,f5.bin,add_file_total,8.598208,10485760,,None,blake3
10,12,2026-03-11T12:20:45.036202Z,elea,0.1.1,ef66ed9,add,f3.bin,backend_store,0.631584,10485760,,None,blake3
10,12,2026-03-11T12:20:45.036343Z,elea,0.1.1,ef66ed9,add,f2.bin,add_file_total,8.780750000000001,10485760,,None,blake3
10,12,2026-03-11T12:20:45.036385Z,elea,0.1.1,ef66ed9,add,f4.bin,add_file_total,8.7445,10485760,,None,blake3
10,12,2026-03-11T12:20:45.036423Z,elea,0.1.1,ef66ed9,add,f3.bin,add_file_total,8.837542000000001,10485760,,None,blake3
10,12,2026-03-11T12:20:45.036472Z,elea,0.1.1,ef66ed9,add,,add_total,8.941084,,5,None,blake3
10,13,2026-03-11T12:20:45.185681Z,elea,0.1.1,ef66ed9,hash,f1.bin,hash,5.773124999999999,10485760,,,blake3
10,13,2026-03-11T12:20:45.18569Z,elea,0.1.1,ef66ed9,hash,f4.bin,hash,5.8285,10485760,,,blake3
10,13,2026-03-11T12:20:45.185912Z,elea,0.1.1,ef66ed9,hash,f3.bin,hash,6.045375000000001,10485760,,,blake3
10,13,2026-03-11T12:20:45.185615Z,elea,0.1.1,ef66ed9,hash,f5.bin,hash,5.7755,10485760,,,blake3
10,13,2026-03-11T12:20:45.185665Z,elea,0.1.1,ef66ed9,hash,f2.bin,hash,5.837791999999999,10485760,,,blake3
10,13,2026-03-11T12:20:45.187758Z,elea,0.1.1,ef66ed9,add,f4.bin,backend_store,0.47800000000000004,10485760,,None,blake3
10,13,2026-03-11T12:20:45.187769Z,elea,0.1.1,ef66ed9,add,f3.bin,backend_store,0.44845799999999997,10485760,,None,blake3
10,13,2026-03-11T12:20:45.1878Z,elea,0.1.1,ef66ed9,add,f1.bin,backend_store,0.541167,10485760,,None,blake3
10,13,2026-03-11T12:20:45.187832Z,elea,0.1.1,ef66ed9,add,f5.bin,backend_store,0.462,10485760,,None,blake3
10,13,2026-03-11T12:20:45.187849Z,elea,0.1.1,ef66ed9,add,f2.bin,backend_store,0.44004200000000004,10485760,,None,blake3
10,13,2026-03-11T12:20:45.187999Z,elea,0.1.1,ef66ed9,add,f4.bin,add_file_total,8.199,10485760,,None,blake3
10,13,2026-03-11T12:20:45.188155Z,elea,0.1.1,ef66ed9,add,f3.bin,add_file_total,8.355292,10485760,,None,blake3
10,13,2026-03-11T12:20:45.188229Z,elea,0.1.1,ef66ed9,add,f5.bin,add_file_total,8.429791000000002,10485760,,None,blake3
10,13,2026-03-11T12:20:45.1883Z,elea,0.1.1,ef66ed9,add,f1.bin,add_file_total,8.499416,10485760,,None,blake3
10,13,2026-03-11T12:20:45.188384Z,elea,0.1.1,ef66ed9,add,f2.bin,add_file_total,8.601209,10485760,,None,blake3
10,13,2026-03-11T12:20:45.188438Z,elea,0.1.1,ef66ed9,add,,add_total,8.685125,,5,None,blake3
10,14,2026-03-11T12:20:45.345435Z,elea,0.1.1,ef66ed9,hash,f5.bin,hash,5.81625,10485760,,,blake3
10,14,2026-03-11T12:20:45.345479Z,elea,0.1.1,ef66ed9,hash,f2.bin,hash,5.8620410000000005,10485760,,,blake3
10,14,2026-03-11T12:20:45.345392Z,elea,0.1.1,ef66ed9,hash,f4.bin,hash,5.7585,10485760,,,blake3
10,14,2026-03-11T12:20:45.345469Z,elea,0.1.1,ef66ed9,hash,f3.bin,hash,5.7725,10485760,,,blake3
10,14,2026-03-11T12:20:45.345493Z,elea,0.1.1,ef66ed9,hash,f1.bin,hash,5.850834,10485760,,,blake3
10,14,2026-03-11T12:20:45.347675Z,elea,0.1.1,ef66ed9,add,f2.bin,backend_store,0.44387499999999996,10485760,,None,blake3
10,14,2026-03-11T12:20:45.347707Z,elea,0.1.1,ef66ed9,add,f4.bin,backend_store,0.425541,10485760,,None,blake3
10,14,2026-03-11T12:20:45.34776Z,elea,0.1.1,ef66ed9,add,f5.bin,backend_store,0.539084,10485760,,None,blake3
10,14,2026-03-11T12:20:45.348008Z,elea,0.1.1,ef66ed9,add,f3.bin,backend_store,0.669875,10485760,,None,blake3
10,14,2026-03-11T12:20:45.348026Z,elea,0.1.1,ef66ed9,add,f2.bin,add_file_total,8.449833,10485760,,None,blake3
10,14,2026-03-11T12:20:45.348164Z,elea,0.1.1,ef66ed9,add,f5.bin,add_file_total,8.579208,10485760,,None,blake3
10,14,2026-03-11T12:20:45.34818Z,elea,0.1.1,ef66ed9,add,f1.bin,backend_store,0.713583,10485760,,None,blake3
10,14,2026-03-11T12:20:45.348223Z,elea,0.1.1,ef66ed9,add,f4.bin,add_file_total,8.632875,10485760,,None,blake3
10,14,2026-03-11T12:20:45.348319Z,elea,0.1.1,ef66ed9,add,f3.bin,add_file_total,8.704375,10485760,,None,blake3
10,14,2026-03-11T12:20:45.348433Z,elea,0.1.1,ef66ed9,add,f1.bin,add_file_total,8.844083000000001,10485760,,None,blake3
10,14,2026-03-11T12:20:45.348528Z,elea,0.1.1,ef66ed9,add,,add_total,8.996416,,5,None,blake3
10,15,2026-03-11T12:20:45.506598Z,elea,0.1.1,ef66ed9,hash,f2.bin,hash,7.572791,10485760,,,blake3
10,15,2026-03-11T12:20:45.507941Z,elea,0.1.1,ef66ed9,hash,f1.bin,hash,8.988292,10485760,,,blake3
10,15,2026-03-11T12:20:45.508602Z,elea,0.1.1,ef66ed9,hash,f4.bin,hash,9.617458000000001,10485760,,,blake3
10,15,2026-03-11T12:20:45.50556Z,elea,0.1.1,ef66ed9,hash,f3.bin,hash,6.493292,10485760,,,blake3
10,15,2026-03-11T12:20:45.509435Z,elea,0.1.1,ef66ed9,add,f2.bin,backend_store,0.5764579999999999,10485760,,None,blake3
10,15,2026-03-11T12:20:45.50969Z,elea,0.1.1,ef66ed9,add,f4.bin,backend_store,0.671667,10485760,,None,blake3
10,15,2026-03-11T12:20:45.509806Z,elea,0.1.1,ef66ed9,add,f2.bin,add_file_total,10.800625,10485760,,None,blake3
10,15,2026-03-11T12:20:45.509828Z,elea,0.1.1,ef66ed9,hash,f5.bin,hash,10.83275,10485760,,,blake3
10,15,2026-03-11T12:20:45.509911Z,elea,0.1.1,ef66ed9,add,f1.bin,backend_store,0.7757499999999999,10485760,,None,blake3
10,15,2026-03-11T12:20:45.509918Z,elea,0.1.1,ef66ed9,add,f3.bin,backend_store,0.770208,10485760,,None,blake3
10,15,2026-03-11T12:20:45.510182Z,elea,0.1.1,ef66ed9,add,f4.bin,add_file_total,11.23475,10485760,,None,blake3
10,15,2026-03-11T12:20:45.510652Z,elea,0.1.1,ef66ed9,add,f5.bin,backend_store,0.5682499999999999,10485760,,None,blake3
10,15,2026-03-11T12:20:45.510737Z,elea,0.1.1,ef66ed9,add,f1.bin,add_file_total,11.82725,10485760,,None,blake3
10,15,2026-03-11T12:20:45.510837Z,elea,0.1.1,ef66ed9,add,f3.bin,add_file_total,11.869291,10485760,,None,blake3
10,15,2026-03-11T12:20:45.510973Z,elea,0.1.1,ef66ed9,add,f5.bin,add_file_total,12.0225,10485760,,None,blake3
10,15,2026-03-11T12:20:45.51114Z,elea,0.1.1,ef66ed9,add,,add_total,12.264084,,5,None,blake3
10,16,2026-03-11T12:20:45.667328Z,elea,0.1.1,ef66ed9,hash,f3.bin,hash,5.854166,10485760,,,blake3
10,16,2026-03-11T12:20:45.667196Z,elea,0.1.1,ef66ed9,hash,f2.bin,hash,5.679583999999999,10485760,,,blake3
10,16,2026-03-11T12:20:45.667292Z,elea,0.1.1,ef66ed9,hash,f1.bin,hash,5.837625,10485760,,,blake3
10,16,2026-03-11T12:20:45.667265Z,elea,0.1.1,ef66ed9,hash,f4.bin,hash,5.7711250000000005,10485760,,,blake3
10,16,2026-03-11T12:20:45.667219Z,elea,0.1.1,ef66ed9,hash,f5.bin,hash,5.777792000000001,10485760,,,blake3
10,16,2026-03-11T12:20:45.669415Z,elea,0.1.1,ef66ed9,add,f3.bin,backend_store,0.5569999999999999,10485760,,None,blake3
10,16,2026-03-11T12:20:45.669484Z,elea,0.1.1,ef66ed9,add,f2.bin,backend_store,0.598375,10485760,,None,blake3
10,16,2026-03-11T12:20:45.669492Z,elea,0.1.1,ef66ed9,add,f4.bin,backend_store,0.518625,10485760,,None,blake3
10,16,2026-03-11T12:20:45.669522Z,elea,0.1.1,ef66ed9,add,f1.bin,backend_store,0.581583,10485760,,None,blake3
10,16,2026-03-11T12:20:45.669646Z,elea,0.1.1,ef66ed9,add,f3.bin,add_file_total,8.224666000000001,10485760,,None,blake3
10,16,2026-03-11T12:20:45.669686Z,elea,0.1.1,ef66ed9,add,f5.bin,backend_store,0.6002919999999999,10485760,,None,blake3
10,16,2026-03-11T12:20:45.669738Z,elea,0.1.1,ef66ed9,add,f4.bin,add_file_total,8.317833,10485760,,None,blake3
10,16,2026-03-11T12:20:45.669807Z,elea,0.1.1,ef66ed9,add,f2.bin,add_file_total,8.359,10485760,,None,blake3
10,16,2026-03-11T12:20:45.669853Z,elea,0.1.1,ef66ed9,add,f1.bin,add_file_total,8.433334,10485760,,None,blake3
10,16,2026-03-11T12:20:45.669916Z,elea,0.1.1,ef66ed9,add,f5.bin,add_file_total,8.515666999999999,10485760,,None,blake3
10,16,2026-03-11T12:20:45.669969Z,elea,0.1.1,ef66ed9,add,,add_total,8.605,,5,None,blake3
10,17,2026-03-11T12:20:45.819846Z,elea,0.1.1,ef66ed9,hash,f4.bin,hash,5.854334,10485760,,,blake3
10,17,2026-03-11T12:20:45.819759Z,elea,0.1.1,ef66ed9,hash,f5.bin,hash,5.80975,10485760,,,blake3
10,17,2026-03-11T12:20:45.819788Z,elea,0.1.1,ef66ed9,hash,f2.bin,hash,5.849540999999999,10485760,,,blake3
10,17,2026-03-11T12:20:45.819836Z,elea,0.1.1,ef66ed9,hash,f1.bin,hash,5.86225,10485760,,,blake3
10,17,2026-03-11T12:20:45.819824Z,elea,0.1.1,ef66ed9,hash,f3.bin,hash,5.864833,10485760,,,blake3
10,17,2026-03-11T12:20:45.821982Z,elea,0.1.1,ef66ed9,add,f5.bin,backend_store,0.518708,10485760,,None,blake3
10,17,2026-03-11T12:20:45.821987Z,elea,0.1.1,ef66ed9,add,f2.bin,backend_store,0.48570800000000003,10485760,,None,blake3
10,17,2026-03-11T12:20:45.822039Z,elea,0.1.1,ef66ed9,add,f4.bin,backend_store,0.602125,10485760,,None,blake3
10,17,2026-03-11T12:20:45.822079Z,elea,0.1.1,ef66ed9,add,f3.bin,backend_store,0.506834,10485760,,None,blake3
10,17,2026-03-11T12:20:45.822084Z,elea,0.1.1,ef66ed9,add,f1.bin,backend_store,0.529084,10485760,,None,blake3
10,17,2026-03-11T12:20:45.82224Z,elea,0.1.1,ef66ed9,add,f2.bin,add_file_total,8.339375,10485760,,None,blake3
10,17,2026-03-11T12:20:45.822306Z,elea,0.1.1,ef66ed9,add,f5.bin,add_file_total,8.396291999999999,10485760,,None,blake3
10,17,2026-03-11T12:20:45.822368Z,elea,0.1.1,ef66ed9,add,f4.bin,add_file_total,8.454625,10485760,,None,blake3
10,17,2026-03-11T12:20:45.822424Z,elea,0.1.1,ef66ed9,add,f3.bin,add_file_total,8.512875,10485760,,None,blake3
10,17,2026-03-11T12:20:45.82248Z,elea,0.1.1,ef66ed9,add,f1.bin,add_file_total,8.57,10485760,,None,blake3
10,17,2026-03-11T12:20:45.82253Z,elea,0.1.1,ef66ed9,add,,add_total,8.685708,,5,None,blake3
10,18,2026-03-11T12:20:45.983183Z,elea,0.1.1,ef66ed9,hash,f5.bin,hash,6.033833,10485760,,,blake3
10,18,2026-03-11T12:20:45.983215Z,elea,0.1.1,ef66ed9,hash,f1.bin,hash,6.089875,10485760,,,blake3
10,18,2026-03-11T12:20:45.983264Z,elea,0.1.1,ef66ed9,hash,f4.bin,hash,6.0911669999999996,10485760,,,blake3
10,18,2026-03-11T12:20:45.9828Z,elea,0.1.1,ef66ed9,hash,f3.bin,hash,5.693791999999999,10485760,,,blake3
10,18,2026-03-11T12:20:45.983254Z,elea,0.1.1,ef66ed9,hash,f2.bin,hash,6.074583,10485760,,,blake3
10,18,2026-03-11T12:20:45.985392Z,elea,0.1.1,ef66ed9,add,f5.bin,backend_store,0.537541,10485760,,None,blake3
10,18,2026-03-11T12:20:45.985434Z,elea,0.1.1,ef66ed9,add,f4.bin,backend_store,0.537666,10485760,,None,blake3
10,18,2026-03-11T12:20:45.985464Z,elea,0.1.1,ef66ed9,add,f3.bin,backend_store,0.525541,10485760,,None,blake3
10,18,2026-03-11T12:20:45.985493Z,elea,0.1.1,ef66ed9,add,f1.bin,backend_store,0.6030840000000001,10485760,,None,blake3
10,18,2026-03-11T12:20:45.985598Z,elea,0.1.1,ef66ed9,add,f2.bin,backend_store,0.635833,10485760,,None,blake3
10,18,2026-03-11T12:20:45.985654Z,elea,0.1.1,ef66ed9,add,f4.bin,add_file_total,8.575541000000001,10485760,,None,blake3
10,18,2026-03-11T12:20:45.985703Z,elea,0.1.1,ef66ed9,add,f1.bin,add_file_total,8.631041000000002,10485760,,None,blake3
10,18,2026-03-11T12:20:45.985762Z,elea,0.1.1,ef66ed9,add,f3.bin,add_file_total,8.7025,10485760,,None,blake3
10,18,2026-03-11T12:20:45.985815Z,elea,0.1.1,ef66ed9,add,f5.bin,add_file_total,8.739165999999999,10485760,,None,blake3
10,18,2026-03-11T12:20:45.985858Z,elea,0.1.1,ef66ed9,add,f2.bin,add_file_total,8.763083,10485760,,None,blake3
10,18,2026-03-11T12:20:45.985943Z,elea,0.1.1,ef66ed9,add,,add_total,8.925583000000001,,5,None,blake3
10,19,2026-03-11T12:20:46.139974Z,elea,0.1.1,ef66ed9,hash,f2.bin,hash,5.7069160000000005,10485760,,,blake3
10,19,2026-03-11T12:20:46.139942Z,elea,0.1.1,ef66ed9,hash,f5.bin,hash,5.6915000000000004,10485760,,,blake3
10,19,2026-03-11T12:20:46.140334Z,elea,0.1.1,ef66ed9,hash,f4.bin,hash,6.053208,10485760,,,blake3
10,19,2026-03-11T12:20:46.140349Z,elea,0.1.1,ef66ed9,hash,f1.bin,hash,6.052499999999999,10485760,,,blake3
10,19,2026-03-11T12:20:46.140308Z,elea,0.1.1,ef66ed9,hash,f3.bin,hash,6.076541000000001,10485760,,,blake3
10,19,2026-03-11T12:20:46.142359Z,elea,0.1.1,ef66ed9,add,f4.bin,backend_store,0.551209,10485760,,None,blake3
10,19,2026-03-11T12:20:46.142384Z,elea,0.1.1,ef66ed9,add,f1.bin,backend_store,0.549542,10485760,,None,blake3
10,19,2026-03-11T12:20:46.142416Z,elea,0.1.1,ef66ed9,add,f2.bin,backend_store,0.6479170000000001,10485760,,None,blake3
10,19,2026-03-11T12:20:46.14245Z,elea,0.1.1,ef66ed9,add,f5.bin,backend_store,0.6629999999999999,10485760,,None,blake3
10,19,2026-03-11T12:20:46.14246Z,elea,0.1.1,ef66ed9,add,f3.bin,backend_store,0.587417,10485760,,None,blake3
10,19,2026-03-11T12:20:46.142553Z,elea,0.1.1,ef66ed9,add,f4.bin,add_file_total,8.338708,10485760,,None,blake3
10,19,2026-03-11T12:20:46.142629Z,elea,0.1.1,ef66ed9,add,f2.bin,add_file_total,8.417124999999999,10485760,,None,blake3
10,19,2026-03-11T12:20:46.142674Z,elea,0.1.1,ef66ed9,add,f3.bin,add_file_total,8.486167,10485760,,None,blake3
10,19,2026-03-11T12:20:46.142707Z,elea,0.1.1,ef66ed9,add,f1.bin,add_file_total,8.496666999999999,10485760,,None,blake3
10,19,2026-03-11T12:20:46.142735Z,elea,0.1.1,ef66ed9,add,f5.bin,add_file_total,8.510458,10485760,,None,blake3
10,19,2026-03-11T12:20:46.142791Z,elea,0.1.1,ef66ed9,add,,add_total,8.637125000000001,,5,None,blake3
10,20,2026-03-11T12:20:46.296362Z,elea,0.1.1,ef66ed9,hash,f1.bin,hash,5.910583,10485760,,,blake3
10,20,2026-03-11T12:20:46.296346Z,elea,0.1.1,ef66ed9,hash,f4.bin,hash,5.929917,10485760,,,blake3
10,20,2026-03-11T12:20:46.296355Z,elea,0.1.1,ef66ed9,hash,f2.bin,hash,5.920084,10485760,,,blake3
10,20,2026-03-11T12:20:46.296333Z,elea,0.1.1,ef66ed9,hash,f3.bin,hash,5.887583,10485760,,,blake3
10,20,2026-03-11T12:20:46.296298Z,elea,0.1.1,ef66ed9,hash,f5.bin,hash,5.910042,10485760,,,blake3
10,20,2026-03-11T12:20:46.298356Z,elea,0.1.1,ef66ed9,add,f4.bin,backend_store,0.5705410000000001,10485760,,None,blake3
10,20,2026-03-11T12:20:46.298362Z,elea,0.1.1,ef66ed9,add,f1.bin,backend_store,0.617458,10485760,,None,blake3
10,20,2026-03-11T12:20:46.29839Z,elea,0.1.1,ef66ed9,add,f5.bin,backend_store,0.517875,10485760,,None,blake3
10,20,2026-03-11T12:20:46.298403Z,elea,0.1.1,ef66ed9,add,f2.bin,backend_store,0.595166,10485760,,None,blake3
10,20,2026-03-11T12:20:46.298437Z,elea,0.1.1,ef66ed9,add,f3.bin,backend_store,0.581583,10485760,,None,blake3
10,20,2026-03-11T12:20:46.298586Z,elea,0.1.1,ef66ed9,add,f4.bin,add_file_total,8.208417,10485760,,None,blake3
10,20,2026-03-11T12:20:46.29861Z,elea,0.1.1,ef66ed9,add,f5.bin,add_file_total,8.263708,10485760,,None,blake3
10,20,2026-03-11T12:20:46.298713Z,elea,0.1.1,ef66ed9,add,f3.bin,add_file_total,8.332042,10485760,,None,blake3
10,20,2026-03-11T12:20:46.298765Z,elea,0.1.1,ef66ed9,add,f2.bin,add_file_total,8.399458000000001,10485760,,None,blake3
10,20,2026-03-11T12:20:46.298808Z,elea,0.1.1,ef66ed9,add,f1.bin,add_file_total,8.439542,10485760,,None,blake3
10,20,2026-03-11T12:20:46.298874Z,elea,0.1.1,ef66ed9,add,,add_total,8.566625,,5,None,blake3
10,21,2026-03-11T12:20:46.447737Z,elea,0.1.1,ef66ed9,hash,f4.bin,hash,5.756291999999999,10485760,,,blake3
10,21,2026-03-11T12:20:46.44771Z,elea,0.1.1,ef66ed9,hash,f5.bin,hash,5.746625,10485760,,,blake3
10,21,2026-03-11T12:20:46.447764Z,elea,0.1.1,ef66ed9,hash,f3.bin,hash,5.771458,10485760,,,blake3
10,21,2026-03-11T12:20:46.447727Z,elea,0.1.1,ef66ed9,hash,f1.bin,hash,5.76475,10485760,,,blake3
10,21,2026-03-11T12:20:46.447747Z,elea,0.1.1,ef66ed9,hash,f2.bin,hash,5.780792,10485760,,,blake3
10,21,2026-03-11T12:20:46.450202Z,elea,0.1.1,ef66ed9,add,f3.bin,backend_store,0.616708,10485760,,None,blake3
10,21,2026-03-11T12:20:46.450273Z,elea,0.1.1,ef66ed9,add,f1.bin,backend_store,0.655375,10485760,,None,blake3
10,21,2026-03-11T12:20:46.450389Z,elea,0.1.1,ef66ed9,add,f4.bin,backend_store,0.846792,10485760,,None,blake3
10,21,2026-03-11T12:20:46.450417Z,elea,0.1.1,ef66ed9,add,f2.bin,backend_store,0.774083,10485760,,None,blake3
10,21,2026-03-11T12:20:46.450442Z,elea,0.1.1,ef66ed9,add,f5.bin,backend_store,0.8668750000000001,10485760,,None,blake3
10,21,2026-03-11T12:20:46.450458Z,elea,0.1.1,ef66ed9,add,f3.bin,add_file_total,8.544167,10485760,,None,blake3
10,21,2026-03-11T12:20:46.450511Z,elea,0.1.1,ef66ed9,add,f1.bin,add_file_total,8.599375,10485760,,None,blake3
10,21,2026-03-11T12:20:46.45058Z,elea,0.1.1,ef66ed9,add,f2.bin,add_file_total,8.696041,10485760,,None,blake3
10,21,2026-03-11T12:20:46.450617Z,elea,0.1.1,ef66ed9,add,f4.bin,add_file_total,8.705582999999999,10485760,,None,blake3
10,21,2026-03-11T12:20:46.450651Z,elea,0.1.1,ef66ed9,add,f5.bin,add_file_total,8.742458,10485760,,None,blake3
10,21,2026-03-11T12:20:46.450717Z,elea,0.1.1,ef66ed9,add,,add_total,8.866208,,5,None,blake3
10,22,2026-03-11T12:20:46.598724Z,elea,0.1.1,ef66ed9,hash,f2.bin,hash,5.967333,10485760,,,blake3
10,22,2026-03-11T12:20:46.598746Z,elea,0.1.1,ef66ed9,hash,f1.bin,hash,5.964874999999999,10485760,,,blake3
10,22,2026-03-11T12:20:46.598417Z,elea,0.1.1,ef66ed9,hash,f3.bin,hash,5.685833000000001,10485760,,,blake3
10,22,2026-03-11T12:20:46.598737Z,elea,0.1.1,ef66ed9,hash,f4.bin,hash,5.943792,10485760,,,blake3
10,22,2026-03-11T12:20:46.598656Z,elea,0.1.1,ef66ed9,hash,f5.bin,hash,5.908333,10485760,,,blake3
10,22,2026-03-11T12:20:46.600717Z,elea,0.1.1,ef66ed9,add,f1.bin,backend_store,0.465833,10485760,,None,blake3
10,22,2026-03-11T12:20:46.600721Z,elea,0.1.1,ef66ed9,add,f2.bin,backend_store,0.499042,10485760,,None,blake3
10,22,2026-03-11T12:20:46.60073Z,elea,0.1.1,ef66ed9,add,f3.bin,backend_store,0.453583,10485760,,None,blake3
10,22,2026-03-11T12:20:46.600756Z,elea,0.1.1,ef66ed9,add,f4.bin,backend_store,0.459417,10485760,,None,blake3
10,22,2026-03-11T12:20:46.600827Z,elea,0.1.1,ef66ed9,add,f5.bin,backend_store,0.436917,10485760,,None,blake3
10,22,2026-03-11T12:20:46.600917Z,elea,0.1.1,ef66ed9,add,f1.bin,add_file_total,8.201708,10485760,,None,blake3
10,22,2026-03-11T12:20:46.600962Z,elea,0.1.1,ef66ed9,add,f2.bin,add_file_total,8.217208,10485760,,None,blake3
10,22,2026-03-11T12:20:46.600992Z,elea,0.1.1,ef66ed9,add,f4.bin,add_file_total,8.277834,10485760,,None,blake3
10,22,2026-03-11T12:20:46.601027Z,elea,0.1.1,ef66ed9,add,f3.bin,add_file_total,8.337083999999999,10485760,,None,blake3
10,22,2026-03-11T12:20:46.60107Z,elea,0.1.1,ef66ed9,add,f5.bin,add_file_total,8.357208,10485760,,None,blake3
10,22,2026-03-11T12:20:46.601121Z,elea,0.1.1,ef66ed9,add,,add_total,8.462333000000001,,5,None,blake3
10,23,2026-03-11T12:20:46.750523Z,elea,0.1.1,ef66ed9,hash,f1.bin,hash,5.9468749999999995,10485760,,,blake3
10,23,2026-03-11T12:20:46.750533Z,elea,0.1.1,ef66ed9,hash,f2.bin,hash,5.922041,10485760,,,blake3
10,23,2026-03-11T12:20:46.750286Z,elea,0.1.1,ef66ed9,hash,f5.bin,hash,5.681125000000001,10485760,,,blake3
10,23,2026-03-11T12:20:46.75054Z,elea,0.1.1,ef66ed9,hash,f3.bin,hash,5.917375,10485760,,,blake3
10,23,2026-03-11T12:20:46.750513Z,elea,0.1.1,ef66ed9,hash,f4.bin,hash,5.929208,10485760,,,blake3
10,23,2026-03-11T12:20:46.752342Z,elea,0.1.1,ef66ed9,add,f1.bin,backend_store,0.37274999999999997,10485760,,None,blake3
10,23,2026-03-11T12:20:46.752467Z,elea,0.1.1,ef66ed9,add,f5.bin,backend_store,0.45033300000000004,10485760,,None,blake3
10,23,2026-03-11T12:20:46.752484Z,elea,0.1.1,ef66ed9,add,f2.bin,backend_store,0.482375,10485760,,None,blake3
10,23,2026-03-11T12:20:46.752553Z,elea,0.1.1,ef66ed9,add,f1.bin,add_file_total,8.027709,10485760,,None,blake3
10,23,2026-03-11T12:20:46.752568Z,elea,0.1.1,ef66ed9,add,f4.bin,backend_store,0.484833,10485760,,None,blake3
10,23,2026-03-11T12:20:46.752584Z,elea,0.1.1,ef66ed9,add,f3.bin,backend_store,0.540875,10485760,,None,blake3
10,23,2026-03-11T12:20:46.752695Z,elea,0.1.1,ef66ed9,add,f5.bin,add_file_total,8.166458,10485760,,None,blake3
10,23,2026-03-11T12:20:46.752753Z,elea,0.1.1,ef66ed9,add,f2.bin,add_file_total,8.228708,10485760,,None,blake3
10,23,2026-03-11T12:20:46.752796Z,elea,0.1.1,ef66ed9,add,f4.bin,add_file_total,8.272625,10485760,,None,blake3
10,23,2026-03-11T12:20:46.752839Z,elea,0.1.1,ef66ed9,add,f3.bin,add_file_total,8.311208,10485760,,None,blake3
10,23,2026-03-11T12:20:46.752899Z,elea,0.1.1,ef66ed9,add,,add_total,8.429541,,5,None,blake3
10,24,2026-03-11T12:20:46.903102Z,elea,0.1.1,ef66ed9,hash,f3.bin,hash,5.883959,10485760,,,blake3
10,24,2026-03-11T12:20:46.903094Z,elea,0.1.1,ef66ed9,hash,f5.bin,hash,5.862166,10485760,,,blake3
10,24,2026-03-11T12:20:46.903077Z,elea,0.1.1,ef66ed9,hash,f2.bin,hash,5.868416000000001,10485760,,,blake3
10,24,2026-03-11T12:20:46.903064Z,elea,0.1.1,ef66ed9,hash,f4.bin,hash,5.813458,10485760,,,blake3
10,24,2026-03-11T12:20:46.902927Z,elea,0.1.1,ef66ed9,hash,f1.bin,hash,5.742916,10485760,,,blake3
10,24,2026-03-11T12:20:46.905333Z,elea,0.1.1,ef66ed9,add,f3.bin,backend_store,0.425458,10485760,,None,blake3
10,24,2026-03-11T12:20:46.905395Z,elea,0.1.1,ef66ed9,add,f2.bin,backend_store,0.42450000000000004,10485760,,None,blake3
10,24,2026-03-11T12:20:46.905421Z,elea,0.1.1,ef66ed9,add,f4.bin,backend_store,0.41979099999999997,10485760,,None,blake3
10,24,2026-03-11T12:20:46.905477Z,elea,0.1.1,ef66ed9,add,f1.bin,backend_store,0.43425,10485760,,None,blake3
10,24,2026-03-11T12:20:46.905494Z,elea,0.1.1,ef66ed9,add,f5.bin,backend_store,0.5351670000000001,10485760,,None,blake3
10,24,2026-03-11T12:20:46.905528Z,elea,0.1.1,ef66ed9,add,f3.bin,add_file_total,8.350625,10485760,,None,blake3
10,24,2026-03-11T12:20:46.905594Z,elea,0.1.1,ef66ed9,add,f2.bin,add_file_total,8.427291,10485760,,None,blake3
10,24,2026-03-11T12:20:46.905656Z,elea,0.1.1,ef66ed9,add,f4.bin,add_file_total,8.487834,10485760,,None,blake3
10,24,2026-03-11T12:20:46.905721Z,elea,0.1.1,ef66ed9,add,f1.bin,add_file_total,8.5735,10485760,,None,blake3
10,24,2026-03-11T12:20:46.905771Z,elea,0.1.1,ef66ed9,add,f5.bin,add_file_total,8.599667,10485760,,None,blake3
10,24,2026-03-11T12:20:46.905838Z,elea,0.1.1,ef66ed9,add,,add_total,8.729125000000002,,5,None,blake3
10,25,2026-03-11T12:20:47.05612Z,elea,0.1.1,ef66ed9,hash,f4.bin,hash,5.952417,10485760,,,blake3
10,25,2026-03-11T12:20:47.056134Z,elea,0.1.1,ef66ed9,hash,f5.bin,hash,5.951708,10485760,,,blake3
10,25,2026-03-11T12:20:47.056097Z,elea,0.1.1,ef66ed9,hash,f1.bin,hash,5.937375,10485760,,,blake3
10,25,2026-03-11T12:20:47.056149Z,elea,0.1.1,ef66ed9,hash,f3.bin,hash,5.919834,10485760,,,blake3
10,25,2026-03-11T12:20:47.056171Z,elea,0.1.1,ef66ed9,hash,f2.bin,hash,5.952500000000001,10485760,,,blake3
10,25,2026-03-11T12:20:47.058386Z,elea,0.1.1,ef66ed9,add,f5.bin,backend_store,0.490333,10485760,,None,blake3
10,25,2026-03-11T12:20:47.058622Z,elea,0.1.1,ef66ed9,add,f4.bin,backend_store,0.742625,10485760,,None,blake3
10,25,2026-03-11T12:20:47.058631Z,elea,0.1.1,ef66ed9,add,f1.bin,backend_store,0.690625,10485760,,None,blake3
10,25,2026-03-11T12:20:47.058693Z,elea,0.1.1,ef66ed9,add,f5.bin,add_file_total,8.591084,10485760,,None,blake3
10,25,2026-03-11T12:20:47.058723Z,elea,0.1.1,ef66ed9,add,f2.bin,backend_store,0.653625,10485760,,None,blake3
10,25,2026-03-11T12:20:47.058735Z,elea,0.1.1,ef66ed9,add,f3.bin,backend_store,0.69275,10485760,,None,blake3
10,25,2026-03-11T12:20:47.05884Z,elea,0.1.1,ef66ed9,add,f1.bin,add_file_total,8.740082999999998,10485760,,None,blake3
10,25,2026-03-11T12:20:47.058885Z,elea,0.1.1,ef66ed9,add,f4.bin,add_file_total,8.789958,10485760,,None,blake3
10,25,2026-03-11T12:20:47.058925Z,elea,0.1.1,ef66ed9,add,f2.bin,add_file_total,8.821125,10485760,,None,blake3
10,25,2026-03-11T12:20:47.058979Z,elea,0.1.1,ef66ed9,add,f3.bin,add_file_total,8.878458,10485760,,None,blake3
10,25,2026-03-11T12:20:47.059037Z,elea,0.1.1,ef66ed9,add,,add_total,9.015916,,5,None,blake3
50,1,2026-03-11T12:20:47.708122Z,elea,0.1.1,ef66ed9,hash,f1.bin,hash,30.32,52428800,,,blake3
50,1,2026-03-11T12:20:47.707239Z,elea,0.1.1,ef66ed9,hash,f4.bin,hash,29.461916000000002,52428800,,,blake3
50,1,2026-03-11T12:20:47.708143Z,elea,0.1.1,ef66ed9,hash,f2.bin,hash,30.384125,52428800,,,blake3
50,1,2026-03-11T12:20:47.7077Z,elea,0.1.1,ef66ed9,hash,f5.bin,hash,29.9145,52428800,,,blake3
50,1,2026-03-11T12:20:47.707729Z,elea,0.1.1,ef66ed9,hash,f3.bin,hash,29.979959,52428800,,,blake3
50,1,2026-03-11T12:20:47.709757Z,elea,0.1.1,ef66ed9,add,f1.bin,backend_store,0.396667,52428800,,None,blake3
50,1,2026-03-11T12:20:47.709899Z,elea,0.1.1,ef66ed9,add,f2.bin,backend_store,0.470667,52428800,,None,blake3
50,1,2026-03-11T12:20:47.709936Z,elea,0.1.1,ef66ed9,add,f1.bin,add_file_total,32.207333999999996,52428800,,None,blake3
50,1,2026-03-11T12:20:47.709946Z,elea,0.1.1,ef66ed9,add,f5.bin,backend_store,0.4896670000000001,52428800,,None,blake3
50,1,2026-03-11T12:20:47.709986Z,elea,0.1.1,ef66ed9,add,f3.bin,backend_store,0.510792,52428800,,None,blake3
50,1,2026-03-11T12:20:47.710032Z,elea,0.1.1,ef66ed9,add,f4.bin,backend_store,0.637083,52428800,,None,blake3
50,1,2026-03-11T12:20:47.710165Z,elea,0.1.1,ef66ed9,add,f2.bin,add_file_total,32.442458,52428800,,None,blake3
50,1,2026-03-11T12:20:47.710223Z,elea,0.1.1,ef66ed9,add,f5.bin,add_file_total,32.497541,52428800,,None,blake3
50,1,2026-03-11T12:20:47.710273Z,elea,0.1.1,ef66ed9,add,f3.bin,add_file_total,32.562167,52428800,,None,blake3
50,1,2026-03-11T12:20:47.710313Z,elea,0.1.1,ef66ed9,add,f4.bin,add_file_total,32.590041,52428800,,None,blake3
50,1,2026-03-11T12:20:47.710381Z,elea,0.1.1,ef66ed9,add,,add_total,32.718790999999996,,5,None,blake3
50,2,2026-03-11T12:20:48.387393Z,elea,0.1.1,ef66ed9,hash,f5.bin,hash,29.621458,52428800,,,blake3
50,2,2026-03-11T12:20:48.387457Z,elea,0.1.1,ef66ed9,hash,f4.bin,hash,29.69925,52428800,,,blake3
50,2,2026-03-11T12:20:48.386948Z,elea,0.1.1,ef66ed9,hash,f3.bin,hash,29.207583,52428800,,,blake3
50,2,2026-03-11T12:20:48.386773Z,elea,0.1.1,ef66ed9,hash,f1.bin,hash,29.020541,52428800,,,blake3
50,2,2026-03-11T12:20:48.387695Z,elea,0.1.1,ef66ed9,hash,f2.bin,hash,29.911,52428800,,,blake3
50,2,2026-03-11T12:20:48.388987Z,elea,0.1.1,ef66ed9,add,f5.bin,backend_store,0.408,52428800,,None,blake3
50,2,2026-03-11T12:20:48.38903Z,elea,0.1.1,ef66ed9,add,f3.bin,backend_store,0.391833,52428800,,None,blake3
50,2,2026-03-11T12:20:48.389109Z,elea,0.1.1,ef66ed9,add,f1.bin,backend_store,0.43554200000000004,52428800,,None,blake3
50,2,2026-03-11T12:20:48.389117Z,elea,0.1.1,ef66ed9,add,f4.bin,backend_store,0.517834,52428800,,None,blake3
50,2,2026-03-11T12:20:48.389144Z,elea,0.1.1,ef66ed9,add,f2.bin,backend_store,0.444375,52428800,,None,blake3
50,2,2026-03-11T12:20:48.389187Z,elea,0.1.1,ef66ed9,add,f5.bin,add_file_total,31.48025,52428800,,None,blake3
50,2,2026-03-11T12:20:48.38925Z,elea,0.1.1,ef66ed9,add,f3.bin,add_file_total,31.555334,52428800,,None,blake3
50,2,2026-03-11T12:20:48.389302Z,elea,0.1.1,ef66ed9,add,f4.bin,add_file_total,31.591874999999998,52428800,,None,blake3
50,2,2026-03-11T12:20:48.389341Z,elea,0.1.1,ef66ed9,add,f1.bin,add_file_total,31.648125,52428800,,None,blake3
50,2,2026-03-11T12:20:48.389385Z,elea,0.1.1,ef66ed9,add,f2.bin,add_file_total,31.678167,52428800,,None,blake3
50,2,2026-03-11T12:20:48.389446Z,elea,0.1.1,ef66ed9,add,,add_total,31.786208000000002,,5,None,blake3
50,3,2026-03-11T12:20:49.067465Z,elea,0.1.1,ef66ed9,hash,f5.bin,hash,29.340374999999998,52428800,,,blake3
50,3,2026-03-11T12:20:49.067585Z,elea,0.1.1,ef66ed9,hash,f2.bin,hash,29.476,52428800,,,blake3
50,3,2026-03-11T12:20:49.067325Z,elea,0.1.1,ef66ed9,hash,f4.bin,hash,29.264458,52428800,,,blake3
50,3,2026-03-11T12:20:49.067562Z,elea,0.1.1,ef66ed9,hash,f1.bin,hash,29.479249999999997,52428800,,,blake3
50,3,2026-03-11T12:20:49.067309Z,elea,0.1.1,ef66ed9,hash,f3.bin,hash,29.21075,52428800,,,blake3
50,3,2026-03-11T12:20:49.06981Z,elea,0.1.1,ef66ed9,add,f2.bin,backend_store,0.534083,52428800,,None,blake3
50,3,2026-03-11T12:20:49.069922Z,elea,0.1.1,ef66ed9,add,f5.bin,backend_store,0.67875,52428800,,None,blake3
50,3,2026-03-11T12:20:49.069971Z,elea,0.1.1,ef66ed9,add,f1.bin,backend_store,0.580916,52428800,,None,blake3
50,3,2026-03-11T12:20:49.069999Z,elea,0.1.1,ef66ed9,add,f4.bin,backend_store,0.664667,52428800,,None,blake3
50,3,2026-03-11T12:20:49.070141Z,elea,0.1.1,ef66ed9,add,f3.bin,backend_store,0.624208,52428800,,None,blake3
50,3,2026-03-11T12:20:49.070265Z,elea,0.1.1,ef66ed9,add,f5.bin,add_file_total,32.16375,52428800,,None,blake3
50,3,2026-03-11T12:20:49.070331Z,elea,0.1.1,ef66ed9,add,f4.bin,add_file_total,32.306083,52428800,,None,blake3
50,3,2026-03-11T12:20:49.07037Z,elea,0.1.1,ef66ed9,add,f2.bin,add_file_total,32.320625,52428800,,None,blake3
50,3,2026-03-11T12:20:49.070409Z,elea,0.1.1,ef66ed9,add,f1.bin,add_file_total,32.366708,52428800,,None,blake3
50,3,2026-03-11T12:20:49.070452Z,elea,0.1.1,ef66ed9,add,f3.bin,add_file_total,32.404250000000005,52428800,,None,blake3
50,3,2026-03-11T12:20:49.070509Z,elea,0.1.1,ef66ed9,add,,add_total,32.514958,,5,None,blake3
50,4,2026-03-11T12:20:49.755208Z,elea,0.1.1,ef66ed9,hash,f4.bin,hash,29.331334000000002,52428800,,,blake3
50,4,2026-03-11T12:20:49.755343Z,elea,0.1.1,ef66ed9,hash,f3.bin,hash,29.490375,52428800,,,blake3
50,4,2026-03-11T12:20:49.755093Z,elea,0.1.1,ef66ed9,hash,f1.bin,hash,29.22175,52428800,,,blake3
50,4,2026-03-11T12:20:49.755711Z,elea,0.1.1,ef66ed9,hash,f5.bin,hash,29.809458,52428800,,,blake3
50,4,2026-03-11T12:20:49.755318Z,elea,0.1.1,ef66ed9,hash,f2.bin,hash,29.469333,52428800,,,blake3
50,4,2026-03-11T12:20:49.757628Z,elea,0.1.1,ef66ed9,add,f4.bin,backend_store,0.702333,52428800,,None,blake3
50,4,2026-03-11T12:20:49.757643Z,elea,0.1.1,ef66ed9,add,f1.bin,backend_store,0.663083,52428800,,None,blake3
50,4,2026-03-11T12:20:49.757676Z,elea,0.1.1,ef66ed9,add,f3.bin,backend_store,0.731834,52428800,,None,blake3
50,4,2026-03-11T12:20:49.757731Z,elea,0.1.1,ef66ed9,add,f2.bin,backend_store,0.576042,52428800,,None,blake3
50,4,2026-03-11T12:20:49.757751Z,elea,0.1.1,ef66ed9,add,f5.bin,backend_store,0.7473339999999999,52428800,,None,blake3
50,4,2026-03-11T12:20:49.757893Z,elea,0.1.1,ef66ed9,add,f4.bin,add_file_total,32.073583,52428800,,None,blake3
50,4,2026-03-11T12:20:49.757948Z,elea,0.1.1,ef66ed9,add,f3.bin,add_file_total,32.130832999999996,52428800,,None,blake3
50,4,2026-03-11T12:20:49.758001Z,elea,0.1.1,ef66ed9,add,f1.bin,add_file_total,32.176625,52428800,,None,blake3
50,4,2026-03-11T12:20:49.758049Z,elea,0.1.1,ef66ed9,add,f2.bin,add_file_total,32.247083,52428800,,None,blake3
50,4,2026-03-11T12:20:49.758095Z,elea,0.1.1,ef66ed9,add,f5.bin,add_file_total,32.242708,52428800,,None,blake3
50,4,2026-03-11T12:20:49.758174Z,elea,0.1.1,ef66ed9,add,,add_total,32.406083,,5,None,blake3
50,5,2026-03-11T12:20:50.460619Z,elea,0.1.1,ef66ed9,hash,f1.bin,hash,29.002625000000002,52428800,,,blake3
50,5,2026-03-11T12:20:50.461403Z,elea,0.1.1,ef66ed9,hash,f3.bin,hash,29.82475,52428800,,,blake3
50,5,2026-03-11T12:20:50.460582Z,elea,0.1.1,ef66ed9,hash,f4.bin,hash,28.97475,52428800,,,blake3
50,5,2026-03-11T12:20:50.461339Z,elea,0.1.1,ef66ed9,hash,f5.bin,hash,29.711709,52428800,,,blake3
50,5,2026-03-11T12:20:50.461356Z,elea,0.1.1,ef66ed9,hash,f2.bin,hash,29.762332999999998,52428800,,,blake3
50,5,2026-03-11T12:20:50.462873Z,elea,0.1.1,ef66ed9,add,f1.bin,backend_store,0.502333,52428800,,None,blake3
50,5,2026-03-11T12:20:50.462885Z,elea,0.1.1,ef66ed9,add,f4.bin,backend_store,0.464333,52428800,,None,blake3
50,5,2026-03-11T12:20:50.462909Z,elea,0.1.1,ef66ed9,add,f5.bin,backend_store,0.45649999999999996,52428800,,None,blake3
50,5,2026-03-11T12:20:50.462981Z,elea,0.1.1,ef66ed9,add,f3.bin,backend_store,0.580542,52428800,,None,blake3
50,5,2026-03-11T12:20:50.463074Z,elea,0.1.1,ef66ed9,add,f2.bin,backend_store,0.597167,52428800,,None,blake3
50,5,2026-03-11T12:20:50.463115Z,elea,0.1.1,ef66ed9,add,f1.bin,add_file_total,31.548042,52428800,,None,blake3
50,5,2026-03-11T12:20:50.463169Z,elea,0.1.1,ef66ed9,add,f4.bin,add_file_total,31.608084,52428800,,None,blake3
50,5,2026-03-11T12:20:50.463221Z,elea,0.1.1,ef66ed9,add,f5.bin,add_file_total,31.626416999999996,52428800,,None,blake3
50,5,2026-03-11T12:20:50.463267Z,elea,0.1.1,ef66ed9,add,f3.bin,add_file_total,31.726084,52428800,,None,blake3
50,5,2026-03-11T12:20:50.463316Z,elea,0.1.1,ef66ed9,add,f2.bin,add_file_total,31.758333,52428800,,None,blake3
50,5,2026-03-11T12:20:50.463399Z,elea,0.1.1,ef66ed9,add,,add_total,31.885083,,5,None,blake3
50,6,2026-03-11T12:20:51.178791Z,elea,0.1.1,ef66ed9,hash,f4.bin,hash,29.638082999999998,52428800,,,blake3
50,6,2026-03-11T12:20:51.179372Z,elea,0.1.1,ef66ed9,hash,f3.bin,hash,30.117458,52428800,,,blake3
50,6,2026-03-11T12:20:51.178708Z,elea,0.1.1,ef66ed9,hash,f1.bin,hash,29.508375,52428800,,,blake3
50,6,2026-03-11T12:20:51.179275Z,elea,0.1.1,ef66ed9,hash,f5.bin,hash,30.066583,52428800,,,blake3
50,6,2026-03-11T12:20:51.178508Z,elea,0.1.1,ef66ed9,hash,f2.bin,hash,29.368499999999997,52428800,,,blake3
50,6,2026-03-11T12:20:51.180859Z,elea,0.1.1,ef66ed9,add,f1.bin,backend_store,0.509333,52428800,,None,blake3
50,6,2026-03-11T12:20:51.180873Z,elea,0.1.1,ef66ed9,add,f3.bin,backend_store,0.5587920000000001,52428800,,None,blake3
50,6,2026-03-11T12:20:51.180893Z,elea,0.1.1,ef66ed9,add,f4.bin,backend_store,0.586375,52428800,,None,blake3
50,6,2026-03-11T12:20:51.180912Z,elea,0.1.1,ef66ed9,add,f2.bin,backend_store,0.49895799999999996,52428800,,None,blake3
50,6,2026-03-11T12:20:51.180937Z,elea,0.1.1,ef66ed9,add,f5.bin,backend_store,0.5526660000000001,52428800,,None,blake3
50,6,2026-03-11T12:20:51.18106Z,elea,0.1.1,ef66ed9,add,f3.bin,add_file_total,31.847541,52428800,,None,blake3
50,6,2026-03-11T12:20:51.181119Z,elea,0.1.1,ef66ed9,add,f1.bin,add_file_total,32.032625,52428800,,None,blake3
50,6,2026-03-11T12:20:51.18117Z,elea,0.1.1,ef66ed9,add,f4.bin,add_file_total,32.042165999999995,52428800,,None,blake3
50,6,2026-03-11T12:20:51.181227Z,elea,0.1.1,ef66ed9,add,f5.bin,add_file_total,32.033834,52428800,,None,blake3
50,6,2026-03-11T12:20:51.181286Z,elea,0.1.1,ef66ed9,add,f2.bin,add_file_total,32.202625,52428800,,None,blake3
50,6,2026-03-11T12:20:51.181337Z,elea,0.1.1,ef66ed9,add,,add_total,33.2775,,5,None,blake3
50,7,2026-03-11T12:20:51.832943Z,elea,0.1.1,ef66ed9,hash,f4.bin,hash,29.550583,52428800,,,blake3
50,7,2026-03-11T12:20:51.832954Z,elea,0.1.1,ef66ed9,hash,f1.bin,hash,29.582541,52428800,,,blake3
50,7,2026-03-11T12:20:51.832826Z,elea,0.1.1,ef66ed9,hash,f3.bin,hash,29.459292,52428800,,,blake3
50,7,2026-03-11T12:20:51.83252Z,elea,0.1.1,ef66ed9,hash,f5.bin,hash,29.121916000000002,52428800,,,blake3
50,7,2026-03-11T12:20:51.832213Z,elea,0.1.1,ef66ed9,hash,f2.bin,hash,28.829957999999998,52428800,,,blake3
50,7,2026-03-11T12:20:51.834965Z,elea,0.1.1,ef66ed9,add,f4.bin,backend_store,0.570416,52428800,,None,blake3
50,7,2026-03-11T12:20:51.834993Z,elea,0.1.1,ef66ed9,add,f5.bin,backend_store,0.5239170000000001,52428800,,None,blake3
50,7,2026-03-11T12:20:51.835013Z,elea,0.1.1,ef66ed9,add,f1.bin,backend_store,0.60925,52428800,,None,blake3
50,7,2026-03-11T12:20:51.835036Z,elea,0.1.1,ef66ed9,add,f3.bin,backend_store,0.5785,52428800,,None,blake3
50,7,2026-03-11T12:20:51.835064Z,elea,0.1.1,ef66ed9,add,f2.bin,backend_store,0.567791,52428800,,None,blake3
50,7,2026-03-11T12:20:51.835251Z,elea,0.1.1,ef66ed9,add,f4.bin,add_file_total,31.90225,52428800,,None,blake3
50,7,2026-03-11T12:20:51.835299Z,elea,0.1.1,ef66ed9,add,f5.bin,add_file_total,31.959708000000003,52428800,,None,blake3
50,7,2026-03-11T12:20:51.835358Z,elea,0.1.1,ef66ed9,add,f1.bin,add_file_total,32.038084000000005,52428800,,None,blake3
50,7,2026-03-11T12:20:51.83541Z,elea,0.1.1,ef66ed9,add,f3.bin,add_file_total,32.06375,52428800,,None,blake3
50,7,2026-03-11T12:20:51.835451Z,elea,0.1.1,ef66ed9,add,f2.bin,add_file_total,32.100541,52428800,,None,blake3
50,7,2026-03-11T12:20:51.835546Z,elea,0.1.1,ef66ed9,add,,add_total,32.259166,,5,None,blake3
50,8,2026-03-11T12:20:52.494974Z,elea,0.1.1,ef66ed9,hash,f2.bin,hash,29.75375,52428800,,,blake3
50,8,2026-03-11T12:20:52.494892Z,elea,0.1.1,ef66ed9,hash,f3.bin,hash,29.662166,52428800,,,blake3
50,8,2026-03-11T12:20:52.494305Z,elea,0.1.1,ef66ed9,hash,f1.bin,hash,29.050917,52428800,,,blake3
50,8,2026-03-11T12:20:52.494964Z,elea,0.1.1,ef66ed9,hash,f5.bin,hash,29.7005,52428800,,,blake3
50,8,2026-03-11T12:20:52.494346Z,elea,0.1.1,ef66ed9,hash,f4.bin,hash,29.059917000000002,52428800,,,blake3
50,8,2026-03-11T12:20:52.496921Z,elea,0.1.1,ef66ed9,add,f3.bin,backend_store,0.5502499999999999,52428800,,None,blake3
50,8,2026-03-11T12:20:52.49693Z,elea,0.1.1,ef66ed9,add,f1.bin,backend_store,0.517375,52428800,,None,blake3
50,8,2026-03-11T12:20:52.496937Z,elea,0.1.1,ef66ed9,add,f2.bin,backend_store,0.562959,52428800,,None,blake3
50,8,2026-03-11T12:20:52.497003Z,elea,0.1.1,ef66ed9,add,f4.bin,backend_store,0.521416,52428800,,None,blake3
50,8,2026-03-11T12:20:52.497015Z,elea,0.1.1,ef66ed9,add,f5.bin,backend_store,0.560292,52428800,,None,blake3
50,8,2026-03-11T12:20:52.497091Z,elea,0.1.1,ef66ed9,add,f3.bin,add_file_total,31.899875,52428800,,None,blake3
50,8,2026-03-11T12:20:52.497151Z,elea,0.1.1,ef66ed9,add,f1.bin,add_file_total,31.955249999999996,52428800,,None,blake3
50,8,2026-03-11T12:20:52.497202Z,elea,0.1.1,ef66ed9,add,f2.bin,add_file_total,32.028959,52428800,,None,blake3
50,8,2026-03-11T12:20:52.497279Z,elea,0.1.1,ef66ed9,add,f4.bin,add_file_total,32.079042,52428800,,None,blake3
50,8,2026-03-11T12:20:52.49733Z,elea,0.1.1,ef66ed9,add,f5.bin,add_file_total,32.131291,52428800,,None,blake3
50,8,2026-03-11T12:20:52.497382Z,elea,0.1.1,ef66ed9,add,,add_total,32.243167,,5,None,blake3
50,9,2026-03-11T12:20:53.174291Z,elea,0.1.1,ef66ed9,hash,f5.bin,hash,29.893791,52428800,,,blake3
50,9,2026-03-11T12:20:53.174252Z,elea,0.1.1,ef66ed9,hash,f2.bin,hash,29.876834000000002,52428800,,,blake3
50,9,2026-03-11T12:20:53.173379Z,elea,0.1.1,ef66ed9,hash,f4.bin,hash,29.024542,52428800,,,blake3
50,9,2026-03-11T12:20:53.173825Z,elea,0.1.1,ef66ed9,hash,f1.bin,hash,29.40825,52428800,,,blake3
50,9,2026-03-11T12:20:53.174113Z,elea,0.1.1,ef66ed9,hash,f3.bin,hash,29.744583000000002,52428800,,,blake3
50,9,2026-03-11T12:20:53.175687Z,elea,0.1.1,ef66ed9,add,f5.bin,backend_store,0.532334,52428800,,None,blake3
50,9,2026-03-11T12:20:53.175695Z,elea,0.1.1,ef66ed9,add,f2.bin,backend_store,0.5111249999999999,52428800,,None,blake3
50,9,2026-03-11T12:20:53.175728Z,elea,0.1.1,ef66ed9,add,f4.bin,backend_store,0.5201669999999999,52428800,,None,blake3
50,9,2026-03-11T12:20:53.175799Z,elea,0.1.1,ef66ed9,add,f1.bin,backend_store,0.49641599999999997,52428800,,None,blake3
50,9,2026-03-11T12:20:53.175806Z,elea,0.1.1,ef66ed9,add,f3.bin,backend_store,0.51225,52428800,,None,blake3
50,9,2026-03-11T12:20:53.175877Z,elea,0.1.1,ef66ed9,add,f5.bin,add_file_total,31.526832999999996,52428800,,None,blake3
50,9,2026-03-11T12:20:53.175911Z,elea,0.1.1,ef66ed9,add,f2.bin,add_file_total,31.569374999999997,52428800,,None,blake3
50,9,2026-03-11T12:20:53.175982Z,elea,0.1.1,ef66ed9,add,f4.bin,add_file_total,31.670291000000002,52428800,,None,blake3
50,9,2026-03-11T12:20:53.176028Z,elea,0.1.1,ef66ed9,add,f3.bin,add_file_total,31.683583000000002,52428800,,None,blake3
50,9,2026-03-11T12:20:53.176057Z,elea,0.1.1,ef66ed9,add,f1.bin,add_file_total,31.717875,52428800,,None,blake3
50,9,2026-03-11T12:20:53.176113Z,elea,0.1.1,ef66ed9,add,,add_total,31.832791999999998,,5,None,blake3
50,10,2026-03-11T12:20:53.864973Z,elea,0.1.1,ef66ed9,hash,f3.bin,hash,29.305542,52428800,,,blake3
50,10,2026-03-11T12:20:53.865994Z,elea,0.1.1,ef66ed9,hash,f2.bin,hash,30.260915999999998,52428800,,,blake3
50,10,2026-03-11T12:20:53.865471Z,elea,0.1.1,ef66ed9,hash,f5.bin,hash,29.755125,52428800,,,blake3
50,10,2026-03-11T12:20:53.865582Z,elea,0.1.1,ef66ed9,hash,f1.bin,hash,29.902125,52428800,,,blake3
50,10,2026-03-11T12:20:53.865505Z,elea,0.1.1,ef66ed9,hash,f4.bin,hash,29.806959000000003,52428800,,,blake3
50,10,2026-03-11T12:20:53.867631Z,elea,0.1.1,ef66ed9,add,f3.bin,backend_store,0.509042,52428800,,None,blake3
50,10,2026-03-11T12:20:53.867657Z,elea,0.1.1,ef66ed9,add,f2.bin,backend_store,0.505417,52428800,,None,blake3
50,10,2026-03-11T12:20:53.8677Z,elea,0.1.1,ef66ed9,add,f5.bin,backend_store,0.5119589999999999,52428800,,None,blake3
50,10,2026-03-11T12:20:53.867722Z,elea,0.1.1,ef66ed9,add,f1.bin,backend_store,0.500458,52428800,,None,blake3
50,10,2026-03-11T12:20:53.867839Z,elea,0.1.1,ef66ed9,add,f3.bin,add_file_total,32.211583000000005,52428800,,None,blake3
50,10,2026-03-11T12:20:53.867848Z,elea,0.1.1,ef66ed9,add,f4.bin,backend_store,0.5711660000000001,52428800,,None,blake3
50,10,2026-03-11T12:20:53.867888Z,elea,0.1.1,ef66ed9,add,f2.bin,add_file_total,32.234832999999995,52428800,,None,blake3
50,10,2026-03-11T12:20:53.867948Z,elea,0.1.1,ef66ed9,add,f5.bin,add_file_total,32.294583,52428800,,None,blake3
50,10,2026-03-11T12:20:53.867993Z,elea,0.1.1,ef66ed9,add,f1.bin,add_file_total,32.347083,52428800,,None,blake3
50,10,2026-03-11T12:20:53.868035Z,elea,0.1.1,ef66ed9,add,f4.bin,add_file_total,32.384834,52428800,,None,blake3
50,10,2026-03-11T12:20:53.868091Z,elea,0.1.1,ef66ed9,add,,add_total,32.493375,,5,None,blake3
50,11,2026-03-11T12:20:54.560636Z,elea,0.1.1,ef66ed9,hash,f2.bin,hash,29.679833,52428800,,,blake3
50,11,2026-03-11T12:20:54.560605Z,elea,0.1.1,ef66ed9,hash,f4.bin,hash,29.575541,52428800,,,blake3
50,11,2026-03-11T12:20:54.560208Z,elea,0.1.1,ef66ed9,hash,f3.bin,hash,29.2315,52428800,,,blake3
50,11,2026-03-11T12:20:54.560752Z,elea,0.1.1,ef66ed9,hash,f1.bin,hash,29.742,52428800,,,blake3
50,11,2026-03-11T12:20:54.560422Z,elea,0.1.1,ef66ed9,hash,f5.bin,hash,29.430125,52428800,,,blake3
50,11,2026-03-11T12:20:54.56304Z,elea,0.1.1,ef66ed9,add,f2.bin,backend_store,0.677958,52428800,,None,blake3
50,11,2026-03-11T12:20:54.563094Z,elea,0.1.1,ef66ed9,add,f4.bin,backend_store,0.717292,52428800,,None,blake3
50,11,2026-03-11T12:20:54.563398Z,elea,0.1.1,ef66ed9,add,f1.bin,backend_store,0.925,52428800,,None,blake3
50,11,2026-03-11T12:20:54.563451Z,elea,0.1.1,ef66ed9,add,f2.bin,add_file_total,32.530125,52428800,,None,blake3
50,11,2026-03-11T12:20:54.563467Z,elea,0.1.1,ef66ed9,add,f3.bin,backend_store,1.0055839999999998,52428800,,None,blake3
50,11,2026-03-11T12:20:54.563488Z,elea,0.1.1,ef66ed9,add,f5.bin,backend_store,0.944334,52428800,,None,blake3
50,11,2026-03-11T12:20:54.563503Z,elea,0.1.1,ef66ed9,add,f4.bin,add_file_total,32.560167,52428800,,None,blake3
50,11,2026-03-11T12:20:54.563623Z,elea,0.1.1,ef66ed9,add,f1.bin,add_file_total,32.670958999999996,52428800,,None,blake3
50,11,2026-03-11T12:20:54.563698Z,elea,0.1.1,ef66ed9,add,f3.bin,add_file_total,32.747,52428800,,None,blake3
50,11,2026-03-11T12:20:54.563759Z,elea,0.1.1,ef66ed9,add,f5.bin,add_file_total,32.813167,52428800,,None,blake3
50,11,2026-03-11T12:20:54.563869Z,elea,0.1.1,ef66ed9,add,,add_total,33.016625,,5,None,blake3
50,12,2026-03-11T12:20:55.315334Z,elea,0.1.1,ef66ed9,hash,f2.bin,hash,29.951792,52428800,,,blake3
50,12,2026-03-11T12:20:55.314849Z,elea,0.1.1,ef66ed9,hash,f5.bin,hash,29.485667,52428800,,,blake3
50,12,2026-03-11T12:20:55.315009Z,elea,0.1.1,ef66ed9,hash,f1.bin,hash,29.615583,52428800,,,blake3
50,12,2026-03-11T12:20:55.314891Z,elea,0.1.1,ef66ed9,hash,f3.bin,hash,29.541833,52428800,,,blake3
50,12,2026-03-11T12:20:55.314795Z,elea,0.1.1,ef66ed9,hash,f4.bin,hash,29.413584,52428800,,,blake3
50,12,2026-03-11T12:20:55.317442Z,elea,0.1.1,ef66ed9,add,f2.bin,backend_store,0.60125,52428800,,None,blake3
50,12,2026-03-11T12:20:55.317498Z,elea,0.1.1,ef66ed9,add,f1.bin,backend_store,0.5700419999999999,52428800,,None,blake3
50,12,2026-03-11T12:20:55.317565Z,elea,0.1.1,ef66ed9,add,f5.bin,backend_store,0.710792,52428800,,None,blake3
50,12,2026-03-11T12:20:55.31769Z,elea,0.1.1,ef66ed9,add,f4.bin,backend_store,0.6702910000000001,52428800,,None,blake3
50,12,2026-03-11T12:20:55.317709Z,elea,0.1.1,ef66ed9,add,f3.bin,backend_store,0.7128329999999999,52428800,,None,blake3
50,12,2026-03-11T12:20:55.317838Z,elea,0.1.1,ef66ed9,add,f5.bin,add_file_total,32.510540999999996,52428800,,None,blake3
50,12,2026-03-11T12:20:55.317916Z,elea,0.1.1,ef66ed9,add,f2.bin,add_file_total,32.586458,52428800,,None,blake3
50,12,2026-03-11T12:20:55.317989Z,elea,0.1.1,ef66ed9,add,f1.bin,add_file_total,32.641084,52428800,,None,blake3
50,12,2026-03-11T12:20:55.318041Z,elea,0.1.1,ef66ed9,add,f4.bin,add_file_total,32.712209,52428800,,None,blake3
50,12,2026-03-11T12:20:55.318091Z,elea,0.1.1,ef66ed9,add,f3.bin,add_file_total,32.773041000000006,52428800,,None,blake3
50,12,2026-03-11T12:20:55.318169Z,elea,0.1.1,ef66ed9,add,,add_total,32.902834,,5,None,blake3
50,13,2026-03-11T12:20:56.010214Z,elea,0.1.1,ef66ed9,hash,f4.bin,hash,29.266042,52428800,,,blake3
50,13,2026-03-11T12:20:56.009789Z,elea,0.1.1,ef66ed9,hash,f5.bin,hash,28.819083999999997,52428800,,,blake3
50,13,2026-03-11T12:20:56.010533Z,elea,0.1.1,ef66ed9,hash,f1.bin,hash,29.55125,52428800,,,blake3
50,13,2026-03-11T12:20:56.010628Z,elea,0.1.1,ef66ed9,hash,f2.bin,hash,29.626458000000003,52428800,,,blake3
50,13,2026-03-11T12:20:56.010886Z,elea,0.1.1,ef66ed9,hash,f3.bin,hash,29.856082999999998,52428800,,,blake3
50,13,2026-03-11T12:20:56.01229Z,elea,0.1.1,ef66ed9,add,f1.bin,backend_store,0.49787500000000007,52428800,,None,blake3
50,13,2026-03-11T12:20:56.012297Z,elea,0.1.1,ef66ed9,add,f5.bin,backend_store,0.538625,52428800,,None,blake3
50,13,2026-03-11T12:20:56.012324Z,elea,0.1.1,ef66ed9,add,f2.bin,backend_store,0.494458,52428800,,None,blake3
50,13,2026-03-11T12:20:56.012344Z,elea,0.1.1,ef66ed9,add,f4.bin,backend_store,0.58875,52428800,,None,blake3
50,13,2026-03-11T12:20:56.012351Z,elea,0.1.1,ef66ed9,add,f3.bin,backend_store,0.49175,52428800,,None,blake3
50,13,2026-03-11T12:20:56.012521Z,elea,0.1.1,ef66ed9,add,f5.bin,add_file_total,31.5915,52428800,,None,blake3
50,13,2026-03-11T12:20:56.012572Z,elea,0.1.1,ef66ed9,add,f1.bin,add_file_total,31.637999999999998,52428800,,None,blake3
50,13,2026-03-11T12:20:56.012612Z,elea,0.1.1,ef66ed9,add,f2.bin,add_file_total,31.678416000000002,52428800,,None,blake3
50,13,2026-03-11T12:20:56.012658Z,elea,0.1.1,ef66ed9,add,f4.bin,add_file_total,31.75,52428800,,None,blake3
50,13,2026-03-11T12:20:56.0127Z,elea,0.1.1,ef66ed9,add,f3.bin,add_file_total,31.749708000000002,52428800,,None,blake3
50,13,2026-03-11T12:20:56.012768Z,elea,0.1.1,ef66ed9,add,,add_total,31.884541000000002,,5,None,blake3
50,14,2026-03-11T12:20:56.689963Z,elea,0.1.1,ef66ed9,hash,f1.bin,hash,29.311708999999997,52428800,,,blake3
50,14,2026-03-11T12:20:56.690055Z,elea,0.1.1,ef66ed9,hash,f5.bin,hash,29.3485,52428800,,,blake3
50,14,2026-03-11T12:20:56.690069Z,elea,0.1.1,ef66ed9,hash,f4.bin,hash,29.402125,52428800,,,blake3
50,14,2026-03-11T12:20:56.690037Z,elea,0.1.1,ef66ed9,hash,f3.bin,hash,29.3575,52428800,,,blake3
50,14,2026-03-11T12:20:56.689682Z,elea,0.1.1,ef66ed9,hash,f2.bin,hash,29.020167,52428800,,,blake3
50,14,2026-03-11T12:20:56.692295Z,elea,0.1.1,ef66ed9,add,f5.bin,backend_store,0.470125,52428800,,None,blake3
50,14,2026-03-11T12:20:56.692339Z,elea,0.1.1,ef66ed9,add,f4.bin,backend_store,0.448958,52428800,,None,blake3
50,14,2026-03-11T12:20:56.692383Z,elea,0.1.1,ef66ed9,add,f1.bin,backend_store,0.578542,52428800,,None,blake3
50,14,2026-03-11T12:20:56.692435Z,elea,0.1.1,ef66ed9,add,f3.bin,backend_store,0.509458,52428800,,None,blake3
50,14,2026-03-11T12:20:56.69246Z,elea,0.1.1,ef66ed9,add,f2.bin,backend_store,0.448125,52428800,,None,blake3
50,14,2026-03-11T12:20:56.692539Z,elea,0.1.1,ef66ed9,add,f5.bin,add_file_total,31.894708,52428800,,None,blake3
50,14,2026-03-11T12:20:56.692597Z,elea,0.1.1,ef66ed9,add,f3.bin,add_file_total,31.955209,52428800,,None,blake3
50,14,2026-03-11T12:20:56.692639Z,elea,0.1.1,ef66ed9,add,f2.bin,add_file_total,31.999709000000003,52428800,,None,blake3
50,14,2026-03-11T12:20:56.692688Z,elea,0.1.1,ef66ed9,add,f4.bin,add_file_total,32.04825,52428800,,None,blake3
50,14,2026-03-11T12:20:56.692728Z,elea,0.1.1,ef66ed9,add,f1.bin,add_file_total,32.116291999999994,52428800,,None,blake3
50,14,2026-03-11T12:20:56.69279Z,elea,0.1.1,ef66ed9,add,,add_total,32.203458,,5,None,blake3
50,15,2026-03-11T12:20:57.402196Z,elea,0.1.1,ef66ed9,hash,f2.bin,hash,29.274,52428800,,,blake3
50,15,2026-03-11T12:20:57.40233Z,elea,0.1.1,ef66ed9,hash,f5.bin,hash,29.396708,52428800,,,blake3
50,15,2026-03-11T12:20:57.402475Z,elea,0.1.1,ef66ed9,hash,f4.bin,hash,29.583208,52428800,,,blake3
50,15,2026-03-11T12:20:57.402297Z,elea,0.1.1,ef66ed9,hash,f3.bin,hash,29.391750000000002,52428800,,,blake3
50,15,2026-03-11T12:20:57.402681Z,elea,0.1.1,ef66ed9,hash,f1.bin,hash,29.79775,52428800,,,blake3
50,15,2026-03-11T12:20:57.404765Z,elea,0.1.1,ef66ed9,add,f5.bin,backend_store,0.502,52428800,,None,blake3
50,15,2026-03-11T12:20:57.404784Z,elea,0.1.1,ef66ed9,add,f2.bin,backend_store,0.538375,52428800,,None,blake3
50,15,2026-03-11T12:20:57.404814Z,elea,0.1.1,ef66ed9,add,f3.bin,backend_store,0.483583,52428800,,None,blake3
50,15,2026-03-11T12:20:57.404831Z,elea,0.1.1,ef66ed9,add,f4.bin,backend_store,0.532,52428800,,None,blake3
50,15,2026-03-11T12:20:57.404957Z,elea,0.1.1,ef66ed9,add,f5.bin,add_file_total,32.065667,52428800,,None,blake3
50,15,2026-03-11T12:20:57.404974Z,elea,0.1.1,ef66ed9,add,f1.bin,backend_store,0.611167,52428800,,None,blake3
50,15,2026-03-11T12:20:57.405028Z,elea,0.1.1,ef66ed9,add,f4.bin,add_file_total,32.151666000000006,52428800,,None,blake3
50,15,2026-03-11T12:20:57.405095Z,elea,0.1.1,ef66ed9,add,f3.bin,add_file_total,32.211749999999995,52428800,,None,blake3
50,15,2026-03-11T12:20:57.405128Z,elea,0.1.1,ef66ed9,add,f2.bin,add_file_total,32.256458,52428800,,None,blake3
50,15,2026-03-11T12:20:57.405178Z,elea,0.1.1,ef66ed9,add,f1.bin,add_file_total,32.333208,52428800,,None,blake3
50,15,2026-03-11T12:20:57.405231Z,elea,0.1.1,ef66ed9,add,,add_total,32.409917,,5,None,blake3
50,16,2026-03-11T12:20:58.139824Z,elea,0.1.1,ef66ed9,hash,f5.bin,hash,29.613791,52428800,,,blake3
50,16,2026-03-11T12:20:58.139486Z,elea,0.1.1,ef66ed9,hash,f2.bin,hash,29.297625,52428800,,,blake3
50,16,2026-03-11T12:20:58.139704Z,elea,0.1.1,ef66ed9,hash,f3.bin,hash,29.506332999999998,52428800,,,blake3
50,16,2026-03-11T12:20:58.139739Z,elea,0.1.1,ef66ed9,hash,f1.bin,hash,29.49,52428800,,,blake3
50,16,2026-03-11T12:20:58.139517Z,elea,0.1.1,ef66ed9,hash,f4.bin,hash,29.288583,52428800,,,blake3
50,16,2026-03-11T12:20:58.142019Z,elea,0.1.1,ef66ed9,add,f3.bin,backend_store,0.48225,52428800,,None,blake3
50,16,2026-03-11T12:20:58.142057Z,elea,0.1.1,ef66ed9,add,f1.bin,backend_store,0.487709,52428800,,None,blake3
50,16,2026-03-11T12:20:58.142082Z,elea,0.1.1,ef66ed9,add,f5.bin,backend_store,0.469833,52428800,,None,blake3
50,16,2026-03-11T12:20:58.142127Z,elea,0.1.1,ef66ed9,add,f2.bin,backend_store,0.5065,52428800,,None,blake3
50,16,2026-03-11T12:20:58.142235Z,elea,0.1.1,ef66ed9,add,f4.bin,backend_store,0.604042,52428800,,None,blake3
50,16,2026-03-11T12:20:58.14233Z,elea,0.1.1,ef66ed9,add,f1.bin,add_file_total,32.151458,52428800,,None,blake3
50,16,2026-03-11T12:20:58.142395Z,elea,0.1.1,ef66ed9,add,f3.bin,add_file_total,32.22325,52428800,,None,blake3
50,16,2026-03-11T12:20:58.142441Z,elea,0.1.1,ef66ed9,add,f5.bin,add_file_total,32.264334,52428800,,None,blake3
50,16,2026-03-11T12:20:58.142482Z,elea,0.1.1,ef66ed9,add,f2.bin,add_file_total,32.333083,52428800,,None,blake3
50,16,2026-03-11T12:20:58.142522Z,elea,0.1.1,ef66ed9,add,f4.bin,add_file_total,32.323541999999996,52428800,,None,blake3
50,16,2026-03-11T12:20:58.142594Z,elea,0.1.1,ef66ed9,add,,add_total,32.482125,,5,None,blake3
50,17,2026-03-11T12:20:58.878104Z,elea,0.1.1,ef66ed9,hash,f1.bin,hash,32.664416,52428800,,,blake3
50,17,2026-03-11T12:20:58.877118Z,elea,0.1.1,ef66ed9,hash,f4.bin,hash,31.692541999999996,52428800,,,blake3
50,17,2026-03-11T12:20:58.877548Z,elea,0.1.1,ef66ed9,hash,f3.bin,hash,32.154250000000005,52428800,,,blake3
50,17,2026-03-11T12:20:58.877983Z,elea,0.1.1,ef66ed9,hash,f2.bin,hash,32.510999999999996,52428800,,,blake3
50,17,2026-03-11T12:20:58.877425Z,elea,0.1.1,ef66ed9,hash,f5.bin,hash,31.964083999999996,52428800,,,blake3
50,17,2026-03-11T12:20:58.879572Z,elea,0.1.1,ef66ed9,add,f4.bin,backend_store,0.493541,52428800,,None,blake3
50,17,2026-03-11T12:20:58.879831Z,elea,0.1.1,ef66ed9,add,f1.bin,backend_store,0.645875,52428800,,None,blake3
50,17,2026-03-11T12:20:58.879848Z,elea,0.1.1,ef66ed9,add,f5.bin,backend_store,0.6835829999999999,52428800,,None,blake3
50,17,2026-03-11T12:20:58.879878Z,elea,0.1.1,ef66ed9,add,f3.bin,backend_store,0.759458,52428800,,None,blake3
50,17,2026-03-11T12:20:58.879891Z,elea,0.1.1,ef66ed9,add,f4.bin,add_file_total,34.512708,52428800,,None,blake3
50,17,2026-03-11T12:20:58.8799Z,elea,0.1.1,ef66ed9,add,f2.bin,backend_store,0.722333,52428800,,None,blake3
50,17,2026-03-11T12:20:58.880096Z,elea,0.1.1,ef66ed9,add,f5.bin,add_file_total,34.707875,52428800,,None,blake3
50,17,2026-03-11T12:20:58.880127Z,elea,0.1.1,ef66ed9,add,f3.bin,add_file_total,34.784083,52428800,,None,blake3
50,17,2026-03-11T12:20:58.880158Z,elea,0.1.1,ef66ed9,add,f1.bin,add_file_total,34.784208,52428800,,None,blake3
50,17,2026-03-11T12:20:58.880187Z,elea,0.1.1,ef66ed9,add,f2.bin,add_file_total,34.79475,52428800,,None,blake3
50,17,2026-03-11T12:20:58.880254Z,elea,0.1.1,ef66ed9,add,,add_total,34.946375,,5,None,blake3
50,18,2026-03-11T12:20:59.598582Z,elea,0.1.1,ef66ed9,hash,f1.bin,hash,30.346959,52428800,,,blake3
50,18,2026-03-11T12:20:59.59834Z,elea,0.1.1,ef66ed9,hash,f5.bin,hash,30.1735,52428800,,,blake3
50,18,2026-03-11T12:20:59.598365Z,elea,0.1.1,ef66ed9,hash,f4.bin,hash,30.166709,52428800,,,blake3
50,18,2026-03-11T12:20:59.598297Z,elea,0.1.1,ef66ed9,hash,f3.bin,hash,30.108333000000002,52428800,,,blake3
50,18,2026-03-11T12:20:59.598021Z,elea,0.1.1,ef66ed9,hash,f2.bin,hash,29.800125,52428800,,,blake3
50,18,2026-03-11T12:20:59.600272Z,elea,0.1.1,ef66ed9,add,f5.bin,backend_store,0.481542,52428800,,None,blake3
50,18,2026-03-11T12:20:59.600358Z,elea,0.1.1,ef66ed9,add,f3.bin,backend_store,0.501583,52428800,,None,blake3
50,18,2026-03-11T12:20:59.60037Z,elea,0.1.1,ef66ed9,add,f4.bin,backend_store,0.539375,52428800,,None,blake3
50,18,2026-03-11T12:20:59.600424Z,elea,0.1.1,ef66ed9,add,f1.bin,backend_store,0.5608329999999999,52428800,,None,blake3
50,18,2026-03-11T12:20:59.600435Z,elea,0.1.1,ef66ed9,add,f2.bin,backend_store,0.49020800000000003,52428800,,None,blake3
50,18,2026-03-11T12:20:59.600464Z,elea,0.1.1,ef66ed9,add,f5.bin,add_file_total,32.345417000000005,52428800,,None,blake3
50,18,2026-03-11T12:20:59.600513Z,elea,0.1.1,ef66ed9,add,f3.bin,add_file_total,32.395959000000005,52428800,,None,blake3
50,18,2026-03-11T12:20:59.600568Z,elea,0.1.1,ef66ed9,add,f4.bin,add_file_total,32.450166,52428800,,None,blake3
50,18,2026-03-11T12:20:59.600648Z,elea,0.1.1,ef66ed9,add,f1.bin,add_file_total,32.51416699999999,52428800,,None,blake3
50,18,2026-03-11T12:20:59.600681Z,elea,0.1.1,ef66ed9,add,f2.bin,add_file_total,32.564125,52428800,,None,blake3
50,18,2026-03-11T12:20:59.600726Z,elea,0.1.1,ef66ed9,add,,add_total,32.674292,,5,None,blake3
50,19,2026-03-11T12:21:00.311746Z,elea,0.1.1,ef66ed9,hash,f2.bin,hash,29.308708,52428800,,,blake3
50,19,2026-03-11T12:21:00.311989Z,elea,0.1.1,ef66ed9,hash,f5.bin,hash,29.53925,52428800,,,blake3
50,19,2026-03-11T12:21:00.311672Z,elea,0.1.1,ef66ed9,hash,f1.bin,hash,29.244583000000002,52428800,,,blake3
50,19,2026-03-11T12:21:00.311586Z,elea,0.1.1,ef66ed9,hash,f3.bin,hash,29.123208,52428800,,,blake3
50,19,2026-03-11T12:21:00.311574Z,elea,0.1.1,ef66ed9,hash,f4.bin,hash,29.045666,52428800,,,blake3
50,19,2026-03-11T12:21:00.314707Z,elea,0.1.1,ef66ed9,add,f1.bin,backend_store,0.6585,52428800,,None,blake3
50,19,2026-03-11T12:21:00.314722Z,elea,0.1.1,ef66ed9,add,f5.bin,backend_store,0.685625,52428800,,None,blake3
50,19,2026-03-11T12:21:00.314763Z,elea,0.1.1,ef66ed9,add,f2.bin,backend_store,0.624459,52428800,,None,blake3
50,19,2026-03-11T12:21:00.314788Z,elea,0.1.1,ef66ed9,add,f4.bin,backend_store,0.6163339999999999,52428800,,None,blake3
50,19,2026-03-11T12:21:00.314795Z,elea,0.1.1,ef66ed9,add,f3.bin,backend_store,0.5664999999999999,52428800,,None,blake3
50,19,2026-03-11T12:21:00.315047Z,elea,0.1.1,ef66ed9,add,f1.bin,add_file_total,32.662709,52428800,,None,blake3
50,19,2026-03-11T12:21:00.315095Z,elea,0.1.1,ef66ed9,add,f5.bin,add_file_total,32.698583000000006,52428800,,None,blake3
50,19,2026-03-11T12:21:00.315145Z,elea,0.1.1,ef66ed9,add,f4.bin,add_file_total,32.738792000000004,52428800,,None,blake3
50,19,2026-03-11T12:21:00.3152Z,elea,0.1.1,ef66ed9,add,f2.bin,add_file_total,32.808499999999995,52428800,,None,blake3
50,19,2026-03-11T12:21:00.315244Z,elea,0.1.1,ef66ed9,add,f3.bin,add_file_total,32.844541,52428800,,None,blake3
50,19,2026-03-11T12:21:00.315318Z,elea,0.1.1,ef66ed9,add,,add_total,32.983417,,5,None,blake3
50,20,2026-03-11T12:21:01.075639Z,elea,0.1.1,ef66ed9,hash,f3.bin,hash,29.370542,52428800,,,blake3
50,20,2026-03-11T12:21:01.075646Z,elea,0.1.1,ef66ed9,hash,f1.bin,hash,29.359208000000002,52428800,,,blake3
50,20,2026-03-11T12:21:01.07552Z,elea,0.1.1,ef66ed9,hash,f5.bin,hash,29.283541,52428800,,,blake3
50,20,2026-03-11T12:21:01.075303Z,elea,0.1.1,ef66ed9,hash,f4.bin,hash,29.093917,52428800,,,blake3
50,20,2026-03-11T12:21:01.075626Z,elea,0.1.1,ef66ed9,hash,f2.bin,hash,29.4075,52428800,,,blake3
50,20,2026-03-11T12:21:01.077533Z,elea,0.1.1,ef66ed9,add,f1.bin,backend_store,0.5501250000000001,52428800,,None,blake3
50,20,2026-03-11T12:21:01.077554Z,elea,0.1.1,ef66ed9,add,f3.bin,backend_store,0.482375,52428800,,None,blake3
50,20,2026-03-11T12:21:01.077623Z,elea,0.1.1,ef66ed9,add,f2.bin,backend_store,0.568042,52428800,,None,blake3
50,20,2026-03-11T12:21:01.077683Z,elea,0.1.1,ef66ed9,add,f5.bin,backend_store,0.542583,52428800,,None,blake3
50,20,2026-03-11T12:21:01.077692Z,elea,0.1.1,ef66ed9,add,f4.bin,backend_store,0.55125,52428800,,None,blake3
50,20,2026-03-11T12:21:01.077713Z,elea,0.1.1,ef66ed9,add,f1.bin,add_file_total,31.494208000000004,52428800,,None,blake3
50,20,2026-03-11T12:21:01.077749Z,elea,0.1.1,ef66ed9,add,f3.bin,add_file_total,31.546583000000002,52428800,,None,blake3
50,20,2026-03-11T12:21:01.077869Z,elea,0.1.1,ef66ed9,add,f2.bin,add_file_total,31.693541999999997,52428800,,None,blake3
50,20,2026-03-11T12:21:01.077909Z,elea,0.1.1,ef66ed9,add,f5.bin,add_file_total,31.7075,52428800,,None,blake3
50,20,2026-03-11T12:21:01.077949Z,elea,0.1.1,ef66ed9,add,f4.bin,add_file_total,31.78325,52428800,,None,blake3
50,20,2026-03-11T12:21:01.077999Z,elea,0.1.1,ef66ed9,add,,add_total,31.864833,,5,None,blake3
50,21,2026-03-11T12:21:01.85113Z,elea,0.1.1,ef66ed9,hash,f5.bin,hash,29.066958,52428800,,,blake3
50,21,2026-03-11T12:21:01.851443Z,elea,0.1.1,ef66ed9,hash,f1.bin,hash,29.395874999999997,52428800,,,blake3
50,21,2026-03-11T12:21:01.851264Z,elea,0.1.1,ef66ed9,hash,f2.bin,hash,29.276708,52428800,,,blake3
50,21,2026-03-11T12:21:01.851288Z,elea,0.1.1,ef66ed9,hash,f3.bin,hash,29.307750000000002,52428800,,,blake3
50,21,2026-03-11T12:21:01.851339Z,elea,0.1.1,ef66ed9,hash,f4.bin,hash,29.306458,52428800,,,blake3
50,21,2026-03-11T12:21:01.853707Z,elea,0.1.1,ef66ed9,add,f1.bin,backend_store,0.592792,52428800,,None,blake3
50,21,2026-03-11T12:21:01.853898Z,elea,0.1.1,ef66ed9,add,f5.bin,backend_store,0.8205,52428800,,None,blake3
50,21,2026-03-11T12:21:01.85393Z,elea,0.1.1,ef66ed9,add,f3.bin,backend_store,0.744792,52428800,,None,blake3
50,21,2026-03-11T12:21:01.85394Z,elea,0.1.1,ef66ed9,add,f1.bin,add_file_total,31.937,52428800,,None,blake3
50,21,2026-03-11T12:21:01.854013Z,elea,0.1.1,ef66ed9,add,f4.bin,backend_store,0.805416,52428800,,None,blake3
50,21,2026-03-11T12:21:01.854063Z,elea,0.1.1,ef66ed9,add,f2.bin,backend_store,0.739041,52428800,,None,blake3
50,21,2026-03-11T12:21:01.854163Z,elea,0.1.1,ef66ed9,add,f5.bin,add_file_total,32.122208,52428800,,None,blake3
50,21,2026-03-11T12:21:01.854278Z,elea,0.1.1,ef66ed9,add,f3.bin,add_file_total,32.339625,52428800,,None,blake3
50,21,2026-03-11T12:21:01.854338Z,elea,0.1.1,ef66ed9,add,f4.bin,add_file_total,32.334,52428800,,None,blake3
50,21,2026-03-11T12:21:01.854385Z,elea,0.1.1,ef66ed9,add,f2.bin,add_file_total,32.419041,52428800,,None,blake3
50,21,2026-03-11T12:21:01.854454Z,elea,0.1.1,ef66ed9,add,,add_total,32.546833,,5,None,blake3
50,22,2026-03-11T12:21:02.594719Z,elea,0.1.1,ef66ed9,hash,f5.bin,hash,29.615375,52428800,,,blake3
50,22,2026-03-11T12:21:02.594444Z,elea,0.1.1,ef66ed9,hash,f2.bin,hash,29.386916999999997,52428800,,,blake3
50,22,2026-03-11T12:21:02.594547Z,elea,0.1.1,ef66ed9,hash,f3.bin,hash,29.517792,52428800,,,blake3
50,22,2026-03-11T12:21:02.594367Z,elea,0.1.1,ef66ed9,hash,f1.bin,hash,29.296958,52428800,,,blake3
50,22,2026-03-11T12:21:02.594452Z,elea,0.1.1,ef66ed9,hash,f4.bin,hash,29.410875,52428800,,,blake3
50,22,2026-03-11T12:21:02.596779Z,elea,0.1.1,ef66ed9,add,f5.bin,backend_store,0.6808749999999999,52428800,,None,blake3
50,22,2026-03-11T12:21:02.596931Z,elea,0.1.1,ef66ed9,add,f3.bin,backend_store,0.7649170000000001,52428800,,None,blake3
50,22,2026-03-11T12:21:02.596961Z,elea,0.1.1,ef66ed9,add,f4.bin,backend_store,0.716666,52428800,,None,blake3
50,22,2026-03-11T12:21:02.59698Z,elea,0.1.1,ef66ed9,add,f1.bin,backend_store,0.772208,52428800,,None,blake3
50,22,2026-03-11T12:21:02.59701Z,elea,0.1.1,ef66ed9,add,f5.bin,add_file_total,31.932665999999998,52428800,,None,blake3
50,22,2026-03-11T12:21:02.597021Z,elea,0.1.1,ef66ed9,add,f2.bin,backend_store,0.881042,52428800,,None,blake3
50,22,2026-03-11T12:21:02.59718Z,elea,0.1.1,ef66ed9,add,f3.bin,add_file_total,32.184917,52428800,,None,blake3
50,22,2026-03-11T12:21:02.597232Z,elea,0.1.1,ef66ed9,add,f4.bin,add_file_total,32.225792000000006,52428800,,None,blake3
50,22,2026-03-11T12:21:02.597277Z,elea,0.1.1,ef66ed9,add,f1.bin,add_file_total,32.267540999999994,52428800,,None,blake3
50,22,2026-03-11T12:21:02.597327Z,elea,0.1.1,ef66ed9,add,f2.bin,add_file_total,32.322291,52428800,,None,blake3
50,22,2026-03-11T12:21:02.597397Z,elea,0.1.1,ef66ed9,add,,add_total,32.436083999999994,,5,None,blake3
50,23,2026-03-11T12:21:03.320069Z,elea,0.1.1,ef66ed9,hash,f4.bin,hash,29.455540999999997,52428800,,,blake3
50,23,2026-03-11T12:21:03.320047Z,elea,0.1.1,ef66ed9,hash,f1.bin,hash,29.497208,52428800,,,blake3
50,23,2026-03-11T12:21:03.321124Z,elea,0.1.1,ef66ed9,hash,f3.bin,hash,30.564042,52428800,,,blake3
50,23,2026-03-11T12:21:03.322367Z,elea,0.1.1,ef66ed9,add,f4.bin,backend_store,0.365666,52428800,,None,blake3
50,23,2026-03-11T12:21:03.322393Z,elea,0.1.1,ef66ed9,add,f3.bin,backend_store,0.33025,52428800,,None,blake3
50,23,2026-03-11T12:21:03.322482Z,elea,0.1.1,ef66ed9,add,f1.bin,backend_store,0.333417,52428800,,None,blake3
50,23,2026-03-11T12:21:03.322535Z,elea,0.1.1,ef66ed9,add,f4.bin,add_file_total,32.089042,52428800,,None,blake3
50,23,2026-03-11T12:21:03.322555Z,elea,0.1.1,ef66ed9,hash,f5.bin,hash,32.003334,52428800,,,blake3
50,23,2026-03-11T12:21:03.322595Z,elea,0.1.1,ef66ed9,add,f3.bin,add_file_total,32.085750000000004,52428800,,None,blake3
50,23,2026-03-11T12:21:03.322652Z,elea,0.1.1,ef66ed9,add,f1.bin,add_file_total,32.207125000000005,52428800,,None,blake3
50,23,2026-03-11T12:21:03.322974Z,elea,0.1.1,ef66ed9,add,f5.bin,backend_store,0.215667,52428800,,None,blake3
50,23,2026-03-11T12:21:03.323081Z,elea,0.1.1,ef66ed9,add,f5.bin,add_file_total,32.550333,52428800,,None,blake3
50,23,2026-03-11T12:21:03.323524Z,elea,0.1.1,ef66ed9,hash,f2.bin,hash,32.954625,52428800,,,blake3
50,23,2026-03-11T12:21:03.324062Z,elea,0.1.1,ef66ed9,add,f2.bin,backend_store,0.256583,52428800,,None,blake3
50,23,2026-03-11T12:21:03.324234Z,elea,0.1.1,ef66ed9,add,f2.bin,add_file_total,33.705708,52428800,,None,blake3
50,23,2026-03-11T12:21:03.324297Z,elea,0.1.1,ef66ed9,add,,add_total,33.942375,,5,None,blake3
50,24,2026-03-11T12:21:04.059918Z,elea,0.1.1,ef66ed9,hash,f4.bin,hash,29.449792,52428800,,,blake3
50,24,2026-03-11T12:21:04.059295Z,elea,0.1.1,ef66ed9,hash,f5.bin,hash,28.804416999999997,52428800,,,blake3
50,24,2026-03-11T12:21:04.060025Z,elea,0.1.1,ef66ed9,hash,f1.bin,hash,29.569709,52428800,,,blake3
50,24,2026-03-11T12:21:04.060034Z,elea,0.1.1,ef66ed9,hash,f3.bin,hash,29.589833,52428800,,,blake3
50,24,2026-03-11T12:21:04.060126Z,elea,0.1.1,ef66ed9,hash,f2.bin,hash,29.70825,52428800,,,blake3
50,24,2026-03-11T12:21:04.061607Z,elea,0.1.1,ef66ed9,add,f4.bin,backend_store,0.4665,52428800,,None,blake3
50,24,2026-03-11T12:21:04.061626Z,elea,0.1.1,ef66ed9,add,f1.bin,backend_store,0.425666,52428800,,None,blake3
50,24,2026-03-11T12:21:04.061635Z,elea,0.1.1,ef66ed9,add,f5.bin,backend_store,0.461583,52428800,,None,blake3
50,24,2026-03-11T12:21:04.061829Z,elea,0.1.1,ef66ed9,add,f2.bin,backend_store,0.585833,52428800,,None,blake3
50,24,2026-03-11T12:21:04.061838Z,elea,0.1.1,ef66ed9,add,f4.bin,add_file_total,31.437082999999998,52428800,,None,blake3
50,24,2026-03-11T12:21:04.061865Z,elea,0.1.1,ef66ed9,add,f3.bin,backend_store,0.378,52428800,,None,blake3
50,24,2026-03-11T12:21:04.062009Z,elea,0.1.1,ef66ed9,add,f5.bin,add_file_total,31.6025,52428800,,None,blake3
50,24,2026-03-11T12:21:04.062058Z,elea,0.1.1,ef66ed9,add,f1.bin,add_file_total,31.663207999999997,52428800,,None,blake3
50,24,2026-03-11T12:21:04.06213Z,elea,0.1.1,ef66ed9,add,f2.bin,add_file_total,31.758750000000003,52428800,,None,blake3
50,24,2026-03-11T12:21:04.062179Z,elea,0.1.1,ef66ed9,add,f3.bin,add_file_total,31.779417,52428800,,None,blake3
50,24,2026-03-11T12:21:04.062264Z,elea,0.1.1,ef66ed9,add,,add_total,31.935582999999998,,5,None,blake3
50,25,2026-03-11T12:21:04.761825Z,elea,0.1.1,ef66ed9,hash,f4.bin,hash,29.866541,52428800,,,blake3
50,25,2026-03-11T12:21:04.761619Z,elea,0.1.1,ef66ed9,hash,f3.bin,hash,29.601499999999998,52428800,,,blake3
50,25,2026-03-11T12:21:04.761492Z,elea,0.1.1,ef66ed9,hash,f2.bin,hash,29.515875,52428800,,,blake3
50,25,2026-03-11T12:21:04.76131Z,elea,0.1.1,ef66ed9,hash,f5.bin,hash,29.309458,52428800,,,blake3
50,25,2026-03-11T12:21:04.761362Z,elea,0.1.1,ef66ed9,hash,f1.bin,hash,29.322750000000003,52428800,,,blake3
50,25,2026-03-11T12:21:04.764088Z,elea,0.1.1,ef66ed9,add,f4.bin,backend_store,0.641875,52428800,,None,blake3
50,25,2026-03-11T12:21:04.764116Z,elea,0.1.1,ef66ed9,add,f5.bin,backend_store,0.5765,52428800,,None,blake3
50,25,2026-03-11T12:21:04.764133Z,elea,0.1.1,ef66ed9,add,f3.bin,backend_store,0.630666,52428800,,None,blake3
50,25,2026-03-11T12:21:04.76417Z,elea,0.1.1,ef66ed9,add,f1.bin,backend_store,0.582375,52428800,,None,blake3
50,25,2026-03-11T12:21:04.764186Z,elea,0.1.1,ef66ed9,add,f2.bin,backend_store,0.49620800000000004,52428800,,None,blake3
50,25,2026-03-11T12:21:04.764318Z,elea,0.1.1,ef66ed9,add,f4.bin,add_file_total,32.4015,52428800,,None,blake3
50,25,2026-03-11T12:21:04.764384Z,elea,0.1.1,ef66ed9,add,f3.bin,add_file_total,32.419708,52428800,,None,blake3
50,25,2026-03-11T12:21:04.764437Z,elea,0.1.1,ef66ed9,add,f5.bin,add_file_total,32.471958,52428800,,None,blake3
50,25,2026-03-11T12:21:04.764487Z,elea,0.1.1,ef66ed9,add,f2.bin,add_file_total,32.551917,52428800,,None,blake3
50,25,2026-03-11T12:21:04.764547Z,elea,0.1.1,ef66ed9,add,f1.bin,add_file_total,32.603666000000004,52428800,,None,blake3
50,25,2026-03-11T12:21:04.764621Z,elea,0.1.1,ef66ed9,add,,add_total,32.744707999999996,,5,None,blake3
