size_mb,rep,timestamp,user,dvs_version,git_commit,command,file,step,duration_ms,file_size_bytes,num_files,compression,hash_algorithm
1,1,2026-03-11T12:19:23.487568Z,elea,0.1.1,ef66ed9,hash,f4.bin,hash,0.60825,1048576,,,blake3
1,1,2026-03-11T12:19:23.487641Z,elea,0.1.1,ef66ed9,hash,f3.bin,hash,0.623542,1048576,,,blake3
1,1,2026-03-11T12:19:23.487585Z,elea,0.1.1,ef66ed9,hash,f2.bin,hash,0.6197499999999999,1048576,,,blake3
1,1,2026-03-11T12:19:23.487601Z,elea,0.1.1,ef66ed9,hash,f5.bin,hash,0.6253749999999999,1048576,,,blake3
1,1,2026-03-11T12:19:23.487551Z,elea,0.1.1,ef66ed9,hash,f1.bin,hash,0.600834,1048576,,,blake3
1,1,2026-03-11T12:19:23.492056Z,elea,0.1.1,ef66ed9,add,f3.bin,backend_store,3.2265,1048576,,Zstd,blake3
1,1,2026-03-11T12:19:23.492198Z,elea,0.1.1,ef66ed9,add,f5.bin,backend_store,3.2629590000000004,1048576,,Zstd,blake3
1,1,2026-03-11T12:19:23.492215Z,elea,0.1.1,ef66ed9,add,f2.bin,backend_store,3.346291,1048576,,Zstd,blake3
1,1,2026-03-11T12:19:23.49223Z,elea,0.1.1,ef66ed9,add,f4.bin,backend_store,3.414875,1048576,,Zstd,blake3
1,1,2026-03-11T12:19:23.492254Z,elea,0.1.1,ef66ed9,add,f1.bin,backend_store,3.179125,1048576,,Zstd,blake3
1,1,2026-03-11T12:19:23.492421Z,elea,0.1.1,ef66ed9,add,f3.bin,add_file_total,5.418875,1048576,,Zstd,blake3
1,1,2026-03-11T12:19:23.492495Z,elea,0.1.1,ef66ed9,add,f5.bin,add_file_total,5.56175,1048576,,Zstd,blake3
1,1,2026-03-11T12:19:23.492527Z,elea,0.1.1,ef66ed9,add,f4.bin,add_file_total,5.580667,1048576,,Zstd,blake3
1,1,2026-03-11T12:19:23.492558Z,elea,0.1.1,ef66ed9,add,f1.bin,add_file_total,5.635041999999999,1048576,,Zstd,blake3
1,1,2026-03-11T12:19:23.492584Z,elea,0.1.1,ef66ed9,add,f2.bin,add_file_total,5.6437919999999995,1048576,,Zstd,blake3
1,1,2026-03-11T12:19:23.492683Z,elea,0.1.1,ef66ed9,add,,add_total,5.78475,,5,Zstd,blake3
1,2,2026-03-11T12:19:23.528973Z,elea,0.1.1,ef66ed9,hash,f4.bin,hash,0.597833,1048576,,,blake3
1,2,2026-03-11T12:19:23.529063Z,elea,0.1.1,ef66ed9,hash,f1.bin,hash,0.610916,1048576,,,blake3
1,2,2026-03-11T12:19:23.529006Z,elea,0.1.1,ef66ed9,hash,f2.bin,hash,0.602209,1048576,,,blake3
1,2,2026-03-11T12:19:23.528995Z,elea,0.1.1,ef66ed9,hash,f3.bin,hash,0.602125,1048576,,,blake3
1,2,2026-03-11T12:19:23.528981Z,elea,0.1.1,ef66ed9,hash,f5.bin,hash,0.596541,1048576,,,blake3
1,2,2026-03-11T12:19:23.533742Z,elea,0.1.1,ef66ed9,add,f4.bin,backend_store,3.4388330000000003,1048576,,Zstd,blake3
1,2,2026-03-11T12:19:23.533887Z,elea,0.1.1,ef66ed9,add,f1.bin,backend_store,3.572083,1048576,,Zstd,blake3
1,2,2026-03-11T12:19:23.533945Z,elea,0.1.1,ef66ed9,add,f4.bin,add_file_total,5.610666999999999,1048576,,Zstd,blake3
1,2,2026-03-11T12:19:23.533994Z,elea,0.1.1,ef66ed9,add,f2.bin,backend_store,3.661833,1048576,,Zstd,blake3
1,2,2026-03-11T12:19:23.534069Z,elea,0.1.1,ef66ed9,add,f1.bin,add_file_total,5.699208,1048576,,Zstd,blake3
1,2,2026-03-11T12:19:23.534133Z,elea,0.1.1,ef66ed9,add,f3.bin,backend_store,3.777792,1048576,,Zstd,blake3
1,2,2026-03-11T12:19:23.53416Z,elea,0.1.1,ef66ed9,add,f2.bin,add_file_total,5.81175,1048576,,Zstd,blake3
1,2,2026-03-11T12:19:23.534226Z,elea,0.1.1,ef66ed9,add,f5.bin,backend_store,3.766541,1048576,,Zstd,blake3
1,2,2026-03-11T12:19:23.534266Z,elea,0.1.1,ef66ed9,add,f3.bin,add_file_total,5.910083,1048576,,Zstd,blake3
1,2,2026-03-11T12:19:23.534326Z,elea,0.1.1,ef66ed9,add,f5.bin,add_file_total,5.980041,1048576,,Zstd,blake3
1,2,2026-03-11T12:19:23.534371Z,elea,0.1.1,ef66ed9,add,,add_total,6.070916,,5,Zstd,blake3
1,3,2026-03-11T12:19:23.568949Z,elea,0.1.1,ef66ed9,hash,f3.bin,hash,0.598916,1048576,,,blake3
1,3,2026-03-11T12:19:23.568929Z,elea,0.1.1,ef66ed9,hash,f5.bin,hash,0.595666,1048576,,,blake3
1,3,2026-03-11T12:19:23.568919Z,elea,0.1.1,ef66ed9,hash,f2.bin,hash,0.619,1048576,,,blake3
1,3,2026-03-11T12:19:23.568907Z,elea,0.1.1,ef66ed9,hash,f1.bin,hash,0.6048330000000001,1048576,,,blake3
1,3,2026-03-11T12:19:23.568939Z,elea,0.1.1,ef66ed9,hash,f4.bin,hash,0.623542,1048576,,,blake3
1,3,2026-03-11T12:19:23.57316Z,elea,0.1.1,ef66ed9,add,f3.bin,backend_store,2.862,1048576,,Zstd,blake3
1,3,2026-03-11T12:19:23.573245Z,elea,0.1.1,ef66ed9,add,f5.bin,backend_store,2.938959,1048576,,Zstd,blake3
1,3,2026-03-11T12:19:23.573356Z,elea,0.1.1,ef66ed9,add,f3.bin,add_file_total,5.077500000000001,1048576,,Zstd,blake3
1,3,2026-03-11T12:19:23.573437Z,elea,0.1.1,ef66ed9,add,f5.bin,add_file_total,5.17575,1048576,,Zstd,blake3
1,3,2026-03-11T12:19:23.573489Z,elea,0.1.1,ef66ed9,add,f1.bin,backend_store,3.06325,1048576,,Zstd,blake3
1,3,2026-03-11T12:19:23.573521Z,elea,0.1.1,ef66ed9,add,f2.bin,backend_store,3.180125,1048576,,Zstd,blake3
1,3,2026-03-11T12:19:23.573547Z,elea,0.1.1,ef66ed9,add,f4.bin,backend_store,3.1471250000000004,1048576,,Zstd,blake3
1,3,2026-03-11T12:19:23.573722Z,elea,0.1.1,ef66ed9,add,f1.bin,add_file_total,5.4375,1048576,,Zstd,blake3
1,3,2026-03-11T12:19:23.57375Z,elea,0.1.1,ef66ed9,add,f2.bin,add_file_total,5.496917,1048576,,Zstd,blake3
1,3,2026-03-11T12:19:23.573777Z,elea,0.1.1,ef66ed9,add,f4.bin,add_file_total,5.506583,1048576,,Zstd,blake3
1,3,2026-03-11T12:19:23.573832Z,elea,0.1.1,ef66ed9,add,,add_total,5.6148750000000005,,5,Zstd,blake3
1,4,2026-03-11T12:19:23.608071Z,elea,0.1.1,ef66ed9,hash,f1.bin,hash,0.60825,1048576,,,blake3
1,4,2026-03-11T12:19:23.608063Z,elea,0.1.1,ef66ed9,hash,f5.bin,hash,0.595417,1048576,,,blake3
1,4,2026-03-11T12:19:23.608094Z,elea,0.1.1,ef66ed9,hash,f4.bin,hash,0.610833,1048576,,,blake3
1,4,2026-03-11T12:19:23.608053Z,elea,0.1.1,ef66ed9,hash,f3.bin,hash,0.605667,1048576,,,blake3
1,4,2026-03-11T12:19:23.608038Z,elea,0.1.1,ef66ed9,hash,f2.bin,hash,0.602083,1048576,,,blake3
1,4,2026-03-11T12:19:23.613185Z,elea,0.1.1,ef66ed9,add,f4.bin,backend_store,3.7660419999999997,1048576,,Zstd,blake3
1,4,2026-03-11T12:19:23.613314Z,elea,0.1.1,ef66ed9,add,f2.bin,backend_store,3.7647090000000003,1048576,,Zstd,blake3
1,4,2026-03-11T12:19:23.613448Z,elea,0.1.1,ef66ed9,add,f4.bin,add_file_total,6.0105,1048576,,Zstd,blake3
1,4,2026-03-11T12:19:23.6135Z,elea,0.1.1,ef66ed9,add,f3.bin,backend_store,4.058208,1048576,,Zstd,blake3
1,4,2026-03-11T12:19:23.613526Z,elea,0.1.1,ef66ed9,add,f1.bin,backend_store,4.134583,1048576,,Zstd,blake3
1,4,2026-03-11T12:19:23.61356Z,elea,0.1.1,ef66ed9,add,f2.bin,add_file_total,6.155583,1048576,,Zstd,blake3
1,4,2026-03-11T12:19:23.613594Z,elea,0.1.1,ef66ed9,add,f5.bin,backend_store,4.187625000000001,1048576,,Zstd,blake3
1,4,2026-03-11T12:19:23.613692Z,elea,0.1.1,ef66ed9,add,f3.bin,add_file_total,6.281916,1048576,,Zstd,blake3
1,4,2026-03-11T12:19:23.613765Z,elea,0.1.1,ef66ed9,add,f1.bin,add_file_total,6.343,1048576,,Zstd,blake3
1,4,2026-03-11T12:19:23.613805Z,elea,0.1.1,ef66ed9,add,f5.bin,add_file_total,6.3794580000000005,1048576,,Zstd,blake3
1,4,2026-03-11T12:19:23.61386Z,elea,0.1.1,ef66ed9,add,,add_total,6.50025,,5,Zstd,blake3
1,5,2026-03-11T12:19:23.649052Z,elea,0.1.1,ef66ed9,hash,f4.bin,hash,0.6007910000000001,1048576,,,blake3
1,5,2026-03-11T12:19:23.649008Z,elea,0.1.1,ef66ed9,hash,f3.bin,hash,0.599917,1048576,,,blake3
1,5,2026-03-11T12:19:23.649015Z,elea,0.1.1,ef66ed9,hash,f5.bin,hash,0.613792,1048576,,,blake3
1,5,2026-03-11T12:19:23.649067Z,elea,0.1.1,ef66ed9,hash,f2.bin,hash,0.607125,1048576,,,blake3
1,5,2026-03-11T12:19:23.649041Z,elea,0.1.1,ef66ed9,hash,f1.bin,hash,0.615,1048576,,,blake3
1,5,2026-03-11T12:19:23.653828Z,elea,0.1.1,ef66ed9,add,f4.bin,backend_store,3.487375,1048576,,Zstd,blake3
1,5,2026-03-11T12:19:23.65393Z,elea,0.1.1,ef66ed9,add,f2.bin,backend_store,3.5235000000000003,1048576,,Zstd,blake3
1,5,2026-03-11T12:19:23.654001Z,elea,0.1.1,ef66ed9,add,f5.bin,backend_store,3.6306670000000003,1048576,,Zstd,blake3
1,5,2026-03-11T12:19:23.654019Z,elea,0.1.1,ef66ed9,add,f1.bin,backend_store,3.508167,1048576,,Zstd,blake3
1,5,2026-03-11T12:19:23.654047Z,elea,0.1.1,ef66ed9,add,f4.bin,add_file_total,5.652125,1048576,,Zstd,blake3
1,5,2026-03-11T12:19:23.654094Z,elea,0.1.1,ef66ed9,add,f3.bin,backend_store,3.747,1048576,,Zstd,blake3
1,5,2026-03-11T12:19:23.65426Z,elea,0.1.1,ef66ed9,add,f2.bin,add_file_total,5.880458,1048576,,Zstd,blake3
1,5,2026-03-11T12:19:23.654301Z,elea,0.1.1,ef66ed9,add,f5.bin,add_file_total,5.938667,1048576,,Zstd,blake3
1,5,2026-03-11T12:19:23.654334Z,elea,0.1.1,ef66ed9,add,f1.bin,add_file_total,5.956958,1048576,,Zstd,blake3
1,5,2026-03-11T12:19:23.654366Z,elea,0.1.1,ef66ed9,add,f3.bin,add_file_total,5.990208,1048576,,Zstd,blake3
1,5,2026-03-11T12:19:23.654416Z,elea,0.1.1,ef66ed9,add,,add_total,6.087333,,5,Zstd,blake3
1,6,2026-03-11T12:19:23.688847Z,elea,0.1.1,ef66ed9,hash,f5.bin,hash,0.608958,1048576,,,blake3
1,6,2026-03-11T12:19:23.688839Z,elea,0.1.1,ef66ed9,hash,f2.bin,hash,0.615334,1048576,,,blake3
1,6,2026-03-11T12:19:23.688824Z,elea,0.1.1,ef66ed9,hash,f4.bin,hash,0.599417,1048576,,,blake3
1,6,2026-03-11T12:19:23.688815Z,elea,0.1.1,ef66ed9,hash,f3.bin,hash,0.607792,1048576,,,blake3
1,6,2026-03-11T12:19:23.688805Z,elea,0.1.1,ef66ed9,hash,f1.bin,hash,0.613792,1048576,,,blake3
1,6,2026-03-11T12:19:23.693076Z,elea,0.1.1,ef66ed9,add,f5.bin,backend_store,3.004458,1048576,,Zstd,blake3
1,6,2026-03-11T12:19:23.69315Z,elea,0.1.1,ef66ed9,add,f2.bin,backend_store,3.0502920000000002,1048576,,Zstd,blake3
1,6,2026-03-11T12:19:23.693241Z,elea,0.1.1,ef66ed9,add,f4.bin,backend_store,3.160458,1048576,,Zstd,blake3
1,6,2026-03-11T12:19:23.693249Z,elea,0.1.1,ef66ed9,add,f5.bin,add_file_total,5.072792,1048576,,Zstd,blake3
1,6,2026-03-11T12:19:23.693285Z,elea,0.1.1,ef66ed9,add,f1.bin,backend_store,3.0199160000000003,1048576,,Zstd,blake3
1,6,2026-03-11T12:19:23.693296Z,elea,0.1.1,ef66ed9,add,f3.bin,backend_store,3.1695,1048576,,Zstd,blake3
1,6,2026-03-11T12:19:23.693494Z,elea,0.1.1,ef66ed9,add,f2.bin,add_file_total,5.318417,1048576,,Zstd,blake3
1,6,2026-03-11T12:19:23.693529Z,elea,0.1.1,ef66ed9,add,f4.bin,add_file_total,5.335917,1048576,,Zstd,blake3
1,6,2026-03-11T12:19:23.693561Z,elea,0.1.1,ef66ed9,add,f1.bin,add_file_total,5.406167,1048576,,Zstd,blake3
1,6,2026-03-11T12:19:23.693592Z,elea,0.1.1,ef66ed9,add,f3.bin,add_file_total,5.420667,1048576,,Zstd,blake3
1,6,2026-03-11T12:19:23.693643Z,elea,0.1.1,ef66ed9,add,,add_total,5.528333,,5,Zstd,blake3
1,7,2026-03-11T12:19:23.727213Z,elea,0.1.1,ef66ed9,hash,f1.bin,hash,0.60125,1048576,,,blake3
1,7,2026-03-11T12:19:23.727185Z,elea,0.1.1,ef66ed9,hash,f2.bin,hash,0.594958,1048576,,,blake3
1,7,2026-03-11T12:19:23.727223Z,elea,0.1.1,ef66ed9,hash,f4.bin,hash,0.590125,1048576,,,blake3
1,7,2026-03-11T12:19:23.727191Z,elea,0.1.1,ef66ed9,hash,f3.bin,hash,0.597166,1048576,,,blake3
1,7,2026-03-11T12:19:23.727175Z,elea,0.1.1,ef66ed9,hash,f5.bin,hash,0.598791,1048576,,,blake3
1,7,2026-03-11T12:19:23.731456Z,elea,0.1.1,ef66ed9,add,f1.bin,backend_store,2.938625,1048576,,Zstd,blake3
1,7,2026-03-11T12:19:23.731563Z,elea,0.1.1,ef66ed9,add,f3.bin,backend_store,2.977917,1048576,,Zstd,blake3
1,7,2026-03-11T12:19:23.7316Z,elea,0.1.1,ef66ed9,add,f2.bin,backend_store,3.060917,1048576,,Zstd,blake3
1,7,2026-03-11T12:19:23.731616Z,elea,0.1.1,ef66ed9,add,f1.bin,add_file_total,5.060290999999999,1048576,,Zstd,blake3
1,7,2026-03-11T12:19:23.731624Z,elea,0.1.1,ef66ed9,add,f4.bin,backend_store,3.0590420000000003,1048576,,Zstd,blake3
1,7,2026-03-11T12:19:23.73166Z,elea,0.1.1,ef66ed9,add,f5.bin,backend_store,2.951666,1048576,,Zstd,blake3
1,7,2026-03-11T12:19:23.731874Z,elea,0.1.1,ef66ed9,add,f3.bin,add_file_total,5.318625,1048576,,Zstd,blake3
1,7,2026-03-11T12:19:23.731914Z,elea,0.1.1,ef66ed9,add,f2.bin,add_file_total,5.361416,1048576,,Zstd,blake3
1,7,2026-03-11T12:19:23.731947Z,elea,0.1.1,ef66ed9,add,f4.bin,add_file_total,5.383208,1048576,,Zstd,blake3
1,7,2026-03-11T12:19:23.731981Z,elea,0.1.1,ef66ed9,add,f5.bin,add_file_total,5.44375,1048576,,Zstd,blake3
1,7,2026-03-11T12:19:23.732022Z,elea,0.1.1,ef66ed9,add,,add_total,5.523917,,5,Zstd,blake3
1,8,2026-03-11T12:19:23.766239Z,elea,0.1.1,ef66ed9,hash,f2.bin,hash,0.5915,1048576,,,blake3
1,8,2026-03-11T12:19:23.76626Z,elea,0.1.1,ef66ed9,hash,f1.bin,hash,0.603667,1048576,,,blake3
1,8,2026-03-11T12:19:23.766269Z,elea,0.1.1,ef66ed9,hash,f4.bin,hash,0.597708,1048576,,,blake3
1,8,2026-03-11T12:19:23.76625Z,elea,0.1.1,ef66ed9,hash,f3.bin,hash,0.603834,1048576,,,blake3
1,8,2026-03-11T12:19:23.766225Z,elea,0.1.1,ef66ed9,hash,f5.bin,hash,0.599583,1048576,,,blake3
1,8,2026-03-11T12:19:23.771065Z,elea,0.1.1,ef66ed9,add,f1.bin,backend_store,3.664458,1048576,,Zstd,blake3
1,8,2026-03-11T12:19:23.771157Z,elea,0.1.1,ef66ed9,add,f2.bin,backend_store,3.771792,1048576,,Zstd,blake3
1,8,2026-03-11T12:19:23.771172Z,elea,0.1.1,ef66ed9,add,f3.bin,backend_store,3.731125,1048576,,Zstd,blake3
1,8,2026-03-11T12:19:23.771261Z,elea,0.1.1,ef66ed9,add,f1.bin,add_file_total,5.650792,1048576,,Zstd,blake3
1,8,2026-03-11T12:19:23.771356Z,elea,0.1.1,ef66ed9,add,f2.bin,add_file_total,5.736458,1048576,,Zstd,blake3
1,8,2026-03-11T12:19:23.771448Z,elea,0.1.1,ef66ed9,add,f5.bin,backend_store,3.960875,1048576,,Zstd,blake3
1,8,2026-03-11T12:19:23.771492Z,elea,0.1.1,ef66ed9,add,f3.bin,add_file_total,5.884041,1048576,,Zstd,blake3
1,8,2026-03-11T12:19:23.771528Z,elea,0.1.1,ef66ed9,add,f4.bin,backend_store,4.067583,1048576,,Zstd,blake3
1,8,2026-03-11T12:19:23.771593Z,elea,0.1.1,ef66ed9,add,f5.bin,add_file_total,6.004583,1048576,,Zstd,blake3
1,8,2026-03-11T12:19:23.771641Z,elea,0.1.1,ef66ed9,add,f4.bin,add_file_total,6.034584,1048576,,Zstd,blake3
1,8,2026-03-11T12:19:23.771693Z,elea,0.1.1,ef66ed9,add,,add_total,6.140959,,5,Zstd,blake3
1,9,2026-03-11T12:19:23.808752Z,elea,0.1.1,ef66ed9,hash,f1.bin,hash,0.6030420000000001,1048576,,,blake3
1,9,2026-03-11T12:19:23.808681Z,elea,0.1.1,ef66ed9,hash,f4.bin,hash,0.589792,1048576,,,blake3
1,9,2026-03-11T12:19:23.80877Z,elea,0.1.1,ef66ed9,hash,f2.bin,hash,0.611166,1048576,,,blake3
1,9,2026-03-11T12:19:23.808743Z,elea,0.1.1,ef66ed9,hash,f5.bin,hash,0.62075,1048576,,,blake3
1,9,2026-03-11T12:19:23.808762Z,elea,0.1.1,ef66ed9,hash,f3.bin,hash,0.6065,1048576,,,blake3
1,9,2026-03-11T12:19:23.813471Z,elea,0.1.1,ef66ed9,add,f1.bin,backend_store,3.372,1048576,,Zstd,blake3
1,9,2026-03-11T12:19:23.813545Z,elea,0.1.1,ef66ed9,add,f4.bin,backend_store,3.442292,1048576,,Zstd,blake3
1,9,2026-03-11T12:19:23.813635Z,elea,0.1.1,ef66ed9,add,f2.bin,backend_store,3.510583,1048576,,Zstd,blake3
1,9,2026-03-11T12:19:23.813676Z,elea,0.1.1,ef66ed9,add,f1.bin,add_file_total,5.55825,1048576,,Zstd,blake3
1,9,2026-03-11T12:19:23.813732Z,elea,0.1.1,ef66ed9,add,f5.bin,backend_store,3.576,1048576,,Zstd,blake3
1,9,2026-03-11T12:19:23.813797Z,elea,0.1.1,ef66ed9,add,f4.bin,add_file_total,5.7332920000000005,1048576,,Zstd,blake3
1,9,2026-03-11T12:19:23.813825Z,elea,0.1.1,ef66ed9,add,f3.bin,backend_store,3.5705,1048576,,Zstd,blake3
1,9,2026-03-11T12:19:23.813899Z,elea,0.1.1,ef66ed9,add,f2.bin,add_file_total,5.791583,1048576,,Zstd,blake3
1,9,2026-03-11T12:19:23.81394Z,elea,0.1.1,ef66ed9,add,f5.bin,add_file_total,5.843916999999999,1048576,,Zstd,blake3
1,9,2026-03-11T12:19:23.813977Z,elea,0.1.1,ef66ed9,add,f3.bin,add_file_total,5.867958000000001,1048576,,Zstd,blake3
1,9,2026-03-11T12:19:23.814046Z,elea,0.1.1,ef66ed9,add,,add_total,6.005875,,5,Zstd,blake3
1,10,2026-03-11T12:19:23.849491Z,elea,0.1.1,ef66ed9,hash,f3.bin,hash,0.609,1048576,,,blake3
1,10,2026-03-11T12:19:23.849451Z,elea,0.1.1,ef66ed9,hash,f4.bin,hash,0.598167,1048576,,,blake3
1,10,2026-03-11T12:19:23.849498Z,elea,0.1.1,ef66ed9,hash,f2.bin,hash,0.602166,1048576,,,blake3
1,10,2026-03-11T12:19:23.849505Z,elea,0.1.1,ef66ed9,hash,f1.bin,hash,0.6038330000000001,1048576,,,blake3
1,10,2026-03-11T12:19:23.849461Z,elea,0.1.1,ef66ed9,hash,f5.bin,hash,0.597083,1048576,,,blake3
1,10,2026-03-11T12:19:23.854178Z,elea,0.1.1,ef66ed9,add,f3.bin,backend_store,3.371334,1048576,,Zstd,blake3
1,10,2026-03-11T12:19:23.854202Z,elea,0.1.1,ef66ed9,add,f4.bin,backend_store,3.238959,1048576,,Zstd,blake3
1,10,2026-03-11T12:19:23.854256Z,elea,0.1.1,ef66ed9,add,f1.bin,backend_store,3.4433749999999996,1048576,,Zstd,blake3
1,10,2026-03-11T12:19:23.854292Z,elea,0.1.1,ef66ed9,add,f5.bin,backend_store,3.413333,1048576,,Zstd,blake3
1,10,2026-03-11T12:19:23.854343Z,elea,0.1.1,ef66ed9,add,f2.bin,backend_store,3.501417,1048576,,Zstd,blake3
1,10,2026-03-11T12:19:23.854372Z,elea,0.1.1,ef66ed9,add,f3.bin,add_file_total,5.533625000000001,1048576,,Zstd,blake3
1,10,2026-03-11T12:19:23.854609Z,elea,0.1.1,ef66ed9,add,f4.bin,add_file_total,5.7874170000000005,1048576,,Zstd,blake3
1,10,2026-03-11T12:19:23.854638Z,elea,0.1.1,ef66ed9,add,f1.bin,add_file_total,5.7996669999999995,1048576,,Zstd,blake3
1,10,2026-03-11T12:19:23.854678Z,elea,0.1.1,ef66ed9,add,f5.bin,add_file_total,5.828083,1048576,,Zstd,blake3
1,10,2026-03-11T12:19:23.854712Z,elea,0.1.1,ef66ed9,add,f2.bin,add_file_total,5.87875,1048576,,Zstd,blake3
1,10,2026-03-11T12:19:23.854754Z,elea,0.1.1,ef66ed9,add,,add_total,5.977334,,5,Zstd,blake3
1,11,2026-03-11T12:19:23.889292Z,elea,0.1.1,ef66ed9,hash,f1.bin,hash,0.602333,1048576,,,blake3
1,11,2026-03-11T12:19:23.889303Z,elea,0.1.1,ef66ed9,hash,f5.bin,hash,0.5794170000000001,1048576,,,blake3
1,11,2026-03-11T12:19:23.889313Z,elea,0.1.1,ef66ed9,hash,f4.bin,hash,0.595875,1048576,,,blake3
1,11,2026-03-11T12:19:23.889277Z,elea,0.1.1,ef66ed9,hash,f3.bin,hash,0.598666,1048576,,,blake3
1,11,2026-03-11T12:19:23.889268Z,elea,0.1.1,ef66ed9,hash,f2.bin,hash,0.602875,1048576,,,blake3
1,11,2026-03-11T12:19:23.89394Z,elea,0.1.1,ef66ed9,add,f4.bin,backend_store,3.2072920000000003,1048576,,Zstd,blake3
1,11,2026-03-11T12:19:23.894061Z,elea,0.1.1,ef66ed9,add,f5.bin,backend_store,3.173833,1048576,,Zstd,blake3
1,11,2026-03-11T12:19:23.89408Z,elea,0.1.1,ef66ed9,add,f3.bin,backend_store,3.3352910000000002,1048576,,Zstd,blake3
1,11,2026-03-11T12:19:23.894162Z,elea,0.1.1,ef66ed9,add,f2.bin,backend_store,3.446209,1048576,,Zstd,blake3
1,11,2026-03-11T12:19:23.894224Z,elea,0.1.1,ef66ed9,add,f4.bin,add_file_total,5.566875,1048576,,Zstd,blake3
1,11,2026-03-11T12:19:23.89425Z,elea,0.1.1,ef66ed9,add,f1.bin,backend_store,3.560792,1048576,,Zstd,blake3
1,11,2026-03-11T12:19:23.894394Z,elea,0.1.1,ef66ed9,add,f3.bin,add_file_total,5.7466669999999995,1048576,,Zstd,blake3
1,11,2026-03-11T12:19:23.894433Z,elea,0.1.1,ef66ed9,add,f5.bin,add_file_total,5.763375,1048576,,Zstd,blake3
1,11,2026-03-11T12:19:23.894468Z,elea,0.1.1,ef66ed9,add,f2.bin,add_file_total,5.837833,1048576,,Zstd,blake3
1,11,2026-03-11T12:19:23.894508Z,elea,0.1.1,ef66ed9,add,f1.bin,add_file_total,5.854291,1048576,,Zstd,blake3
1,11,2026-03-11T12:19:23.894563Z,elea,0.1.1,ef66ed9,add,,add_total,5.971959,,5,Zstd,blake3
1,12,2026-03-11T12:19:23.929769Z,elea,0.1.1,ef66ed9,hash,f3.bin,hash,0.6046670000000001,1048576,,,blake3
1,12,2026-03-11T12:19:23.929638Z,elea,0.1.1,ef66ed9,hash,f4.bin,hash,0.600125,1048576,,,blake3
1,12,2026-03-11T12:19:23.929657Z,elea,0.1.1,ef66ed9,hash,f1.bin,hash,0.59525,1048576,,,blake3
1,12,2026-03-11T12:19:23.929647Z,elea,0.1.1,ef66ed9,hash,f5.bin,hash,0.5994579999999999,1048576,,,blake3
1,12,2026-03-11T12:19:23.929629Z,elea,0.1.1,ef66ed9,hash,f2.bin,hash,0.60025,1048576,,,blake3
1,12,2026-03-11T12:19:23.933827Z,elea,0.1.1,ef66ed9,add,f5.bin,backend_store,2.72025,1048576,,Zstd,blake3
1,12,2026-03-11T12:19:23.934066Z,elea,0.1.1,ef66ed9,add,f5.bin,add_file_total,5.042833,1048576,,Zstd,blake3
1,12,2026-03-11T12:19:23.934192Z,elea,0.1.1,ef66ed9,add,f4.bin,backend_store,3.128125,1048576,,Zstd,blake3
1,12,2026-03-11T12:19:23.934315Z,elea,0.1.1,ef66ed9,add,f2.bin,backend_store,3.131875,1048576,,Zstd,blake3
1,12,2026-03-11T12:19:23.934326Z,elea,0.1.1,ef66ed9,add,f4.bin,add_file_total,5.321707999999999,1048576,,Zstd,blake3
1,12,2026-03-11T12:19:23.934359Z,elea,0.1.1,ef66ed9,add,f1.bin,backend_store,3.274333,1048576,,Zstd,blake3
1,12,2026-03-11T12:19:23.934375Z,elea,0.1.1,ef66ed9,add,f3.bin,backend_store,3.3236250000000003,1048576,,Zstd,blake3
1,12,2026-03-11T12:19:23.934567Z,elea,0.1.1,ef66ed9,add,f2.bin,add_file_total,5.574415999999999,1048576,,Zstd,blake3
1,12,2026-03-11T12:19:23.934605Z,elea,0.1.1,ef66ed9,add,f1.bin,add_file_total,5.587584,1048576,,Zstd,blake3
1,12,2026-03-11T12:19:23.934641Z,elea,0.1.1,ef66ed9,add,f3.bin,add_file_total,5.610666999999999,1048576,,Zstd,blake3
1,12,2026-03-11T12:19:23.934695Z,elea,0.1.1,ef66ed9,add,,add_total,5.742999999999999,,5,Zstd,blake3
1,13,2026-03-11T12:19:23.969719Z,elea,0.1.1,ef66ed9,hash,f2.bin,hash,0.605125,1048576,,,blake3
1,13,2026-03-11T12:19:23.969737Z,elea,0.1.1,ef66ed9,hash,f3.bin,hash,0.604333,1048576,,,blake3
1,13,2026-03-11T12:19:23.969748Z,elea,0.1.1,ef66ed9,hash,f4.bin,hash,0.605,1048576,,,blake3
1,13,2026-03-11T12:19:23.969761Z,elea,0.1.1,ef66ed9,hash,f1.bin,hash,0.596291,1048576,,,blake3
1,13,2026-03-11T12:19:23.969728Z,elea,0.1.1,ef66ed9,hash,f5.bin,hash,0.598959,1048576,,,blake3
1,13,2026-03-11T12:19:23.974236Z,elea,0.1.1,ef66ed9,add,f1.bin,backend_store,3.085292,1048576,,Zstd,blake3
1,13,2026-03-11T12:19:23.974257Z,elea,0.1.1,ef66ed9,add,f2.bin,backend_store,3.1689589999999996,1048576,,Zstd,blake3
1,13,2026-03-11T12:19:23.974374Z,elea,0.1.1,ef66ed9,add,f3.bin,backend_store,3.270959,1048576,,Zstd,blake3
1,13,2026-03-11T12:19:23.974387Z,elea,0.1.1,ef66ed9,add,f5.bin,backend_store,3.1325,1048576,,Zstd,blake3
1,13,2026-03-11T12:19:23.974394Z,elea,0.1.1,ef66ed9,add,f4.bin,backend_store,3.270167,1048576,,Zstd,blake3
1,13,2026-03-11T12:19:23.974427Z,elea,0.1.1,ef66ed9,add,f1.bin,add_file_total,5.291375,1048576,,Zstd,blake3
1,13,2026-03-11T12:19:23.974647Z,elea,0.1.1,ef66ed9,add,f2.bin,add_file_total,5.566292,1048576,,Zstd,blake3
1,13,2026-03-11T12:19:23.974683Z,elea,0.1.1,ef66ed9,add,f3.bin,add_file_total,5.579292,1048576,,Zstd,blake3
1,13,2026-03-11T12:19:23.974722Z,elea,0.1.1,ef66ed9,add,f4.bin,add_file_total,5.617125,1048576,,Zstd,blake3
1,13,2026-03-11T12:19:23.974761Z,elea,0.1.1,ef66ed9,add,f5.bin,add_file_total,5.663917,1048576,,Zstd,blake3
1,13,2026-03-11T12:19:23.97481Z,elea,0.1.1,ef66ed9,add,,add_total,5.7607919999999995,,5,Zstd,blake3
1,14,2026-03-11T12:19:24.009683Z,elea,0.1.1,ef66ed9,hash,f5.bin,hash,0.5990420000000001,1048576,,,blake3
1,14,2026-03-11T12:19:24.009708Z,elea,0.1.1,ef66ed9,hash,f3.bin,hash,0.5950000000000001,1048576,,,blake3
1,14,2026-03-11T12:19:24.009699Z,elea,0.1.1,ef66ed9,hash,f2.bin,hash,0.605834,1048576,,,blake3
1,14,2026-03-11T12:19:24.009716Z,elea,0.1.1,ef66ed9,hash,f1.bin,hash,0.590709,1048576,,,blake3
1,14,2026-03-11T12:19:24.00969Z,elea,0.1.1,ef66ed9,hash,f4.bin,hash,0.608083,1048576,,,blake3
1,14,2026-03-11T12:19:24.014033Z,elea,0.1.1,ef66ed9,add,f5.bin,backend_store,3.021667,1048576,,Zstd,blake3
1,14,2026-03-11T12:19:24.014146Z,elea,0.1.1,ef66ed9,add,f3.bin,backend_store,3.115417,1048576,,Zstd,blake3
1,14,2026-03-11T12:19:24.014276Z,elea,0.1.1,ef66ed9,add,f5.bin,add_file_total,5.233542,1048576,,Zstd,blake3
1,14,2026-03-11T12:19:24.014311Z,elea,0.1.1,ef66ed9,add,f2.bin,backend_store,3.257875,1048576,,Zstd,blake3
1,14,2026-03-11T12:19:24.014407Z,elea,0.1.1,ef66ed9,add,f3.bin,add_file_total,5.361375,1048576,,Zstd,blake3
1,14,2026-03-11T12:19:24.014508Z,elea,0.1.1,ef66ed9,add,f4.bin,backend_store,3.382917,1048576,,Zstd,blake3
1,14,2026-03-11T12:19:24.014515Z,elea,0.1.1,ef66ed9,add,f2.bin,add_file_total,5.464334,1048576,,Zstd,blake3
1,14,2026-03-11T12:19:24.014532Z,elea,0.1.1,ef66ed9,add,f1.bin,backend_store,3.459084,1048576,,Zstd,blake3
1,14,2026-03-11T12:19:24.01471Z,elea,0.1.1,ef66ed9,add,f4.bin,add_file_total,5.678334,1048576,,Zstd,blake3
1,14,2026-03-11T12:19:24.014761Z,elea,0.1.1,ef66ed9,add,f1.bin,add_file_total,5.696332999999999,1048576,,Zstd,blake3
1,14,2026-03-11T12:19:24.014823Z,elea,0.1.1,ef66ed9,add,,add_total,5.831834,,5,Zstd,blake3
1,15,2026-03-11T12:19:24.050791Z,elea,0.1.1,ef66ed9,hash,f2.bin,hash,0.611375,1048576,,,blake3
1,15,2026-03-11T12:19:24.050802Z,elea,0.1.1,ef66ed9,hash,f4.bin,hash,0.6244580000000001,1048576,,,blake3
1,15,2026-03-11T12:19:24.050829Z,elea,0.1.1,ef66ed9,hash,f3.bin,hash,0.6255,1048576,,,blake3
1,15,2026-03-11T12:19:24.050811Z,elea,0.1.1,ef66ed9,hash,f5.bin,hash,0.628167,1048576,,,blake3
1,15,2026-03-11T12:19:24.050776Z,elea,0.1.1,ef66ed9,hash,f1.bin,hash,0.613584,1048576,,,blake3
1,15,2026-03-11T12:19:24.055728Z,elea,0.1.1,ef66ed9,add,f3.bin,backend_store,3.423,1048576,,Zstd,blake3
1,15,2026-03-11T12:19:24.05593Z,elea,0.1.1,ef66ed9,add,f3.bin,add_file_total,5.756125,1048576,,Zstd,blake3
1,15,2026-03-11T12:19:24.056067Z,elea,0.1.1,ef66ed9,add,f5.bin,backend_store,3.681875,1048576,,Zstd,blake3
1,15,2026-03-11T12:19:24.05616Z,elea,0.1.1,ef66ed9,add,f1.bin,backend_store,3.750458,1048576,,Zstd,blake3
1,15,2026-03-11T12:19:24.0562Z,elea,0.1.1,ef66ed9,add,f5.bin,add_file_total,6.085542,1048576,,Zstd,blake3
1,15,2026-03-11T12:19:24.056227Z,elea,0.1.1,ef66ed9,add,f2.bin,backend_store,3.9575,1048576,,Zstd,blake3
1,15,2026-03-11T12:19:24.056242Z,elea,0.1.1,ef66ed9,add,f4.bin,backend_store,3.9607080000000003,1048576,,Zstd,blake3
1,15,2026-03-11T12:19:24.056412Z,elea,0.1.1,ef66ed9,add,f1.bin,add_file_total,6.2761249999999995,1048576,,Zstd,blake3
1,15,2026-03-11T12:19:24.056458Z,elea,0.1.1,ef66ed9,add,f2.bin,add_file_total,6.318667,1048576,,Zstd,blake3
1,15,2026-03-11T12:19:24.056514Z,elea,0.1.1,ef66ed9,add,f4.bin,add_file_total,6.37575,1048576,,Zstd,blake3
1,15,2026-03-11T12:19:24.056565Z,elea,0.1.1,ef66ed9,add,,add_total,6.487958,,5,Zstd,blake3
1,16,2026-03-11T12:19:24.090999Z,elea,0.1.1,ef66ed9,hash,f3.bin,hash,0.599125,1048576,,,blake3
1,16,2026-03-11T12:19:24.091029Z,elea,0.1.1,ef66ed9,hash,f2.bin,hash,0.5896669999999999,1048576,,,blake3
1,16,2026-03-11T12:19:24.091021Z,elea,0.1.1,ef66ed9,hash,f4.bin,hash,0.5959169999999999,1048576,,,blake3
1,16,2026-03-11T12:19:24.091011Z,elea,0.1.1,ef66ed9,hash,f5.bin,hash,0.6074160000000001,1048576,,,blake3
1,16,2026-03-11T12:19:24.090992Z,elea,0.1.1,ef66ed9,hash,f1.bin,hash,0.6091249999999999,1048576,,,blake3
1,16,2026-03-11T12:19:24.095183Z,elea,0.1.1,ef66ed9,add,f3.bin,backend_store,2.9220420000000003,1048576,,Zstd,blake3
1,16,2026-03-11T12:19:24.095266Z,elea,0.1.1,ef66ed9,add,f1.bin,backend_store,2.996584,1048576,,Zstd,blake3
1,16,2026-03-11T12:19:24.095385Z,elea,0.1.1,ef66ed9,add,f3.bin,add_file_total,5.015958,1048576,,Zstd,blake3
1,16,2026-03-11T12:19:24.095406Z,elea,0.1.1,ef66ed9,add,f2.bin,backend_store,2.9942089999999997,1048576,,Zstd,blake3
1,16,2026-03-11T12:19:24.095415Z,elea,0.1.1,ef66ed9,add,f4.bin,backend_store,3.126667,1048576,,Zstd,blake3
1,16,2026-03-11T12:19:24.095447Z,elea,0.1.1,ef66ed9,add,f5.bin,backend_store,3.131708,1048576,,Zstd,blake3
1,16,2026-03-11T12:19:24.095651Z,elea,0.1.1,ef66ed9,add,f1.bin,add_file_total,5.301916,1048576,,Zstd,blake3
1,16,2026-03-11T12:19:24.095691Z,elea,0.1.1,ef66ed9,add,f2.bin,add_file_total,5.307,1048576,,Zstd,blake3
1,16,2026-03-11T12:19:24.095729Z,elea,0.1.1,ef66ed9,add,f4.bin,add_file_total,5.360208,1048576,,Zstd,blake3
1,16,2026-03-11T12:19:24.095761Z,elea,0.1.1,ef66ed9,add,f5.bin,add_file_total,5.392459,1048576,,Zstd,blake3
1,16,2026-03-11T12:19:24.095815Z,elea,0.1.1,ef66ed9,add,,add_total,5.511416,,5,Zstd,blake3
1,17,2026-03-11T12:19:24.130275Z,elea,0.1.1,ef66ed9,hash,f2.bin,hash,0.602083,1048576,,,blake3
1,17,2026-03-11T12:19:24.130295Z,elea,0.1.1,ef66ed9,hash,f4.bin,hash,0.595416,1048576,,,blake3
1,17,2026-03-11T12:19:24.130285Z,elea,0.1.1,ef66ed9,hash,f5.bin,hash,0.5942080000000001,1048576,,,blake3
1,17,2026-03-11T12:19:24.130265Z,elea,0.1.1,ef66ed9,hash,f1.bin,hash,0.6120410000000001,1048576,,,blake3
1,17,2026-03-11T12:19:24.130302Z,elea,0.1.1,ef66ed9,hash,f3.bin,hash,0.583042,1048576,,,blake3
1,17,2026-03-11T12:19:24.135205Z,elea,0.1.1,ef66ed9,add,f3.bin,backend_store,3.539583,1048576,,Zstd,blake3
1,17,2026-03-11T12:19:24.135309Z,elea,0.1.1,ef66ed9,add,f2.bin,backend_store,3.6765,1048576,,Zstd,blake3
1,17,2026-03-11T12:19:24.135328Z,elea,0.1.1,ef66ed9,add,f4.bin,backend_store,3.6784589999999997,1048576,,Zstd,blake3
1,17,2026-03-11T12:19:24.135356Z,elea,0.1.1,ef66ed9,add,f5.bin,backend_store,3.619167,1048576,,Zstd,blake3
1,17,2026-03-11T12:19:24.135374Z,elea,0.1.1,ef66ed9,add,f1.bin,backend_store,3.676667,1048576,,Zstd,blake3
1,17,2026-03-11T12:19:24.13538Z,elea,0.1.1,ef66ed9,add,f3.bin,add_file_total,5.723375,1048576,,Zstd,blake3
1,17,2026-03-11T12:19:24.13565Z,elea,0.1.1,ef66ed9,add,f2.bin,add_file_total,6.019125,1048576,,Zstd,blake3
1,17,2026-03-11T12:19:24.135696Z,elea,0.1.1,ef66ed9,add,f4.bin,add_file_total,6.061999999999999,1048576,,Zstd,blake3
1,17,2026-03-11T12:19:24.135734Z,elea,0.1.1,ef66ed9,add,f5.bin,add_file_total,6.100917,1048576,,Zstd,blake3
1,17,2026-03-11T12:19:24.135762Z,elea,0.1.1,ef66ed9,add,f1.bin,add_file_total,6.145125,1048576,,Zstd,blake3
1,17,2026-03-11T12:19:24.135805Z,elea,0.1.1,ef66ed9,add,,add_total,6.2245,,5,Zstd,blake3
1,18,2026-03-11T12:19:24.171099Z,elea,0.1.1,ef66ed9,hash,f1.bin,hash,0.663417,1048576,,,blake3
1,18,2026-03-11T12:19:24.171117Z,elea,0.1.1,ef66ed9,hash,f4.bin,hash,0.648958,1048576,,,blake3
1,18,2026-03-11T12:19:24.171092Z,elea,0.1.1,ef66ed9,hash,f5.bin,hash,0.661958,1048576,,,blake3
1,18,2026-03-11T12:19:24.171084Z,elea,0.1.1,ef66ed9,hash,f2.bin,hash,0.6707500000000001,1048576,,,blake3
1,18,2026-03-11T12:19:24.171058Z,elea,0.1.1,ef66ed9,hash,f3.bin,hash,0.6563749999999999,1048576,,,blake3
1,18,2026-03-11T12:19:24.175178Z,elea,0.1.1,ef66ed9,add,f1.bin,backend_store,2.735375,1048576,,Zstd,blake3
1,18,2026-03-11T12:19:24.175409Z,elea,0.1.1,ef66ed9,add,f5.bin,backend_store,2.939583,1048576,,Zstd,blake3
1,18,2026-03-11T12:19:24.17543Z,elea,0.1.1,ef66ed9,add,f1.bin,add_file_total,5.041,1048576,,Zstd,blake3
1,18,2026-03-11T12:19:24.175595Z,elea,0.1.1,ef66ed9,add,f5.bin,add_file_total,5.207292,1048576,,Zstd,blake3
1,18,2026-03-11T12:19:24.175713Z,elea,0.1.1,ef66ed9,add,f4.bin,backend_store,3.262417,1048576,,Zstd,blake3
1,18,2026-03-11T12:19:24.17573Z,elea,0.1.1,ef66ed9,add,f2.bin,backend_store,3.183584,1048576,,Zstd,blake3
1,18,2026-03-11T12:19:24.175747Z,elea,0.1.1,ef66ed9,add,f3.bin,backend_store,3.2165000000000004,1048576,,Zstd,blake3
1,18,2026-03-11T12:19:24.175924Z,elea,0.1.1,ef66ed9,add,f4.bin,add_file_total,5.468,1048576,,Zstd,blake3
1,18,2026-03-11T12:19:24.175958Z,elea,0.1.1,ef66ed9,add,f2.bin,add_file_total,5.575333,1048576,,Zstd,blake3
1,18,2026-03-11T12:19:24.175988Z,elea,0.1.1,ef66ed9,add,f3.bin,add_file_total,5.620375,1048576,,Zstd,blake3
1,18,2026-03-11T12:19:24.176026Z,elea,0.1.1,ef66ed9,add,,add_total,5.689791,,5,Zstd,blake3
1,19,2026-03-11T12:19:24.20941Z,elea,0.1.1,ef66ed9,hash,f4.bin,hash,0.596042,1048576,,,blake3
1,19,2026-03-11T12:19:24.209417Z,elea,0.1.1,ef66ed9,hash,f5.bin,hash,0.584291,1048576,,,blake3
1,19,2026-03-11T12:19:24.209391Z,elea,0.1.1,ef66ed9,hash,f2.bin,hash,0.603,1048576,,,blake3
1,19,2026-03-11T12:19:24.2094Z,elea,0.1.1,ef66ed9,hash,f1.bin,hash,0.6008330000000001,1048576,,,blake3
1,19,2026-03-11T12:19:24.209382Z,elea,0.1.1,ef66ed9,hash,f3.bin,hash,0.604375,1048576,,,blake3
1,19,2026-03-11T12:19:24.214219Z,elea,0.1.1,ef66ed9,add,f4.bin,backend_store,3.547708,1048576,,Zstd,blake3
1,19,2026-03-11T12:19:24.214305Z,elea,0.1.1,ef66ed9,add,f3.bin,backend_store,3.5402910000000003,1048576,,Zstd,blake3
1,19,2026-03-11T12:19:24.214353Z,elea,0.1.1,ef66ed9,add,f2.bin,backend_store,3.6335,1048576,,Zstd,blake3
1,19,2026-03-11T12:19:24.214425Z,elea,0.1.1,ef66ed9,add,f4.bin,add_file_total,5.6601669999999995,1048576,,Zstd,blake3
1,19,2026-03-11T12:19:24.214487Z,elea,0.1.1,ef66ed9,add,f5.bin,backend_store,3.792459,1048576,,Zstd,blake3
1,19,2026-03-11T12:19:24.214511Z,elea,0.1.1,ef66ed9,add,f1.bin,backend_store,3.7047920000000003,1048576,,Zstd,blake3
1,19,2026-03-11T12:19:24.214651Z,elea,0.1.1,ef66ed9,add,f3.bin,add_file_total,5.907542,1048576,,Zstd,blake3
1,19,2026-03-11T12:19:24.214685Z,elea,0.1.1,ef66ed9,add,f2.bin,add_file_total,5.9229590000000005,1048576,,Zstd,blake3
1,19,2026-03-11T12:19:24.214729Z,elea,0.1.1,ef66ed9,add,f5.bin,add_file_total,5.912167,1048576,,Zstd,blake3
1,19,2026-03-11T12:19:24.21476Z,elea,0.1.1,ef66ed9,add,f1.bin,add_file_total,5.995708,1048576,,Zstd,blake3
1,19,2026-03-11T12:19:24.214806Z,elea,0.1.1,ef66ed9,add,,add_total,6.084792,,5,Zstd,blake3
1,20,2026-03-11T12:19:24.248693Z,elea,0.1.1,ef66ed9,hash,f5.bin,hash,0.612417,1048576,,,blake3
1,20,2026-03-11T12:19:24.248682Z,elea,0.1.1,ef66ed9,hash,f1.bin,hash,0.6034999999999999,1048576,,,blake3
1,20,2026-03-11T12:19:24.248667Z,elea,0.1.1,ef66ed9,hash,f4.bin,hash,0.6114580000000001,1048576,,,blake3
1,20,2026-03-11T12:19:24.248609Z,elea,0.1.1,ef66ed9,hash,f3.bin,hash,0.5794170000000001,1048576,,,blake3
1,20,2026-03-11T12:19:24.248674Z,elea,0.1.1,ef66ed9,hash,f2.bin,hash,0.6007910000000001,1048576,,,blake3
1,20,2026-03-11T12:19:24.252936Z,elea,0.1.1,ef66ed9,add,f5.bin,backend_store,3.079625,1048576,,Zstd,blake3
1,20,2026-03-11T12:19:24.25295Z,elea,0.1.1,ef66ed9,add,f4.bin,backend_store,3.056834,1048576,,Zstd,blake3
1,20,2026-03-11T12:19:24.252961Z,elea,0.1.1,ef66ed9,add,f1.bin,backend_store,3.093083,1048576,,Zstd,blake3
1,20,2026-03-11T12:19:24.253044Z,elea,0.1.1,ef66ed9,add,f3.bin,backend_store,3.0604999999999998,1048576,,Zstd,blake3
1,20,2026-03-11T12:19:24.253116Z,elea,0.1.1,ef66ed9,add,f2.bin,backend_store,3.156583,1048576,,Zstd,blake3
1,20,2026-03-11T12:19:24.253165Z,elea,0.1.1,ef66ed9,add,f4.bin,add_file_total,5.133209,1048576,,Zstd,blake3
1,20,2026-03-11T12:19:24.253331Z,elea,0.1.1,ef66ed9,add,f1.bin,add_file_total,5.299375,1048576,,Zstd,blake3
1,20,2026-03-11T12:19:24.253375Z,elea,0.1.1,ef66ed9,add,f5.bin,add_file_total,5.3415,1048576,,Zstd,blake3
1,20,2026-03-11T12:19:24.253412Z,elea,0.1.1,ef66ed9,add,f3.bin,add_file_total,5.415125,1048576,,Zstd,blake3
1,20,2026-03-11T12:19:24.253444Z,elea,0.1.1,ef66ed9,add,f2.bin,add_file_total,5.412292,1048576,,Zstd,blake3
1,20,2026-03-11T12:19:24.253493Z,elea,0.1.1,ef66ed9,add,,add_total,5.518625,,5,Zstd,blake3
1,21,2026-03-11T12:19:24.287702Z,elea,0.1.1,ef66ed9,hash,f1.bin,hash,0.6128750000000001,1048576,,,blake3
1,21,2026-03-11T12:19:24.287693Z,elea,0.1.1,ef66ed9,hash,f2.bin,hash,0.605167,1048576,,,blake3
1,21,2026-03-11T12:19:24.287682Z,elea,0.1.1,ef66ed9,hash,f4.bin,hash,0.600209,1048576,,,blake3
1,21,2026-03-11T12:19:24.287721Z,elea,0.1.1,ef66ed9,hash,f5.bin,hash,0.621459,1048576,,,blake3
1,21,2026-03-11T12:19:24.287672Z,elea,0.1.1,ef66ed9,hash,f3.bin,hash,0.612,1048576,,,blake3
1,21,2026-03-11T12:19:24.292669Z,elea,0.1.1,ef66ed9,add,f1.bin,backend_store,3.730708,1048576,,Zstd,blake3
1,21,2026-03-11T12:19:24.292814Z,elea,0.1.1,ef66ed9,add,f3.bin,backend_store,3.872333,1048576,,Zstd,blake3
1,21,2026-03-11T12:19:24.292857Z,elea,0.1.1,ef66ed9,add,f1.bin,add_file_total,5.8125,1048576,,Zstd,blake3
1,21,2026-03-11T12:19:24.292929Z,elea,0.1.1,ef66ed9,add,f4.bin,backend_store,3.9655410000000004,1048576,,Zstd,blake3
1,21,2026-03-11T12:19:24.293019Z,elea,0.1.1,ef66ed9,add,f3.bin,add_file_total,5.993166,1048576,,Zstd,blake3
1,21,2026-03-11T12:19:24.293124Z,elea,0.1.1,ef66ed9,add,f5.bin,backend_store,4.082292000000001,1048576,,Zstd,blake3
1,21,2026-03-11T12:19:24.293158Z,elea,0.1.1,ef66ed9,add,f4.bin,add_file_total,6.092833,1048576,,Zstd,blake3
1,21,2026-03-11T12:19:24.293167Z,elea,0.1.1,ef66ed9,add,f2.bin,backend_store,4.0857920000000005,1048576,,Zstd,blake3
1,21,2026-03-11T12:19:24.293262Z,elea,0.1.1,ef66ed9,add,f5.bin,add_file_total,6.2208749999999995,1048576,,Zstd,blake3
1,21,2026-03-11T12:19:24.293292Z,elea,0.1.1,ef66ed9,add,f2.bin,add_file_total,6.251874999999999,1048576,,Zstd,blake3
1,21,2026-03-11T12:19:24.293337Z,elea,0.1.1,ef66ed9,add,,add_total,6.353,,5,Zstd,blake3
1,22,2026-03-11T12:19:24.328351Z,elea,0.1.1,ef66ed9,hash,f1.bin,hash,0.600166,1048576,,,blake3
1,22,2026-03-11T12:19:24.328359Z,elea,0.1.1,ef66ed9,hash,f3.bin,hash,0.596458,1048576,,,blake3
1,22,2026-03-11T12:19:24.32838Z,elea,0.1.1,ef66ed9,hash,f4.bin,hash,0.591709,1048576,,,blake3
1,22,2026-03-11T12:19:24.32837Z,elea,0.1.1,ef66ed9,hash,f5.bin,hash,0.6024999999999999,1048576,,,blake3
1,22,2026-03-11T12:19:24.32834Z,elea,0.1.1,ef66ed9,hash,f2.bin,hash,0.609417,1048576,,,blake3
1,22,2026-03-11T12:19:24.332665Z,elea,0.1.1,ef66ed9,add,f1.bin,backend_store,2.88825,1048576,,Zstd,blake3
1,22,2026-03-11T12:19:24.33267Z,elea,0.1.1,ef66ed9,add,f5.bin,backend_store,2.83725,1048576,,Zstd,blake3
1,22,2026-03-11T12:19:24.332742Z,elea,0.1.1,ef66ed9,add,f2.bin,backend_store,2.85125,1048576,,Zstd,blake3
1,22,2026-03-11T12:19:24.33282Z,elea,0.1.1,ef66ed9,add,f4.bin,backend_store,2.9614160000000003,1048576,,Zstd,blake3
1,22,2026-03-11T12:19:24.332838Z,elea,0.1.1,ef66ed9,add,f3.bin,backend_store,3.0490410000000003,1048576,,Zstd,blake3
1,22,2026-03-11T12:19:24.332893Z,elea,0.1.1,ef66ed9,add,f1.bin,add_file_total,5.175875,1048576,,Zstd,blake3
1,22,2026-03-11T12:19:24.333077Z,elea,0.1.1,ef66ed9,add,f5.bin,add_file_total,5.359166,1048576,,Zstd,blake3
1,22,2026-03-11T12:19:24.333106Z,elea,0.1.1,ef66ed9,add,f2.bin,add_file_total,5.410125,1048576,,Zstd,blake3
1,22,2026-03-11T12:19:24.333136Z,elea,0.1.1,ef66ed9,add,f4.bin,add_file_total,5.4052500000000006,1048576,,Zstd,blake3
1,22,2026-03-11T12:19:24.333166Z,elea,0.1.1,ef66ed9,add,f3.bin,add_file_total,5.448875,1048576,,Zstd,blake3
1,22,2026-03-11T12:19:24.333219Z,elea,0.1.1,ef66ed9,add,,add_total,5.560207999999999,,5,Zstd,blake3
1,23,2026-03-11T12:19:24.367171Z,elea,0.1.1,ef66ed9,hash,f4.bin,hash,0.593416,1048576,,,blake3
1,23,2026-03-11T12:19:24.3672Z,elea,0.1.1,ef66ed9,hash,f3.bin,hash,0.5952919999999999,1048576,,,blake3
1,23,2026-03-11T12:19:24.367162Z,elea,0.1.1,ef66ed9,hash,f5.bin,hash,0.599625,1048576,,,blake3
1,23,2026-03-11T12:19:24.367207Z,elea,0.1.1,ef66ed9,hash,f1.bin,hash,0.587166,1048576,,,blake3
1,23,2026-03-11T12:19:24.36719Z,elea,0.1.1,ef66ed9,hash,f2.bin,hash,0.604834,1048576,,,blake3
1,23,2026-03-11T12:19:24.371974Z,elea,0.1.1,ef66ed9,add,f3.bin,backend_store,3.5475,1048576,,Zstd,blake3
1,23,2026-03-11T12:19:24.372151Z,elea,0.1.1,ef66ed9,add,f5.bin,backend_store,3.7156659999999997,1048576,,Zstd,blake3
1,23,2026-03-11T12:19:24.372208Z,elea,0.1.1,ef66ed9,add,f3.bin,add_file_total,5.654667000000001,1048576,,Zstd,blake3
1,23,2026-03-11T12:19:24.372249Z,elea,0.1.1,ef66ed9,add,f2.bin,backend_store,3.631917,1048576,,Zstd,blake3
1,23,2026-03-11T12:19:24.372286Z,elea,0.1.1,ef66ed9,add,f4.bin,backend_store,3.8785830000000003,1048576,,Zstd,blake3
1,23,2026-03-11T12:19:24.37234Z,elea,0.1.1,ef66ed9,add,f1.bin,backend_store,3.884958,1048576,,Zstd,blake3
1,23,2026-03-11T12:19:24.372375Z,elea,0.1.1,ef66ed9,add,f5.bin,add_file_total,5.847125,1048576,,Zstd,blake3
1,23,2026-03-11T12:19:24.372473Z,elea,0.1.1,ef66ed9,add,f2.bin,add_file_total,5.920208,1048576,,Zstd,blake3
1,23,2026-03-11T12:19:24.372506Z,elea,0.1.1,ef66ed9,add,f4.bin,add_file_total,5.95925,1048576,,Zstd,blake3
1,23,2026-03-11T12:19:24.37254Z,elea,0.1.1,ef66ed9,add,f1.bin,add_file_total,5.977833,1048576,,Zstd,blake3
1,23,2026-03-11T12:19:24.372589Z,elea,0.1.1,ef66ed9,add,,add_total,6.092917,,5,Zstd,blake3
1,24,2026-03-11T12:19:24.40669Z,elea,0.1.1,ef66ed9,hash,f3.bin,hash,0.583458,1048576,,,blake3
1,24,2026-03-11T12:19:24.40666Z,elea,0.1.1,ef66ed9,hash,f2.bin,hash,0.598209,1048576,,,blake3
1,24,2026-03-11T12:19:24.406671Z,elea,0.1.1,ef66ed9,hash,f5.bin,hash,0.599125,1048576,,,blake3
1,24,2026-03-11T12:19:24.40668Z,elea,0.1.1,ef66ed9,hash,f4.bin,hash,0.594792,1048576,,,blake3
1,24,2026-03-11T12:19:24.406652Z,elea,0.1.1,ef66ed9,hash,f1.bin,hash,0.6100829999999999,1048576,,,blake3
1,24,2026-03-11T12:19:24.410835Z,elea,0.1.1,ef66ed9,add,f3.bin,backend_store,2.9720419999999996,1048576,,Zstd,blake3
1,24,2026-03-11T12:19:24.410913Z,elea,0.1.1,ef66ed9,add,f5.bin,backend_store,3.022958,1048576,,Zstd,blake3
1,24,2026-03-11T12:19:24.411069Z,elea,0.1.1,ef66ed9,add,f3.bin,add_file_total,5.026292,1048576,,Zstd,blake3
1,24,2026-03-11T12:19:24.411126Z,elea,0.1.1,ef66ed9,add,f2.bin,backend_store,3.2577499999999997,1048576,,Zstd,blake3
1,24,2026-03-11T12:19:24.411159Z,elea,0.1.1,ef66ed9,add,f5.bin,add_file_total,5.128,1048576,,Zstd,blake3
1,24,2026-03-11T12:19:24.411206Z,elea,0.1.1,ef66ed9,add,f1.bin,backend_store,3.293875,1048576,,Zstd,blake3
1,24,2026-03-11T12:19:24.411265Z,elea,0.1.1,ef66ed9,add,f2.bin,add_file_total,5.234291000000001,1048576,,Zstd,blake3
1,24,2026-03-11T12:19:24.411295Z,elea,0.1.1,ef66ed9,add,f4.bin,backend_store,3.2941659999999997,1048576,,Zstd,blake3
1,24,2026-03-11T12:19:24.41138Z,elea,0.1.1,ef66ed9,add,f1.bin,add_file_total,5.372916999999999,1048576,,Zstd,blake3
1,24,2026-03-11T12:19:24.41143Z,elea,0.1.1,ef66ed9,add,f4.bin,add_file_total,5.398791,1048576,,Zstd,blake3
1,24,2026-03-11T12:19:24.411492Z,elea,0.1.1,ef66ed9,add,,add_total,5.517542000000001,,5,Zstd,blake3
1,25,2026-03-11T12:19:24.446264Z,elea,0.1.1,ef66ed9,hash,f3.bin,hash,0.5966670000000001,1048576,,,blake3
1,25,2026-03-11T12:19:24.446243Z,elea,0.1.1,ef66ed9,hash,f5.bin,hash,0.5944159999999999,1048576,,,blake3
1,25,2026-03-11T12:19:24.446251Z,elea,0.1.1,ef66ed9,hash,f4.bin,hash,0.592792,1048576,,,blake3
1,25,2026-03-11T12:19:24.446272Z,elea,0.1.1,ef66ed9,hash,f2.bin,hash,0.588625,1048576,,,blake3
1,25,2026-03-11T12:19:24.446235Z,elea,0.1.1,ef66ed9,hash,f1.bin,hash,0.605958,1048576,,,blake3
1,25,2026-03-11T12:19:24.451206Z,elea,0.1.1,ef66ed9,add,f5.bin,backend_store,3.623667,1048576,,Zstd,blake3
1,25,2026-03-11T12:19:24.451277Z,elea,0.1.1,ef66ed9,add,f3.bin,backend_store,3.706416,1048576,,Zstd,blake3
1,25,2026-03-11T12:19:24.451377Z,elea,0.1.1,ef66ed9,add,f4.bin,backend_store,3.7725,1048576,,Zstd,blake3
1,25,2026-03-11T12:19:24.451382Z,elea,0.1.1,ef66ed9,add,f5.bin,add_file_total,5.746209,1048576,,Zstd,blake3
1,25,2026-03-11T12:19:24.451397Z,elea,0.1.1,ef66ed9,add,f1.bin,backend_store,3.751167,1048576,,Zstd,blake3
1,25,2026-03-11T12:19:24.451472Z,elea,0.1.1,ef66ed9,add,f2.bin,backend_store,3.7866660000000003,1048576,,Zstd,blake3
1,25,2026-03-11T12:19:24.451625Z,elea,0.1.1,ef66ed9,add,f3.bin,add_file_total,6.026708,1048576,,Zstd,blake3
1,25,2026-03-11T12:19:24.451676Z,elea,0.1.1,ef66ed9,add,f4.bin,add_file_total,6.078250000000001,1048576,,Zstd,blake3
1,25,2026-03-11T12:19:24.451716Z,elea,0.1.1,ef66ed9,add,f1.bin,add_file_total,6.1255,1048576,,Zstd,blake3
1,25,2026-03-11T12:19:24.45175Z,elea,0.1.1,ef66ed9,add,f2.bin,add_file_total,6.152667,1048576,,Zstd,blake3
1,25,2026-03-11T12:19:24.451801Z,elea,0.1.1,ef66ed9,add,,add_total,6.255707999999999,,5,Zstd,blake3
2,1,2026-03-11T12:19:24.50019Z,elea,0.1.1,ef66ed9,hash,f1.bin,hash,1.210417,2097152,,,blake3
2,1,2026-03-11T12:19:24.500163Z,elea,0.1.1,ef66ed9,hash,f4.bin,hash,1.1920410000000001,2097152,,,blake3
2,1,2026-03-11T12:19:24.500152Z,elea,0.1.1,ef66ed9,hash,f3.bin,hash,1.192125,2097152,,,blake3
2,1,2026-03-11T12:19:24.500126Z,elea,0.1.1,ef66ed9,hash,f5.bin,hash,1.1888750000000001,2097152,,,blake3
2,1,2026-03-11T12:19:24.500103Z,elea,0.1.1,ef66ed9,hash,f2.bin,hash,1.157541,2097152,,,blake3
2,1,2026-03-11T12:19:24.507061Z,elea,0.1.1,ef66ed9,add,f1.bin,backend_store,5.411916,2097152,,Zstd,blake3
2,1,2026-03-11T12:19:24.507066Z,elea,0.1.1,ef66ed9,add,f3.bin,backend_store,5.365167,2097152,,Zstd,blake3
2,1,2026-03-11T12:19:24.507143Z,elea,0.1.1,ef66ed9,add,f4.bin,backend_store,5.4833750000000006,2097152,,Zstd,blake3
2,1,2026-03-11T12:19:24.507263Z,elea,0.1.1,ef66ed9,add,f2.bin,backend_store,5.408874999999999,2097152,,Zstd,blake3
2,1,2026-03-11T12:19:24.507333Z,elea,0.1.1,ef66ed9,add,f3.bin,add_file_total,8.410499999999999,2097152,,Zstd,blake3
2,1,2026-03-11T12:19:24.507462Z,elea,0.1.1,ef66ed9,add,f5.bin,backend_store,5.752625,2097152,,Zstd,blake3
2,1,2026-03-11T12:19:24.507808Z,elea,0.1.1,ef66ed9,add,f1.bin,add_file_total,8.897916,2097152,,Zstd,blake3
2,1,2026-03-11T12:19:24.507966Z,elea,0.1.1,ef66ed9,add,f4.bin,add_file_total,9.039458999999999,2097152,,Zstd,blake3
2,1,2026-03-11T12:19:24.508007Z,elea,0.1.1,ef66ed9,add,f2.bin,add_file_total,9.075916,2097152,,Zstd,blake3
2,1,2026-03-11T12:19:24.508042Z,elea,0.1.1,ef66ed9,add,f5.bin,add_file_total,9.142208,2097152,,Zstd,blake3
2,1,2026-03-11T12:19:24.508087Z,elea,0.1.1,ef66ed9,add,,add_total,9.224833,,5,Zstd,blake3
2,2,2026-03-11T12:19:24.561427Z,elea,0.1.1,ef66ed9,hash,f4.bin,hash,1.171291,2097152,,,blake3
2,2,2026-03-11T12:19:24.561414Z,elea,0.1.1,ef66ed9,hash,f5.bin,hash,1.1357920000000001,2097152,,,blake3
2,2,2026-03-11T12:19:24.561435Z,elea,0.1.1,ef66ed9,hash,f2.bin,hash,1.187458,2097152,,,blake3
2,2,2026-03-11T12:19:24.561401Z,elea,0.1.1,ef66ed9,hash,f1.bin,hash,1.175292,2097152,,,blake3
2,2,2026-03-11T12:19:24.561397Z,elea,0.1.1,ef66ed9,hash,f3.bin,hash,1.175875,2097152,,,blake3
2,2,2026-03-11T12:19:24.568459Z,elea,0.1.1,ef66ed9,add,f2.bin,backend_store,5.437250000000001,2097152,,Zstd,blake3
2,2,2026-03-11T12:19:24.568719Z,elea,0.1.1,ef66ed9,add,f4.bin,backend_store,5.734457999999999,2097152,,Zstd,blake3
2,2,2026-03-11T12:19:24.568729Z,elea,0.1.1,ef66ed9,add,f2.bin,add_file_total,8.534999999999998,2097152,,Zstd,blake3
2,2,2026-03-11T12:19:24.568849Z,elea,0.1.1,ef66ed9,add,f3.bin,backend_store,5.59375,2097152,,Zstd,blake3
2,2,2026-03-11T12:19:24.568964Z,elea,0.1.1,ef66ed9,add,f1.bin,backend_store,5.911790999999999,2097152,,Zstd,blake3
2,2,2026-03-11T12:19:24.569Z,elea,0.1.1,ef66ed9,add,f4.bin,add_file_total,8.804584,2097152,,Zstd,blake3
2,2,2026-03-11T12:19:24.569041Z,elea,0.1.1,ef66ed9,add,f5.bin,backend_store,6.048625,2097152,,Zstd,blake3
2,2,2026-03-11T12:19:24.569438Z,elea,0.1.1,ef66ed9,add,f3.bin,add_file_total,9.262958999999999,2097152,,Zstd,blake3
2,2,2026-03-11T12:19:24.569484Z,elea,0.1.1,ef66ed9,add,f1.bin,add_file_total,9.291917,2097152,,Zstd,blake3
2,2,2026-03-11T12:19:24.569526Z,elea,0.1.1,ef66ed9,add,f5.bin,add_file_total,9.322125,2097152,,Zstd,blake3
2,2,2026-03-11T12:19:24.569581Z,elea,0.1.1,ef66ed9,add,,add_total,9.4435,,5,Zstd,blake3
2,3,2026-03-11T12:19:24.616347Z,elea,0.1.1,ef66ed9,hash,f5.bin,hash,1.163625,2097152,,,blake3
2,3,2026-03-11T12:19:24.616391Z,elea,0.1.1,ef66ed9,hash,f4.bin,hash,1.154792,2097152,,,blake3
2,3,2026-03-11T12:19:24.616354Z,elea,0.1.1,ef66ed9,hash,f2.bin,hash,1.1695,2097152,,,blake3
2,3,2026-03-11T12:19:24.61634Z,elea,0.1.1,ef66ed9,hash,f1.bin,hash,1.173,2097152,,,blake3
2,3,2026-03-11T12:19:24.616329Z,elea,0.1.1,ef66ed9,hash,f3.bin,hash,1.17,2097152,,,blake3
2,3,2026-03-11T12:19:24.62338Z,elea,0.1.1,ef66ed9,add,f5.bin,backend_store,5.5525,2097152,,Zstd,blake3
2,3,2026-03-11T12:19:24.623501Z,elea,0.1.1,ef66ed9,add,f4.bin,backend_store,5.6565829999999995,2097152,,Zstd,blake3
2,3,2026-03-11T12:19:24.623688Z,elea,0.1.1,ef66ed9,add,f5.bin,add_file_total,8.553082999999999,2097152,,Zstd,blake3
2,3,2026-03-11T12:19:24.623768Z,elea,0.1.1,ef66ed9,add,f2.bin,backend_store,5.911584,2097152,,Zstd,blake3
2,3,2026-03-11T12:19:24.623794Z,elea,0.1.1,ef66ed9,add,f1.bin,backend_store,5.913583,2097152,,Zstd,blake3
2,3,2026-03-11T12:19:24.623866Z,elea,0.1.1,ef66ed9,add,f3.bin,backend_store,5.851,2097152,,Zstd,blake3
2,3,2026-03-11T12:19:24.624132Z,elea,0.1.1,ef66ed9,add,f4.bin,add_file_total,9.001584,2097152,,Zstd,blake3
2,3,2026-03-11T12:19:24.624244Z,elea,0.1.1,ef66ed9,add,f2.bin,add_file_total,9.110208,2097152,,Zstd,blake3
2,3,2026-03-11T12:19:24.624289Z,elea,0.1.1,ef66ed9,add,f1.bin,add_file_total,9.132541,2097152,,Zstd,blake3
2,3,2026-03-11T12:19:24.624322Z,elea,0.1.1,ef66ed9,add,f3.bin,add_file_total,9.194416,2097152,,Zstd,blake3
2,3,2026-03-11T12:19:24.624368Z,elea,0.1.1,ef66ed9,add,,add_total,9.287500000000001,,5,Zstd,blake3
2,4,2026-03-11T12:19:24.671474Z,elea,0.1.1,ef66ed9,hash,f4.bin,hash,1.2110420000000002,2097152,,,blake3
2,4,2026-03-11T12:19:24.671507Z,elea,0.1.1,ef66ed9,hash,f3.bin,hash,1.211084,2097152,,,blake3
2,4,2026-03-11T12:19:24.67146Z,elea,0.1.1,ef66ed9,hash,f2.bin,hash,1.202709,2097152,,,blake3
2,4,2026-03-11T12:19:24.671497Z,elea,0.1.1,ef66ed9,hash,f1.bin,hash,1.192208,2097152,,,blake3
2,4,2026-03-11T12:19:24.671448Z,elea,0.1.1,ef66ed9,hash,f5.bin,hash,1.1957090000000001,2097152,,,blake3
2,4,2026-03-11T12:19:24.678363Z,elea,0.1.1,ef66ed9,add,f2.bin,backend_store,5.325625,2097152,,Zstd,blake3
2,4,2026-03-11T12:19:24.678513Z,elea,0.1.1,ef66ed9,add,f3.bin,backend_store,5.497084,2097152,,Zstd,blake3
2,4,2026-03-11T12:19:24.678593Z,elea,0.1.1,ef66ed9,add,f2.bin,add_file_total,8.381124999999999,2097152,,Zstd,blake3
2,4,2026-03-11T12:19:24.678633Z,elea,0.1.1,ef66ed9,add,f4.bin,backend_store,5.643375,2097152,,Zstd,blake3
2,4,2026-03-11T12:19:24.678671Z,elea,0.1.1,ef66ed9,add,f1.bin,backend_store,5.5628329999999995,2097152,,Zstd,blake3
2,4,2026-03-11T12:19:24.678893Z,elea,0.1.1,ef66ed9,add,f5.bin,backend_store,5.800750000000001,2097152,,Zstd,blake3
2,4,2026-03-11T12:19:24.679079Z,elea,0.1.1,ef66ed9,add,f3.bin,add_file_total,8.863792,2097152,,Zstd,blake3
2,4,2026-03-11T12:19:24.679291Z,elea,0.1.1,ef66ed9,add,f4.bin,add_file_total,9.092375,2097152,,Zstd,blake3
2,4,2026-03-11T12:19:24.67933Z,elea,0.1.1,ef66ed9,add,f1.bin,add_file_total,9.103375,2097152,,Zstd,blake3
2,4,2026-03-11T12:19:24.679363Z,elea,0.1.1,ef66ed9,add,f5.bin,add_file_total,9.1565,2097152,,Zstd,blake3
2,4,2026-03-11T12:19:24.679408Z,elea,0.1.1,ef66ed9,add,,add_total,9.24675,,5,Zstd,blake3
2,5,2026-03-11T12:19:24.729328Z,elea,0.1.1,ef66ed9,hash,f1.bin,hash,1.17825,2097152,,,blake3
2,5,2026-03-11T12:19:24.729287Z,elea,0.1.1,ef66ed9,hash,f5.bin,hash,1.161125,2097152,,,blake3
2,5,2026-03-11T12:19:24.729336Z,elea,0.1.1,ef66ed9,hash,f2.bin,hash,1.1715829999999998,2097152,,,blake3
2,5,2026-03-11T12:19:24.729299Z,elea,0.1.1,ef66ed9,hash,f3.bin,hash,1.134583,2097152,,,blake3
2,5,2026-03-11T12:19:24.729313Z,elea,0.1.1,ef66ed9,hash,f4.bin,hash,1.195875,2097152,,,blake3
2,5,2026-03-11T12:19:24.73577Z,elea,0.1.1,ef66ed9,add,f1.bin,backend_store,5.064291,2097152,,Zstd,blake3
2,5,2026-03-11T12:19:24.735965Z,elea,0.1.1,ef66ed9,add,f1.bin,add_file_total,7.8723339999999995,2097152,,Zstd,blake3
2,5,2026-03-11T12:19:24.736255Z,elea,0.1.1,ef66ed9,add,f3.bin,backend_store,5.491875,2097152,,Zstd,blake3
2,5,2026-03-11T12:19:24.736286Z,elea,0.1.1,ef66ed9,add,f4.bin,backend_store,5.515542,2097152,,Zstd,blake3
2,5,2026-03-11T12:19:24.736385Z,elea,0.1.1,ef66ed9,add,f5.bin,backend_store,5.623833,2097152,,Zstd,blake3
2,5,2026-03-11T12:19:24.736424Z,elea,0.1.1,ef66ed9,add,f3.bin,add_file_total,8.320041999999999,2097152,,Zstd,blake3
2,5,2026-03-11T12:19:24.736486Z,elea,0.1.1,ef66ed9,add,f2.bin,backend_store,5.689166,2097152,,Zstd,blake3
2,5,2026-03-11T12:19:24.736973Z,elea,0.1.1,ef66ed9,add,f4.bin,add_file_total,8.893375,2097152,,Zstd,blake3
2,5,2026-03-11T12:19:24.737033Z,elea,0.1.1,ef66ed9,add,f5.bin,add_file_total,8.944542,2097152,,Zstd,blake3
2,5,2026-03-11T12:19:24.737064Z,elea,0.1.1,ef66ed9,add,f2.bin,add_file_total,8.971875,2097152,,Zstd,blake3
2,5,2026-03-11T12:19:24.737109Z,elea,0.1.1,ef66ed9,add,,add_total,9.068916999999999,,5,Zstd,blake3
2,6,2026-03-11T12:19:24.784911Z,elea,0.1.1,ef66ed9,hash,f4.bin,hash,1.1737920000000002,2097152,,,blake3
2,6,2026-03-11T12:19:24.784944Z,elea,0.1.1,ef66ed9,hash,f1.bin,hash,1.168583,2097152,,,blake3
2,6,2026-03-11T12:19:24.784933Z,elea,0.1.1,ef66ed9,hash,f5.bin,hash,1.1802920000000001,2097152,,,blake3
2,6,2026-03-11T12:19:24.784958Z,elea,0.1.1,ef66ed9,hash,f2.bin,hash,1.199917,2097152,,,blake3
2,6,2026-03-11T12:19:24.784923Z,elea,0.1.1,ef66ed9,hash,f3.bin,hash,1.187875,2097152,,,blake3
2,6,2026-03-11T12:19:24.792358Z,elea,0.1.1,ef66ed9,add,f4.bin,backend_store,5.880042,2097152,,Zstd,blake3
2,6,2026-03-11T12:19:24.792391Z,elea,0.1.1,ef66ed9,add,f3.bin,backend_store,5.9055,2097152,,Zstd,blake3
2,6,2026-03-11T12:19:24.792463Z,elea,0.1.1,ef66ed9,add,f2.bin,backend_store,5.844334,2097152,,Zstd,blake3
2,6,2026-03-11T12:19:24.792472Z,elea,0.1.1,ef66ed9,add,f5.bin,backend_store,5.96575,2097152,,Zstd,blake3
2,6,2026-03-11T12:19:24.792525Z,elea,0.1.1,ef66ed9,add,f4.bin,add_file_total,8.806625,2097152,,Zstd,blake3
2,6,2026-03-11T12:19:24.792559Z,elea,0.1.1,ef66ed9,add,f1.bin,backend_store,5.916333,2097152,,Zstd,blake3
2,6,2026-03-11T12:19:24.79317Z,elea,0.1.1,ef66ed9,add,f3.bin,add_file_total,9.481875,2097152,,Zstd,blake3
2,6,2026-03-11T12:19:24.793274Z,elea,0.1.1,ef66ed9,add,f2.bin,add_file_total,9.555333,2097152,,Zstd,blake3
2,6,2026-03-11T12:19:24.793308Z,elea,0.1.1,ef66ed9,add,f5.bin,add_file_total,9.598625,2097152,,Zstd,blake3
2,6,2026-03-11T12:19:24.793341Z,elea,0.1.1,ef66ed9,add,f1.bin,add_file_total,9.635125,2097152,,Zstd,blake3
2,6,2026-03-11T12:19:24.793388Z,elea,0.1.1,ef66ed9,add,,add_total,9.740250000000001,,5,Zstd,blake3
2,7,2026-03-11T12:19:24.843331Z,elea,0.1.1,ef66ed9,hash,f5.bin,hash,1.1774170000000002,2097152,,,blake3
2,7,2026-03-11T12:19:24.84334Z,elea,0.1.1,ef66ed9,hash,f2.bin,hash,1.186958,2097152,,,blake3
2,7,2026-03-11T12:19:24.84332Z,elea,0.1.1,ef66ed9,hash,f4.bin,hash,1.191333,2097152,,,blake3
2,7,2026-03-11T12:19:24.843283Z,elea,0.1.1,ef66ed9,hash,f1.bin,hash,1.19225,2097152,,,blake3
2,7,2026-03-11T12:19:24.843259Z,elea,0.1.1,ef66ed9,hash,f3.bin,hash,1.1464590000000001,2097152,,,blake3
2,7,2026-03-11T12:19:24.850842Z,elea,0.1.1,ef66ed9,add,f3.bin,backend_store,6.038916,2097152,,Zstd,blake3
2,7,2026-03-11T12:19:24.851036Z,elea,0.1.1,ef66ed9,add,f5.bin,backend_store,6.3266659999999995,2097152,,Zstd,blake3
2,7,2026-03-11T12:19:24.851074Z,elea,0.1.1,ef66ed9,add,f4.bin,backend_store,6.295042,2097152,,Zstd,blake3
2,7,2026-03-11T12:19:24.851082Z,elea,0.1.1,ef66ed9,add,f3.bin,add_file_total,8.97975,2097152,,Zstd,blake3
2,7,2026-03-11T12:19:24.85109Z,elea,0.1.1,ef66ed9,add,f2.bin,backend_store,6.3600829999999995,2097152,,Zstd,blake3
2,7,2026-03-11T12:19:24.851148Z,elea,0.1.1,ef66ed9,add,f1.bin,backend_store,6.3691249999999995,2097152,,Zstd,blake3
2,7,2026-03-11T12:19:24.851731Z,elea,0.1.1,ef66ed9,add,f5.bin,add_file_total,9.661332999999999,2097152,,Zstd,blake3
2,7,2026-03-11T12:19:24.85177Z,elea,0.1.1,ef66ed9,add,f4.bin,add_file_total,9.699333,2097152,,Zstd,blake3
2,7,2026-03-11T12:19:24.851804Z,elea,0.1.1,ef66ed9,add,f2.bin,add_file_total,9.732875,2097152,,Zstd,blake3
2,7,2026-03-11T12:19:24.851836Z,elea,0.1.1,ef66ed9,add,f1.bin,add_file_total,9.784374999999999,2097152,,Zstd,blake3
2,7,2026-03-11T12:19:24.851881Z,elea,0.1.1,ef66ed9,add,,add_total,9.856625000000001,,5,Zstd,blake3
2,8,2026-03-11T12:19:24.899558Z,elea,0.1.1,ef66ed9,hash,f1.bin,hash,1.177958,2097152,,,blake3
2,8,2026-03-11T12:19:24.899507Z,elea,0.1.1,ef66ed9,hash,f4.bin,hash,1.18075,2097152,,,blake3
2,8,2026-03-11T12:19:24.89955Z,elea,0.1.1,ef66ed9,hash,f2.bin,hash,1.187958,2097152,,,blake3
2,8,2026-03-11T12:19:24.899541Z,elea,0.1.1,ef66ed9,hash,f3.bin,hash,1.176459,2097152,,,blake3
2,8,2026-03-11T12:19:24.899475Z,elea,0.1.1,ef66ed9,hash,f5.bin,hash,1.13475,2097152,,,blake3
2,8,2026-03-11T12:19:24.906304Z,elea,0.1.1,ef66ed9,add,f1.bin,backend_store,5.467375,2097152,,Zstd,blake3
2,8,2026-03-11T12:19:24.906503Z,elea,0.1.1,ef66ed9,add,f1.bin,add_file_total,8.194292,2097152,,Zstd,blake3
2,8,2026-03-11T12:19:24.906704Z,elea,0.1.1,ef66ed9,add,f3.bin,backend_store,5.7749999999999995,2097152,,Zstd,blake3
2,8,2026-03-11T12:19:24.906801Z,elea,0.1.1,ef66ed9,add,f5.bin,backend_store,5.857374999999999,2097152,,Zstd,blake3
2,8,2026-03-11T12:19:24.906874Z,elea,0.1.1,ef66ed9,add,f3.bin,add_file_total,8.563958999999999,2097152,,Zstd,blake3
2,8,2026-03-11T12:19:24.906887Z,elea,0.1.1,ef66ed9,add,f2.bin,backend_store,5.98675,2097152,,Zstd,blake3
2,8,2026-03-11T12:19:24.906977Z,elea,0.1.1,ef66ed9,add,f4.bin,backend_store,6.129791,2097152,,Zstd,blake3
2,8,2026-03-11T12:19:24.90726Z,elea,0.1.1,ef66ed9,add,f5.bin,add_file_total,8.937792,2097152,,Zstd,blake3
2,8,2026-03-11T12:19:24.907469Z,elea,0.1.1,ef66ed9,add,f2.bin,add_file_total,9.160084000000001,2097152,,Zstd,blake3
2,8,2026-03-11T12:19:24.9075Z,elea,0.1.1,ef66ed9,add,f4.bin,add_file_total,9.211125000000001,2097152,,Zstd,blake3
2,8,2026-03-11T12:19:24.907541Z,elea,0.1.1,ef66ed9,add,,add_total,9.290125,,5,Zstd,blake3
2,9,2026-03-11T12:19:24.955429Z,elea,0.1.1,ef66ed9,hash,f4.bin,hash,1.1787919999999998,2097152,,,blake3
2,9,2026-03-11T12:19:24.955413Z,elea,0.1.1,ef66ed9,hash,f1.bin,hash,1.1464999999999999,2097152,,,blake3
2,9,2026-03-11T12:19:24.955403Z,elea,0.1.1,ef66ed9,hash,f3.bin,hash,1.1722080000000001,2097152,,,blake3
2,9,2026-03-11T12:19:24.955422Z,elea,0.1.1,ef66ed9,hash,f2.bin,hash,1.178708,2097152,,,blake3
2,9,2026-03-11T12:19:24.955391Z,elea,0.1.1,ef66ed9,hash,f5.bin,hash,1.1815829999999998,2097152,,,blake3
2,9,2026-03-11T12:19:24.962981Z,elea,0.1.1,ef66ed9,add,f5.bin,backend_store,6.127792,2097152,,Zstd,blake3
2,9,2026-03-11T12:19:24.963001Z,elea,0.1.1,ef66ed9,add,f1.bin,backend_store,6.165042,2097152,,Zstd,blake3
2,9,2026-03-11T12:19:24.963054Z,elea,0.1.1,ef66ed9,add,f3.bin,backend_store,6.208625,2097152,,Zstd,blake3
2,9,2026-03-11T12:19:24.963065Z,elea,0.1.1,ef66ed9,add,f4.bin,backend_store,6.268208,2097152,,Zstd,blake3
2,9,2026-03-11T12:19:24.96318Z,elea,0.1.1,ef66ed9,add,f2.bin,backend_store,6.239209,2097152,,Zstd,blake3
2,9,2026-03-11T12:19:24.963201Z,elea,0.1.1,ef66ed9,add,f5.bin,add_file_total,9.0175,2097152,,Zstd,blake3
2,9,2026-03-11T12:19:24.963865Z,elea,0.1.1,ef66ed9,add,f1.bin,add_file_total,9.648417,2097152,,Zstd,blake3
2,9,2026-03-11T12:19:24.963918Z,elea,0.1.1,ef66ed9,add,f4.bin,add_file_total,9.725917,2097152,,Zstd,blake3
2,9,2026-03-11T12:19:24.963952Z,elea,0.1.1,ef66ed9,add,f3.bin,add_file_total,9.762875000000001,2097152,,Zstd,blake3
2,9,2026-03-11T12:19:24.963992Z,elea,0.1.1,ef66ed9,add,f2.bin,add_file_total,9.801583,2097152,,Zstd,blake3
2,9,2026-03-11T12:19:24.964038Z,elea,0.1.1,ef66ed9,add,,add_total,9.911375,,5,Zstd,blake3
2,10,2026-03-11T12:19:25.010358Z,elea,0.1.1,ef66ed9,hash,f3.bin,hash,1.143167,2097152,,,blake3
2,10,2026-03-11T12:19:25.010389Z,elea,0.1.1,ef66ed9,hash,f2.bin,hash,1.182833,2097152,,,blake3
2,10,2026-03-11T12:19:25.010416Z,elea,0.1.1,ef66ed9,hash,f4.bin,hash,1.1804999999999999,2097152,,,blake3
2,10,2026-03-11T12:19:25.010406Z,elea,0.1.1,ef66ed9,hash,f5.bin,hash,1.178375,2097152,,,blake3
2,10,2026-03-11T12:19:25.010397Z,elea,0.1.1,ef66ed9,hash,f1.bin,hash,1.1945000000000001,2097152,,,blake3
2,10,2026-03-11T12:19:25.019365Z,elea,0.1.1,ef66ed9,add,f4.bin,backend_store,7.627415999999999,2097152,,Zstd,blake3
2,10,2026-03-11T12:19:25.019379Z,elea,0.1.1,ef66ed9,add,f2.bin,backend_store,7.6610000000000005,2097152,,Zstd,blake3
2,10,2026-03-11T12:19:25.019402Z,elea,0.1.1,ef66ed9,add,f3.bin,backend_store,7.7027090000000005,2097152,,Zstd,blake3
2,10,2026-03-11T12:19:25.019544Z,elea,0.1.1,ef66ed9,add,f5.bin,backend_store,7.73025,2097152,,Zstd,blake3
2,10,2026-03-11T12:19:25.019618Z,elea,0.1.1,ef66ed9,add,f4.bin,add_file_total,10.43475,2097152,,Zstd,blake3
2,10,2026-03-11T12:19:25.019789Z,elea,0.1.1,ef66ed9,add,f1.bin,backend_store,7.997166,2097152,,Zstd,blake3
2,10,2026-03-11T12:19:25.020154Z,elea,0.1.1,ef66ed9,add,f2.bin,add_file_total,10.975624999999999,2097152,,Zstd,blake3
2,10,2026-03-11T12:19:25.020259Z,elea,0.1.1,ef66ed9,add,f3.bin,add_file_total,11.059792,2097152,,Zstd,blake3
2,10,2026-03-11T12:19:25.020299Z,elea,0.1.1,ef66ed9,add,f5.bin,add_file_total,11.114042,2097152,,Zstd,blake3
2,10,2026-03-11T12:19:25.020338Z,elea,0.1.1,ef66ed9,add,f1.bin,add_file_total,11.180416000000001,2097152,,Zstd,blake3
2,10,2026-03-11T12:19:25.02038Z,elea,0.1.1,ef66ed9,add,,add_total,11.2555,,5,Zstd,blake3
2,11,2026-03-11T12:19:25.069316Z,elea,0.1.1,ef66ed9,hash,f2.bin,hash,1.180375,2097152,,,blake3
2,11,2026-03-11T12:19:25.069288Z,elea,0.1.1,ef66ed9,hash,f3.bin,hash,1.174333,2097152,,,blake3
2,11,2026-03-11T12:19:25.069325Z,elea,0.1.1,ef66ed9,hash,f1.bin,hash,1.181875,2097152,,,blake3
2,11,2026-03-11T12:19:25.069302Z,elea,0.1.1,ef66ed9,hash,f5.bin,hash,1.1442080000000001,2097152,,,blake3
2,11,2026-03-11T12:19:25.069281Z,elea,0.1.1,ef66ed9,hash,f4.bin,hash,1.175917,2097152,,,blake3
2,11,2026-03-11T12:19:25.076678Z,elea,0.1.1,ef66ed9,add,f1.bin,backend_store,5.827375,2097152,,Zstd,blake3
2,11,2026-03-11T12:19:25.076741Z,elea,0.1.1,ef66ed9,add,f2.bin,backend_store,5.928542,2097152,,Zstd,blake3
2,11,2026-03-11T12:19:25.076763Z,elea,0.1.1,ef66ed9,add,f4.bin,backend_store,5.822208,2097152,,Zstd,blake3
2,11,2026-03-11T12:19:25.076831Z,elea,0.1.1,ef66ed9,add,f3.bin,backend_store,6.010458,2097152,,Zstd,blake3
2,11,2026-03-11T12:19:25.076853Z,elea,0.1.1,ef66ed9,add,f1.bin,add_file_total,8.757042,2097152,,Zstd,blake3
2,11,2026-03-11T12:19:25.076869Z,elea,0.1.1,ef66ed9,add,f5.bin,backend_store,6.00075,2097152,,Zstd,blake3
2,11,2026-03-11T12:19:25.077484Z,elea,0.1.1,ef66ed9,add,f2.bin,add_file_total,9.391791999999999,2097152,,Zstd,blake3
2,11,2026-03-11T12:19:25.077593Z,elea,0.1.1,ef66ed9,add,f4.bin,add_file_total,9.519458,2097152,,Zstd,blake3
2,11,2026-03-11T12:19:25.077632Z,elea,0.1.1,ef66ed9,add,f3.bin,add_file_total,9.539499999999999,2097152,,Zstd,blake3
2,11,2026-03-11T12:19:25.077667Z,elea,0.1.1,ef66ed9,add,f5.bin,add_file_total,9.552334,2097152,,Zstd,blake3
2,11,2026-03-11T12:19:25.077715Z,elea,0.1.1,ef66ed9,add,,add_total,9.680708,,5,Zstd,blake3
2,12,2026-03-11T12:19:25.124176Z,elea,0.1.1,ef66ed9,hash,f1.bin,hash,1.176583,2097152,,,blake3
2,12,2026-03-11T12:19:25.124181Z,elea,0.1.1,ef66ed9,hash,f2.bin,hash,1.169125,2097152,,,blake3
2,12,2026-03-11T12:19:25.124154Z,elea,0.1.1,ef66ed9,hash,f3.bin,hash,1.172042,2097152,,,blake3
2,12,2026-03-11T12:19:25.124166Z,elea,0.1.1,ef66ed9,hash,f4.bin,hash,1.1381670000000002,2097152,,,blake3
2,12,2026-03-11T12:19:25.124139Z,elea,0.1.1,ef66ed9,hash,f5.bin,hash,1.179292,2097152,,,blake3
2,12,2026-03-11T12:19:25.130804Z,elea,0.1.1,ef66ed9,add,f2.bin,backend_store,5.26425,2097152,,Zstd,blake3
2,12,2026-03-11T12:19:25.130922Z,elea,0.1.1,ef66ed9,add,f1.bin,backend_store,5.401000000000001,2097152,,Zstd,blake3
2,12,2026-03-11T12:19:25.130932Z,elea,0.1.1,ef66ed9,add,f5.bin,backend_store,5.317208,2097152,,Zstd,blake3
2,12,2026-03-11T12:19:25.130964Z,elea,0.1.1,ef66ed9,add,f2.bin,add_file_total,7.9944999999999995,2097152,,Zstd,blake3
2,12,2026-03-11T12:19:25.131005Z,elea,0.1.1,ef66ed9,add,f3.bin,backend_store,5.448125,2097152,,Zstd,blake3
2,12,2026-03-11T12:19:25.131018Z,elea,0.1.1,ef66ed9,add,f4.bin,backend_store,5.383666,2097152,,Zstd,blake3
2,12,2026-03-11T12:19:25.131717Z,elea,0.1.1,ef66ed9,add,f1.bin,add_file_total,8.7675,2097152,,Zstd,blake3
2,12,2026-03-11T12:19:25.131761Z,elea,0.1.1,ef66ed9,add,f5.bin,add_file_total,8.83975,2097152,,Zstd,blake3
2,12,2026-03-11T12:19:25.131798Z,elea,0.1.1,ef66ed9,add,f3.bin,add_file_total,8.852084,2097152,,Zstd,blake3
2,12,2026-03-11T12:19:25.131837Z,elea,0.1.1,ef66ed9,add,f4.bin,add_file_total,8.868833,2097152,,Zstd,blake3
2,12,2026-03-11T12:19:25.131888Z,elea,0.1.1,ef66ed9,add,,add_total,8.998417,,5,Zstd,blake3
2,13,2026-03-11T12:19:25.179247Z,elea,0.1.1,ef66ed9,hash,f3.bin,hash,1.1737080000000002,2097152,,,blake3
2,13,2026-03-11T12:19:25.179229Z,elea,0.1.1,ef66ed9,hash,f1.bin,hash,1.185875,2097152,,,blake3
2,13,2026-03-11T12:19:25.179315Z,elea,0.1.1,ef66ed9,hash,f4.bin,hash,1.23125,2097152,,,blake3
2,13,2026-03-11T12:19:25.17924Z,elea,0.1.1,ef66ed9,hash,f2.bin,hash,1.1839579999999998,2097152,,,blake3
2,13,2026-03-11T12:19:25.179219Z,elea,0.1.1,ef66ed9,hash,f5.bin,hash,1.17275,2097152,,,blake3
2,13,2026-03-11T12:19:25.186838Z,elea,0.1.1,ef66ed9,add,f5.bin,backend_store,6.036125,2097152,,Zstd,blake3
2,13,2026-03-11T12:19:25.186929Z,elea,0.1.1,ef66ed9,add,f4.bin,backend_store,6.173292,2097152,,Zstd,blake3
2,13,2026-03-11T12:19:25.186991Z,elea,0.1.1,ef66ed9,add,f3.bin,backend_store,6.266667,2097152,,Zstd,blake3
2,13,2026-03-11T12:19:25.187001Z,elea,0.1.1,ef66ed9,add,f5.bin,add_file_total,8.968083,2097152,,Zstd,blake3
2,13,2026-03-11T12:19:25.187009Z,elea,0.1.1,ef66ed9,add,f1.bin,backend_store,6.265834,2097152,,Zstd,blake3
2,13,2026-03-11T12:19:25.187078Z,elea,0.1.1,ef66ed9,add,f2.bin,backend_store,6.237209,2097152,,Zstd,blake3
2,13,2026-03-11T12:19:25.18778Z,elea,0.1.1,ef66ed9,add,f4.bin,add_file_total,9.737375,2097152,,Zstd,blake3
2,13,2026-03-11T12:19:25.187829Z,elea,0.1.1,ef66ed9,add,f3.bin,add_file_total,9.787709,2097152,,Zstd,blake3
2,13,2026-03-11T12:19:25.187868Z,elea,0.1.1,ef66ed9,add,f1.bin,add_file_total,9.867125,2097152,,Zstd,blake3
2,13,2026-03-11T12:19:25.187897Z,elea,0.1.1,ef66ed9,add,f2.bin,add_file_total,9.865416,2097152,,Zstd,blake3
2,13,2026-03-11T12:19:25.187942Z,elea,0.1.1,ef66ed9,add,,add_total,9.971833,,5,Zstd,blake3
2,14,2026-03-11T12:19:25.234992Z,elea,0.1.1,ef66ed9,hash,f4.bin,hash,1.15025,2097152,,,blake3
2,14,2026-03-11T12:19:25.234981Z,elea,0.1.1,ef66ed9,hash,f1.bin,hash,1.184167,2097152,,,blake3
2,14,2026-03-11T12:19:25.234971Z,elea,0.1.1,ef66ed9,hash,f5.bin,hash,1.173416,2097152,,,blake3
2,14,2026-03-11T12:19:25.235003Z,elea,0.1.1,ef66ed9,hash,f2.bin,hash,1.187333,2097152,,,blake3
2,14,2026-03-11T12:19:25.234961Z,elea,0.1.1,ef66ed9,hash,f3.bin,hash,1.18025,2097152,,,blake3
2,14,2026-03-11T12:19:25.241714Z,elea,0.1.1,ef66ed9,add,f4.bin,backend_store,5.272083,2097152,,Zstd,blake3
2,14,2026-03-11T12:19:25.241933Z,elea,0.1.1,ef66ed9,add,f4.bin,add_file_total,8.175208,2097152,,Zstd,blake3
2,14,2026-03-11T12:19:25.242006Z,elea,0.1.1,ef66ed9,add,f1.bin,backend_store,5.557167,2097152,,Zstd,blake3
2,14,2026-03-11T12:19:25.242023Z,elea,0.1.1,ef66ed9,add,f2.bin,backend_store,5.500375,2097152,,Zstd,blake3
2,14,2026-03-11T12:19:25.242043Z,elea,0.1.1,ef66ed9,add,f5.bin,backend_store,5.526541,2097152,,Zstd,blake3
2,14,2026-03-11T12:19:25.242111Z,elea,0.1.1,ef66ed9,add,f3.bin,backend_store,5.5835,2097152,,Zstd,blake3
2,14,2026-03-11T12:19:25.242614Z,elea,0.1.1,ef66ed9,add,f1.bin,add_file_total,8.850208,2097152,,Zstd,blake3
2,14,2026-03-11T12:19:25.242715Z,elea,0.1.1,ef66ed9,add,f2.bin,add_file_total,8.949917,2097152,,Zstd,blake3
2,14,2026-03-11T12:19:25.24275Z,elea,0.1.1,ef66ed9,add,f5.bin,add_file_total,8.974209,2097152,,Zstd,blake3
2,14,2026-03-11T12:19:25.24279Z,elea,0.1.1,ef66ed9,add,f3.bin,add_file_total,9.047208,2097152,,Zstd,blake3
2,14,2026-03-11T12:19:25.242833Z,elea,0.1.1,ef66ed9,add,,add_total,9.129875,,5,Zstd,blake3
2,15,2026-03-11T12:19:25.290533Z,elea,0.1.1,ef66ed9,hash,f2.bin,hash,1.180959,2097152,,,blake3
2,15,2026-03-11T12:19:25.290486Z,elea,0.1.1,ef66ed9,hash,f5.bin,hash,1.1624999999999999,2097152,,,blake3
2,15,2026-03-11T12:19:25.290502Z,elea,0.1.1,ef66ed9,hash,f1.bin,hash,1.1919579999999999,2097152,,,blake3
2,15,2026-03-11T12:19:25.290525Z,elea,0.1.1,ef66ed9,hash,f3.bin,hash,1.188417,2097152,,,blake3
2,15,2026-03-11T12:19:25.290477Z,elea,0.1.1,ef66ed9,hash,f4.bin,hash,1.175459,2097152,,,blake3
2,15,2026-03-11T12:19:25.297404Z,elea,0.1.1,ef66ed9,add,f2.bin,backend_store,5.765125,2097152,,Zstd,blake3
2,15,2026-03-11T12:19:25.297447Z,elea,0.1.1,ef66ed9,add,f4.bin,backend_store,5.679666,2097152,,Zstd,blake3
2,15,2026-03-11T12:19:25.297539Z,elea,0.1.1,ef66ed9,add,f1.bin,backend_store,5.86725,2097152,,Zstd,blake3
2,15,2026-03-11T12:19:25.297556Z,elea,0.1.1,ef66ed9,add,f5.bin,backend_store,5.907125,2097152,,Zstd,blake3
2,15,2026-03-11T12:19:25.297596Z,elea,0.1.1,ef66ed9,add,f2.bin,add_file_total,8.323458,2097152,,Zstd,blake3
2,15,2026-03-11T12:19:25.297636Z,elea,0.1.1,ef66ed9,add,f3.bin,backend_store,5.940792,2097152,,Zstd,blake3
2,15,2026-03-11T12:19:25.298297Z,elea,0.1.1,ef66ed9,add,f4.bin,add_file_total,9.029917,2097152,,Zstd,blake3
2,15,2026-03-11T12:19:25.298339Z,elea,0.1.1,ef66ed9,add,f1.bin,add_file_total,9.070917,2097152,,Zstd,blake3
2,15,2026-03-11T12:19:25.298378Z,elea,0.1.1,ef66ed9,add,f5.bin,add_file_total,9.072541,2097152,,Zstd,blake3
2,15,2026-03-11T12:19:25.298417Z,elea,0.1.1,ef66ed9,add,f3.bin,add_file_total,9.113,2097152,,Zstd,blake3
2,15,2026-03-11T12:19:25.298472Z,elea,0.1.1,ef66ed9,add,,add_total,9.246667,,5,Zstd,blake3
2,16,2026-03-11T12:19:25.356644Z,elea,0.1.1,ef66ed9,hash,f3.bin,hash,1.211375,2097152,,,blake3
2,16,2026-03-11T12:19:25.356635Z,elea,0.1.1,ef66ed9,hash,f4.bin,hash,1.232917,2097152,,,blake3
2,16,2026-03-11T12:19:25.356664Z,elea,0.1.1,ef66ed9,hash,f5.bin,hash,1.2443330000000001,2097152,,,blake3
2,16,2026-03-11T12:19:25.356656Z,elea,0.1.1,ef66ed9,hash,f1.bin,hash,1.215833,2097152,,,blake3
2,16,2026-03-11T12:19:25.356616Z,elea,0.1.1,ef66ed9,hash,f2.bin,hash,1.204458,2097152,,,blake3
2,16,2026-03-11T12:19:25.36698Z,elea,0.1.1,ef66ed9,add,f3.bin,backend_store,8.91625,2097152,,Zstd,blake3
2,16,2026-03-11T12:19:25.367291Z,elea,0.1.1,ef66ed9,add,f1.bin,backend_store,9.144917000000001,2097152,,Zstd,blake3
2,16,2026-03-11T12:19:25.367403Z,elea,0.1.1,ef66ed9,add,f3.bin,add_file_total,12.068042,2097152,,Zstd,blake3
2,16,2026-03-11T12:19:25.367573Z,elea,0.1.1,ef66ed9,add,f1.bin,add_file_total,12.240041999999999,2097152,,Zstd,blake3
2,16,2026-03-11T12:19:25.367588Z,elea,0.1.1,ef66ed9,add,f5.bin,backend_store,9.471375,2097152,,Zstd,blake3
2,16,2026-03-11T12:19:25.367665Z,elea,0.1.1,ef66ed9,add,f2.bin,backend_store,9.452708000000001,2097152,,Zstd,blake3
2,16,2026-03-11T12:19:25.367682Z,elea,0.1.1,ef66ed9,add,f4.bin,backend_store,9.605708,2097152,,Zstd,blake3
2,16,2026-03-11T12:19:25.368078Z,elea,0.1.1,ef66ed9,add,f5.bin,add_file_total,12.7515,2097152,,Zstd,blake3
2,16,2026-03-11T12:19:25.368119Z,elea,0.1.1,ef66ed9,add,f2.bin,add_file_total,12.789417,2097152,,Zstd,blake3
2,16,2026-03-11T12:19:25.368172Z,elea,0.1.1,ef66ed9,add,f4.bin,add_file_total,12.845625,2097152,,Zstd,blake3
2,16,2026-03-11T12:19:25.368222Z,elea,0.1.1,ef66ed9,add,,add_total,12.960709000000001,,5,Zstd,blake3
2,17,2026-03-11T12:19:25.421981Z,elea,0.1.1,ef66ed9,hash,f2.bin,hash,1.1984579999999998,2097152,,,blake3
2,17,2026-03-11T12:19:25.421925Z,elea,0.1.1,ef66ed9,hash,f5.bin,hash,1.171958,2097152,,,blake3
2,17,2026-03-11T12:19:25.421989Z,elea,0.1.1,ef66ed9,hash,f1.bin,hash,1.187875,2097152,,,blake3
2,17,2026-03-11T12:19:25.421968Z,elea,0.1.1,ef66ed9,hash,f3.bin,hash,1.213584,2097152,,,blake3
2,17,2026-03-11T12:19:25.421955Z,elea,0.1.1,ef66ed9,hash,f4.bin,hash,1.186875,2097152,,,blake3
2,17,2026-03-11T12:19:25.430227Z,elea,0.1.1,ef66ed9,add,f4.bin,backend_store,6.749625,2097152,,Zstd,blake3
2,17,2026-03-11T12:19:25.430242Z,elea,0.1.1,ef66ed9,add,f3.bin,backend_store,6.82175,2097152,,Zstd,blake3
2,17,2026-03-11T12:19:25.430286Z,elea,0.1.1,ef66ed9,add,f2.bin,backend_store,6.926667,2097152,,Zstd,blake3
2,17,2026-03-11T12:19:25.430369Z,elea,0.1.1,ef66ed9,add,f5.bin,backend_store,6.9775,2097152,,Zstd,blake3
2,17,2026-03-11T12:19:25.430396Z,elea,0.1.1,ef66ed9,add,f1.bin,backend_store,6.998125,2097152,,Zstd,blake3
2,17,2026-03-11T12:19:25.430571Z,elea,0.1.1,ef66ed9,add,f3.bin,add_file_total,9.866333,2097152,,Zstd,blake3
2,17,2026-03-11T12:19:25.431071Z,elea,0.1.1,ef66ed9,add,f4.bin,add_file_total,10.339708,2097152,,Zstd,blake3
2,17,2026-03-11T12:19:25.431126Z,elea,0.1.1,ef66ed9,add,f2.bin,add_file_total,10.392625,2097152,,Zstd,blake3
2,17,2026-03-11T12:19:25.431167Z,elea,0.1.1,ef66ed9,add,f5.bin,add_file_total,10.439334,2097152,,Zstd,blake3
2,17,2026-03-11T12:19:25.43121Z,elea,0.1.1,ef66ed9,add,f1.bin,add_file_total,10.466209000000001,2097152,,Zstd,blake3
2,17,2026-03-11T12:19:25.431273Z,elea,0.1.1,ef66ed9,add,,add_total,10.593041,,5,Zstd,blake3
2,18,2026-03-11T12:19:25.484137Z,elea,0.1.1,ef66ed9,hash,f5.bin,hash,1.2055,2097152,,,blake3
2,18,2026-03-11T12:19:25.484092Z,elea,0.1.1,ef66ed9,hash,f1.bin,hash,1.2175829999999999,2097152,,,blake3
2,18,2026-03-11T12:19:25.484118Z,elea,0.1.1,ef66ed9,hash,f4.bin,hash,1.211708,2097152,,,blake3
2,18,2026-03-11T12:19:25.484075Z,elea,0.1.1,ef66ed9,hash,f3.bin,hash,1.180917,2097152,,,blake3
2,18,2026-03-11T12:19:25.48413Z,elea,0.1.1,ef66ed9,hash,f2.bin,hash,1.210083,2097152,,,blake3
2,18,2026-03-11T12:19:25.490444Z,elea,0.1.1,ef66ed9,add,f2.bin,backend_store,4.799541,2097152,,Zstd,blake3
2,18,2026-03-11T12:19:25.490528Z,elea,0.1.1,ef66ed9,add,f4.bin,backend_store,4.9361250000000005,2097152,,Zstd,blake3
2,18,2026-03-11T12:19:25.490619Z,elea,0.1.1,ef66ed9,add,f3.bin,backend_store,4.96975,2097152,,Zstd,blake3
2,18,2026-03-11T12:19:25.490635Z,elea,0.1.1,ef66ed9,add,f1.bin,backend_store,5.068541000000001,2097152,,Zstd,blake3
2,18,2026-03-11T12:19:25.490676Z,elea,0.1.1,ef66ed9,add,f2.bin,add_file_total,7.8212090000000005,2097152,,Zstd,blake3
2,18,2026-03-11T12:19:25.490731Z,elea,0.1.1,ef66ed9,add,f5.bin,backend_store,5.187125,2097152,,Zstd,blake3
2,18,2026-03-11T12:19:25.491381Z,elea,0.1.1,ef66ed9,add,f4.bin,add_file_total,8.530833,2097152,,Zstd,blake3
2,18,2026-03-11T12:19:25.491431Z,elea,0.1.1,ef66ed9,add,f3.bin,add_file_total,8.560666999999999,2097152,,Zstd,blake3
2,18,2026-03-11T12:19:25.491484Z,elea,0.1.1,ef66ed9,add,f1.bin,add_file_total,8.645375,2097152,,Zstd,blake3
2,18,2026-03-11T12:19:25.49152Z,elea,0.1.1,ef66ed9,add,f5.bin,add_file_total,8.673459,2097152,,Zstd,blake3
2,18,2026-03-11T12:19:25.491582Z,elea,0.1.1,ef66ed9,add,,add_total,8.781417,,5,Zstd,blake3
2,19,2026-03-11T12:19:25.543214Z,elea,0.1.1,ef66ed9,hash,f4.bin,hash,1.192417,2097152,,,blake3
2,19,2026-03-11T12:19:25.543224Z,elea,0.1.1,ef66ed9,hash,f1.bin,hash,1.232459,2097152,,,blake3
2,19,2026-03-11T12:19:25.543231Z,elea,0.1.1,ef66ed9,hash,f2.bin,hash,1.213791,2097152,,,blake3
2,19,2026-03-11T12:19:25.543198Z,elea,0.1.1,ef66ed9,hash,f5.bin,hash,1.1743750000000002,2097152,,,blake3
2,19,2026-03-11T12:19:25.543183Z,elea,0.1.1,ef66ed9,hash,f3.bin,hash,1.233541,2097152,,,blake3
2,19,2026-03-11T12:19:25.549888Z,elea,0.1.1,ef66ed9,add,f2.bin,backend_store,4.924792,2097152,,Zstd,blake3
2,19,2026-03-11T12:19:25.550039Z,elea,0.1.1,ef66ed9,add,f5.bin,backend_store,5.027625,2097152,,Zstd,blake3
2,19,2026-03-11T12:19:25.55013Z,elea,0.1.1,ef66ed9,add,f2.bin,add_file_total,8.226374999999999,2097152,,Zstd,blake3
2,19,2026-03-11T12:19:25.550219Z,elea,0.1.1,ef66ed9,add,f5.bin,add_file_total,8.314333999999999,2097152,,Zstd,blake3
2,19,2026-03-11T12:19:25.550277Z,elea,0.1.1,ef66ed9,add,f3.bin,backend_store,5.214084,2097152,,Zstd,blake3
2,19,2026-03-11T12:19:25.550419Z,elea,0.1.1,ef66ed9,add,f1.bin,backend_store,5.417667,2097152,,Zstd,blake3
2,19,2026-03-11T12:19:25.550424Z,elea,0.1.1,ef66ed9,add,f3.bin,add_file_total,8.535292,2097152,,Zstd,blake3
2,19,2026-03-11T12:19:25.550475Z,elea,0.1.1,ef66ed9,add,f4.bin,backend_store,5.532875,2097152,,Zstd,blake3
2,19,2026-03-11T12:19:25.550821Z,elea,0.1.1,ef66ed9,add,f1.bin,add_file_total,8.924083,2097152,,Zstd,blake3
2,19,2026-03-11T12:19:25.550861Z,elea,0.1.1,ef66ed9,add,f4.bin,add_file_total,8.959167,2097152,,Zstd,blake3
2,19,2026-03-11T12:19:25.550913Z,elea,0.1.1,ef66ed9,add,,add_total,9.071584000000001,,5,Zstd,blake3
2,20,2026-03-11T12:19:25.603737Z,elea,0.1.1,ef66ed9,hash,f5.bin,hash,1.1783329999999999,2097152,,,blake3
2,20,2026-03-11T12:19:25.603727Z,elea,0.1.1,ef66ed9,hash,f1.bin,hash,1.194709,2097152,,,blake3
2,20,2026-03-11T12:19:25.603719Z,elea,0.1.1,ef66ed9,hash,f3.bin,hash,1.196791,2097152,,,blake3
2,20,2026-03-11T12:19:25.603683Z,elea,0.1.1,ef66ed9,hash,f4.bin,hash,1.1916660000000001,2097152,,,blake3
2,20,2026-03-11T12:19:25.603669Z,elea,0.1.1,ef66ed9,hash,f2.bin,hash,1.1615410000000002,2097152,,,blake3
2,20,2026-03-11T12:19:25.609713Z,elea,0.1.1,ef66ed9,add,f5.bin,backend_store,4.530125,2097152,,Zstd,blake3
2,20,2026-03-11T12:19:25.609984Z,elea,0.1.1,ef66ed9,add,f3.bin,backend_store,4.766541,2097152,,Zstd,blake3
2,20,2026-03-11T12:19:25.609992Z,elea,0.1.1,ef66ed9,add,f5.bin,add_file_total,7.512333000000001,2097152,,Zstd,blake3
2,20,2026-03-11T12:19:25.610042Z,elea,0.1.1,ef66ed9,add,f4.bin,backend_store,4.741209,2097152,,Zstd,blake3
2,20,2026-03-11T12:19:25.610108Z,elea,0.1.1,ef66ed9,add,f2.bin,backend_store,4.82425,2097152,,Zstd,blake3
2,20,2026-03-11T12:19:25.610186Z,elea,0.1.1,ef66ed9,add,f1.bin,backend_store,5.000166999999999,2097152,,Zstd,blake3
2,20,2026-03-11T12:19:25.610394Z,elea,0.1.1,ef66ed9,add,f3.bin,add_file_total,7.9242919999999994,2097152,,Zstd,blake3
2,20,2026-03-11T12:19:25.610725Z,elea,0.1.1,ef66ed9,add,f4.bin,add_file_total,8.271583000000001,2097152,,Zstd,blake3
2,20,2026-03-11T12:19:25.610788Z,elea,0.1.1,ef66ed9,add,f2.bin,add_file_total,8.303458,2097152,,Zstd,blake3
2,20,2026-03-11T12:19:25.61083Z,elea,0.1.1,ef66ed9,add,f1.bin,add_file_total,8.348208,2097152,,Zstd,blake3
2,20,2026-03-11T12:19:25.610883Z,elea,0.1.1,ef66ed9,add,,add_total,8.465125,,5,Zstd,blake3
2,21,2026-03-11T12:19:25.65809Z,elea,0.1.1,ef66ed9,hash,f5.bin,hash,1.1648749999999999,2097152,,,blake3
2,21,2026-03-11T12:19:25.658118Z,elea,0.1.1,ef66ed9,hash,f1.bin,hash,1.17875,2097152,,,blake3
2,21,2026-03-11T12:19:25.658111Z,elea,0.1.1,ef66ed9,hash,f2.bin,hash,1.168708,2097152,,,blake3
2,21,2026-03-11T12:19:25.658078Z,elea,0.1.1,ef66ed9,hash,f4.bin,hash,1.174209,2097152,,,blake3
2,21,2026-03-11T12:19:25.658099Z,elea,0.1.1,ef66ed9,hash,f3.bin,hash,1.1334579999999999,2097152,,,blake3
2,21,2026-03-11T12:19:25.664423Z,elea,0.1.1,ef66ed9,add,f5.bin,backend_store,4.979208,2097152,,Zstd,blake3
2,21,2026-03-11T12:19:25.664446Z,elea,0.1.1,ef66ed9,add,f4.bin,backend_store,4.962625,2097152,,Zstd,blake3
2,21,2026-03-11T12:19:25.664531Z,elea,0.1.1,ef66ed9,add,f1.bin,backend_store,5.080667,2097152,,Zstd,blake3
2,21,2026-03-11T12:19:25.664559Z,elea,0.1.1,ef66ed9,add,f2.bin,backend_store,5.0875,2097152,,Zstd,blake3
2,21,2026-03-11T12:19:25.664589Z,elea,0.1.1,ef66ed9,add,f5.bin,add_file_total,7.70775,2097152,,Zstd,blake3
2,21,2026-03-11T12:19:25.664627Z,elea,0.1.1,ef66ed9,add,f3.bin,backend_store,5.031625,2097152,,Zstd,blake3
2,21,2026-03-11T12:19:25.66523Z,elea,0.1.1,ef66ed9,add,f4.bin,add_file_total,8.357916999999999,2097152,,Zstd,blake3
2,21,2026-03-11T12:19:25.665338Z,elea,0.1.1,ef66ed9,add,f1.bin,add_file_total,8.446499999999999,2097152,,Zstd,blake3
2,21,2026-03-11T12:19:25.665372Z,elea,0.1.1,ef66ed9,add,f2.bin,add_file_total,8.484125,2097152,,Zstd,blake3
2,21,2026-03-11T12:19:25.665408Z,elea,0.1.1,ef66ed9,add,f3.bin,add_file_total,8.501292000000001,2097152,,Zstd,blake3
2,21,2026-03-11T12:19:25.665462Z,elea,0.1.1,ef66ed9,add,,add_total,8.636125,,5,Zstd,blake3
2,22,2026-03-11T12:19:25.71357Z,elea,0.1.1,ef66ed9,hash,f2.bin,hash,1.1864160000000001,2097152,,,blake3
2,22,2026-03-11T12:19:25.713542Z,elea,0.1.1,ef66ed9,hash,f5.bin,hash,1.131917,2097152,,,blake3
2,22,2026-03-11T12:19:25.713562Z,elea,0.1.1,ef66ed9,hash,f1.bin,hash,1.180166,2097152,,,blake3
2,22,2026-03-11T12:19:25.713553Z,elea,0.1.1,ef66ed9,hash,f4.bin,hash,1.1793339999999999,2097152,,,blake3
2,22,2026-03-11T12:19:25.713523Z,elea,0.1.1,ef66ed9,hash,f3.bin,hash,1.17925,2097152,,,blake3
2,22,2026-03-11T12:19:25.719771Z,elea,0.1.1,ef66ed9,add,f2.bin,backend_store,4.8205,2097152,,Zstd,blake3
2,22,2026-03-11T12:19:25.719764Z,elea,0.1.1,ef66ed9,add,f5.bin,backend_store,4.802875,2097152,,Zstd,blake3
2,22,2026-03-11T12:19:25.719951Z,elea,0.1.1,ef66ed9,add,f3.bin,backend_store,4.904125,2097152,,Zstd,blake3
2,22,2026-03-11T12:19:25.719957Z,elea,0.1.1,ef66ed9,add,f2.bin,add_file_total,7.636208,2097152,,Zstd,blake3
2,22,2026-03-11T12:19:25.719976Z,elea,0.1.1,ef66ed9,add,f1.bin,backend_store,4.993417,2097152,,Zstd,blake3
2,22,2026-03-11T12:19:25.720004Z,elea,0.1.1,ef66ed9,add,f4.bin,backend_store,4.9374579999999995,2097152,,Zstd,blake3
2,22,2026-03-11T12:19:25.720646Z,elea,0.1.1,ef66ed9,add,f5.bin,add_file_total,8.273834,2097152,,Zstd,blake3
2,22,2026-03-11T12:19:25.720692Z,elea,0.1.1,ef66ed9,add,f3.bin,add_file_total,8.387375,2097152,,Zstd,blake3
2,22,2026-03-11T12:19:25.720729Z,elea,0.1.1,ef66ed9,add,f1.bin,add_file_total,8.413083,2097152,,Zstd,blake3
2,22,2026-03-11T12:19:25.720757Z,elea,0.1.1,ef66ed9,add,f4.bin,add_file_total,8.43825,2097152,,Zstd,blake3
2,22,2026-03-11T12:19:25.720805Z,elea,0.1.1,ef66ed9,add,,add_total,8.533917,,5,Zstd,blake3
2,23,2026-03-11T12:19:25.768486Z,elea,0.1.1,ef66ed9,hash,f2.bin,hash,1.183209,2097152,,,blake3
2,23,2026-03-11T12:19:25.76847Z,elea,0.1.1,ef66ed9,hash,f3.bin,hash,1.182416,2097152,,,blake3
2,23,2026-03-11T12:19:25.768461Z,elea,0.1.1,ef66ed9,hash,f1.bin,hash,1.189625,2097152,,,blake3
2,23,2026-03-11T12:19:25.768478Z,elea,0.1.1,ef66ed9,hash,f5.bin,hash,1.1733749999999998,2097152,,,blake3
2,23,2026-03-11T12:19:25.768449Z,elea,0.1.1,ef66ed9,hash,f4.bin,hash,1.125125,2097152,,,blake3
2,23,2026-03-11T12:19:25.774907Z,elea,0.1.1,ef66ed9,add,f5.bin,backend_store,4.7915,2097152,,Zstd,blake3
2,23,2026-03-11T12:19:25.77493Z,elea,0.1.1,ef66ed9,add,f3.bin,backend_store,4.862292,2097152,,Zstd,blake3
2,23,2026-03-11T12:19:25.775097Z,elea,0.1.1,ef66ed9,add,f5.bin,add_file_total,7.859625,2097152,,Zstd,blake3
2,23,2026-03-11T12:19:25.775118Z,elea,0.1.1,ef66ed9,add,f2.bin,backend_store,5.062708,2097152,,Zstd,blake3
2,23,2026-03-11T12:19:25.77519Z,elea,0.1.1,ef66ed9,add,f4.bin,backend_store,4.989584,2097152,,Zstd,blake3
2,23,2026-03-11T12:19:25.775286Z,elea,0.1.1,ef66ed9,add,f1.bin,backend_store,5.198291,2097152,,Zstd,blake3
2,23,2026-03-11T12:19:25.775576Z,elea,0.1.1,ef66ed9,add,f3.bin,add_file_total,8.340125,2097152,,Zstd,blake3
2,23,2026-03-11T12:19:25.777985Z,elea,0.1.1,ef66ed9,add,f2.bin,add_file_total,10.749125,2097152,,Zstd,blake3
2,23,2026-03-11T12:19:25.778019Z,elea,0.1.1,ef66ed9,add,f4.bin,add_file_total,10.71975,2097152,,Zstd,blake3
2,23,2026-03-11T12:19:25.778053Z,elea,0.1.1,ef66ed9,add,f1.bin,add_file_total,10.831,2097152,,Zstd,blake3
2,23,2026-03-11T12:19:25.778099Z,elea,0.1.1,ef66ed9,add,,add_total,10.904666,,5,Zstd,blake3
2,24,2026-03-11T12:19:25.829724Z,elea,0.1.1,ef66ed9,hash,f1.bin,hash,1.178,2097152,,,blake3
2,24,2026-03-11T12:19:25.829736Z,elea,0.1.1,ef66ed9,hash,f3.bin,hash,1.1376249999999999,2097152,,,blake3
2,24,2026-03-11T12:19:25.829716Z,elea,0.1.1,ef66ed9,hash,f4.bin,hash,1.178917,2097152,,,blake3
2,24,2026-03-11T12:19:25.829689Z,elea,0.1.1,ef66ed9,hash,f5.bin,hash,1.1675,2097152,,,blake3
2,24,2026-03-11T12:19:25.829705Z,elea,0.1.1,ef66ed9,hash,f2.bin,hash,1.190375,2097152,,,blake3
2,24,2026-03-11T12:19:25.83552Z,elea,0.1.1,ef66ed9,add,f3.bin,backend_store,4.4968330000000005,2097152,,Zstd,blake3
2,24,2026-03-11T12:19:25.835728Z,elea,0.1.1,ef66ed9,add,f3.bin,add_file_total,7.2372499999999995,2097152,,Zstd,blake3
2,24,2026-03-11T12:19:25.835884Z,elea,0.1.1,ef66ed9,add,f4.bin,backend_store,4.785374999999999,2097152,,Zstd,blake3
2,24,2026-03-11T12:19:25.836047Z,elea,0.1.1,ef66ed9,add,f2.bin,backend_store,4.897791000000001,2097152,,Zstd,blake3
2,24,2026-03-11T12:19:25.836054Z,elea,0.1.1,ef66ed9,add,f4.bin,add_file_total,7.56975,2097152,,Zstd,blake3
2,24,2026-03-11T12:19:25.836091Z,elea,0.1.1,ef66ed9,add,f1.bin,backend_store,5.084791,2097152,,Zstd,blake3
2,24,2026-03-11T12:19:25.836175Z,elea,0.1.1,ef66ed9,add,f5.bin,backend_store,5.085792,2097152,,Zstd,blake3
2,24,2026-03-11T12:19:25.836503Z,elea,0.1.1,ef66ed9,add,f2.bin,add_file_total,8.033625,2097152,,Zstd,blake3
2,24,2026-03-11T12:19:25.836652Z,elea,0.1.1,ef66ed9,add,f1.bin,add_file_total,8.173708,2097152,,Zstd,blake3
2,24,2026-03-11T12:19:25.836687Z,elea,0.1.1,ef66ed9,add,f5.bin,add_file_total,8.213042,2097152,,Zstd,blake3
2,24,2026-03-11T12:19:25.836739Z,elea,0.1.1,ef66ed9,add,,add_total,8.310791,,5,Zstd,blake3
2,25,2026-03-11T12:19:25.884814Z,elea,0.1.1,ef66ed9,hash,f1.bin,hash,1.148541,2097152,,,blake3
2,25,2026-03-11T12:19:25.88482Z,elea,0.1.1,ef66ed9,hash,f2.bin,hash,1.196875,2097152,,,blake3
2,25,2026-03-11T12:19:25.884805Z,elea,0.1.1,ef66ed9,hash,f5.bin,hash,1.171875,2097152,,,blake3
2,25,2026-03-11T12:19:25.884776Z,elea,0.1.1,ef66ed9,hash,f4.bin,hash,1.174125,2097152,,,blake3
2,25,2026-03-11T12:19:25.884796Z,elea,0.1.1,ef66ed9,hash,f3.bin,hash,1.1783329999999999,2097152,,,blake3
2,25,2026-03-11T12:19:25.891003Z,elea,0.1.1,ef66ed9,add,f5.bin,backend_store,4.756208,2097152,,Zstd,blake3
2,25,2026-03-11T12:19:25.891054Z,elea,0.1.1,ef66ed9,add,f3.bin,backend_store,4.836125,2097152,,Zstd,blake3
2,25,2026-03-11T12:19:25.891196Z,elea,0.1.1,ef66ed9,add,f5.bin,add_file_total,7.612333,2097152,,Zstd,blake3
2,25,2026-03-11T12:19:25.891201Z,elea,0.1.1,ef66ed9,add,f2.bin,backend_store,4.9139170000000005,2097152,,Zstd,blake3
2,25,2026-03-11T12:19:25.891214Z,elea,0.1.1,ef66ed9,add,f1.bin,backend_store,5.0033330000000005,2097152,,Zstd,blake3
2,25,2026-03-11T12:19:25.891234Z,elea,0.1.1,ef66ed9,add,f4.bin,backend_store,4.9058340000000005,2097152,,Zstd,blake3
2,25,2026-03-11T12:19:25.893798Z,elea,0.1.1,ef66ed9,add,f3.bin,add_file_total,10.211958000000001,2097152,,Zstd,blake3
2,25,2026-03-11T12:19:25.893826Z,elea,0.1.1,ef66ed9,add,f1.bin,add_file_total,10.188958,2097152,,Zstd,blake3
2,25,2026-03-11T12:19:25.893862Z,elea,0.1.1,ef66ed9,add,f2.bin,add_file_total,10.281291,2097152,,Zstd,blake3
2,25,2026-03-11T12:19:25.893894Z,elea,0.1.1,ef66ed9,add,f4.bin,add_file_total,10.329667,2097152,,Zstd,blake3
2,25,2026-03-11T12:19:25.893946Z,elea,0.1.1,ef66ed9,add,,add_total,10.417292,,5,Zstd,blake3
5,1,2026-03-11T12:19:25.980417Z,elea,0.1.1,ef66ed9,hash,f3.bin,hash,2.934291,5242880,,,blake3
5,1,2026-03-11T12:19:25.980426Z,elea,0.1.1,ef66ed9,hash,f4.bin,hash,2.914334,5242880,,,blake3
5,1,2026-03-11T12:19:25.980458Z,elea,0.1.1,ef66ed9,hash,f2.bin,hash,2.938791,5242880,,,blake3
5,1,2026-03-11T12:19:25.980346Z,elea,0.1.1,ef66ed9,hash,f1.bin,hash,2.809916,5242880,,,blake3
5,1,2026-03-11T12:19:25.980383Z,elea,0.1.1,ef66ed9,hash,f5.bin,hash,2.88825,5242880,,,blake3
5,1,2026-03-11T12:19:25.99661Z,elea,0.1.1,ef66ed9,add,f3.bin,backend_store,14.537125,5242880,,Zstd,blake3
5,1,2026-03-11T12:19:25.996995Z,elea,0.1.1,ef66ed9,add,f3.bin,add_file_total,19.546916,5242880,,Zstd,blake3
5,1,2026-03-11T12:19:25.997007Z,elea,0.1.1,ef66ed9,add,f4.bin,backend_store,14.923041999999999,5242880,,Zstd,blake3
5,1,2026-03-11T12:19:25.997225Z,elea,0.1.1,ef66ed9,add,f2.bin,backend_store,15.107667,5242880,,Zstd,blake3
5,1,2026-03-11T12:19:25.997513Z,elea,0.1.1,ef66ed9,add,f4.bin,add_file_total,20.053375,5242880,,Zstd,blake3
5,1,2026-03-11T12:19:25.997539Z,elea,0.1.1,ef66ed9,add,f1.bin,backend_store,15.395125,5242880,,Zstd,blake3
5,1,2026-03-11T12:19:25.997674Z,elea,0.1.1,ef66ed9,add,f5.bin,backend_store,15.429833,5242880,,Zstd,blake3
5,1,2026-03-11T12:19:25.998171Z,elea,0.1.1,ef66ed9,add,f2.bin,add_file_total,20.711457999999997,5242880,,Zstd,blake3
5,1,2026-03-11T12:19:25.998471Z,elea,0.1.1,ef66ed9,add,f1.bin,add_file_total,21.002917,5242880,,Zstd,blake3
5,1,2026-03-11T12:19:25.998814Z,elea,0.1.1,ef66ed9,add,f5.bin,add_file_total,21.354584,5242880,,Zstd,blake3
5,1,2026-03-11T12:19:25.99889Z,elea,0.1.1,ef66ed9,add,,add_total,21.479333,,5,Zstd,blake3
5,2,2026-03-11T12:19:26.091174Z,elea,0.1.1,ef66ed9,hash,f3.bin,hash,2.931834,5242880,,,blake3
5,2,2026-03-11T12:19:26.091163Z,elea,0.1.1,ef66ed9,hash,f1.bin,hash,2.855083,5242880,,,blake3
5,2,2026-03-11T12:19:26.091191Z,elea,0.1.1,ef66ed9,hash,f4.bin,hash,2.936583,5242880,,,blake3
5,2,2026-03-11T12:19:26.091209Z,elea,0.1.1,ef66ed9,hash,f2.bin,hash,2.9702499999999996,5242880,,,blake3
5,2,2026-03-11T12:19:26.091151Z,elea,0.1.1,ef66ed9,hash,f5.bin,hash,2.9081659999999996,5242880,,,blake3
5,2,2026-03-11T12:19:26.105207Z,elea,0.1.1,ef66ed9,add,f3.bin,backend_store,12.346124999999999,5242880,,Zstd,blake3
5,2,2026-03-11T12:19:26.105488Z,elea,0.1.1,ef66ed9,add,f1.bin,backend_store,12.615540999999999,5242880,,Zstd,blake3
5,2,2026-03-11T12:19:26.105502Z,elea,0.1.1,ef66ed9,add,f3.bin,add_file_total,17.307040999999998,5242880,,Zstd,blake3
5,2,2026-03-11T12:19:26.105631Z,elea,0.1.1,ef66ed9,add,f2.bin,backend_store,12.718125,5242880,,Zstd,blake3
5,2,2026-03-11T12:19:26.105935Z,elea,0.1.1,ef66ed9,add,f4.bin,backend_store,13.032834,5242880,,Zstd,blake3
5,2,2026-03-11T12:19:26.106056Z,elea,0.1.1,ef66ed9,add,f5.bin,backend_store,13.096,5242880,,Zstd,blake3
5,2,2026-03-11T12:19:26.106206Z,elea,0.1.1,ef66ed9,add,f1.bin,add_file_total,17.99475,5242880,,Zstd,blake3
5,2,2026-03-11T12:19:26.107168Z,elea,0.1.1,ef66ed9,add,f2.bin,add_file_total,18.981292,5242880,,Zstd,blake3
5,2,2026-03-11T12:19:26.10738Z,elea,0.1.1,ef66ed9,add,f4.bin,add_file_total,19.185042,5242880,,Zstd,blake3
5,2,2026-03-11T12:19:26.1076Z,elea,0.1.1,ef66ed9,add,f5.bin,add_file_total,19.402917,5242880,,Zstd,blake3
5,2,2026-03-11T12:19:26.107661Z,elea,0.1.1,ef66ed9,add,,add_total,19.51275,,5,Zstd,blake3
5,3,2026-03-11T12:19:26.196508Z,elea,0.1.1,ef66ed9,hash,f4.bin,hash,2.96575,5242880,,,blake3
5,3,2026-03-11T12:19:26.196533Z,elea,0.1.1,ef66ed9,hash,f1.bin,hash,3.044,5242880,,,blake3
5,3,2026-03-11T12:19:26.196546Z,elea,0.1.1,ef66ed9,hash,f2.bin,hash,3.0256250000000002,5242880,,,blake3
5,3,2026-03-11T12:19:26.196477Z,elea,0.1.1,ef66ed9,hash,f3.bin,hash,2.9710829999999997,5242880,,,blake3
5,3,2026-03-11T12:19:26.196498Z,elea,0.1.1,ef66ed9,hash,f5.bin,hash,2.915666,5242880,,,blake3
5,3,2026-03-11T12:19:26.210276Z,elea,0.1.1,ef66ed9,add,f1.bin,backend_store,11.816833,5242880,,Zstd,blake3
5,3,2026-03-11T12:19:26.210304Z,elea,0.1.1,ef66ed9,add,f2.bin,backend_store,11.806292,5242880,,Zstd,blake3
5,3,2026-03-11T12:19:26.210471Z,elea,0.1.1,ef66ed9,add,f4.bin,backend_store,12.005708,5242880,,Zstd,blake3
5,3,2026-03-11T12:19:26.210626Z,elea,0.1.1,ef66ed9,add,f1.bin,add_file_total,17.167624999999997,5242880,,Zstd,blake3
5,3,2026-03-11T12:19:26.210659Z,elea,0.1.1,ef66ed9,add,f3.bin,backend_store,12.144791999999999,5242880,,Zstd,blake3
5,3,2026-03-11T12:19:26.210803Z,elea,0.1.1,ef66ed9,add,f5.bin,backend_store,12.136625,5242880,,Zstd,blake3
5,3,2026-03-11T12:19:26.212191Z,elea,0.1.1,ef66ed9,add,f2.bin,add_file_total,18.712042,5242880,,Zstd,blake3
5,3,2026-03-11T12:19:26.212478Z,elea,0.1.1,ef66ed9,add,f4.bin,add_file_total,18.999083,5242880,,Zstd,blake3
5,3,2026-03-11T12:19:26.212968Z,elea,0.1.1,ef66ed9,add,f3.bin,add_file_total,19.492667,5242880,,Zstd,blake3
5,3,2026-03-11T12:19:26.213013Z,elea,0.1.1,ef66ed9,add,f5.bin,add_file_total,19.521832999999997,5242880,,Zstd,blake3
5,3,2026-03-11T12:19:26.213068Z,elea,0.1.1,ef66ed9,add,,add_total,19.650041,,5,Zstd,blake3
5,4,2026-03-11T12:19:26.299493Z,elea,0.1.1,ef66ed9,hash,f5.bin,hash,2.967208,5242880,,,blake3
5,4,2026-03-11T12:19:26.29947Z,elea,0.1.1,ef66ed9,hash,f3.bin,hash,3.0105,5242880,,,blake3
5,4,2026-03-11T12:19:26.299547Z,elea,0.1.1,ef66ed9,hash,f2.bin,hash,3.053834,5242880,,,blake3
5,4,2026-03-11T12:19:26.299506Z,elea,0.1.1,ef66ed9,hash,f1.bin,hash,2.971,5242880,,,blake3
5,4,2026-03-11T12:19:26.29956Z,elea,0.1.1,ef66ed9,hash,f4.bin,hash,3.0868330000000004,5242880,,,blake3
5,4,2026-03-11T12:19:26.313975Z,elea,0.1.1,ef66ed9,add,f2.bin,backend_store,13.045334,5242880,,Zstd,blake3
5,4,2026-03-11T12:19:26.314009Z,elea,0.1.1,ef66ed9,add,f1.bin,backend_store,13.042417,5242880,,Zstd,blake3
5,4,2026-03-11T12:19:26.314041Z,elea,0.1.1,ef66ed9,add,f4.bin,backend_store,13.009125,5242880,,Zstd,blake3
5,4,2026-03-11T12:19:26.314089Z,elea,0.1.1,ef66ed9,add,f3.bin,backend_store,13.200375000000001,5242880,,Zstd,blake3
5,4,2026-03-11T12:19:26.314251Z,elea,0.1.1,ef66ed9,add,f2.bin,add_file_total,17.790875,5242880,,Zstd,blake3
5,4,2026-03-11T12:19:26.314314Z,elea,0.1.1,ef66ed9,add,f5.bin,backend_store,13.457542,5242880,,Zstd,blake3
5,4,2026-03-11T12:19:26.31631Z,elea,0.1.1,ef66ed9,add,f1.bin,add_file_total,19.849709,5242880,,Zstd,blake3
5,4,2026-03-11T12:19:26.316419Z,elea,0.1.1,ef66ed9,add,f4.bin,add_file_total,19.974875,5242880,,Zstd,blake3
5,4,2026-03-11T12:19:26.316478Z,elea,0.1.1,ef66ed9,add,f3.bin,add_file_total,20.060125000000003,5242880,,Zstd,blake3
5,4,2026-03-11T12:19:26.316526Z,elea,0.1.1,ef66ed9,add,f5.bin,add_file_total,20.0675,5242880,,Zstd,blake3
5,4,2026-03-11T12:19:26.316586Z,elea,0.1.1,ef66ed9,add,,add_total,20.197166999999997,,5,Zstd,blake3
5,5,2026-03-11T12:19:26.408007Z,elea,0.1.1,ef66ed9,hash,f4.bin,hash,2.95275,5242880,,,blake3
5,5,2026-03-11T12:19:26.407956Z,elea,0.1.1,ef66ed9,hash,f5.bin,hash,2.9507090000000002,5242880,,,blake3
5,5,2026-03-11T12:19:26.408019Z,elea,0.1.1,ef66ed9,hash,f1.bin,hash,2.93725,5242880,,,blake3
5,5,2026-03-11T12:19:26.407972Z,elea,0.1.1,ef66ed9,hash,f3.bin,hash,2.9562500000000003,5242880,,,blake3
5,5,2026-03-11T12:19:26.407992Z,elea,0.1.1,ef66ed9,hash,f2.bin,hash,2.9305,5242880,,,blake3
5,5,2026-03-11T12:19:26.425648Z,elea,0.1.1,ef66ed9,add,f2.bin,backend_store,16.046999999999997,5242880,,Zstd,blake3
5,5,2026-03-11T12:19:26.425939Z,elea,0.1.1,ef66ed9,add,f2.bin,add_file_total,20.934167,5242880,,Zstd,blake3
5,5,2026-03-11T12:19:26.426118Z,elea,0.1.1,ef66ed9,add,f3.bin,backend_store,16.533083,5242880,,Zstd,blake3
5,5,2026-03-11T12:19:26.426174Z,elea,0.1.1,ef66ed9,add,f4.bin,backend_store,16.721792,5242880,,Zstd,blake3
5,5,2026-03-11T12:19:26.4262Z,elea,0.1.1,ef66ed9,add,f5.bin,backend_store,16.716874999999998,5242880,,Zstd,blake3
5,5,2026-03-11T12:19:26.426285Z,elea,0.1.1,ef66ed9,add,f1.bin,backend_store,16.790542,5242880,,Zstd,blake3
5,5,2026-03-11T12:19:26.426358Z,elea,0.1.1,ef66ed9,add,f3.bin,add_file_total,21.377208000000003,5242880,,Zstd,blake3
5,5,2026-03-11T12:19:26.428072Z,elea,0.1.1,ef66ed9,add,f4.bin,add_file_total,23.070667,5242880,,Zstd,blake3
5,5,2026-03-11T12:19:26.428117Z,elea,0.1.1,ef66ed9,add,f5.bin,add_file_total,23.152167000000002,5242880,,Zstd,blake3
5,5,2026-03-11T12:19:26.428152Z,elea,0.1.1,ef66ed9,add,f1.bin,add_file_total,23.149583,5242880,,Zstd,blake3
5,5,2026-03-11T12:19:26.428232Z,elea,0.1.1,ef66ed9,add,,add_total,23.303084000000002,,5,Zstd,blake3
5,6,2026-03-11T12:19:26.519202Z,elea,0.1.1,ef66ed9,hash,f4.bin,hash,2.8852499999999996,5242880,,,blake3
5,6,2026-03-11T12:19:26.519261Z,elea,0.1.1,ef66ed9,hash,f2.bin,hash,2.946208,5242880,,,blake3
5,6,2026-03-11T12:19:26.519247Z,elea,0.1.1,ef66ed9,hash,f1.bin,hash,2.963875,5242880,,,blake3
5,6,2026-03-11T12:19:26.519186Z,elea,0.1.1,ef66ed9,hash,f5.bin,hash,2.869792,5242880,,,blake3
5,6,2026-03-11T12:19:26.519229Z,elea,0.1.1,ef66ed9,hash,f3.bin,hash,2.951458,5242880,,,blake3
5,6,2026-03-11T12:19:26.537256Z,elea,0.1.1,ef66ed9,add,f3.bin,backend_store,16.140792,5242880,,Zstd,blake3
5,6,2026-03-11T12:19:26.537264Z,elea,0.1.1,ef66ed9,add,f4.bin,backend_store,16.278916000000002,5242880,,Zstd,blake3
5,6,2026-03-11T12:19:26.537557Z,elea,0.1.1,ef66ed9,add,f4.bin,add_file_total,21.311166,5242880,,Zstd,blake3
5,6,2026-03-11T12:19:26.537669Z,elea,0.1.1,ef66ed9,add,f2.bin,backend_store,16.657,5242880,,Zstd,blake3
5,6,2026-03-11T12:19:26.537925Z,elea,0.1.1,ef66ed9,add,f1.bin,backend_store,16.908833,5242880,,Zstd,blake3
5,6,2026-03-11T12:19:26.538019Z,elea,0.1.1,ef66ed9,add,f5.bin,backend_store,16.947332999999997,5242880,,Zstd,blake3
5,6,2026-03-11T12:19:26.538667Z,elea,0.1.1,ef66ed9,add,f3.bin,add_file_total,22.443708,5242880,,Zstd,blake3
5,6,2026-03-11T12:19:26.539063Z,elea,0.1.1,ef66ed9,add,f2.bin,add_file_total,22.833042000000003,5242880,,Zstd,blake3
5,6,2026-03-11T12:19:26.53927Z,elea,0.1.1,ef66ed9,add,f1.bin,add_file_total,23.050666,5242880,,Zstd,blake3
5,6,2026-03-11T12:19:26.539613Z,elea,0.1.1,ef66ed9,add,f5.bin,add_file_total,23.36725,5242880,,Zstd,blake3
5,6,2026-03-11T12:19:26.539721Z,elea,0.1.1,ef66ed9,add,,add_total,23.548667,,5,Zstd,blake3
5,7,2026-03-11T12:19:26.632003Z,elea,0.1.1,ef66ed9,hash,f1.bin,hash,2.959917,5242880,,,blake3
5,7,2026-03-11T12:19:26.63202Z,elea,0.1.1,ef66ed9,hash,f5.bin,hash,2.952792,5242880,,,blake3
5,7,2026-03-11T12:19:26.632036Z,elea,0.1.1,ef66ed9,hash,f4.bin,hash,2.9344580000000002,5242880,,,blake3
5,7,2026-03-11T12:19:26.632061Z,elea,0.1.1,ef66ed9,hash,f2.bin,hash,2.9614580000000004,5242880,,,blake3
5,7,2026-03-11T12:19:26.631976Z,elea,0.1.1,ef66ed9,hash,f3.bin,hash,2.9428330000000003,5242880,,,blake3
5,7,2026-03-11T12:19:26.644672Z,elea,0.1.1,ef66ed9,add,f2.bin,backend_store,10.980666,5242880,,Zstd,blake3
5,7,2026-03-11T12:19:26.644914Z,elea,0.1.1,ef66ed9,add,f4.bin,backend_store,11.250792,5242880,,Zstd,blake3
5,7,2026-03-11T12:19:26.645054Z,elea,0.1.1,ef66ed9,add,f2.bin,add_file_total,16.055166999999997,5242880,,Zstd,blake3
5,7,2026-03-11T12:19:26.645125Z,elea,0.1.1,ef66ed9,add,f5.bin,backend_store,11.501458000000001,5242880,,Zstd,blake3
5,7,2026-03-11T12:19:26.645201Z,elea,0.1.1,ef66ed9,add,f3.bin,backend_store,11.417583,5242880,,Zstd,blake3
5,7,2026-03-11T12:19:26.645401Z,elea,0.1.1,ef66ed9,add,f1.bin,backend_store,11.780624999999999,5242880,,Zstd,blake3
5,7,2026-03-11T12:19:26.646403Z,elea,0.1.1,ef66ed9,add,f4.bin,add_file_total,17.378791,5242880,,Zstd,blake3
5,7,2026-03-11T12:19:26.646821Z,elea,0.1.1,ef66ed9,add,f5.bin,add_file_total,17.818208,5242880,,Zstd,blake3
5,7,2026-03-11T12:19:26.64714Z,elea,0.1.1,ef66ed9,add,f3.bin,add_file_total,18.151500000000002,5242880,,Zstd,blake3
5,7,2026-03-11T12:19:26.647191Z,elea,0.1.1,ef66ed9,add,f1.bin,add_file_total,18.166874999999997,5242880,,Zstd,blake3
5,7,2026-03-11T12:19:26.647255Z,elea,0.1.1,ef66ed9,add,,add_total,18.315667,,5,Zstd,blake3
5,8,2026-03-11T12:19:26.733504Z,elea,0.1.1,ef66ed9,hash,f2.bin,hash,2.9305,5242880,,,blake3
5,8,2026-03-11T12:19:26.733537Z,elea,0.1.1,ef66ed9,hash,f3.bin,hash,2.931,5242880,,,blake3
5,8,2026-03-11T12:19:26.733422Z,elea,0.1.1,ef66ed9,hash,f4.bin,hash,2.799,5242880,,,blake3
5,8,2026-03-11T12:19:26.733497Z,elea,0.1.1,ef66ed9,hash,f5.bin,hash,2.907458,5242880,,,blake3
5,8,2026-03-11T12:19:26.733529Z,elea,0.1.1,ef66ed9,hash,f1.bin,hash,2.9369169999999998,5242880,,,blake3
5,8,2026-03-11T12:19:26.745834Z,elea,0.1.1,ef66ed9,add,f5.bin,backend_store,10.662875,5242880,,Zstd,blake3
5,8,2026-03-11T12:19:26.745879Z,elea,0.1.1,ef66ed9,add,f4.bin,backend_store,10.734208,5242880,,Zstd,blake3
5,8,2026-03-11T12:19:26.746041Z,elea,0.1.1,ef66ed9,add,f3.bin,backend_store,10.924708,5242880,,Zstd,blake3
5,8,2026-03-11T12:19:26.746117Z,elea,0.1.1,ef66ed9,add,f5.bin,add_file_total,15.562334,5242880,,Zstd,blake3
5,8,2026-03-11T12:19:26.746192Z,elea,0.1.1,ef66ed9,add,f2.bin,backend_store,11.084999999999999,5242880,,Zstd,blake3
5,8,2026-03-11T12:19:26.746325Z,elea,0.1.1,ef66ed9,add,f1.bin,backend_store,11.062542,5242880,,Zstd,blake3
5,8,2026-03-11T12:19:26.747857Z,elea,0.1.1,ef66ed9,add,f4.bin,add_file_total,17.286666999999998,5242880,,Zstd,blake3
5,8,2026-03-11T12:19:26.748683Z,elea,0.1.1,ef66ed9,add,f3.bin,add_file_total,18.127375,5242880,,Zstd,blake3
5,8,2026-03-11T12:19:26.748738Z,elea,0.1.1,ef66ed9,add,f2.bin,add_file_total,18.203209,5242880,,Zstd,blake3
5,8,2026-03-11T12:19:26.74878Z,elea,0.1.1,ef66ed9,add,f1.bin,add_file_total,18.225291000000002,5242880,,Zstd,blake3
5,8,2026-03-11T12:19:26.748836Z,elea,0.1.1,ef66ed9,add,,add_total,18.33875,,5,Zstd,blake3
5,9,2026-03-11T12:19:26.838524Z,elea,0.1.1,ef66ed9,hash,f3.bin,hash,2.920291,5242880,,,blake3
5,9,2026-03-11T12:19:26.838402Z,elea,0.1.1,ef66ed9,hash,f5.bin,hash,2.794292,5242880,,,blake3
5,9,2026-03-11T12:19:26.838514Z,elea,0.1.1,ef66ed9,hash,f1.bin,hash,2.937458,5242880,,,blake3
5,9,2026-03-11T12:19:26.838532Z,elea,0.1.1,ef66ed9,hash,f2.bin,hash,2.9551659999999997,5242880,,,blake3
5,9,2026-03-11T12:19:26.838503Z,elea,0.1.1,ef66ed9,hash,f4.bin,hash,2.922709,5242880,,,blake3
5,9,2026-03-11T12:19:26.851983Z,elea,0.1.1,ef66ed9,add,f3.bin,backend_store,11.669166,5242880,,Zstd,blake3
5,9,2026-03-11T12:19:26.852123Z,elea,0.1.1,ef66ed9,add,f2.bin,backend_store,11.750290999999999,5242880,,Zstd,blake3
5,9,2026-03-11T12:19:26.852293Z,elea,0.1.1,ef66ed9,add,f1.bin,backend_store,11.953334,5242880,,Zstd,blake3
5,9,2026-03-11T12:19:26.852365Z,elea,0.1.1,ef66ed9,add,f5.bin,backend_store,12.032042,5242880,,Zstd,blake3
5,9,2026-03-11T12:19:26.85238Z,elea,0.1.1,ef66ed9,add,f3.bin,add_file_total,16.835165999999997,5242880,,Zstd,blake3
5,9,2026-03-11T12:19:26.852445Z,elea,0.1.1,ef66ed9,add,f4.bin,backend_store,11.980208,5242880,,Zstd,blake3
5,9,2026-03-11T12:19:26.854669Z,elea,0.1.1,ef66ed9,add,f2.bin,add_file_total,19.151375,5242880,,Zstd,blake3
5,9,2026-03-11T12:19:26.85473Z,elea,0.1.1,ef66ed9,add,f1.bin,add_file_total,19.211834,5242880,,Zstd,blake3
5,9,2026-03-11T12:19:26.854788Z,elea,0.1.1,ef66ed9,add,f5.bin,add_file_total,19.216832999999998,5242880,,Zstd,blake3
5,9,2026-03-11T12:19:26.854827Z,elea,0.1.1,ef66ed9,add,f4.bin,add_file_total,19.299167,5242880,,Zstd,blake3
5,9,2026-03-11T12:19:26.854889Z,elea,0.1.1,ef66ed9,add,,add_total,19.404375,,5,Zstd,blake3
5,10,2026-03-11T12:19:26.941322Z,elea,0.1.1,ef66ed9,hash,f2.bin,hash,2.9482079999999997,5242880,,,blake3
5,10,2026-03-11T12:19:26.94131Z,elea,0.1.1,ef66ed9,hash,f1.bin,hash,2.927916,5242880,,,blake3
5,10,2026-03-11T12:19:26.941371Z,elea,0.1.1,ef66ed9,hash,f4.bin,hash,2.9455839999999998,5242880,,,blake3
5,10,2026-03-11T12:19:26.941266Z,elea,0.1.1,ef66ed9,hash,f5.bin,hash,2.902208,5242880,,,blake3
5,10,2026-03-11T12:19:26.941387Z,elea,0.1.1,ef66ed9,hash,f3.bin,hash,2.960583,5242880,,,blake3
5,10,2026-03-11T12:19:26.954149Z,elea,0.1.1,ef66ed9,add,f3.bin,backend_store,11.118457999999999,5242880,,Zstd,blake3
5,10,2026-03-11T12:19:26.954214Z,elea,0.1.1,ef66ed9,add,f2.bin,backend_store,11.3285,5242880,,Zstd,blake3
5,10,2026-03-11T12:19:26.954221Z,elea,0.1.1,ef66ed9,add,f1.bin,backend_store,11.320958000000001,5242880,,Zstd,blake3
5,10,2026-03-11T12:19:26.954253Z,elea,0.1.1,ef66ed9,add,f5.bin,backend_store,11.252917,5242880,,Zstd,blake3
5,10,2026-03-11T12:19:26.954381Z,elea,0.1.1,ef66ed9,add,f4.bin,backend_store,11.421083,5242880,,Zstd,blake3
5,10,2026-03-11T12:19:26.95439Z,elea,0.1.1,ef66ed9,add,f3.bin,add_file_total,16.037709,5242880,,Zstd,blake3
5,10,2026-03-11T12:19:26.956545Z,elea,0.1.1,ef66ed9,add,f1.bin,add_file_total,18.204958,5242880,,Zstd,blake3
5,10,2026-03-11T12:19:26.956614Z,elea,0.1.1,ef66ed9,add,f5.bin,add_file_total,18.291249999999998,5242880,,Zstd,blake3
5,10,2026-03-11T12:19:26.956664Z,elea,0.1.1,ef66ed9,add,f2.bin,add_file_total,18.329041,5242880,,Zstd,blake3
5,10,2026-03-11T12:19:26.956711Z,elea,0.1.1,ef66ed9,add,f4.bin,add_file_total,18.359458,5242880,,Zstd,blake3
5,10,2026-03-11T12:19:26.956771Z,elea,0.1.1,ef66ed9,add,,add_total,18.487125,,5,Zstd,blake3
5,11,2026-03-11T12:19:27.054871Z,elea,0.1.1,ef66ed9,hash,f1.bin,hash,2.948333,5242880,,,blake3
5,11,2026-03-11T12:19:27.05486Z,elea,0.1.1,ef66ed9,hash,f3.bin,hash,2.962292,5242880,,,blake3
5,11,2026-03-11T12:19:27.054725Z,elea,0.1.1,ef66ed9,hash,f4.bin,hash,2.846,5242880,,,blake3
5,11,2026-03-11T12:19:27.054843Z,elea,0.1.1,ef66ed9,hash,f5.bin,hash,2.914167,5242880,,,blake3
5,11,2026-03-11T12:19:27.054828Z,elea,0.1.1,ef66ed9,hash,f2.bin,hash,2.968,5242880,,,blake3
5,11,2026-03-11T12:19:27.085752Z,elea,0.1.1,ef66ed9,add,f4.bin,backend_store,29.235875,5242880,,Zstd,blake3
5,11,2026-03-11T12:19:27.086466Z,elea,0.1.1,ef66ed9,add,f3.bin,backend_store,29.966458000000003,5242880,,Zstd,blake3
5,11,2026-03-11T12:19:27.086497Z,elea,0.1.1,ef66ed9,add,f2.bin,backend_store,29.860167,5242880,,Zstd,blake3
5,11,2026-03-11T12:19:27.086552Z,elea,0.1.1,ef66ed9,add,f4.bin,add_file_total,34.698,5242880,,Zstd,blake3
5,11,2026-03-11T12:19:27.086603Z,elea,0.1.1,ef66ed9,add,f1.bin,backend_store,30.1315,5242880,,Zstd,blake3
5,11,2026-03-11T12:19:27.086822Z,elea,0.1.1,ef66ed9,add,f5.bin,backend_store,30.285625,5242880,,Zstd,blake3
5,11,2026-03-11T12:19:27.087175Z,elea,0.1.1,ef66ed9,add,f3.bin,add_file_total,35.341333000000006,5242880,,Zstd,blake3
5,11,2026-03-11T12:19:27.087805Z,elea,0.1.1,ef66ed9,add,f2.bin,add_file_total,35.979957999999996,5242880,,Zstd,blake3
5,11,2026-03-11T12:19:27.087924Z,elea,0.1.1,ef66ed9,add,f1.bin,add_file_total,36.085041999999994,5242880,,Zstd,blake3
5,11,2026-03-11T12:19:27.087958Z,elea,0.1.1,ef66ed9,add,f5.bin,add_file_total,36.132541999999994,5242880,,Zstd,blake3
5,11,2026-03-11T12:19:27.088Z,elea,0.1.1,ef66ed9,add,,add_total,36.215542000000006,,5,Zstd,blake3
5,12,2026-03-11T12:19:27.173854Z,elea,0.1.1,ef66ed9,hash,f4.bin,hash,2.9078340000000003,5242880,,,blake3
5,12,2026-03-11T12:19:27.173814Z,elea,0.1.1,ef66ed9,hash,f5.bin,hash,2.895708,5242880,,,blake3
5,12,2026-03-11T12:19:27.173866Z,elea,0.1.1,ef66ed9,hash,f1.bin,hash,2.9339589999999998,5242880,,,blake3
5,12,2026-03-11T12:19:27.173709Z,elea,0.1.1,ef66ed9,hash,f3.bin,hash,2.811375,5242880,,,blake3
5,12,2026-03-11T12:19:27.173822Z,elea,0.1.1,ef66ed9,hash,f2.bin,hash,2.943667,5242880,,,blake3
5,12,2026-03-11T12:19:27.191198Z,elea,0.1.1,ef66ed9,add,f1.bin,backend_store,15.313,5242880,,Zstd,blake3
5,12,2026-03-11T12:19:27.191211Z,elea,0.1.1,ef66ed9,add,f5.bin,backend_store,15.352625,5242880,,Zstd,blake3
5,12,2026-03-11T12:19:27.191312Z,elea,0.1.1,ef66ed9,add,f3.bin,backend_store,15.393833,5242880,,Zstd,blake3
5,12,2026-03-11T12:19:27.191395Z,elea,0.1.1,ef66ed9,add,f4.bin,backend_store,15.546291,5242880,,Zstd,blake3
5,12,2026-03-11T12:19:27.191408Z,elea,0.1.1,ef66ed9,add,f1.bin,add_file_total,20.5305,5242880,,Zstd,blake3
5,12,2026-03-11T12:19:27.191548Z,elea,0.1.1,ef66ed9,add,f2.bin,backend_store,15.544125000000001,5242880,,Zstd,blake3
5,12,2026-03-11T12:19:27.193497Z,elea,0.1.1,ef66ed9,add,f5.bin,add_file_total,22.629040999999997,5242880,,Zstd,blake3
5,12,2026-03-11T12:19:27.193702Z,elea,0.1.1,ef66ed9,add,f3.bin,add_file_total,22.825667,5242880,,Zstd,blake3
5,12,2026-03-11T12:19:27.193814Z,elea,0.1.1,ef66ed9,add,f4.bin,add_file_total,22.949125000000002,5242880,,Zstd,blake3
5,12,2026-03-11T12:19:27.193854Z,elea,0.1.1,ef66ed9,add,f2.bin,add_file_total,23.00675,5242880,,Zstd,blake3
5,12,2026-03-11T12:19:27.193903Z,elea,0.1.1,ef66ed9,add,,add_total,23.093042,,5,Zstd,blake3
5,13,2026-03-11T12:19:27.28011Z,elea,0.1.1,ef66ed9,hash,f3.bin,hash,2.927042,5242880,,,blake3
5,13,2026-03-11T12:19:27.279983Z,elea,0.1.1,ef66ed9,hash,f1.bin,hash,2.823375,5242880,,,blake3
5,13,2026-03-11T12:19:27.280084Z,elea,0.1.1,ef66ed9,hash,f5.bin,hash,2.906166,5242880,,,blake3
5,13,2026-03-11T12:19:27.280151Z,elea,0.1.1,ef66ed9,hash,f2.bin,hash,2.95975,5242880,,,blake3
5,13,2026-03-11T12:19:27.280099Z,elea,0.1.1,ef66ed9,hash,f4.bin,hash,2.9282079999999997,5242880,,,blake3
5,13,2026-03-11T12:19:27.301623Z,elea,0.1.1,ef66ed9,add,f3.bin,backend_store,20.053125,5242880,,Zstd,blake3
5,13,2026-03-11T12:19:27.301704Z,elea,0.1.1,ef66ed9,add,f5.bin,backend_store,20.098542000000002,5242880,,Zstd,blake3
5,13,2026-03-11T12:19:27.301912Z,elea,0.1.1,ef66ed9,add,f3.bin,add_file_total,24.76325,5242880,,Zstd,blake3
5,13,2026-03-11T12:19:27.302116Z,elea,0.1.1,ef66ed9,add,f1.bin,backend_store,20.523625,5242880,,Zstd,blake3
5,13,2026-03-11T12:19:27.302356Z,elea,0.1.1,ef66ed9,add,f2.bin,backend_store,20.726417,5242880,,Zstd,blake3
5,13,2026-03-11T12:19:27.302373Z,elea,0.1.1,ef66ed9,add,f4.bin,backend_store,20.636041000000002,5242880,,Zstd,blake3
5,13,2026-03-11T12:19:27.302566Z,elea,0.1.1,ef66ed9,add,f5.bin,add_file_total,25.4475,5242880,,Zstd,blake3
5,13,2026-03-11T12:19:27.303394Z,elea,0.1.1,ef66ed9,add,f1.bin,add_file_total,26.248625,5242880,,Zstd,blake3
5,13,2026-03-11T12:19:27.303694Z,elea,0.1.1,ef66ed9,add,f2.bin,add_file_total,26.578750000000003,5242880,,Zstd,blake3
5,13,2026-03-11T12:19:27.303988Z,elea,0.1.1,ef66ed9,add,f4.bin,add_file_total,26.876708999999998,5242880,,Zstd,blake3
5,13,2026-03-11T12:19:27.304076Z,elea,0.1.1,ef66ed9,add,,add_total,27.001208,,5,Zstd,blake3
5,14,2026-03-11T12:19:27.396819Z,elea,0.1.1,ef66ed9,hash,f4.bin,hash,2.9344580000000002,5242880,,,blake3
5,14,2026-03-11T12:19:27.396855Z,elea,0.1.1,ef66ed9,hash,f2.bin,hash,2.947542,5242880,,,blake3
5,14,2026-03-11T12:19:27.396773Z,elea,0.1.1,ef66ed9,hash,f1.bin,hash,2.8336669999999997,5242880,,,blake3
5,14,2026-03-11T12:19:27.396797Z,elea,0.1.1,ef66ed9,hash,f5.bin,hash,2.896208,5242880,,,blake3
5,14,2026-03-11T12:19:27.396846Z,elea,0.1.1,ef66ed9,hash,f3.bin,hash,2.926292,5242880,,,blake3
5,14,2026-03-11T12:19:27.416029Z,elea,0.1.1,ef66ed9,add,f4.bin,backend_store,17.468042,5242880,,Zstd,blake3
5,14,2026-03-11T12:19:27.416035Z,elea,0.1.1,ef66ed9,add,f5.bin,backend_store,17.417291000000002,5242880,,Zstd,blake3
5,14,2026-03-11T12:19:27.416106Z,elea,0.1.1,ef66ed9,add,f1.bin,backend_store,17.510499999999997,5242880,,Zstd,blake3
5,14,2026-03-11T12:19:27.416224Z,elea,0.1.1,ef66ed9,add,f5.bin,add_file_total,22.346042,5242880,,Zstd,blake3
5,14,2026-03-11T12:19:27.416269Z,elea,0.1.1,ef66ed9,add,f2.bin,backend_store,17.706708000000003,5242880,,Zstd,blake3
5,14,2026-03-11T12:19:27.416328Z,elea,0.1.1,ef66ed9,add,f3.bin,backend_store,17.608417000000003,5242880,,Zstd,blake3
5,14,2026-03-11T12:19:27.418673Z,elea,0.1.1,ef66ed9,add,f4.bin,add_file_total,24.8195,5242880,,Zstd,blake3
5,14,2026-03-11T12:19:27.418725Z,elea,0.1.1,ef66ed9,add,f1.bin,add_file_total,24.835791999999998,5242880,,Zstd,blake3
5,14,2026-03-11T12:19:27.418776Z,elea,0.1.1,ef66ed9,add,f2.bin,add_file_total,24.897458,5242880,,Zstd,blake3
5,14,2026-03-11T12:19:27.418824Z,elea,0.1.1,ef66ed9,add,f3.bin,add_file_total,24.944291,5242880,,Zstd,blake3
5,14,2026-03-11T12:19:27.418893Z,elea,0.1.1,ef66ed9,add,,add_total,25.071042000000002,,5,Zstd,blake3
5,15,2026-03-11T12:19:27.505734Z,elea,0.1.1,ef66ed9,hash,f3.bin,hash,2.916125,5242880,,,blake3
5,15,2026-03-11T12:19:27.505721Z,elea,0.1.1,ef66ed9,hash,f1.bin,hash,2.914083,5242880,,,blake3
5,15,2026-03-11T12:19:27.505699Z,elea,0.1.1,ef66ed9,hash,f4.bin,hash,2.9060409999999997,5242880,,,blake3
5,15,2026-03-11T12:19:27.505685Z,elea,0.1.1,ef66ed9,hash,f2.bin,hash,2.86075,5242880,,,blake3
5,15,2026-03-11T12:19:27.505655Z,elea,0.1.1,ef66ed9,hash,f5.bin,hash,2.890375,5242880,,,blake3
5,15,2026-03-11T12:19:27.520488Z,elea,0.1.1,ef66ed9,add,f2.bin,backend_store,13.14525,5242880,,Zstd,blake3
5,15,2026-03-11T12:19:27.520513Z,elea,0.1.1,ef66ed9,add,f3.bin,backend_store,13.250583,5242880,,Zstd,blake3
5,15,2026-03-11T12:19:27.520547Z,elea,0.1.1,ef66ed9,add,f1.bin,backend_store,13.271415999999999,5242880,,Zstd,blake3
5,15,2026-03-11T12:19:27.520609Z,elea,0.1.1,ef66ed9,add,f4.bin,backend_store,13.291541,5242880,,Zstd,blake3
5,15,2026-03-11T12:19:27.520684Z,elea,0.1.1,ef66ed9,add,f5.bin,backend_store,13.237167,5242880,,Zstd,blake3
5,15,2026-03-11T12:19:27.520724Z,elea,0.1.1,ef66ed9,add,f2.bin,add_file_total,17.966,5242880,,Zstd,blake3
5,15,2026-03-11T12:19:27.523189Z,elea,0.1.1,ef66ed9,add,f3.bin,add_file_total,20.450375,5242880,,Zstd,blake3
5,15,2026-03-11T12:19:27.523243Z,elea,0.1.1,ef66ed9,add,f1.bin,add_file_total,20.502291,5242880,,Zstd,blake3
5,15,2026-03-11T12:19:27.523294Z,elea,0.1.1,ef66ed9,add,f4.bin,add_file_total,20.55375,5242880,,Zstd,blake3
5,15,2026-03-11T12:19:27.523338Z,elea,0.1.1,ef66ed9,add,f5.bin,add_file_total,20.611082999999997,5242880,,Zstd,blake3
5,15,2026-03-11T12:19:27.523403Z,elea,0.1.1,ef66ed9,add,,add_total,20.712,,5,Zstd,blake3
5,16,2026-03-11T12:19:27.610019Z,elea,0.1.1,ef66ed9,hash,f1.bin,hash,2.9339169999999997,5242880,,,blake3
5,16,2026-03-11T12:19:27.61003Z,elea,0.1.1,ef66ed9,hash,f3.bin,hash,2.9303749999999997,5242880,,,blake3
5,16,2026-03-11T12:19:27.61004Z,elea,0.1.1,ef66ed9,hash,f2.bin,hash,2.9335,5242880,,,blake3
5,16,2026-03-11T12:19:27.610001Z,elea,0.1.1,ef66ed9,hash,f4.bin,hash,2.926583,5242880,,,blake3
5,16,2026-03-11T12:19:27.609977Z,elea,0.1.1,ef66ed9,hash,f5.bin,hash,2.8455,5242880,,,blake3
5,16,2026-03-11T12:19:27.626363Z,elea,0.1.1,ef66ed9,add,f4.bin,backend_store,14.641209,5242880,,Zstd,blake3
5,16,2026-03-11T12:19:27.626395Z,elea,0.1.1,ef66ed9,add,f1.bin,backend_store,14.751,5242880,,Zstd,blake3
5,16,2026-03-11T12:19:27.626411Z,elea,0.1.1,ef66ed9,add,f2.bin,backend_store,14.724166,5242880,,Zstd,blake3
5,16,2026-03-11T12:19:27.626429Z,elea,0.1.1,ef66ed9,add,f3.bin,backend_store,14.77775,5242880,,Zstd,blake3
5,16,2026-03-11T12:19:27.626603Z,elea,0.1.1,ef66ed9,add,f4.bin,add_file_total,19.566792,5242880,,Zstd,blake3
5,16,2026-03-11T12:19:27.626731Z,elea,0.1.1,ef66ed9,add,f5.bin,backend_store,14.939166,5242880,,Zstd,blake3
5,16,2026-03-11T12:19:27.628745Z,elea,0.1.1,ef66ed9,add,f3.bin,add_file_total,21.693917,5242880,,Zstd,blake3
5,16,2026-03-11T12:19:27.62879Z,elea,0.1.1,ef66ed9,add,f1.bin,add_file_total,21.740375,5242880,,Zstd,blake3
5,16,2026-03-11T12:19:27.628834Z,elea,0.1.1,ef66ed9,add,f2.bin,add_file_total,21.784541,5242880,,Zstd,blake3
5,16,2026-03-11T12:19:27.628864Z,elea,0.1.1,ef66ed9,add,f5.bin,add_file_total,21.804875000000003,5242880,,Zstd,blake3
5,16,2026-03-11T12:19:27.628918Z,elea,0.1.1,ef66ed9,add,,add_total,21.934417,,5,Zstd,blake3
5,17,2026-03-11T12:19:27.718319Z,elea,0.1.1,ef66ed9,hash,f1.bin,hash,2.9521249999999997,5242880,,,blake3
5,17,2026-03-11T12:19:27.718256Z,elea,0.1.1,ef66ed9,hash,f4.bin,hash,2.9118749999999998,5242880,,,blake3
5,17,2026-03-11T12:19:27.718241Z,elea,0.1.1,ef66ed9,hash,f5.bin,hash,2.9145,5242880,,,blake3
5,17,2026-03-11T12:19:27.718329Z,elea,0.1.1,ef66ed9,hash,f2.bin,hash,2.9612499999999997,5242880,,,blake3
5,17,2026-03-11T12:19:27.718273Z,elea,0.1.1,ef66ed9,hash,f3.bin,hash,2.921,5242880,,,blake3
5,17,2026-03-11T12:19:27.733411Z,elea,0.1.1,ef66ed9,add,f4.bin,backend_store,13.432833,5242880,,Zstd,blake3
5,17,2026-03-11T12:19:27.733586Z,elea,0.1.1,ef66ed9,add,f5.bin,backend_store,13.5795,5242880,,Zstd,blake3
5,17,2026-03-11T12:19:27.73366Z,elea,0.1.1,ef66ed9,add,f4.bin,add_file_total,18.36025,5242880,,Zstd,blake3
5,17,2026-03-11T12:19:27.733813Z,elea,0.1.1,ef66ed9,add,f3.bin,backend_store,13.748916,5242880,,Zstd,blake3
5,17,2026-03-11T12:19:27.733941Z,elea,0.1.1,ef66ed9,add,f1.bin,backend_store,13.976417,5242880,,Zstd,blake3
5,17,2026-03-11T12:19:27.734094Z,elea,0.1.1,ef66ed9,add,f2.bin,backend_store,14.061959,5242880,,Zstd,blake3
5,17,2026-03-11T12:19:27.734755Z,elea,0.1.1,ef66ed9,add,f5.bin,add_file_total,19.464125,5242880,,Zstd,blake3
5,17,2026-03-11T12:19:27.73528Z,elea,0.1.1,ef66ed9,add,f3.bin,add_file_total,19.982334,5242880,,Zstd,blake3
5,17,2026-03-11T12:19:27.735602Z,elea,0.1.1,ef66ed9,add,f1.bin,add_file_total,20.299541,5242880,,Zstd,blake3
5,17,2026-03-11T12:19:27.735821Z,elea,0.1.1,ef66ed9,add,f2.bin,add_file_total,20.519292,5242880,,Zstd,blake3
5,17,2026-03-11T12:19:27.735871Z,elea,0.1.1,ef66ed9,add,,add_total,20.620042,,5,Zstd,blake3
5,18,2026-03-11T12:19:27.825543Z,elea,0.1.1,ef66ed9,hash,f2.bin,hash,2.967333,5242880,,,blake3
5,18,2026-03-11T12:19:27.825461Z,elea,0.1.1,ef66ed9,hash,f3.bin,hash,2.90425,5242880,,,blake3
5,18,2026-03-11T12:19:27.825503Z,elea,0.1.1,ef66ed9,hash,f4.bin,hash,2.9650000000000003,5242880,,,blake3
5,18,2026-03-11T12:19:27.825562Z,elea,0.1.1,ef66ed9,hash,f1.bin,hash,2.975917,5242880,,,blake3
5,18,2026-03-11T12:19:27.825518Z,elea,0.1.1,ef66ed9,hash,f5.bin,hash,2.9341660000000003,5242880,,,blake3
5,18,2026-03-11T12:19:27.880283Z,elea,0.1.1,ef66ed9,add,f1.bin,backend_store,53.021125000000005,5242880,,Zstd,blake3
5,18,2026-03-11T12:19:27.880386Z,elea,0.1.1,ef66ed9,add,f3.bin,backend_store,53.199042,5242880,,Zstd,blake3
5,18,2026-03-11T12:19:27.880474Z,elea,0.1.1,ef66ed9,add,f5.bin,backend_store,53.124667,5242880,,Zstd,blake3
5,18,2026-03-11T12:19:27.880543Z,elea,0.1.1,ef66ed9,add,f2.bin,backend_store,53.371500000000005,5242880,,Zstd,blake3
5,18,2026-03-11T12:19:27.88056Z,elea,0.1.1,ef66ed9,add,f1.bin,add_file_total,58.030499999999996,5242880,,Zstd,blake3
5,18,2026-03-11T12:19:27.88067Z,elea,0.1.1,ef66ed9,add,f4.bin,backend_store,53.457125,5242880,,Zstd,blake3
5,18,2026-03-11T12:19:27.893049Z,elea,0.1.1,ef66ed9,add,f3.bin,add_file_total,70.512959,5242880,,Zstd,blake3
5,18,2026-03-11T12:19:27.89316Z,elea,0.1.1,ef66ed9,add,f5.bin,add_file_total,70.64287499999999,5242880,,Zstd,blake3
5,18,2026-03-11T12:19:27.893229Z,elea,0.1.1,ef66ed9,add,f2.bin,add_file_total,70.712791,5242880,,Zstd,blake3
5,18,2026-03-11T12:19:27.893299Z,elea,0.1.1,ef66ed9,add,f4.bin,add_file_total,70.784375,5242880,,Zstd,blake3
5,18,2026-03-11T12:19:27.893372Z,elea,0.1.1,ef66ed9,add,,add_total,70.90100000000001,,5,Zstd,blake3
5,19,2026-03-11T12:19:27.980059Z,elea,0.1.1,ef66ed9,hash,f4.bin,hash,3.079917,5242880,,,blake3
5,19,2026-03-11T12:19:27.979991Z,elea,0.1.1,ef66ed9,hash,f3.bin,hash,2.9906249999999996,5242880,,,blake3
5,19,2026-03-11T12:19:27.979938Z,elea,0.1.1,ef66ed9,hash,f5.bin,hash,2.947333,5242880,,,blake3
5,19,2026-03-11T12:19:27.980035Z,elea,0.1.1,ef66ed9,hash,f2.bin,hash,3.063708,5242880,,,blake3
5,19,2026-03-11T12:19:27.979962Z,elea,0.1.1,ef66ed9,hash,f1.bin,hash,2.940334,5242880,,,blake3
5,19,2026-03-11T12:19:27.995571Z,elea,0.1.1,ef66ed9,add,f3.bin,backend_store,13.882958,5242880,,Zstd,blake3
5,19,2026-03-11T12:19:27.995603Z,elea,0.1.1,ef66ed9,add,f5.bin,backend_store,13.869333,5242880,,Zstd,blake3
5,19,2026-03-11T12:19:27.99561Z,elea,0.1.1,ef66ed9,add,f1.bin,backend_store,13.765708,5242880,,Zstd,blake3
5,19,2026-03-11T12:19:27.995623Z,elea,0.1.1,ef66ed9,add,f2.bin,backend_store,13.899834,5242880,,Zstd,blake3
5,19,2026-03-11T12:19:27.995697Z,elea,0.1.1,ef66ed9,add,f4.bin,backend_store,14.020792,5242880,,Zstd,blake3
5,19,2026-03-11T12:19:27.995803Z,elea,0.1.1,ef66ed9,add,f3.bin,add_file_total,18.852375000000002,5242880,,Zstd,blake3
5,19,2026-03-11T12:19:27.998144Z,elea,0.1.1,ef66ed9,add,f1.bin,add_file_total,21.183625000000003,5242880,,Zstd,blake3
5,19,2026-03-11T12:19:27.998194Z,elea,0.1.1,ef66ed9,add,f2.bin,add_file_total,21.259,5242880,,Zstd,blake3
5,19,2026-03-11T12:19:27.998237Z,elea,0.1.1,ef66ed9,add,f5.bin,add_file_total,21.29075,5242880,,Zstd,blake3
5,19,2026-03-11T12:19:27.99829Z,elea,0.1.1,ef66ed9,add,f4.bin,add_file_total,21.343999999999998,5242880,,Zstd,blake3
5,19,2026-03-11T12:19:27.99835Z,elea,0.1.1,ef66ed9,add,,add_total,21.447291,,5,Zstd,blake3
5,20,2026-03-11T12:19:28.088593Z,elea,0.1.1,ef66ed9,hash,f1.bin,hash,2.943167,5242880,,,blake3
5,20,2026-03-11T12:19:28.088578Z,elea,0.1.1,ef66ed9,hash,f5.bin,hash,2.890584,5242880,,,blake3
5,20,2026-03-11T12:19:28.08865Z,elea,0.1.1,ef66ed9,hash,f3.bin,hash,2.9472919999999996,5242880,,,blake3
5,20,2026-03-11T12:19:28.08855Z,elea,0.1.1,ef66ed9,hash,f4.bin,hash,2.914875,5242880,,,blake3
5,20,2026-03-11T12:19:28.08863Z,elea,0.1.1,ef66ed9,hash,f2.bin,hash,2.958875,5242880,,,blake3
5,20,2026-03-11T12:19:28.105479Z,elea,0.1.1,ef66ed9,add,f1.bin,backend_store,15.323833,5242880,,Zstd,blake3
5,20,2026-03-11T12:19:28.10549Z,elea,0.1.1,ef66ed9,add,f5.bin,backend_store,15.307083,5242880,,Zstd,blake3
5,20,2026-03-11T12:19:28.105598Z,elea,0.1.1,ef66ed9,add,f2.bin,backend_store,15.298957999999999,5242880,,Zstd,blake3
5,20,2026-03-11T12:19:28.105784Z,elea,0.1.1,ef66ed9,add,f1.bin,add_file_total,20.164624999999997,5242880,,Zstd,blake3
5,20,2026-03-11T12:19:28.105885Z,elea,0.1.1,ef66ed9,add,f3.bin,backend_store,15.690583,5242880,,Zstd,blake3
5,20,2026-03-11T12:19:28.105952Z,elea,0.1.1,ef66ed9,add,f4.bin,backend_store,15.718791,5242880,,Zstd,blake3
5,20,2026-03-11T12:19:28.107595Z,elea,0.1.1,ef66ed9,add,f5.bin,add_file_total,21.97025,5242880,,Zstd,blake3
5,20,2026-03-11T12:19:28.107819Z,elea,0.1.1,ef66ed9,add,f2.bin,add_file_total,22.175207999999998,5242880,,Zstd,blake3
5,20,2026-03-11T12:19:28.107863Z,elea,0.1.1,ef66ed9,add,f3.bin,add_file_total,22.243458,5242880,,Zstd,blake3
5,20,2026-03-11T12:19:28.107903Z,elea,0.1.1,ef66ed9,add,f4.bin,add_file_total,22.30325,5242880,,Zstd,blake3
5,20,2026-03-11T12:19:28.107962Z,elea,0.1.1,ef66ed9,add,,add_total,22.394333999999997,,5,Zstd,blake3
5,21,2026-03-11T12:19:28.20107Z,elea,0.1.1,ef66ed9,hash,f1.bin,hash,2.960916,5242880,,,blake3
5,21,2026-03-11T12:19:28.201048Z,elea,0.1.1,ef66ed9,hash,f3.bin,hash,2.9274999999999998,5242880,,,blake3
5,21,2026-03-11T12:19:28.200996Z,elea,0.1.1,ef66ed9,hash,f4.bin,hash,2.861875,5242880,,,blake3
5,21,2026-03-11T12:19:28.201034Z,elea,0.1.1,ef66ed9,hash,f2.bin,hash,2.938625,5242880,,,blake3
5,21,2026-03-11T12:19:28.201018Z,elea,0.1.1,ef66ed9,hash,f5.bin,hash,2.8987499999999997,5242880,,,blake3
5,21,2026-03-11T12:19:28.216342Z,elea,0.1.1,ef66ed9,add,f3.bin,backend_store,13.55675,5242880,,Zstd,blake3
5,21,2026-03-11T12:19:28.216361Z,elea,0.1.1,ef66ed9,add,f4.bin,backend_store,13.544584,5242880,,Zstd,blake3
5,21,2026-03-11T12:19:28.216417Z,elea,0.1.1,ef66ed9,add,f2.bin,backend_store,13.570625,5242880,,Zstd,blake3
5,21,2026-03-11T12:19:28.216459Z,elea,0.1.1,ef66ed9,add,f5.bin,backend_store,13.468791000000001,5242880,,Zstd,blake3
5,21,2026-03-11T12:19:28.216626Z,elea,0.1.1,ef66ed9,add,f4.bin,add_file_total,18.564083,5242880,,Zstd,blake3
5,21,2026-03-11T12:19:28.216632Z,elea,0.1.1,ef66ed9,add,f1.bin,backend_store,13.852708999999999,5242880,,Zstd,blake3
5,21,2026-03-11T12:19:28.218952Z,elea,0.1.1,ef66ed9,add,f3.bin,add_file_total,20.908125,5242880,,Zstd,blake3
5,21,2026-03-11T12:19:28.219009Z,elea,0.1.1,ef66ed9,add,f2.bin,add_file_total,20.972209,5242880,,Zstd,blake3
5,21,2026-03-11T12:19:28.219057Z,elea,0.1.1,ef66ed9,add,f5.bin,add_file_total,21.011374999999997,5242880,,Zstd,blake3
5,21,2026-03-11T12:19:28.2191Z,elea,0.1.1,ef66ed9,add,f1.bin,add_file_total,21.05125,5242880,,Zstd,blake3
5,21,2026-03-11T12:19:28.219165Z,elea,0.1.1,ef66ed9,add,,add_total,21.172290999999998,,5,Zstd,blake3
5,22,2026-03-11T12:19:28.307811Z,elea,0.1.1,ef66ed9,hash,f1.bin,hash,2.922917,5242880,,,blake3
5,22,2026-03-11T12:19:28.3078Z,elea,0.1.1,ef66ed9,hash,f3.bin,hash,2.9120410000000003,5242880,,,blake3
5,22,2026-03-11T12:19:28.30769Z,elea,0.1.1,ef66ed9,hash,f5.bin,hash,2.834,5242880,,,blake3
5,22,2026-03-11T12:19:28.307781Z,elea,0.1.1,ef66ed9,hash,f4.bin,hash,2.866458,5242880,,,blake3
5,22,2026-03-11T12:19:28.307791Z,elea,0.1.1,ef66ed9,hash,f2.bin,hash,2.922917,5242880,,,blake3
5,22,2026-03-11T12:19:28.32282Z,elea,0.1.1,ef66ed9,add,f5.bin,backend_store,13.520666,5242880,,Zstd,blake3
5,22,2026-03-11T12:19:28.322836Z,elea,0.1.1,ef66ed9,add,f2.bin,backend_store,13.390167,5242880,,Zstd,blake3
5,22,2026-03-11T12:19:28.323089Z,elea,0.1.1,ef66ed9,add,f4.bin,backend_store,13.774875000000002,5242880,,Zstd,blake3
5,22,2026-03-11T12:19:28.323102Z,elea,0.1.1,ef66ed9,add,f5.bin,add_file_total,18.27525,5242880,,Zstd,blake3
5,22,2026-03-11T12:19:28.323114Z,elea,0.1.1,ef66ed9,add,f1.bin,backend_store,13.869333,5242880,,Zstd,blake3
5,22,2026-03-11T12:19:28.32316Z,elea,0.1.1,ef66ed9,add,f3.bin,backend_store,13.912833,5242880,,Zstd,blake3
5,22,2026-03-11T12:19:28.325213Z,elea,0.1.1,ef66ed9,add,f2.bin,add_file_total,20.392833,5242880,,Zstd,blake3
5,22,2026-03-11T12:19:28.325266Z,elea,0.1.1,ef66ed9,add,f4.bin,add_file_total,20.422584,5242880,,Zstd,blake3
5,22,2026-03-11T12:19:28.325313Z,elea,0.1.1,ef66ed9,add,f1.bin,add_file_total,20.480708,5242880,,Zstd,blake3
5,22,2026-03-11T12:19:28.325374Z,elea,0.1.1,ef66ed9,add,f3.bin,add_file_total,20.539875,5242880,,Zstd,blake3
5,22,2026-03-11T12:19:28.32544Z,elea,0.1.1,ef66ed9,add,,add_total,20.67425,,5,Zstd,blake3
5,23,2026-03-11T12:19:28.413569Z,elea,0.1.1,ef66ed9,hash,f3.bin,hash,2.973125,5242880,,,blake3
5,23,2026-03-11T12:19:28.413581Z,elea,0.1.1,ef66ed9,hash,f2.bin,hash,2.984708,5242880,,,blake3
5,23,2026-03-11T12:19:28.413681Z,elea,0.1.1,ef66ed9,hash,f5.bin,hash,3.1241250000000003,5242880,,,blake3
5,23,2026-03-11T12:19:28.413552Z,elea,0.1.1,ef66ed9,hash,f1.bin,hash,3.0013330000000003,5242880,,,blake3
5,23,2026-03-11T12:19:28.413733Z,elea,0.1.1,ef66ed9,hash,f4.bin,hash,3.167666,5242880,,,blake3
5,23,2026-03-11T12:19:28.433216Z,elea,0.1.1,ef66ed9,add,f4.bin,backend_store,17.87075,5242880,,Zstd,blake3
5,23,2026-03-11T12:19:28.433227Z,elea,0.1.1,ef66ed9,add,f1.bin,backend_store,17.92375,5242880,,Zstd,blake3
5,23,2026-03-11T12:19:28.433321Z,elea,0.1.1,ef66ed9,add,f5.bin,backend_store,18.044917,5242880,,Zstd,blake3
5,23,2026-03-11T12:19:28.433344Z,elea,0.1.1,ef66ed9,add,f2.bin,backend_store,18.1205,5242880,,Zstd,blake3
5,23,2026-03-11T12:19:28.433379Z,elea,0.1.1,ef66ed9,add,f3.bin,backend_store,18.1745,5242880,,Zstd,blake3
5,23,2026-03-11T12:19:28.433451Z,elea,0.1.1,ef66ed9,add,f1.bin,add_file_total,22.956208,5242880,,Zstd,blake3
5,23,2026-03-11T12:19:28.435635Z,elea,0.1.1,ef66ed9,add,f4.bin,add_file_total,25.139916000000003,5242880,,Zstd,blake3
5,23,2026-03-11T12:19:28.435681Z,elea,0.1.1,ef66ed9,add,f5.bin,add_file_total,25.188416,5242880,,Zstd,blake3
5,23,2026-03-11T12:19:28.435721Z,elea,0.1.1,ef66ed9,add,f2.bin,add_file_total,25.226958,5242880,,Zstd,blake3
5,23,2026-03-11T12:19:28.435754Z,elea,0.1.1,ef66ed9,add,f3.bin,add_file_total,25.260084,5242880,,Zstd,blake3
5,23,2026-03-11T12:19:28.435805Z,elea,0.1.1,ef66ed9,add,,add_total,25.367666,,5,Zstd,blake3
5,24,2026-03-11T12:19:28.527145Z,elea,0.1.1,ef66ed9,hash,f2.bin,hash,2.928917,5242880,,,blake3
5,24,2026-03-11T12:19:28.527076Z,elea,0.1.1,ef66ed9,hash,f5.bin,hash,2.869167,5242880,,,blake3
5,24,2026-03-11T12:19:28.527106Z,elea,0.1.1,ef66ed9,hash,f1.bin,hash,2.928833,5242880,,,blake3
5,24,2026-03-11T12:19:28.52709Z,elea,0.1.1,ef66ed9,hash,f3.bin,hash,2.921875,5242880,,,blake3
5,24,2026-03-11T12:19:28.527035Z,elea,0.1.1,ef66ed9,hash,f4.bin,hash,2.840167,5242880,,,blake3
5,24,2026-03-11T12:19:28.541369Z,elea,0.1.1,ef66ed9,add,f2.bin,backend_store,12.616083,5242880,,Zstd,blake3
5,24,2026-03-11T12:19:28.5415Z,elea,0.1.1,ef66ed9,add,f5.bin,backend_store,12.737458,5242880,,Zstd,blake3
5,24,2026-03-11T12:19:28.541557Z,elea,0.1.1,ef66ed9,add,f1.bin,backend_store,12.767375,5242880,,Zstd,blake3
5,24,2026-03-11T12:19:28.541631Z,elea,0.1.1,ef66ed9,add,f2.bin,add_file_total,17.475583,5242880,,Zstd,blake3
5,24,2026-03-11T12:19:28.541653Z,elea,0.1.1,ef66ed9,add,f3.bin,backend_store,12.829083,5242880,,Zstd,blake3
5,24,2026-03-11T12:19:28.541709Z,elea,0.1.1,ef66ed9,add,f4.bin,backend_store,12.797915999999999,5242880,,Zstd,blake3
5,24,2026-03-11T12:19:28.542684Z,elea,0.1.1,ef66ed9,add,f5.bin,add_file_total,18.525375,5242880,,Zstd,blake3
5,24,2026-03-11T12:19:28.543153Z,elea,0.1.1,ef66ed9,add,f1.bin,add_file_total,18.999583,5242880,,Zstd,blake3
5,24,2026-03-11T12:19:28.543531Z,elea,0.1.1,ef66ed9,add,f3.bin,add_file_total,19.396417,5242880,,Zstd,blake3
5,24,2026-03-11T12:19:28.543991Z,elea,0.1.1,ef66ed9,add,f4.bin,add_file_total,19.82,5242880,,Zstd,blake3
5,24,2026-03-11T12:19:28.544056Z,elea,0.1.1,ef66ed9,add,,add_total,19.962457999999998,,5,Zstd,blake3
5,25,2026-03-11T12:19:28.629983Z,elea,0.1.1,ef66ed9,hash,f3.bin,hash,2.914334,5242880,,,blake3
5,25,2026-03-11T12:19:28.629925Z,elea,0.1.1,ef66ed9,hash,f1.bin,hash,2.825125,5242880,,,blake3
5,25,2026-03-11T12:19:28.630024Z,elea,0.1.1,ef66ed9,hash,f2.bin,hash,2.9410410000000002,5242880,,,blake3
5,25,2026-03-11T12:19:28.629964Z,elea,0.1.1,ef66ed9,hash,f4.bin,hash,2.902083,5242880,,,blake3
5,25,2026-03-11T12:19:28.629951Z,elea,0.1.1,ef66ed9,hash,f5.bin,hash,2.894667,5242880,,,blake3
5,25,2026-03-11T12:19:28.645321Z,elea,0.1.1,ef66ed9,add,f3.bin,backend_store,13.458124999999999,5242880,,Zstd,blake3
5,25,2026-03-11T12:19:28.645333Z,elea,0.1.1,ef66ed9,add,f2.bin,backend_store,13.412624999999998,5242880,,Zstd,blake3
5,25,2026-03-11T12:19:28.645358Z,elea,0.1.1,ef66ed9,add,f5.bin,backend_store,13.306000000000001,5242880,,Zstd,blake3
5,25,2026-03-11T12:19:28.645368Z,elea,0.1.1,ef66ed9,add,f1.bin,backend_store,13.485125,5242880,,Zstd,blake3
5,25,2026-03-11T12:19:28.645397Z,elea,0.1.1,ef66ed9,add,f4.bin,backend_store,13.460625,5242880,,Zstd,blake3
5,25,2026-03-11T12:19:28.645543Z,elea,0.1.1,ef66ed9,add,f3.bin,add_file_total,18.522125,5242880,,Zstd,blake3
5,25,2026-03-11T12:19:28.646465Z,elea,0.1.1,ef66ed9,add,f1.bin,add_file_total,19.427625,5242880,,Zstd,blake3
5,25,2026-03-11T12:19:28.646817Z,elea,0.1.1,ef66ed9,add,f2.bin,add_file_total,19.789084,5242880,,Zstd,blake3
5,25,2026-03-11T12:19:28.647372Z,elea,0.1.1,ef66ed9,add,f4.bin,add_file_total,20.356583,5242880,,Zstd,blake3
5,25,2026-03-11T12:19:28.647846Z,elea,0.1.1,ef66ed9,add,f5.bin,add_file_total,20.836333,5242880,,Zstd,blake3
5,25,2026-03-11T12:19:28.647898Z,elea,0.1.1,ef66ed9,add,,add_total,20.939292000000002,,5,Zstd,blake3
10,1,2026-03-11T12:19:28.799326Z,elea,0.1.1,ef66ed9,hash,f3.bin,hash,5.877583,10485760,,,blake3
10,1,2026-03-11T12:19:28.799242Z,elea,0.1.1,ef66ed9,hash,f4.bin,hash,5.802541,10485760,,,blake3
10,1,2026-03-11T12:19:28.799286Z,elea,0.1.1,ef66ed9,hash,f5.bin,hash,5.804334000000001,10485760,,,blake3
10,1,2026-03-11T12:19:28.799294Z,elea,0.1.1,ef66ed9,hash,f1.bin,hash,5.828416000000001,10485760,,,blake3
10,1,2026-03-11T12:19:28.799308Z,elea,0.1.1,ef66ed9,hash,f2.bin,hash,5.811291,10485760,,,blake3
10,1,2026-03-11T12:19:28.833935Z,elea,0.1.1,ef66ed9,add,f4.bin,backend_store,32.726916,10485760,,Zstd,blake3
10,1,2026-03-11T12:19:28.833965Z,elea,0.1.1,ef66ed9,add,f2.bin,backend_store,32.8645,10485760,,Zstd,blake3
10,1,2026-03-11T12:19:28.834193Z,elea,0.1.1,ef66ed9,add,f1.bin,backend_store,33.055625,10485760,,Zstd,blake3
10,1,2026-03-11T12:19:28.834204Z,elea,0.1.1,ef66ed9,add,f4.bin,add_file_total,40.809458,10485760,,Zstd,blake3
10,1,2026-03-11T12:19:28.834384Z,elea,0.1.1,ef66ed9,add,f2.bin,add_file_total,40.9515,10485760,,Zstd,blake3
10,1,2026-03-11T12:19:28.834458Z,elea,0.1.1,ef66ed9,add,f1.bin,add_file_total,41.036834,10485760,,Zstd,blake3
10,1,2026-03-11T12:19:28.834622Z,elea,0.1.1,ef66ed9,add,f3.bin,backend_store,33.560249999999996,10485760,,Zstd,blake3
10,1,2026-03-11T12:19:28.834676Z,elea,0.1.1,ef66ed9,add,f5.bin,backend_store,33.562791000000004,10485760,,Zstd,blake3
10,1,2026-03-11T12:19:28.834776Z,elea,0.1.1,ef66ed9,add,f3.bin,add_file_total,41.348334,10485760,,Zstd,blake3
10,1,2026-03-11T12:19:28.834952Z,elea,0.1.1,ef66ed9,add,f5.bin,add_file_total,41.521625,10485760,,Zstd,blake3
10,1,2026-03-11T12:19:28.835019Z,elea,0.1.1,ef66ed9,add,,add_total,41.646958,,5,Zstd,blake3
10,2,2026-03-11T12:19:28.995363Z,elea,0.1.1,ef66ed9,hash,f2.bin,hash,5.917333,10485760,,,blake3
10,2,2026-03-11T12:19:28.995299Z,elea,0.1.1,ef66ed9,hash,f3.bin,hash,5.8419170000000005,10485760,,,blake3
10,2,2026-03-11T12:19:28.99527Z,elea,0.1.1,ef66ed9,hash,f4.bin,hash,5.807042,10485760,,,blake3
10,2,2026-03-11T12:19:28.995246Z,elea,0.1.1,ef66ed9,hash,f5.bin,hash,5.8171669999999995,10485760,,,blake3
10,2,2026-03-11T12:19:28.995306Z,elea,0.1.1,ef66ed9,hash,f1.bin,hash,5.829417,10485760,,,blake3
10,2,2026-03-11T12:19:29.027978Z,elea,0.1.1,ef66ed9,add,f4.bin,backend_store,30.743875,10485760,,Zstd,blake3
10,2,2026-03-11T12:19:29.027992Z,elea,0.1.1,ef66ed9,add,f2.bin,backend_store,30.788958,10485760,,Zstd,blake3
10,2,2026-03-11T12:19:29.028202Z,elea,0.1.1,ef66ed9,add,f2.bin,add_file_total,38.789625,10485760,,Zstd,blake3
10,2,2026-03-11T12:19:29.028243Z,elea,0.1.1,ef66ed9,add,f3.bin,backend_store,31.031792,10485760,,Zstd,blake3
10,2,2026-03-11T12:19:29.028256Z,elea,0.1.1,ef66ed9,add,f1.bin,backend_store,30.917707999999998,10485760,,Zstd,blake3
10,2,2026-03-11T12:19:29.02827Z,elea,0.1.1,ef66ed9,add,f5.bin,backend_store,30.961958000000003,10485760,,Zstd,blake3
10,2,2026-03-11T12:19:29.028807Z,elea,0.1.1,ef66ed9,add,f4.bin,add_file_total,39.3975,10485760,,Zstd,blake3
10,2,2026-03-11T12:19:29.028845Z,elea,0.1.1,ef66ed9,add,f5.bin,add_file_total,39.457209,10485760,,Zstd,blake3
10,2,2026-03-11T12:19:29.028893Z,elea,0.1.1,ef66ed9,add,f3.bin,add_file_total,39.477291,10485760,,Zstd,blake3
10,2,2026-03-11T12:19:29.028939Z,elea,0.1.1,ef66ed9,add,f1.bin,add_file_total,39.500541,10485760,,Zstd,blake3
10,2,2026-03-11T12:19:29.028997Z,elea,0.1.1,ef66ed9,add,,add_total,39.646875,,5,Zstd,blake3
10,3,2026-03-11T12:19:29.186472Z,elea,0.1.1,ef66ed9,hash,f4.bin,hash,5.8549999999999995,10485760,,,blake3
10,3,2026-03-11T12:19:29.186506Z,elea,0.1.1,ef66ed9,hash,f1.bin,hash,5.904917,10485760,,,blake3
10,3,2026-03-11T12:19:29.186448Z,elea,0.1.1,ef66ed9,hash,f5.bin,hash,5.8111250000000005,10485760,,,blake3
10,3,2026-03-11T12:19:29.186487Z,elea,0.1.1,ef66ed9,hash,f2.bin,hash,5.825792,10485760,,,blake3
10,3,2026-03-11T12:19:29.186498Z,elea,0.1.1,ef66ed9,hash,f3.bin,hash,5.867167,10485760,,,blake3
10,3,2026-03-11T12:19:29.215453Z,elea,0.1.1,ef66ed9,add,f5.bin,backend_store,27.142791,10485760,,Zstd,blake3
10,3,2026-03-11T12:19:29.215483Z,elea,0.1.1,ef66ed9,add,f1.bin,backend_store,27.215417,10485760,,Zstd,blake3
10,3,2026-03-11T12:19:29.215542Z,elea,0.1.1,ef66ed9,add,f4.bin,backend_store,27.286459,10485760,,Zstd,blake3
10,3,2026-03-11T12:19:29.215663Z,elea,0.1.1,ef66ed9,add,f5.bin,add_file_total,35.118792000000006,10485760,,Zstd,blake3
10,3,2026-03-11T12:19:29.215685Z,elea,0.1.1,ef66ed9,add,f2.bin,backend_store,27.35325,10485760,,Zstd,blake3
10,3,2026-03-11T12:19:29.215708Z,elea,0.1.1,ef66ed9,add,f3.bin,backend_store,27.2265,10485760,,Zstd,blake3
10,3,2026-03-11T12:19:29.216295Z,elea,0.1.1,ef66ed9,add,f1.bin,add_file_total,35.766917,10485760,,Zstd,blake3
10,3,2026-03-11T12:19:29.216357Z,elea,0.1.1,ef66ed9,add,f4.bin,add_file_total,35.819207999999996,10485760,,Zstd,blake3
10,3,2026-03-11T12:19:29.216401Z,elea,0.1.1,ef66ed9,add,f2.bin,add_file_total,35.839000000000006,10485760,,Zstd,blake3
10,3,2026-03-11T12:19:29.216439Z,elea,0.1.1,ef66ed9,add,f3.bin,add_file_total,35.901458,10485760,,Zstd,blake3
10,3,2026-03-11T12:19:29.216495Z,elea,0.1.1,ef66ed9,add,,add_total,36.017458000000005,,5,Zstd,blake3
10,4,2026-03-11T12:19:29.367055Z,elea,0.1.1,ef66ed9,hash,f3.bin,hash,5.896042,10485760,,,blake3
10,4,2026-03-11T12:19:29.367007Z,elea,0.1.1,ef66ed9,hash,f1.bin,hash,5.890834,10485760,,,blake3
10,4,2026-03-11T12:19:29.367085Z,elea,0.1.1,ef66ed9,hash,f5.bin,hash,5.902667,10485760,,,blake3
10,4,2026-03-11T12:19:29.367098Z,elea,0.1.1,ef66ed9,hash,f2.bin,hash,5.918792,10485760,,,blake3
10,4,2026-03-11T12:19:29.367073Z,elea,0.1.1,ef66ed9,hash,f4.bin,hash,5.928333,10485760,,,blake3
10,4,2026-03-11T12:19:29.405107Z,elea,0.1.1,ef66ed9,add,f3.bin,backend_store,36.240833,10485760,,Zstd,blake3
10,4,2026-03-11T12:19:29.405145Z,elea,0.1.1,ef66ed9,add,f2.bin,backend_store,36.193292,10485760,,Zstd,blake3
10,4,2026-03-11T12:19:29.405322Z,elea,0.1.1,ef66ed9,add,f5.bin,backend_store,36.404041,10485760,,Zstd,blake3
10,4,2026-03-11T12:19:29.405462Z,elea,0.1.1,ef66ed9,add,f2.bin,add_file_total,44.315583,10485760,,Zstd,blake3
10,4,2026-03-11T12:19:29.405562Z,elea,0.1.1,ef66ed9,add,f3.bin,add_file_total,44.46725,10485760,,Zstd,blake3
10,4,2026-03-11T12:19:29.405639Z,elea,0.1.1,ef66ed9,add,f1.bin,backend_store,36.75325,10485760,,Zstd,blake3
10,4,2026-03-11T12:19:29.405772Z,elea,0.1.1,ef66ed9,add,f5.bin,add_file_total,44.674625000000006,10485760,,Zstd,blake3
10,4,2026-03-11T12:19:29.405836Z,elea,0.1.1,ef66ed9,add,f4.bin,backend_store,36.7835,10485760,,Zstd,blake3
10,4,2026-03-11T12:19:29.405985Z,elea,0.1.1,ef66ed9,add,f1.bin,add_file_total,44.909458,10485760,,Zstd,blake3
10,4,2026-03-11T12:19:29.406029Z,elea,0.1.1,ef66ed9,add,f4.bin,add_file_total,44.933625,10485760,,Zstd,blake3
10,4,2026-03-11T12:19:29.406091Z,elea,0.1.1,ef66ed9,add,,add_total,45.040542,,5,Zstd,blake3
10,5,2026-03-11T12:19:29.573071Z,elea,0.1.1,ef66ed9,hash,f1.bin,hash,5.826417,10485760,,,blake3
10,5,2026-03-11T12:19:29.573024Z,elea,0.1.1,ef66ed9,hash,f5.bin,hash,5.774,10485760,,,blake3
10,5,2026-03-11T12:19:29.573102Z,elea,0.1.1,ef66ed9,hash,f4.bin,hash,5.797625,10485760,,,blake3
10,5,2026-03-11T12:19:29.573089Z,elea,0.1.1,ef66ed9,hash,f2.bin,hash,5.837791,10485760,,,blake3
10,5,2026-03-11T12:19:29.573111Z,elea,0.1.1,ef66ed9,hash,f3.bin,hash,5.815917000000001,10485760,,,blake3
10,5,2026-03-11T12:19:29.605845Z,elea,0.1.1,ef66ed9,add,f2.bin,backend_store,30.938,10485760,,Zstd,blake3
10,5,2026-03-11T12:19:29.605862Z,elea,0.1.1,ef66ed9,add,f1.bin,backend_store,31.043958,10485760,,Zstd,blake3
10,5,2026-03-11T12:19:29.6059Z,elea,0.1.1,ef66ed9,add,f4.bin,backend_store,31.039792,10485760,,Zstd,blake3
10,5,2026-03-11T12:19:29.605972Z,elea,0.1.1,ef66ed9,add,f5.bin,backend_store,31.134915999999997,10485760,,Zstd,blake3
10,5,2026-03-11T12:19:29.605985Z,elea,0.1.1,ef66ed9,add,f3.bin,backend_store,30.954875,10485760,,Zstd,blake3
10,5,2026-03-11T12:19:29.606118Z,elea,0.1.1,ef66ed9,add,f2.bin,add_file_total,38.925374999999995,10485760,,Zstd,blake3
10,5,2026-03-11T12:19:29.606538Z,elea,0.1.1,ef66ed9,add,f1.bin,add_file_total,39.331375,10485760,,Zstd,blake3
10,5,2026-03-11T12:19:29.606777Z,elea,0.1.1,ef66ed9,add,f4.bin,add_file_total,39.538542,10485760,,Zstd,blake3
10,5,2026-03-11T12:19:29.606829Z,elea,0.1.1,ef66ed9,add,f5.bin,add_file_total,39.613208,10485760,,Zstd,blake3
10,5,2026-03-11T12:19:29.606878Z,elea,0.1.1,ef66ed9,add,f3.bin,add_file_total,39.660833,10485760,,Zstd,blake3
10,5,2026-03-11T12:19:29.606945Z,elea,0.1.1,ef66ed9,add,,add_total,39.785542,,5,Zstd,blake3
10,6,2026-03-11T12:19:29.757586Z,elea,0.1.1,ef66ed9,hash,f3.bin,hash,5.827084,10485760,,,blake3
10,6,2026-03-11T12:19:29.757502Z,elea,0.1.1,ef66ed9,hash,f2.bin,hash,5.690625000000001,10485760,,,blake3
10,6,2026-03-11T12:19:29.757551Z,elea,0.1.1,ef66ed9,hash,f5.bin,hash,5.764417,10485760,,,blake3
10,6,2026-03-11T12:19:29.757607Z,elea,0.1.1,ef66ed9,hash,f4.bin,hash,5.831042,10485760,,,blake3
10,6,2026-03-11T12:19:29.757619Z,elea,0.1.1,ef66ed9,hash,f1.bin,hash,5.853542,10485760,,,blake3
10,6,2026-03-11T12:19:29.787666Z,elea,0.1.1,ef66ed9,add,f3.bin,backend_store,28.154625,10485760,,Zstd,blake3
10,6,2026-03-11T12:19:29.78784Z,elea,0.1.1,ef66ed9,add,f2.bin,backend_store,28.327624999999998,10485760,,Zstd,blake3
10,6,2026-03-11T12:19:29.787864Z,elea,0.1.1,ef66ed9,add,f4.bin,backend_store,28.289833,10485760,,Zstd,blake3
10,6,2026-03-11T12:19:29.787893Z,elea,0.1.1,ef66ed9,add,f5.bin,backend_store,28.348958,10485760,,Zstd,blake3
10,6,2026-03-11T12:19:29.787934Z,elea,0.1.1,ef66ed9,add,f1.bin,backend_store,28.229750000000003,10485760,,Zstd,blake3
10,6,2026-03-11T12:19:29.787967Z,elea,0.1.1,ef66ed9,add,f3.bin,add_file_total,36.248458,10485760,,Zstd,blake3
10,6,2026-03-11T12:19:29.788552Z,elea,0.1.1,ef66ed9,add,f2.bin,add_file_total,36.813582999999994,10485760,,Zstd,blake3
10,6,2026-03-11T12:19:29.788607Z,elea,0.1.1,ef66ed9,add,f5.bin,add_file_total,36.886207999999996,10485760,,Zstd,blake3
10,6,2026-03-11T12:19:29.788651Z,elea,0.1.1,ef66ed9,add,f1.bin,add_file_total,36.938167,10485760,,Zstd,blake3
10,6,2026-03-11T12:19:29.788695Z,elea,0.1.1,ef66ed9,add,f4.bin,add_file_total,36.974917000000005,10485760,,Zstd,blake3
10,6,2026-03-11T12:19:29.788765Z,elea,0.1.1,ef66ed9,add,,add_total,37.088917,,5,Zstd,blake3
10,7,2026-03-11T12:19:29.946729Z,elea,0.1.1,ef66ed9,hash,f2.bin,hash,5.908666,10485760,,,blake3
10,7,2026-03-11T12:19:29.946694Z,elea,0.1.1,ef66ed9,hash,f3.bin,hash,5.861375000000001,10485760,,,blake3
10,7,2026-03-11T12:19:29.946707Z,elea,0.1.1,ef66ed9,hash,f5.bin,hash,5.855875,10485760,,,blake3
10,7,2026-03-11T12:19:29.946766Z,elea,0.1.1,ef66ed9,hash,f1.bin,hash,5.898708,10485760,,,blake3
10,7,2026-03-11T12:19:29.94662Z,elea,0.1.1,ef66ed9,hash,f4.bin,hash,5.777417,10485760,,,blake3
10,7,2026-03-11T12:19:29.979455Z,elea,0.1.1,ef66ed9,add,f3.bin,backend_store,31.115040999999998,10485760,,Zstd,blake3
10,7,2026-03-11T12:19:29.979708Z,elea,0.1.1,ef66ed9,add,f3.bin,add_file_total,38.928791999999994,10485760,,Zstd,blake3
10,7,2026-03-11T12:19:29.979743Z,elea,0.1.1,ef66ed9,add,f4.bin,backend_store,31.220625,10485760,,Zstd,blake3
10,7,2026-03-11T12:19:29.979812Z,elea,0.1.1,ef66ed9,add,f1.bin,backend_store,31.413333,10485760,,Zstd,blake3
10,7,2026-03-11T12:19:29.979948Z,elea,0.1.1,ef66ed9,add,f2.bin,backend_store,31.645208,10485760,,Zstd,blake3
10,7,2026-03-11T12:19:29.980052Z,elea,0.1.1,ef66ed9,add,f4.bin,add_file_total,39.262167,10485760,,Zstd,blake3
10,7,2026-03-11T12:19:29.980092Z,elea,0.1.1,ef66ed9,add,f5.bin,backend_store,31.732042000000003,10485760,,Zstd,blake3
10,7,2026-03-11T12:19:29.980526Z,elea,0.1.1,ef66ed9,add,f1.bin,add_file_total,39.719417,10485760,,Zstd,blake3
10,7,2026-03-11T12:19:29.980574Z,elea,0.1.1,ef66ed9,add,f2.bin,add_file_total,39.795292,10485760,,Zstd,blake3
10,7,2026-03-11T12:19:29.980617Z,elea,0.1.1,ef66ed9,add,f5.bin,add_file_total,39.824958,10485760,,Zstd,blake3
10,7,2026-03-11T12:19:29.980685Z,elea,0.1.1,ef66ed9,add,,add_total,39.947583,,5,Zstd,blake3
10,8,2026-03-11T12:19:30.131554Z,elea,0.1.1,ef66ed9,hash,f1.bin,hash,5.823416,10485760,,,blake3
10,8,2026-03-11T12:19:30.131536Z,elea,0.1.1,ef66ed9,hash,f2.bin,hash,5.818417,10485760,,,blake3
10,8,2026-03-11T12:19:30.131477Z,elea,0.1.1,ef66ed9,hash,f4.bin,hash,5.755709,10485760,,,blake3
10,8,2026-03-11T12:19:30.131412Z,elea,0.1.1,ef66ed9,hash,f5.bin,hash,5.640083,10485760,,,blake3
10,8,2026-03-11T12:19:30.131545Z,elea,0.1.1,ef66ed9,hash,f3.bin,hash,5.799083,10485760,,,blake3
10,8,2026-03-11T12:19:30.162975Z,elea,0.1.1,ef66ed9,add,f2.bin,backend_store,29.87575,10485760,,Zstd,blake3
10,8,2026-03-11T12:19:30.162998Z,elea,0.1.1,ef66ed9,add,f5.bin,backend_store,29.845416,10485760,,Zstd,blake3
10,8,2026-03-11T12:19:30.163011Z,elea,0.1.1,ef66ed9,add,f1.bin,backend_store,29.927125,10485760,,Zstd,blake3
10,8,2026-03-11T12:19:30.16302Z,elea,0.1.1,ef66ed9,add,f4.bin,backend_store,29.891707999999998,10485760,,Zstd,blake3
10,8,2026-03-11T12:19:30.163078Z,elea,0.1.1,ef66ed9,add,f3.bin,backend_store,29.807457999999997,10485760,,Zstd,blake3
10,8,2026-03-11T12:19:30.163235Z,elea,0.1.1,ef66ed9,add,f5.bin,add_file_total,37.534833,10485760,,Zstd,blake3
10,8,2026-03-11T12:19:30.163686Z,elea,0.1.1,ef66ed9,add,f3.bin,add_file_total,37.995167,10485760,,Zstd,blake3
10,8,2026-03-11T12:19:30.163923Z,elea,0.1.1,ef66ed9,add,f4.bin,add_file_total,38.244915999999996,10485760,,Zstd,blake3
10,8,2026-03-11T12:19:30.163968Z,elea,0.1.1,ef66ed9,add,f2.bin,add_file_total,38.299542,10485760,,Zstd,blake3
10,8,2026-03-11T12:19:30.164006Z,elea,0.1.1,ef66ed9,add,f1.bin,add_file_total,38.321374999999996,10485760,,Zstd,blake3
10,8,2026-03-11T12:19:30.164072Z,elea,0.1.1,ef66ed9,add,,add_total,38.446667,,5,Zstd,blake3
10,9,2026-03-11T12:19:30.311934Z,elea,0.1.1,ef66ed9,hash,f5.bin,hash,5.665791,10485760,,,blake3
10,9,2026-03-11T12:19:30.312208Z,elea,0.1.1,ef66ed9,hash,f4.bin,hash,5.970833,10485760,,,blake3
10,9,2026-03-11T12:19:30.312231Z,elea,0.1.1,ef66ed9,hash,f3.bin,hash,5.983542,10485760,,,blake3
10,9,2026-03-11T12:19:30.311961Z,elea,0.1.1,ef66ed9,hash,f2.bin,hash,5.744375000000001,10485760,,,blake3
10,9,2026-03-11T12:19:30.312195Z,elea,0.1.1,ef66ed9,hash,f1.bin,hash,5.9632499999999995,10485760,,,blake3
10,9,2026-03-11T12:19:30.34062Z,elea,0.1.1,ef66ed9,add,f4.bin,backend_store,27.135125,10485760,,Zstd,blake3
10,9,2026-03-11T12:19:30.340865Z,elea,0.1.1,ef66ed9,add,f4.bin,add_file_total,34.666375,10485760,,Zstd,blake3
10,9,2026-03-11T12:19:30.341131Z,elea,0.1.1,ef66ed9,add,f1.bin,backend_store,27.658749999999998,10485760,,Zstd,blake3
10,9,2026-03-11T12:19:30.341178Z,elea,0.1.1,ef66ed9,add,f3.bin,backend_store,27.740292,10485760,,Zstd,blake3
10,9,2026-03-11T12:19:30.341185Z,elea,0.1.1,ef66ed9,add,f2.bin,backend_store,27.762542,10485760,,Zstd,blake3
10,9,2026-03-11T12:19:30.341276Z,elea,0.1.1,ef66ed9,add,f5.bin,backend_store,27.902875,10485760,,Zstd,blake3
10,9,2026-03-11T12:19:30.341285Z,elea,0.1.1,ef66ed9,add,f1.bin,add_file_total,35.082457999999995,10485760,,Zstd,blake3
10,9,2026-03-11T12:19:30.34195Z,elea,0.1.1,ef66ed9,add,f2.bin,add_file_total,35.777292,10485760,,Zstd,blake3
10,9,2026-03-11T12:19:30.341994Z,elea,0.1.1,ef66ed9,add,f3.bin,add_file_total,35.785416,10485760,,Zstd,blake3
10,9,2026-03-11T12:19:30.342035Z,elea,0.1.1,ef66ed9,add,f5.bin,add_file_total,35.826416,10485760,,Zstd,blake3
10,9,2026-03-11T12:19:30.342096Z,elea,0.1.1,ef66ed9,add,,add_total,35.956292,,5,Zstd,blake3
10,10,2026-03-11T12:19:30.49641Z,elea,0.1.1,ef66ed9,hash,f5.bin,hash,5.887584,10485760,,,blake3
10,10,2026-03-11T12:19:30.496455Z,elea,0.1.1,ef66ed9,hash,f3.bin,hash,5.902334000000001,10485760,,,blake3
10,10,2026-03-11T12:19:30.496467Z,elea,0.1.1,ef66ed9,hash,f4.bin,hash,5.9186250000000005,10485760,,,blake3
10,10,2026-03-11T12:19:30.496399Z,elea,0.1.1,ef66ed9,hash,f2.bin,hash,5.896541,10485760,,,blake3
10,10,2026-03-11T12:19:30.496434Z,elea,0.1.1,ef66ed9,hash,f1.bin,hash,5.8993329999999995,10485760,,,blake3
10,10,2026-03-11T12:19:30.52627Z,elea,0.1.1,ef66ed9,add,f5.bin,backend_store,27.930042,10485760,,Zstd,blake3
10,10,2026-03-11T12:19:30.526582Z,elea,0.1.1,ef66ed9,add,f5.bin,add_file_total,36.108792,10485760,,Zstd,blake3
10,10,2026-03-11T12:19:30.52685Z,elea,0.1.1,ef66ed9,add,f2.bin,backend_store,28.357958,10485760,,Zstd,blake3
10,10,2026-03-11T12:19:30.52692Z,elea,0.1.1,ef66ed9,add,f3.bin,backend_store,28.492458,10485760,,Zstd,blake3
10,10,2026-03-11T12:19:30.527057Z,elea,0.1.1,ef66ed9,add,f2.bin,add_file_total,36.593834,10485760,,Zstd,blake3
10,10,2026-03-11T12:19:30.52709Z,elea,0.1.1,ef66ed9,add,f4.bin,backend_store,28.627542,10485760,,Zstd,blake3
10,10,2026-03-11T12:19:30.52734Z,elea,0.1.1,ef66ed9,add,f3.bin,add_file_total,36.850666999999994,10485760,,Zstd,blake3
10,10,2026-03-11T12:19:30.527373Z,elea,0.1.1,ef66ed9,add,f1.bin,backend_store,28.769875,10485760,,Zstd,blake3
10,10,2026-03-11T12:19:30.527555Z,elea,0.1.1,ef66ed9,add,f4.bin,add_file_total,37.093042,10485760,,Zstd,blake3
10,10,2026-03-11T12:19:30.527598Z,elea,0.1.1,ef66ed9,add,f1.bin,add_file_total,37.127791,10485760,,Zstd,blake3
10,10,2026-03-11T12:19:30.527656Z,elea,0.1.1,ef66ed9,add,,add_total,37.241833,,5,Zstd,blake3
10,11,2026-03-11T12:19:30.678238Z,elea,0.1.1,ef66ed9,hash,f1.bin,hash,5.821166,10485760,,,blake3
10,11,2026-03-11T12:19:30.67823Z,elea,0.1.1,ef66ed9,hash,f3.bin,hash,5.801167,10485760,,,blake3
10,11,2026-03-11T12:19:30.678166Z,elea,0.1.1,ef66ed9,hash,f5.bin,hash,5.723375,10485760,,,blake3
10,11,2026-03-11T12:19:30.678221Z,elea,0.1.1,ef66ed9,hash,f2.bin,hash,5.836792,10485760,,,blake3
10,11,2026-03-11T12:19:30.678212Z,elea,0.1.1,ef66ed9,hash,f4.bin,hash,5.811166,10485760,,,blake3
10,11,2026-03-11T12:19:30.70641Z,elea,0.1.1,ef66ed9,add,f1.bin,backend_store,26.396875,10485760,,Zstd,blake3
10,11,2026-03-11T12:19:30.706601Z,elea,0.1.1,ef66ed9,add,f2.bin,backend_store,26.525208000000003,10485760,,Zstd,blake3
10,11,2026-03-11T12:19:30.706695Z,elea,0.1.1,ef66ed9,add,f1.bin,add_file_total,34.330084,10485760,,Zstd,blake3
10,11,2026-03-11T12:19:30.706724Z,elea,0.1.1,ef66ed9,add,f5.bin,backend_store,26.657208,10485760,,Zstd,blake3
10,11,2026-03-11T12:19:30.706751Z,elea,0.1.1,ef66ed9,add,f3.bin,backend_store,26.735166,10485760,,Zstd,blake3
10,11,2026-03-11T12:19:30.707121Z,elea,0.1.1,ef66ed9,add,f2.bin,add_file_total,34.768750000000004,10485760,,Zstd,blake3
10,11,2026-03-11T12:19:30.707182Z,elea,0.1.1,ef66ed9,add,f4.bin,backend_store,26.983,10485760,,Zstd,blake3
10,11,2026-03-11T12:19:30.707316Z,elea,0.1.1,ef66ed9,add,f5.bin,add_file_total,34.936541,10485760,,Zstd,blake3
10,11,2026-03-11T12:19:30.707362Z,elea,0.1.1,ef66ed9,add,f3.bin,add_file_total,34.999833,10485760,,Zstd,blake3
10,11,2026-03-11T12:19:30.707406Z,elea,0.1.1,ef66ed9,add,f4.bin,add_file_total,35.04825,10485760,,Zstd,blake3
10,11,2026-03-11T12:19:30.707477Z,elea,0.1.1,ef66ed9,add,,add_total,35.171542,,5,Zstd,blake3
10,12,2026-03-11T12:19:30.860369Z,elea,0.1.1,ef66ed9,hash,f1.bin,hash,5.788833,10485760,,,blake3
10,12,2026-03-11T12:19:30.860352Z,elea,0.1.1,ef66ed9,hash,f2.bin,hash,5.783041,10485760,,,blake3
10,12,2026-03-11T12:19:30.860382Z,elea,0.1.1,ef66ed9,hash,f3.bin,hash,5.791459,10485760,,,blake3
10,12,2026-03-11T12:19:30.860324Z,elea,0.1.1,ef66ed9,hash,f4.bin,hash,5.737833999999999,10485760,,,blake3
10,12,2026-03-11T12:19:30.860302Z,elea,0.1.1,ef66ed9,hash,f5.bin,hash,5.684583,10485760,,,blake3
10,12,2026-03-11T12:19:30.89731Z,elea,0.1.1,ef66ed9,add,f3.bin,backend_store,35.41175,10485760,,Zstd,blake3
10,12,2026-03-11T12:19:30.897555Z,elea,0.1.1,ef66ed9,add,f3.bin,add_file_total,42.996375,10485760,,Zstd,blake3
10,12,2026-03-11T12:19:30.897981Z,elea,0.1.1,ef66ed9,add,f1.bin,backend_store,36.13575,10485760,,Zstd,blake3
10,12,2026-03-11T12:19:30.89809Z,elea,0.1.1,ef66ed9,add,f5.bin,backend_store,36.122082999999996,10485760,,Zstd,blake3
10,12,2026-03-11T12:19:30.898122Z,elea,0.1.1,ef66ed9,add,f2.bin,backend_store,36.26325,10485760,,Zstd,blake3
10,12,2026-03-11T12:19:30.898178Z,elea,0.1.1,ef66ed9,add,f4.bin,backend_store,36.195708,10485760,,Zstd,blake3
10,12,2026-03-11T12:19:30.898187Z,elea,0.1.1,ef66ed9,add,f1.bin,add_file_total,43.635042,10485760,,Zstd,blake3
10,12,2026-03-11T12:19:30.898804Z,elea,0.1.1,ef66ed9,add,f5.bin,add_file_total,44.200958,10485760,,Zstd,blake3
10,12,2026-03-11T12:19:30.898822Z,elea,0.1.1,ef66ed9,add,f2.bin,add_file_total,44.270458999999995,10485760,,Zstd,blake3
10,12,2026-03-11T12:19:30.898861Z,elea,0.1.1,ef66ed9,add,f4.bin,add_file_total,44.332083000000004,10485760,,Zstd,blake3
10,12,2026-03-11T12:19:30.898914Z,elea,0.1.1,ef66ed9,add,,add_total,44.420167000000006,,5,Zstd,blake3
10,13,2026-03-11T12:19:31.05013Z,elea,0.1.1,ef66ed9,hash,f4.bin,hash,5.844958,10485760,,,blake3
10,13,2026-03-11T12:19:31.050056Z,elea,0.1.1,ef66ed9,hash,f5.bin,hash,5.78325,10485760,,,blake3
10,13,2026-03-11T12:19:31.050124Z,elea,0.1.1,ef66ed9,hash,f1.bin,hash,5.8765,10485760,,,blake3
10,13,2026-03-11T12:19:31.049924Z,elea,0.1.1,ef66ed9,hash,f3.bin,hash,5.61275,10485760,,,blake3
10,13,2026-03-11T12:19:31.050143Z,elea,0.1.1,ef66ed9,hash,f2.bin,hash,5.874207999999999,10485760,,,blake3
10,13,2026-03-11T12:19:31.077241Z,elea,0.1.1,ef66ed9,add,f5.bin,backend_store,25.451458,10485760,,Zstd,blake3
10,13,2026-03-11T12:19:31.077434Z,elea,0.1.1,ef66ed9,add,f5.bin,add_file_total,33.204959,10485760,,Zstd,blake3
10,13,2026-03-11T12:19:31.077441Z,elea,0.1.1,ef66ed9,add,f4.bin,backend_store,25.669875,10485760,,Zstd,blake3
10,13,2026-03-11T12:19:31.077469Z,elea,0.1.1,ef66ed9,add,f1.bin,backend_store,25.61275,10485760,,Zstd,blake3
10,13,2026-03-11T12:19:31.077642Z,elea,0.1.1,ef66ed9,add,f2.bin,backend_store,25.736042,10485760,,Zstd,blake3
10,13,2026-03-11T12:19:31.077711Z,elea,0.1.1,ef66ed9,add,f3.bin,backend_store,25.842208,10485760,,Zstd,blake3
10,13,2026-03-11T12:19:31.077757Z,elea,0.1.1,ef66ed9,add,f4.bin,add_file_total,33.525292,10485760,,Zstd,blake3
10,13,2026-03-11T12:19:31.078243Z,elea,0.1.1,ef66ed9,add,f1.bin,add_file_total,34.027,10485760,,Zstd,blake3
10,13,2026-03-11T12:19:31.078292Z,elea,0.1.1,ef66ed9,add,f2.bin,add_file_total,34.049457999999994,10485760,,Zstd,blake3
10,13,2026-03-11T12:19:31.078339Z,elea,0.1.1,ef66ed9,add,f3.bin,add_file_total,34.113875,10485760,,Zstd,blake3
10,13,2026-03-11T12:19:31.078396Z,elea,0.1.1,ef66ed9,add,,add_total,34.215875,,5,Zstd,blake3
10,14,2026-03-11T12:19:31.226135Z,elea,0.1.1,ef66ed9,hash,f4.bin,hash,5.8405000000000005,10485760,,,blake3
10,14,2026-03-11T12:19:31.226147Z,elea,0.1.1,ef66ed9,hash,f3.bin,hash,5.837459,10485760,,,blake3
10,14,2026-03-11T12:19:31.226107Z,elea,0.1.1,ef66ed9,hash,f1.bin,hash,5.852334,10485760,,,blake3
10,14,2026-03-11T12:19:31.226124Z,elea,0.1.1,ef66ed9,hash,f2.bin,hash,5.860334,10485760,,,blake3
10,14,2026-03-11T12:19:31.226158Z,elea,0.1.1,ef66ed9,hash,f5.bin,hash,5.8495,10485760,,,blake3
10,14,2026-03-11T12:19:31.253512Z,elea,0.1.1,ef66ed9,add,f1.bin,backend_store,25.655334,10485760,,Zstd,blake3
10,14,2026-03-11T12:19:31.253618Z,elea,0.1.1,ef66ed9,add,f4.bin,backend_store,25.804958,10485760,,Zstd,blake3
10,14,2026-03-11T12:19:31.253796Z,elea,0.1.1,ef66ed9,add,f1.bin,add_file_total,33.559542,10485760,,Zstd,blake3
10,14,2026-03-11T12:19:31.253819Z,elea,0.1.1,ef66ed9,add,f4.bin,add_file_total,33.577041,10485760,,Zstd,blake3
10,14,2026-03-11T12:19:31.254061Z,elea,0.1.1,ef66ed9,add,f5.bin,backend_store,26.058999999999997,10485760,,Zstd,blake3
10,14,2026-03-11T12:19:31.25416Z,elea,0.1.1,ef66ed9,add,f3.bin,backend_store,26.335417,10485760,,Zstd,blake3
10,14,2026-03-11T12:19:31.254181Z,elea,0.1.1,ef66ed9,add,f2.bin,backend_store,26.291167,10485760,,Zstd,blake3
10,14,2026-03-11T12:19:31.254244Z,elea,0.1.1,ef66ed9,add,f5.bin,add_file_total,34.003541999999996,10485760,,Zstd,blake3
10,14,2026-03-11T12:19:31.254649Z,elea,0.1.1,ef66ed9,add,f3.bin,add_file_total,34.408291,10485760,,Zstd,blake3
10,14,2026-03-11T12:19:31.254693Z,elea,0.1.1,ef66ed9,add,f2.bin,add_file_total,34.45525,10485760,,Zstd,blake3
10,14,2026-03-11T12:19:31.254754Z,elea,0.1.1,ef66ed9,add,,add_total,34.5665,,5,Zstd,blake3
10,15,2026-03-11T12:19:31.401658Z,elea,0.1.1,ef66ed9,hash,f4.bin,hash,5.78275,10485760,,,blake3
10,15,2026-03-11T12:19:31.401585Z,elea,0.1.1,ef66ed9,hash,f1.bin,hash,5.6915000000000004,10485760,,,blake3
10,15,2026-03-11T12:19:31.401537Z,elea,0.1.1,ef66ed9,hash,f5.bin,hash,5.719334000000001,10485760,,,blake3
10,15,2026-03-11T12:19:31.401669Z,elea,0.1.1,ef66ed9,hash,f2.bin,hash,5.803833,10485760,,,blake3
10,15,2026-03-11T12:19:31.401645Z,elea,0.1.1,ef66ed9,hash,f3.bin,hash,5.81275,10485760,,,blake3
10,15,2026-03-11T12:19:31.431207Z,elea,0.1.1,ef66ed9,add,f1.bin,backend_store,27.881583000000003,10485760,,Zstd,blake3
10,15,2026-03-11T12:19:31.431262Z,elea,0.1.1,ef66ed9,add,f2.bin,backend_store,27.882917,10485760,,Zstd,blake3
10,15,2026-03-11T12:19:31.431318Z,elea,0.1.1,ef66ed9,add,f5.bin,backend_store,27.963458,10485760,,Zstd,blake3
10,15,2026-03-11T12:19:31.431475Z,elea,0.1.1,ef66ed9,add,f4.bin,backend_store,28.168458,10485760,,Zstd,blake3
10,15,2026-03-11T12:19:31.431515Z,elea,0.1.1,ef66ed9,add,f1.bin,add_file_total,35.683708,10485760,,Zstd,blake3
10,15,2026-03-11T12:19:31.431923Z,elea,0.1.1,ef66ed9,add,f2.bin,add_file_total,36.123792,10485760,,Zstd,blake3
10,15,2026-03-11T12:19:31.431973Z,elea,0.1.1,ef66ed9,add,f3.bin,backend_store,28.506625,10485760,,Zstd,blake3
10,15,2026-03-11T12:19:31.432191Z,elea,0.1.1,ef66ed9,add,f5.bin,add_file_total,36.413875,10485760,,Zstd,blake3
10,15,2026-03-11T12:19:31.432242Z,elea,0.1.1,ef66ed9,add,f4.bin,add_file_total,36.439667,10485760,,Zstd,blake3
10,15,2026-03-11T12:19:31.432295Z,elea,0.1.1,ef66ed9,add,f3.bin,add_file_total,36.492542,10485760,,Zstd,blake3
10,15,2026-03-11T12:19:31.432363Z,elea,0.1.1,ef66ed9,add,,add_total,36.622375,,5,Zstd,blake3
10,16,2026-03-11T12:19:31.584161Z,elea,0.1.1,ef66ed9,hash,f3.bin,hash,5.8415,10485760,,,blake3
10,16,2026-03-11T12:19:31.584151Z,elea,0.1.1,ef66ed9,hash,f2.bin,hash,5.892042,10485760,,,blake3
10,16,2026-03-11T12:19:31.584059Z,elea,0.1.1,ef66ed9,hash,f5.bin,hash,5.76925,10485760,,,blake3
10,16,2026-03-11T12:19:31.584097Z,elea,0.1.1,ef66ed9,hash,f4.bin,hash,5.819915999999999,10485760,,,blake3
10,16,2026-03-11T12:19:31.583969Z,elea,0.1.1,ef66ed9,hash,f1.bin,hash,5.6379589999999995,10485760,,,blake3
10,16,2026-03-11T12:19:31.611423Z,elea,0.1.1,ef66ed9,add,f4.bin,backend_store,25.512166999999998,10485760,,Zstd,blake3
10,16,2026-03-11T12:19:31.611651Z,elea,0.1.1,ef66ed9,add,f4.bin,add_file_total,33.410416,10485760,,Zstd,blake3
10,16,2026-03-11T12:19:31.611779Z,elea,0.1.1,ef66ed9,add,f2.bin,backend_store,25.920790999999998,10485760,,Zstd,blake3
10,16,2026-03-11T12:19:31.611806Z,elea,0.1.1,ef66ed9,add,f5.bin,backend_store,25.921042,10485760,,Zstd,blake3
10,16,2026-03-11T12:19:31.611842Z,elea,0.1.1,ef66ed9,add,f1.bin,backend_store,25.822625,10485760,,Zstd,blake3
10,16,2026-03-11T12:19:31.611884Z,elea,0.1.1,ef66ed9,add,f3.bin,backend_store,26.045125,10485760,,Zstd,blake3
10,16,2026-03-11T12:19:31.611951Z,elea,0.1.1,ef66ed9,add,f2.bin,add_file_total,33.728415999999996,10485760,,Zstd,blake3
10,16,2026-03-11T12:19:31.612456Z,elea,0.1.1,ef66ed9,add,f5.bin,add_file_total,34.211958,10485760,,Zstd,blake3
10,16,2026-03-11T12:19:31.612563Z,elea,0.1.1,ef66ed9,add,f1.bin,add_file_total,34.303083,10485760,,Zstd,blake3
10,16,2026-03-11T12:19:31.612605Z,elea,0.1.1,ef66ed9,add,f3.bin,add_file_total,34.358374999999995,10485760,,Zstd,blake3
10,16,2026-03-11T12:19:31.612676Z,elea,0.1.1,ef66ed9,add,,add_total,34.496959000000004,,5,Zstd,blake3
10,17,2026-03-11T12:19:31.760723Z,elea,0.1.1,ef66ed9,hash,f5.bin,hash,5.738167,10485760,,,blake3
10,17,2026-03-11T12:19:31.760777Z,elea,0.1.1,ef66ed9,hash,f4.bin,hash,5.8055,10485760,,,blake3
10,17,2026-03-11T12:19:31.760799Z,elea,0.1.1,ef66ed9,hash,f3.bin,hash,5.836208,10485760,,,blake3
10,17,2026-03-11T12:19:31.76082Z,elea,0.1.1,ef66ed9,hash,f1.bin,hash,5.864792,10485760,,,blake3
10,17,2026-03-11T12:19:31.760633Z,elea,0.1.1,ef66ed9,hash,f2.bin,hash,5.628,10485760,,,blake3
10,17,2026-03-11T12:19:31.78868Z,elea,0.1.1,ef66ed9,add,f5.bin,backend_store,26.022,10485760,,Zstd,blake3
10,17,2026-03-11T12:19:31.788922Z,elea,0.1.1,ef66ed9,add,f4.bin,backend_store,26.260792000000002,10485760,,Zstd,blake3
10,17,2026-03-11T12:19:31.788941Z,elea,0.1.1,ef66ed9,add,f5.bin,add_file_total,34.011708,10485760,,Zstd,blake3
10,17,2026-03-11T12:19:31.789068Z,elea,0.1.1,ef66ed9,add,f4.bin,add_file_total,34.139165999999996,10485760,,Zstd,blake3
10,17,2026-03-11T12:19:31.789102Z,elea,0.1.1,ef66ed9,add,f1.bin,backend_store,26.324958,10485760,,Zstd,blake3
10,17,2026-03-11T12:19:31.78913Z,elea,0.1.1,ef66ed9,add,f2.bin,backend_store,26.437166,10485760,,Zstd,blake3
10,17,2026-03-11T12:19:31.789225Z,elea,0.1.1,ef66ed9,add,f3.bin,backend_store,26.491875,10485760,,Zstd,blake3
10,17,2026-03-11T12:19:31.789464Z,elea,0.1.1,ef66ed9,add,f1.bin,add_file_total,34.551167,10485760,,Zstd,blake3
10,17,2026-03-11T12:19:31.789696Z,elea,0.1.1,ef66ed9,add,f2.bin,add_file_total,34.744375,10485760,,Zstd,blake3
10,17,2026-03-11T12:19:31.789736Z,elea,0.1.1,ef66ed9,add,f3.bin,add_file_total,34.805707999999996,10485760,,Zstd,blake3
10,17,2026-03-11T12:19:31.789803Z,elea,0.1.1,ef66ed9,add,,add_total,34.930958999999994,,5,Zstd,blake3
10,18,2026-03-11T12:19:31.975264Z,elea,0.1.1,ef66ed9,hash,f2.bin,hash,7.26875,10485760,,,blake3
10,18,2026-03-11T12:19:31.975311Z,elea,0.1.1,ef66ed9,hash,f1.bin,hash,7.3564169999999995,10485760,,,blake3
10,18,2026-03-11T12:19:31.975017Z,elea,0.1.1,ef66ed9,hash,f4.bin,hash,7.0809999999999995,10485760,,,blake3
10,18,2026-03-11T12:19:31.974464Z,elea,0.1.1,ef66ed9,hash,f3.bin,hash,6.516708,10485760,,,blake3
10,18,2026-03-11T12:19:31.974406Z,elea,0.1.1,ef66ed9,hash,f5.bin,hash,6.422917,10485760,,,blake3
10,18,2026-03-11T12:19:32.03448Z,elea,0.1.1,ef66ed9,add,f4.bin,backend_store,57.587083,10485760,,Zstd,blake3
10,18,2026-03-11T12:19:32.034629Z,elea,0.1.1,ef66ed9,add,f2.bin,backend_store,57.930667,10485760,,Zstd,blake3
10,18,2026-03-11T12:19:32.034788Z,elea,0.1.1,ef66ed9,add,f4.bin,add_file_total,66.885333,10485760,,Zstd,blake3
10,18,2026-03-11T12:19:32.034854Z,elea,0.1.1,ef66ed9,add,f2.bin,add_file_total,66.928208,10485760,,Zstd,blake3
10,18,2026-03-11T12:19:32.035704Z,elea,0.1.1,ef66ed9,add,f1.bin,backend_store,58.872,10485760,,Zstd,blake3
10,18,2026-03-11T12:19:32.035735Z,elea,0.1.1,ef66ed9,add,f3.bin,backend_store,58.885666,10485760,,Zstd,blake3
10,18,2026-03-11T12:19:32.035747Z,elea,0.1.1,ef66ed9,add,f5.bin,backend_store,58.805917,10485760,,Zstd,blake3
10,18,2026-03-11T12:19:32.03588Z,elea,0.1.1,ef66ed9,add,f1.bin,add_file_total,67.970542,10485760,,Zstd,blake3
10,18,2026-03-11T12:19:32.036204Z,elea,0.1.1,ef66ed9,add,f3.bin,add_file_total,68.3,10485760,,Zstd,blake3
10,18,2026-03-11T12:19:32.036241Z,elea,0.1.1,ef66ed9,add,f5.bin,add_file_total,68.317375,10485760,,Zstd,blake3
10,18,2026-03-11T12:19:32.036312Z,elea,0.1.1,ef66ed9,add,,add_total,68.45729200000001,,5,Zstd,blake3
10,19,2026-03-11T12:19:32.203377Z,elea,0.1.1,ef66ed9,hash,f3.bin,hash,5.86525,10485760,,,blake3
10,19,2026-03-11T12:19:32.203342Z,elea,0.1.1,ef66ed9,hash,f1.bin,hash,5.845791999999999,10485760,,,blake3
10,19,2026-03-11T12:19:32.203116Z,elea,0.1.1,ef66ed9,hash,f5.bin,hash,5.562250000000001,10485760,,,blake3
10,19,2026-03-11T12:19:32.203355Z,elea,0.1.1,ef66ed9,hash,f4.bin,hash,5.813792,10485760,,,blake3
10,19,2026-03-11T12:19:32.203317Z,elea,0.1.1,ef66ed9,hash,f2.bin,hash,5.833583,10485760,,,blake3
10,19,2026-03-11T12:19:32.238994Z,elea,0.1.1,ef66ed9,add,f3.bin,backend_store,33.903583,10485760,,Zstd,blake3
10,19,2026-03-11T12:19:32.239254Z,elea,0.1.1,ef66ed9,add,f3.bin,add_file_total,41.773583,10485760,,Zstd,blake3
10,19,2026-03-11T12:19:32.240654Z,elea,0.1.1,ef66ed9,add,f2.bin,backend_store,35.540583,10485760,,Zstd,blake3
10,19,2026-03-11T12:19:32.240755Z,elea,0.1.1,ef66ed9,add,f1.bin,backend_store,35.494042,10485760,,Zstd,blake3
10,19,2026-03-11T12:19:32.240889Z,elea,0.1.1,ef66ed9,add,f2.bin,add_file_total,43.441709,10485760,,Zstd,blake3
10,19,2026-03-11T12:19:32.240962Z,elea,0.1.1,ef66ed9,add,f1.bin,add_file_total,43.484291,10485760,,Zstd,blake3
10,19,2026-03-11T12:19:32.241093Z,elea,0.1.1,ef66ed9,add,f5.bin,backend_store,35.969959,10485760,,Zstd,blake3
10,19,2026-03-11T12:19:32.2412Z,elea,0.1.1,ef66ed9,add,f5.bin,add_file_total,43.705625,10485760,,Zstd,blake3
10,19,2026-03-11T12:19:32.241613Z,elea,0.1.1,ef66ed9,add,f4.bin,backend_store,36.457709,10485760,,Zstd,blake3
10,19,2026-03-11T12:19:32.241722Z,elea,0.1.1,ef66ed9,add,f4.bin,add_file_total,44.243916,10485760,,Zstd,blake3
10,19,2026-03-11T12:19:32.241797Z,elea,0.1.1,ef66ed9,add,,add_total,44.38275,,5,Zstd,blake3
10,20,2026-03-11T12:19:32.390124Z,elea,0.1.1,ef66ed9,hash,f1.bin,hash,5.832583,10485760,,,blake3
10,20,2026-03-11T12:19:32.390151Z,elea,0.1.1,ef66ed9,hash,f2.bin,hash,5.8405000000000005,10485760,,,blake3
10,20,2026-03-11T12:19:32.390096Z,elea,0.1.1,ef66ed9,hash,f4.bin,hash,5.8194170000000005,10485760,,,blake3
10,20,2026-03-11T12:19:32.389995Z,elea,0.1.1,ef66ed9,hash,f5.bin,hash,5.660209,10485760,,,blake3
10,20,2026-03-11T12:19:32.390115Z,elea,0.1.1,ef66ed9,hash,f3.bin,hash,5.857875,10485760,,,blake3
10,20,2026-03-11T12:19:32.423094Z,elea,0.1.1,ef66ed9,add,f5.bin,backend_store,30.540792,10485760,,Zstd,blake3
10,20,2026-03-11T12:19:32.423241Z,elea,0.1.1,ef66ed9,add,f2.bin,backend_store,30.749584,10485760,,Zstd,blake3
10,20,2026-03-11T12:19:32.423332Z,elea,0.1.1,ef66ed9,add,f5.bin,add_file_total,39.066541,10485760,,Zstd,blake3
10,20,2026-03-11T12:19:32.423451Z,elea,0.1.1,ef66ed9,add,f2.bin,add_file_total,39.20375,10485760,,Zstd,blake3
10,20,2026-03-11T12:19:32.42362Z,elea,0.1.1,ef66ed9,add,f1.bin,backend_store,31.162084,10485760,,Zstd,blake3
10,20,2026-03-11T12:19:32.423646Z,elea,0.1.1,ef66ed9,add,f4.bin,backend_store,31.139875,10485760,,Zstd,blake3
10,20,2026-03-11T12:19:32.423726Z,elea,0.1.1,ef66ed9,add,f3.bin,backend_store,31.117166,10485760,,Zstd,blake3
10,20,2026-03-11T12:19:32.423746Z,elea,0.1.1,ef66ed9,add,f1.bin,add_file_total,39.501416,10485760,,Zstd,blake3
10,20,2026-03-11T12:19:32.424195Z,elea,0.1.1,ef66ed9,add,f4.bin,add_file_total,39.950333,10485760,,Zstd,blake3
10,20,2026-03-11T12:19:32.424239Z,elea,0.1.1,ef66ed9,add,f3.bin,add_file_total,40.016625,10485760,,Zstd,blake3
10,20,2026-03-11T12:19:32.42429Z,elea,0.1.1,ef66ed9,add,,add_total,40.109,,5,Zstd,blake3
10,21,2026-03-11T12:19:32.572306Z,elea,0.1.1,ef66ed9,hash,f5.bin,hash,5.775625000000001,10485760,,,blake3
10,21,2026-03-11T12:19:32.572291Z,elea,0.1.1,ef66ed9,hash,f4.bin,hash,5.8138749999999995,10485760,,,blake3
10,21,2026-03-11T12:19:32.572298Z,elea,0.1.1,ef66ed9,hash,f3.bin,hash,5.838833,10485760,,,blake3
10,21,2026-03-11T12:19:32.572374Z,elea,0.1.1,ef66ed9,hash,f2.bin,hash,5.859958,10485760,,,blake3
10,21,2026-03-11T12:19:32.572125Z,elea,0.1.1,ef66ed9,hash,f1.bin,hash,5.62375,10485760,,,blake3
10,21,2026-03-11T12:19:32.600434Z,elea,0.1.1,ef66ed9,add,f1.bin,backend_store,26.118624999999998,10485760,,Zstd,blake3
10,21,2026-03-11T12:19:32.60061Z,elea,0.1.1,ef66ed9,add,f5.bin,backend_store,26.50075,10485760,,Zstd,blake3
10,21,2026-03-11T12:19:32.600631Z,elea,0.1.1,ef66ed9,add,f4.bin,backend_store,26.492334,10485760,,Zstd,blake3
10,21,2026-03-11T12:19:32.600676Z,elea,0.1.1,ef66ed9,add,f1.bin,add_file_total,34.202000000000005,10485760,,Zstd,blake3
10,21,2026-03-11T12:19:32.600714Z,elea,0.1.1,ef66ed9,add,f3.bin,backend_store,26.568833,10485760,,Zstd,blake3
10,21,2026-03-11T12:19:32.600805Z,elea,0.1.1,ef66ed9,add,f2.bin,backend_store,26.530792,10485760,,Zstd,blake3
10,21,2026-03-11T12:19:32.60142Z,elea,0.1.1,ef66ed9,add,f5.bin,add_file_total,34.972834,10485760,,Zstd,blake3
10,21,2026-03-11T12:19:32.601467Z,elea,0.1.1,ef66ed9,add,f4.bin,add_file_total,35.021083000000004,10485760,,Zstd,blake3
10,21,2026-03-11T12:19:32.60151Z,elea,0.1.1,ef66ed9,add,f3.bin,add_file_total,35.085249999999995,10485760,,Zstd,blake3
10,21,2026-03-11T12:19:32.601553Z,elea,0.1.1,ef66ed9,add,f2.bin,add_file_total,35.103916999999996,10485760,,Zstd,blake3
10,21,2026-03-11T12:19:32.601621Z,elea,0.1.1,ef66ed9,add,,add_total,35.233167,,5,Zstd,blake3
10,22,2026-03-11T12:19:32.751856Z,elea,0.1.1,ef66ed9,hash,f2.bin,hash,5.927083,10485760,,,blake3
10,22,2026-03-11T12:19:32.75189Z,elea,0.1.1,ef66ed9,hash,f5.bin,hash,5.888375000000001,10485760,,,blake3
10,22,2026-03-11T12:19:32.751818Z,elea,0.1.1,ef66ed9,hash,f4.bin,hash,5.910125,10485760,,,blake3
10,22,2026-03-11T12:19:32.75179Z,elea,0.1.1,ef66ed9,hash,f1.bin,hash,5.890833,10485760,,,blake3
10,22,2026-03-11T12:19:32.751723Z,elea,0.1.1,ef66ed9,hash,f3.bin,hash,5.801166,10485760,,,blake3
10,22,2026-03-11T12:19:32.780493Z,elea,0.1.1,ef66ed9,add,f1.bin,backend_store,27.009375,10485760,,Zstd,blake3
10,22,2026-03-11T12:19:32.780536Z,elea,0.1.1,ef66ed9,add,f3.bin,backend_store,26.9235,10485760,,Zstd,blake3
10,22,2026-03-11T12:19:32.780623Z,elea,0.1.1,ef66ed9,add,f4.bin,backend_store,27.176333,10485760,,Zstd,blake3
10,22,2026-03-11T12:19:32.780637Z,elea,0.1.1,ef66ed9,add,f5.bin,backend_store,27.198375,10485760,,Zstd,blake3
10,22,2026-03-11T12:19:32.780644Z,elea,0.1.1,ef66ed9,add,f2.bin,backend_store,27.239290999999998,10485760,,Zstd,blake3
10,22,2026-03-11T12:19:32.780709Z,elea,0.1.1,ef66ed9,add,f1.bin,add_file_total,34.840334,10485760,,Zstd,blake3
10,22,2026-03-11T12:19:32.7814Z,elea,0.1.1,ef66ed9,add,f3.bin,add_file_total,35.526375,10485760,,Zstd,blake3
10,22,2026-03-11T12:19:32.781445Z,elea,0.1.1,ef66ed9,add,f4.bin,add_file_total,35.572375,10485760,,Zstd,blake3
10,22,2026-03-11T12:19:32.781492Z,elea,0.1.1,ef66ed9,add,f2.bin,add_file_total,35.619792,10485760,,Zstd,blake3
10,22,2026-03-11T12:19:32.781531Z,elea,0.1.1,ef66ed9,add,f5.bin,add_file_total,35.632999999999996,10485760,,Zstd,blake3
10,22,2026-03-11T12:19:32.7816Z,elea,0.1.1,ef66ed9,add,,add_total,35.776083,,5,Zstd,blake3
10,23,2026-03-11T12:19:32.935726Z,elea,0.1.1,ef66ed9,hash,f3.bin,hash,5.838667,10485760,,,blake3
10,23,2026-03-11T12:19:32.935767Z,elea,0.1.1,ef66ed9,hash,f5.bin,hash,5.8325,10485760,,,blake3
10,23,2026-03-11T12:19:32.935784Z,elea,0.1.1,ef66ed9,hash,f1.bin,hash,5.877542,10485760,,,blake3
10,23,2026-03-11T12:19:32.935794Z,elea,0.1.1,ef66ed9,hash,f2.bin,hash,5.827125,10485760,,,blake3
10,23,2026-03-11T12:19:32.935701Z,elea,0.1.1,ef66ed9,hash,f4.bin,hash,5.78125,10485760,,,blake3
10,23,2026-03-11T12:19:32.971887Z,elea,0.1.1,ef66ed9,add,f3.bin,backend_store,34.563917,10485760,,Zstd,blake3
10,23,2026-03-11T12:19:32.972088Z,elea,0.1.1,ef66ed9,add,f3.bin,add_file_total,42.237292000000004,10485760,,Zstd,blake3
10,23,2026-03-11T12:19:32.972448Z,elea,0.1.1,ef66ed9,add,f5.bin,backend_store,35.11875,10485760,,Zstd,blake3
10,23,2026-03-11T12:19:32.972471Z,elea,0.1.1,ef66ed9,add,f4.bin,backend_store,35.027584,10485760,,Zstd,blake3
10,23,2026-03-11T12:19:32.972649Z,elea,0.1.1,ef66ed9,add,f5.bin,add_file_total,42.77,10485760,,Zstd,blake3
10,23,2026-03-11T12:19:32.972753Z,elea,0.1.1,ef66ed9,add,f4.bin,add_file_total,42.876375,10485760,,Zstd,blake3
10,23,2026-03-11T12:19:32.972849Z,elea,0.1.1,ef66ed9,add,f1.bin,backend_store,35.469083,10485760,,Zstd,blake3
10,23,2026-03-11T12:19:32.972898Z,elea,0.1.1,ef66ed9,add,f2.bin,backend_store,35.502582999999994,10485760,,Zstd,blake3
10,23,2026-03-11T12:19:32.972981Z,elea,0.1.1,ef66ed9,add,f1.bin,add_file_total,43.111375,10485760,,Zstd,blake3
10,23,2026-03-11T12:19:32.9732Z,elea,0.1.1,ef66ed9,add,f2.bin,add_file_total,43.307041999999996,10485760,,Zstd,blake3
10,23,2026-03-11T12:19:32.973266Z,elea,0.1.1,ef66ed9,add,,add_total,43.454583,,5,Zstd,blake3
10,24,2026-03-11T12:19:33.130423Z,elea,0.1.1,ef66ed9,hash,f5.bin,hash,5.868250000000001,10485760,,,blake3
10,24,2026-03-11T12:19:33.130499Z,elea,0.1.1,ef66ed9,hash,f2.bin,hash,5.930791,10485760,,,blake3
10,24,2026-03-11T12:19:33.130431Z,elea,0.1.1,ef66ed9,hash,f3.bin,hash,5.829791,10485760,,,blake3
10,24,2026-03-11T12:19:33.130551Z,elea,0.1.1,ef66ed9,hash,f1.bin,hash,5.938708,10485760,,,blake3
10,24,2026-03-11T12:19:33.130404Z,elea,0.1.1,ef66ed9,hash,f4.bin,hash,5.859042,10485760,,,blake3
10,24,2026-03-11T12:19:33.158784Z,elea,0.1.1,ef66ed9,add,f2.bin,backend_store,26.568958,10485760,,Zstd,blake3
10,24,2026-03-11T12:19:33.159025Z,elea,0.1.1,ef66ed9,add,f2.bin,add_file_total,34.504417000000004,10485760,,Zstd,blake3
10,24,2026-03-11T12:19:33.159171Z,elea,0.1.1,ef66ed9,add,f5.bin,backend_store,27.002875,10485760,,Zstd,blake3
10,24,2026-03-11T12:19:33.159334Z,elea,0.1.1,ef66ed9,add,f5.bin,add_file_total,34.836791,10485760,,Zstd,blake3
10,24,2026-03-11T12:19:33.159541Z,elea,0.1.1,ef66ed9,add,f4.bin,backend_store,27.225375,10485760,,Zstd,blake3
10,24,2026-03-11T12:19:33.15956Z,elea,0.1.1,ef66ed9,add,f3.bin,backend_store,27.343415999999998,10485760,,Zstd,blake3
10,24,2026-03-11T12:19:33.159694Z,elea,0.1.1,ef66ed9,add,f4.bin,add_file_total,35.208709,10485760,,Zstd,blake3
10,24,2026-03-11T12:19:33.159772Z,elea,0.1.1,ef66ed9,add,f1.bin,backend_store,27.533917000000002,10485760,,Zstd,blake3
10,24,2026-03-11T12:19:33.160107Z,elea,0.1.1,ef66ed9,add,f3.bin,add_file_total,35.566291,10485760,,Zstd,blake3
10,24,2026-03-11T12:19:33.160151Z,elea,0.1.1,ef66ed9,add,f1.bin,add_file_total,35.611792,10485760,,Zstd,blake3
10,24,2026-03-11T12:19:33.160222Z,elea,0.1.1,ef66ed9,add,,add_total,35.775083,,5,Zstd,blake3
10,25,2026-03-11T12:19:33.313283Z,elea,0.1.1,ef66ed9,hash,f3.bin,hash,5.822125,10485760,,,blake3
10,25,2026-03-11T12:19:33.313352Z,elea,0.1.1,ef66ed9,hash,f1.bin,hash,5.869625,10485760,,,blake3
10,25,2026-03-11T12:19:33.31332Z,elea,0.1.1,ef66ed9,hash,f4.bin,hash,5.820625000000001,10485760,,,blake3
10,25,2026-03-11T12:19:33.31334Z,elea,0.1.1,ef66ed9,hash,f2.bin,hash,5.822666,10485760,,,blake3
10,25,2026-03-11T12:19:33.313255Z,elea,0.1.1,ef66ed9,hash,f5.bin,hash,5.77725,10485760,,,blake3
10,25,2026-03-11T12:19:33.340861Z,elea,0.1.1,ef66ed9,add,f5.bin,backend_store,25.772792,10485760,,Zstd,blake3
10,25,2026-03-11T12:19:33.340915Z,elea,0.1.1,ef66ed9,add,f3.bin,backend_store,25.987792,10485760,,Zstd,blake3
10,25,2026-03-11T12:19:33.340923Z,elea,0.1.1,ef66ed9,add,f2.bin,backend_store,25.929917,10485760,,Zstd,blake3
10,25,2026-03-11T12:19:33.340995Z,elea,0.1.1,ef66ed9,add,f1.bin,backend_store,26.042875,10485760,,Zstd,blake3
10,25,2026-03-11T12:19:33.341018Z,elea,0.1.1,ef66ed9,add,f4.bin,backend_store,26.013958,10485760,,Zstd,blake3
10,25,2026-03-11T12:19:33.34108Z,elea,0.1.1,ef66ed9,add,f3.bin,add_file_total,33.65225,10485760,,Zstd,blake3
10,25,2026-03-11T12:19:33.341583Z,elea,0.1.1,ef66ed9,add,f5.bin,add_file_total,34.135791,10485760,,Zstd,blake3
10,25,2026-03-11T12:19:33.3418Z,elea,0.1.1,ef66ed9,add,f2.bin,add_file_total,34.342,10485760,,Zstd,blake3
10,25,2026-03-11T12:19:33.341842Z,elea,0.1.1,ef66ed9,add,f4.bin,add_file_total,34.394167,10485760,,Zstd,blake3
10,25,2026-03-11T12:19:33.341883Z,elea,0.1.1,ef66ed9,add,f1.bin,add_file_total,34.436792000000004,10485760,,Zstd,blake3
10,25,2026-03-11T12:19:33.34194Z,elea,0.1.1,ef66ed9,add,,add_total,34.553582999999996,,5,Zstd,blake3
50,1,2026-03-11T12:19:33.989242Z,elea,0.1.1,ef66ed9,hash,f1.bin,hash,28.099791,52428800,,,blake3
50,1,2026-03-11T12:19:33.99029Z,elea,0.1.1,ef66ed9,hash,f5.bin,hash,29.230791999999997,52428800,,,blake3
50,1,2026-03-11T12:19:33.990275Z,elea,0.1.1,ef66ed9,hash,f3.bin,hash,29.1575,52428800,,,blake3
50,1,2026-03-11T12:19:33.990316Z,elea,0.1.1,ef66ed9,hash,f4.bin,hash,29.224333,52428800,,,blake3
50,1,2026-03-11T12:19:33.990431Z,elea,0.1.1,ef66ed9,hash,f2.bin,hash,29.352166999999998,52428800,,,blake3
50,1,2026-03-11T12:19:34.13778Z,elea,0.1.1,ef66ed9,add,f3.bin,backend_store,146.48458300000001,52428800,,Zstd,blake3
50,1,2026-03-11T12:19:34.138042Z,elea,0.1.1,ef66ed9,add,f3.bin,add_file_total,176.98879100000002,52428800,,Zstd,blake3
50,1,2026-03-11T12:19:34.138603Z,elea,0.1.1,ef66ed9,add,f1.bin,backend_store,147.371583,52428800,,Zstd,blake3
50,1,2026-03-11T12:19:34.138772Z,elea,0.1.1,ef66ed9,add,f1.bin,add_file_total,177.70374999999999,52428800,,Zstd,blake3
50,1,2026-03-11T12:19:34.139045Z,elea,0.1.1,ef66ed9,add,f2.bin,backend_store,147.614042,52428800,,Zstd,blake3
50,1,2026-03-11T12:19:34.139209Z,elea,0.1.1,ef66ed9,add,f2.bin,add_file_total,178.160917,52428800,,Zstd,blake3
50,1,2026-03-11T12:19:34.139376Z,elea,0.1.1,ef66ed9,add,f4.bin,backend_store,148.06025,52428800,,Zstd,blake3
50,1,2026-03-11T12:19:34.139511Z,elea,0.1.1,ef66ed9,add,f4.bin,add_file_total,178.458959,52428800,,Zstd,blake3
50,1,2026-03-11T12:19:34.139761Z,elea,0.1.1,ef66ed9,add,f5.bin,backend_store,148.506584,52428800,,Zstd,blake3
50,1,2026-03-11T12:19:34.139894Z,elea,0.1.1,ef66ed9,add,f5.bin,add_file_total,178.864,52428800,,Zstd,blake3
50,1,2026-03-11T12:19:34.139956Z,elea,0.1.1,ef66ed9,add,,add_total,178.960917,,5,Zstd,blake3
50,2,2026-03-11T12:19:34.782761Z,elea,0.1.1,ef66ed9,hash,f3.bin,hash,29.142375,52428800,,,blake3
50,2,2026-03-11T12:19:34.783223Z,elea,0.1.1,ef66ed9,hash,f4.bin,hash,29.573417000000003,52428800,,,blake3
50,2,2026-03-11T12:19:34.782817Z,elea,0.1.1,ef66ed9,hash,f2.bin,hash,29.207167,52428800,,,blake3
50,2,2026-03-11T12:19:34.782553Z,elea,0.1.1,ef66ed9,hash,f5.bin,hash,28.958667000000002,52428800,,,blake3
50,2,2026-03-11T12:19:34.782783Z,elea,0.1.1,ef66ed9,hash,f1.bin,hash,29.161792,52428800,,,blake3
50,2,2026-03-11T12:19:34.937396Z,elea,0.1.1,ef66ed9,add,f4.bin,backend_store,152.656709,52428800,,Zstd,blake3
50,2,2026-03-11T12:19:34.93776Z,elea,0.1.1,ef66ed9,add,f4.bin,add_file_total,184.18158300000002,52428800,,Zstd,blake3
50,2,2026-03-11T12:19:34.939616Z,elea,0.1.1,ef66ed9,add,f1.bin,backend_store,155.007541,52428800,,Zstd,blake3
50,2,2026-03-11T12:19:34.939812Z,elea,0.1.1,ef66ed9,add,f1.bin,add_file_total,186.199792,52428800,,Zstd,blake3
50,2,2026-03-11T12:19:34.940081Z,elea,0.1.1,ef66ed9,add,f2.bin,backend_store,155.402042,52428800,,Zstd,blake3
50,2,2026-03-11T12:19:34.940245Z,elea,0.1.1,ef66ed9,add,f2.bin,add_file_total,186.671125,52428800,,Zstd,blake3
50,2,2026-03-11T12:19:34.94064Z,elea,0.1.1,ef66ed9,add,f5.bin,backend_store,155.926625,52428800,,Zstd,blake3
50,2,2026-03-11T12:19:34.940759Z,elea,0.1.1,ef66ed9,add,f3.bin,backend_store,156.159667,52428800,,Zstd,blake3
50,2,2026-03-11T12:19:34.940804Z,elea,0.1.1,ef66ed9,add,f5.bin,add_file_total,187.234083,52428800,,Zstd,blake3
50,2,2026-03-11T12:19:34.940956Z,elea,0.1.1,ef66ed9,add,f3.bin,add_file_total,187.3805,52428800,,Zstd,blake3
50,2,2026-03-11T12:19:34.941033Z,elea,0.1.1,ef66ed9,add,,add_total,187.506625,,5,Zstd,blake3
50,3,2026-03-11T12:19:35.604127Z,elea,0.1.1,ef66ed9,hash,f4.bin,hash,32.745000000000005,52428800,,,blake3
50,3,2026-03-11T12:19:35.610716Z,elea,0.1.1,ef66ed9,hash,f5.bin,hash,39.263916,52428800,,,blake3
50,3,2026-03-11T12:19:35.611276Z,elea,0.1.1,ef66ed9,hash,f3.bin,hash,39.953167,52428800,,,blake3
50,3,2026-03-11T12:19:35.611324Z,elea,0.1.1,ef66ed9,hash,f1.bin,hash,40.038791999999994,52428800,,,blake3
50,3,2026-03-11T12:19:35.612895Z,elea,0.1.1,ef66ed9,hash,f2.bin,hash,41.535083,52428800,,,blake3
50,3,2026-03-11T12:19:35.734846Z,elea,0.1.1,ef66ed9,add,f4.bin,backend_store,128.718625,52428800,,Zstd,blake3
50,3,2026-03-11T12:19:35.737438Z,elea,0.1.1,ef66ed9,add,f4.bin,add_file_total,166.107834,52428800,,Zstd,blake3
50,3,2026-03-11T12:19:35.747391Z,elea,0.1.1,ef66ed9,add,f1.bin,backend_store,135.91287499999999,52428800,,Zstd,blake3
50,3,2026-03-11T12:19:35.747594Z,elea,0.1.1,ef66ed9,add,f1.bin,add_file_total,176.357583,52428800,,Zstd,blake3
50,3,2026-03-11T12:19:35.748319Z,elea,0.1.1,ef66ed9,add,f5.bin,backend_store,137.393,52428800,,Zstd,blake3
50,3,2026-03-11T12:19:35.748413Z,elea,0.1.1,ef66ed9,add,f3.bin,backend_store,137.02766599999998,52428800,,Zstd,blake3
50,3,2026-03-11T12:19:35.748475Z,elea,0.1.1,ef66ed9,add,f5.bin,add_file_total,177.147333,52428800,,Zstd,blake3
50,3,2026-03-11T12:19:35.748618Z,elea,0.1.1,ef66ed9,add,f3.bin,add_file_total,177.362042,52428800,,Zstd,blake3
50,3,2026-03-11T12:19:35.749329Z,elea,0.1.1,ef66ed9,add,f2.bin,backend_store,136.16775,52428800,,Zstd,blake3
50,3,2026-03-11T12:19:35.74948Z,elea,0.1.1,ef66ed9,add,f2.bin,add_file_total,178.18729199999999,52428800,,Zstd,blake3
50,3,2026-03-11T12:19:35.749553Z,elea,0.1.1,ef66ed9,add,,add_total,178.366417,,5,Zstd,blake3
50,4,2026-03-11T12:19:36.412016Z,elea,0.1.1,ef66ed9,hash,f3.bin,hash,28.95975,52428800,,,blake3
50,4,2026-03-11T12:19:36.412147Z,elea,0.1.1,ef66ed9,hash,f2.bin,hash,29.066625,52428800,,,blake3
50,4,2026-03-11T12:19:36.411562Z,elea,0.1.1,ef66ed9,hash,f4.bin,hash,28.460292000000003,52428800,,,blake3
50,4,2026-03-11T12:19:36.412157Z,elea,0.1.1,ef66ed9,hash,f1.bin,hash,29.077749999999998,52428800,,,blake3
50,4,2026-03-11T12:19:36.412072Z,elea,0.1.1,ef66ed9,hash,f5.bin,hash,29.027125,52428800,,,blake3
50,4,2026-03-11T12:19:36.552837Z,elea,0.1.1,ef66ed9,add,f2.bin,backend_store,139.483,52428800,,Zstd,blake3
50,4,2026-03-11T12:19:36.553086Z,elea,0.1.1,ef66ed9,add,f2.bin,add_file_total,170.035167,52428800,,Zstd,blake3
50,4,2026-03-11T12:19:36.553828Z,elea,0.1.1,ef66ed9,add,f5.bin,backend_store,140.359709,52428800,,Zstd,blake3
50,4,2026-03-11T12:19:36.553997Z,elea,0.1.1,ef66ed9,add,f5.bin,add_file_total,170.988791,52428800,,Zstd,blake3
50,4,2026-03-11T12:19:36.55484Z,elea,0.1.1,ef66ed9,add,f4.bin,backend_store,141.46025,52428800,,Zstd,blake3
50,4,2026-03-11T12:19:36.55499Z,elea,0.1.1,ef66ed9,add,f4.bin,add_file_total,171.93408399999998,52428800,,Zstd,blake3
50,4,2026-03-11T12:19:36.555345Z,elea,0.1.1,ef66ed9,add,f3.bin,backend_store,142.012625,52428800,,Zstd,blake3
50,4,2026-03-11T12:19:36.555448Z,elea,0.1.1,ef66ed9,add,f1.bin,backend_store,142.009083,52428800,,Zstd,blake3
50,4,2026-03-11T12:19:36.555464Z,elea,0.1.1,ef66ed9,add,f3.bin,add_file_total,172.430541,52428800,,Zstd,blake3
50,4,2026-03-11T12:19:36.55568Z,elea,0.1.1,ef66ed9,add,f1.bin,add_file_total,172.638083,52428800,,Zstd,blake3
50,4,2026-03-11T12:19:36.555728Z,elea,0.1.1,ef66ed9,add,,add_total,172.74583299999998,,5,Zstd,blake3
50,5,2026-03-11T12:19:37.216718Z,elea,0.1.1,ef66ed9,hash,f1.bin,hash,29.140290999999998,52428800,,,blake3
50,5,2026-03-11T12:19:37.216705Z,elea,0.1.1,ef66ed9,hash,f2.bin,hash,29.142583,52428800,,,blake3
50,5,2026-03-11T12:19:37.216726Z,elea,0.1.1,ef66ed9,hash,f3.bin,hash,29.201083999999998,52428800,,,blake3
50,5,2026-03-11T12:19:37.216063Z,elea,0.1.1,ef66ed9,hash,f5.bin,hash,28.459583,52428800,,,blake3
50,5,2026-03-11T12:19:37.216798Z,elea,0.1.1,ef66ed9,hash,f4.bin,hash,29.253999999999998,52428800,,,blake3
50,5,2026-03-11T12:19:37.348535Z,elea,0.1.1,ef66ed9,add,f2.bin,backend_store,130.392875,52428800,,Zstd,blake3
50,5,2026-03-11T12:19:37.348558Z,elea,0.1.1,ef66ed9,add,f1.bin,backend_store,130.44329199999999,52428800,,Zstd,blake3
50,5,2026-03-11T12:19:37.348759Z,elea,0.1.1,ef66ed9,add,f1.bin,add_file_total,161.247666,52428800,,Zstd,blake3
50,5,2026-03-11T12:19:37.349223Z,elea,0.1.1,ef66ed9,add,f2.bin,add_file_total,161.70737499999998,52428800,,Zstd,blake3
50,5,2026-03-11T12:19:37.350515Z,elea,0.1.1,ef66ed9,add,f5.bin,backend_store,132.315167,52428800,,Zstd,blake3
50,5,2026-03-11T12:19:37.350669Z,elea,0.1.1,ef66ed9,add,f5.bin,add_file_total,163.09475,52428800,,Zstd,blake3
50,5,2026-03-11T12:19:37.350798Z,elea,0.1.1,ef66ed9,add,f3.bin,backend_store,132.64558300000002,52428800,,Zstd,blake3
50,5,2026-03-11T12:19:37.354435Z,elea,0.1.1,ef66ed9,add,f3.bin,add_file_total,166.940375,52428800,,Zstd,blake3
50,5,2026-03-11T12:19:37.354934Z,elea,0.1.1,ef66ed9,add,f4.bin,backend_store,136.709542,52428800,,Zstd,blake3
50,5,2026-03-11T12:19:37.355529Z,elea,0.1.1,ef66ed9,add,f4.bin,add_file_total,168.019125,52428800,,Zstd,blake3
50,5,2026-03-11T12:19:37.355622Z,elea,0.1.1,ef66ed9,add,,add_total,168.155833,,5,Zstd,blake3
50,6,2026-03-11T12:19:38.008109Z,elea,0.1.1,ef66ed9,hash,f4.bin,hash,29.382375,52428800,,,blake3
50,6,2026-03-11T12:19:38.00782Z,elea,0.1.1,ef66ed9,hash,f2.bin,hash,29.0605,52428800,,,blake3
50,6,2026-03-11T12:19:38.007987Z,elea,0.1.1,ef66ed9,hash,f3.bin,hash,29.253042,52428800,,,blake3
50,6,2026-03-11T12:19:38.008239Z,elea,0.1.1,ef66ed9,hash,f1.bin,hash,29.4985,52428800,,,blake3
50,6,2026-03-11T12:19:38.007832Z,elea,0.1.1,ef66ed9,hash,f5.bin,hash,29.126708,52428800,,,blake3
50,6,2026-03-11T12:19:38.196691Z,elea,0.1.1,ef66ed9,add,f2.bin,backend_store,186.98612500000002,52428800,,Zstd,blake3
50,6,2026-03-11T12:19:38.196932Z,elea,0.1.1,ef66ed9,add,f2.bin,add_file_total,218.239916,52428800,,Zstd,blake3
50,6,2026-03-11T12:19:38.201173Z,elea,0.1.1,ef66ed9,add,f5.bin,backend_store,191.388083,52428800,,Zstd,blake3
50,6,2026-03-11T12:19:38.201365Z,elea,0.1.1,ef66ed9,add,f5.bin,add_file_total,222.69541700000002,52428800,,Zstd,blake3
50,6,2026-03-11T12:19:38.203145Z,elea,0.1.1,ef66ed9,add,f1.bin,backend_store,193.38066700000002,52428800,,Zstd,blake3
50,6,2026-03-11T12:19:38.203315Z,elea,0.1.1,ef66ed9,add,f1.bin,add_file_total,224.635167,52428800,,Zstd,blake3
50,6,2026-03-11T12:19:38.204097Z,elea,0.1.1,ef66ed9,add,f3.bin,backend_store,194.374708,52428800,,Zstd,blake3
50,6,2026-03-11T12:19:38.204244Z,elea,0.1.1,ef66ed9,add,f3.bin,add_file_total,225.56145899999999,52428800,,Zstd,blake3
50,6,2026-03-11T12:19:38.205273Z,elea,0.1.1,ef66ed9,add,f4.bin,backend_store,195.59616699999998,52428800,,Zstd,blake3
50,6,2026-03-11T12:19:38.205395Z,elea,0.1.1,ef66ed9,add,f4.bin,add_file_total,226.717417,52428800,,Zstd,blake3
50,6,2026-03-11T12:19:38.205485Z,elea,0.1.1,ef66ed9,add,,add_total,226.856125,,5,Zstd,blake3
50,7,2026-03-11T12:19:38.861461Z,elea,0.1.1,ef66ed9,hash,f2.bin,hash,28.705917,52428800,,,blake3
50,7,2026-03-11T12:19:38.861809Z,elea,0.1.1,ef66ed9,hash,f1.bin,hash,29.087875,52428800,,,blake3
50,7,2026-03-11T12:19:38.861827Z,elea,0.1.1,ef66ed9,hash,f5.bin,hash,29.108792,52428800,,,blake3
50,7,2026-03-11T12:19:38.861853Z,elea,0.1.1,ef66ed9,hash,f3.bin,hash,29.166125,52428800,,,blake3
50,7,2026-03-11T12:19:38.861843Z,elea,0.1.1,ef66ed9,hash,f4.bin,hash,29.099916999999998,52428800,,,blake3
50,7,2026-03-11T12:19:38.995466Z,elea,0.1.1,ef66ed9,add,f1.bin,backend_store,131.742667,52428800,,Zstd,blake3
50,7,2026-03-11T12:19:38.995707Z,elea,0.1.1,ef66ed9,add,f1.bin,add_file_total,163.04095800000002,52428800,,Zstd,blake3
50,7,2026-03-11T12:19:38.996072Z,elea,0.1.1,ef66ed9,add,f5.bin,backend_store,132.30249999999998,52428800,,Zstd,blake3
50,7,2026-03-11T12:19:38.996232Z,elea,0.1.1,ef66ed9,add,f5.bin,add_file_total,163.568625,52428800,,Zstd,blake3
50,7,2026-03-11T12:19:38.996669Z,elea,0.1.1,ef66ed9,add,f2.bin,backend_store,132.975333,52428800,,Zstd,blake3
50,7,2026-03-11T12:19:38.996821Z,elea,0.1.1,ef66ed9,add,f2.bin,add_file_total,164.154458,52428800,,Zstd,blake3
50,7,2026-03-11T12:19:38.997464Z,elea,0.1.1,ef66ed9,add,f3.bin,backend_store,133.704875,52428800,,Zstd,blake3
50,7,2026-03-11T12:19:38.997594Z,elea,0.1.1,ef66ed9,add,f3.bin,add_file_total,164.95825,52428800,,Zstd,blake3
50,7,2026-03-11T12:19:38.997753Z,elea,0.1.1,ef66ed9,add,f4.bin,backend_store,134.0315,52428800,,Zstd,blake3
50,7,2026-03-11T12:19:38.997856Z,elea,0.1.1,ef66ed9,add,f4.bin,add_file_total,165.19079200000002,52428800,,Zstd,blake3
50,7,2026-03-11T12:19:38.997909Z,elea,0.1.1,ef66ed9,add,,add_total,165.308208,,5,Zstd,blake3
50,8,2026-03-11T12:19:39.63875Z,elea,0.1.1,ef66ed9,hash,f1.bin,hash,29.382042000000002,52428800,,,blake3
50,8,2026-03-11T12:19:39.638733Z,elea,0.1.1,ef66ed9,hash,f4.bin,hash,29.375833,52428800,,,blake3
50,8,2026-03-11T12:19:39.638758Z,elea,0.1.1,ef66ed9,hash,f5.bin,hash,29.37875,52428800,,,blake3
50,8,2026-03-11T12:19:39.638808Z,elea,0.1.1,ef66ed9,hash,f3.bin,hash,29.408417,52428800,,,blake3
50,8,2026-03-11T12:19:39.638398Z,elea,0.1.1,ef66ed9,hash,f2.bin,hash,29.002625000000002,52428800,,,blake3
50,8,2026-03-11T12:19:39.788372Z,elea,0.1.1,ef66ed9,add,f5.bin,backend_store,147.59975,52428800,,Zstd,blake3
50,8,2026-03-11T12:19:39.78871Z,elea,0.1.1,ef66ed9,add,f5.bin,add_file_total,179.362791,52428800,,Zstd,blake3
50,8,2026-03-11T12:19:39.789098Z,elea,0.1.1,ef66ed9,add,f4.bin,backend_store,148.356,52428800,,Zstd,blake3
50,8,2026-03-11T12:19:39.789256Z,elea,0.1.1,ef66ed9,add,f4.bin,add_file_total,179.934666,52428800,,Zstd,blake3
50,8,2026-03-11T12:19:39.790056Z,elea,0.1.1,ef66ed9,add,f1.bin,backend_store,149.3495,52428800,,Zstd,blake3
50,8,2026-03-11T12:19:39.790218Z,elea,0.1.1,ef66ed9,add,f1.bin,add_file_total,180.87645899999998,52428800,,Zstd,blake3
50,8,2026-03-11T12:19:39.790541Z,elea,0.1.1,ef66ed9,add,f2.bin,backend_store,149.72275,52428800,,Zstd,blake3
50,8,2026-03-11T12:19:39.79067Z,elea,0.1.1,ef66ed9,add,f2.bin,add_file_total,181.32275,52428800,,Zstd,blake3
50,8,2026-03-11T12:19:39.790894Z,elea,0.1.1,ef66ed9,add,f3.bin,backend_store,150.108375,52428800,,Zstd,blake3
50,8,2026-03-11T12:19:39.790996Z,elea,0.1.1,ef66ed9,add,f3.bin,add_file_total,181.64791599999998,52428800,,Zstd,blake3
50,8,2026-03-11T12:19:39.791052Z,elea,0.1.1,ef66ed9,add,,add_total,181.75425,,5,Zstd,blake3
50,9,2026-03-11T12:19:40.432395Z,elea,0.1.1,ef66ed9,hash,f2.bin,hash,29.837125,52428800,,,blake3
50,9,2026-03-11T12:19:40.432597Z,elea,0.1.1,ef66ed9,hash,f1.bin,hash,30.017167,52428800,,,blake3
50,9,2026-03-11T12:19:40.432322Z,elea,0.1.1,ef66ed9,hash,f3.bin,hash,29.719709,52428800,,,blake3
50,9,2026-03-11T12:19:40.432568Z,elea,0.1.1,ef66ed9,hash,f4.bin,hash,29.958875,52428800,,,blake3
50,9,2026-03-11T12:19:40.432701Z,elea,0.1.1,ef66ed9,hash,f5.bin,hash,30.155667,52428800,,,blake3
50,9,2026-03-11T12:19:40.571742Z,elea,0.1.1,ef66ed9,add,f2.bin,backend_store,137.325667,52428800,,Zstd,blake3
50,9,2026-03-11T12:19:40.572329Z,elea,0.1.1,ef66ed9,add,f4.bin,backend_store,137.827083,52428800,,Zstd,blake3
50,9,2026-03-11T12:19:40.5733Z,elea,0.1.1,ef66ed9,add,f5.bin,backend_store,138.679417,52428800,,Zstd,blake3
50,9,2026-03-11T12:19:40.57518Z,elea,0.1.1,ef66ed9,add,f2.bin,add_file_total,172.662583,52428800,,Zstd,blake3
50,9,2026-03-11T12:19:40.57525Z,elea,0.1.1,ef66ed9,add,f4.bin,add_file_total,172.72799999999998,52428800,,Zstd,blake3
50,9,2026-03-11T12:19:40.575286Z,elea,0.1.1,ef66ed9,add,f5.bin,add_file_total,172.792167,52428800,,Zstd,blake3
50,9,2026-03-11T12:19:40.57544Z,elea,0.1.1,ef66ed9,add,f1.bin,backend_store,140.999417,52428800,,Zstd,blake3
50,9,2026-03-11T12:19:40.575554Z,elea,0.1.1,ef66ed9,add,f1.bin,add_file_total,173.035041,52428800,,Zstd,blake3
50,9,2026-03-11T12:19:40.576283Z,elea,0.1.1,ef66ed9,add,f3.bin,backend_store,141.822584,52428800,,Zstd,blake3
50,9,2026-03-11T12:19:40.5764Z,elea,0.1.1,ef66ed9,add,f3.bin,add_file_total,173.879875,52428800,,Zstd,blake3
50,9,2026-03-11T12:19:40.576457Z,elea,0.1.1,ef66ed9,add,,add_total,173.98541600000001,,5,Zstd,blake3
50,10,2026-03-11T12:19:41.254886Z,elea,0.1.1,ef66ed9,hash,f5.bin,hash,29.1985,52428800,,,blake3
50,10,2026-03-11T12:19:41.254676Z,elea,0.1.1,ef66ed9,hash,f3.bin,hash,28.978208,52428800,,,blake3
50,10,2026-03-11T12:19:41.254705Z,elea,0.1.1,ef66ed9,hash,f4.bin,hash,28.983667,52428800,,,blake3
50,10,2026-03-11T12:19:41.254909Z,elea,0.1.1,ef66ed9,hash,f1.bin,hash,29.160249999999998,52428800,,,blake3
50,10,2026-03-11T12:19:41.2549Z,elea,0.1.1,ef66ed9,hash,f2.bin,hash,29.180292,52428800,,,blake3
50,10,2026-03-11T12:19:41.432748Z,elea,0.1.1,ef66ed9,add,f5.bin,backend_store,175.987042,52428800,,Zstd,blake3
50,10,2026-03-11T12:19:41.433087Z,elea,0.1.1,ef66ed9,add,f5.bin,add_file_total,207.434417,52428800,,Zstd,blake3
50,10,2026-03-11T12:19:41.435687Z,elea,0.1.1,ef66ed9,add,f3.bin,backend_store,178.895209,52428800,,Zstd,blake3
50,10,2026-03-11T12:19:41.435929Z,elea,0.1.1,ef66ed9,add,f3.bin,add_file_total,210.248625,52428800,,Zstd,blake3
50,10,2026-03-11T12:19:41.436585Z,elea,0.1.1,ef66ed9,add,f1.bin,backend_store,179.751833,52428800,,Zstd,blake3
50,10,2026-03-11T12:19:41.436739Z,elea,0.1.1,ef66ed9,add,f1.bin,add_file_total,211.054208,52428800,,Zstd,blake3
50,10,2026-03-11T12:19:41.437098Z,elea,0.1.1,ef66ed9,add,f2.bin,backend_store,180.23725,52428800,,Zstd,blake3
50,10,2026-03-11T12:19:41.437261Z,elea,0.1.1,ef66ed9,add,f2.bin,add_file_total,211.585417,52428800,,Zstd,blake3
50,10,2026-03-11T12:19:41.437348Z,elea,0.1.1,ef66ed9,add,f4.bin,backend_store,180.55516599999999,52428800,,Zstd,blake3
50,10,2026-03-11T12:19:41.437479Z,elea,0.1.1,ef66ed9,add,f4.bin,add_file_total,211.795292,52428800,,Zstd,blake3
50,10,2026-03-11T12:19:41.437584Z,elea,0.1.1,ef66ed9,add,,add_total,211.96029099999998,,5,Zstd,blake3
50,11,2026-03-11T12:19:42.121394Z,elea,0.1.1,ef66ed9,hash,f3.bin,hash,30.034708000000002,52428800,,,blake3
50,11,2026-03-11T12:19:42.121438Z,elea,0.1.1,ef66ed9,hash,f2.bin,hash,30.025625,52428800,,,blake3
50,11,2026-03-11T12:19:42.120829Z,elea,0.1.1,ef66ed9,hash,f5.bin,hash,29.428083,52428800,,,blake3
50,11,2026-03-11T12:19:42.120848Z,elea,0.1.1,ef66ed9,hash,f1.bin,hash,29.393458000000003,52428800,,,blake3
50,11,2026-03-11T12:19:42.12071Z,elea,0.1.1,ef66ed9,hash,f4.bin,hash,29.327583,52428800,,,blake3
50,11,2026-03-11T12:19:42.29147Z,elea,0.1.1,ef66ed9,add,f1.bin,backend_store,168.746459,52428800,,Zstd,blake3
50,11,2026-03-11T12:19:42.291963Z,elea,0.1.1,ef66ed9,add,f1.bin,add_file_total,200.612792,52428800,,Zstd,blake3
50,11,2026-03-11T12:19:42.294152Z,elea,0.1.1,ef66ed9,add,f5.bin,backend_store,171.497334,52428800,,Zstd,blake3
50,11,2026-03-11T12:19:42.294338Z,elea,0.1.1,ef66ed9,add,f5.bin,add_file_total,202.992333,52428800,,Zstd,blake3
50,11,2026-03-11T12:19:42.295015Z,elea,0.1.1,ef66ed9,add,f4.bin,backend_store,172.266542,52428800,,Zstd,blake3
50,11,2026-03-11T12:19:42.295045Z,elea,0.1.1,ef66ed9,add,f3.bin,backend_store,172.45458299999999,52428800,,Zstd,blake3
50,11,2026-03-11T12:19:42.295067Z,elea,0.1.1,ef66ed9,add,f2.bin,backend_store,172.4435,52428800,,Zstd,blake3
50,11,2026-03-11T12:19:42.295179Z,elea,0.1.1,ef66ed9,add,f4.bin,add_file_total,203.833125,52428800,,Zstd,blake3
50,11,2026-03-11T12:19:42.295552Z,elea,0.1.1,ef66ed9,add,f3.bin,add_file_total,204.226667,52428800,,Zstd,blake3
50,11,2026-03-11T12:19:42.295594Z,elea,0.1.1,ef66ed9,add,f2.bin,add_file_total,204.247041,52428800,,Zstd,blake3
50,11,2026-03-11T12:19:42.295678Z,elea,0.1.1,ef66ed9,add,,add_total,204.376583,,5,Zstd,blake3
50,12,2026-03-11T12:19:42.951537Z,elea,0.1.1,ef66ed9,hash,f4.bin,hash,29.706208,52428800,,,blake3
50,12,2026-03-11T12:19:42.951485Z,elea,0.1.1,ef66ed9,hash,f1.bin,hash,29.698208,52428800,,,blake3
50,12,2026-03-11T12:19:42.95146Z,elea,0.1.1,ef66ed9,hash,f2.bin,hash,29.648208,52428800,,,blake3
50,12,2026-03-11T12:19:42.951519Z,elea,0.1.1,ef66ed9,hash,f5.bin,hash,29.737667,52428800,,,blake3
50,12,2026-03-11T12:19:42.95147Z,elea,0.1.1,ef66ed9,hash,f3.bin,hash,29.667875,52428800,,,blake3
50,12,2026-03-11T12:19:43.096365Z,elea,0.1.1,ef66ed9,add,f1.bin,backend_store,142.780125,52428800,,Zstd,blake3
50,12,2026-03-11T12:19:43.096666Z,elea,0.1.1,ef66ed9,add,f1.bin,add_file_total,174.89170900000002,52428800,,Zstd,blake3
50,12,2026-03-11T12:19:43.09979Z,elea,0.1.1,ef66ed9,add,f4.bin,backend_store,146.224958,52428800,,Zstd,blake3
50,12,2026-03-11T12:19:43.09999Z,elea,0.1.1,ef66ed9,add,f4.bin,add_file_total,178.228916,52428800,,Zstd,blake3
50,12,2026-03-11T12:19:43.10115Z,elea,0.1.1,ef66ed9,add,f3.bin,backend_store,147.40266699999998,52428800,,Zstd,blake3
50,12,2026-03-11T12:19:43.101293Z,elea,0.1.1,ef66ed9,add,f3.bin,add_file_total,179.527875,52428800,,Zstd,blake3
50,12,2026-03-11T12:19:43.101371Z,elea,0.1.1,ef66ed9,add,f5.bin,backend_store,147.735291,52428800,,Zstd,blake3
50,12,2026-03-11T12:19:43.101496Z,elea,0.1.1,ef66ed9,add,f5.bin,add_file_total,179.752375,52428800,,Zstd,blake3
50,12,2026-03-11T12:19:43.103704Z,elea,0.1.1,ef66ed9,add,f2.bin,backend_store,150.098875,52428800,,Zstd,blake3
50,12,2026-03-11T12:19:43.103848Z,elea,0.1.1,ef66ed9,add,f2.bin,add_file_total,182.073667,52428800,,Zstd,blake3
50,12,2026-03-11T12:19:43.103925Z,elea,0.1.1,ef66ed9,add,,add_total,182.220292,,5,Zstd,blake3
50,13,2026-03-11T12:19:43.743175Z,elea,0.1.1,ef66ed9,hash,f5.bin,hash,29.000625,52428800,,,blake3
50,13,2026-03-11T12:19:43.7434Z,elea,0.1.1,ef66ed9,hash,f2.bin,hash,29.204667,52428800,,,blake3
50,13,2026-03-11T12:19:43.743199Z,elea,0.1.1,ef66ed9,hash,f3.bin,hash,28.99425,52428800,,,blake3
50,13,2026-03-11T12:19:43.743259Z,elea,0.1.1,ef66ed9,hash,f1.bin,hash,29.121000000000002,52428800,,,blake3
50,13,2026-03-11T12:19:43.743092Z,elea,0.1.1,ef66ed9,hash,f4.bin,hash,28.919666,52428800,,,blake3
50,13,2026-03-11T12:19:43.867813Z,elea,0.1.1,ef66ed9,add,f4.bin,backend_store,122.630125,52428800,,Zstd,blake3
50,13,2026-03-11T12:19:43.868083Z,elea,0.1.1,ef66ed9,add,f4.bin,add_file_total,153.96295800000001,52428800,,Zstd,blake3
50,13,2026-03-11T12:19:43.869383Z,elea,0.1.1,ef66ed9,add,f2.bin,backend_store,124.289833,52428800,,Zstd,blake3
50,13,2026-03-11T12:19:43.869558Z,elea,0.1.1,ef66ed9,add,f2.bin,add_file_total,155.44025,52428800,,Zstd,blake3
50,13,2026-03-11T12:19:43.871457Z,elea,0.1.1,ef66ed9,add,f5.bin,backend_store,126.379875,52428800,,Zstd,blake3
50,13,2026-03-11T12:19:43.871555Z,elea,0.1.1,ef66ed9,add,f1.bin,backend_store,126.40625,52428800,,Zstd,blake3
50,13,2026-03-11T12:19:43.87161Z,elea,0.1.1,ef66ed9,add,f5.bin,add_file_total,157.493292,52428800,,Zstd,blake3
50,13,2026-03-11T12:19:43.871755Z,elea,0.1.1,ef66ed9,add,f1.bin,add_file_total,157.656792,52428800,,Zstd,blake3
50,13,2026-03-11T12:19:43.877907Z,elea,0.1.1,ef66ed9,add,f3.bin,backend_store,132.787209,52428800,,Zstd,blake3
50,13,2026-03-11T12:19:43.878038Z,elea,0.1.1,ef66ed9,add,f3.bin,add_file_total,163.91720800000002,52428800,,Zstd,blake3
50,13,2026-03-11T12:19:43.878153Z,elea,0.1.1,ef66ed9,add,,add_total,164.08658400000002,,5,Zstd,blake3
50,14,2026-03-11T12:19:44.527436Z,elea,0.1.1,ef66ed9,hash,f2.bin,hash,29.410208,52428800,,,blake3
50,14,2026-03-11T12:19:44.527649Z,elea,0.1.1,ef66ed9,hash,f4.bin,hash,29.63975,52428800,,,blake3
50,14,2026-03-11T12:19:44.527686Z,elea,0.1.1,ef66ed9,hash,f3.bin,hash,29.68225,52428800,,,blake3
50,14,2026-03-11T12:19:44.527374Z,elea,0.1.1,ef66ed9,hash,f1.bin,hash,29.4005,52428800,,,blake3
50,14,2026-03-11T12:19:44.527552Z,elea,0.1.1,ef66ed9,hash,f5.bin,hash,29.569333,52428800,,,blake3
50,14,2026-03-11T12:19:44.664673Z,elea,0.1.1,ef66ed9,add,f3.bin,backend_store,135.501625,52428800,,Zstd,blake3
50,14,2026-03-11T12:19:44.666439Z,elea,0.1.1,ef66ed9,add,f3.bin,add_file_total,168.472625,52428800,,Zstd,blake3
50,14,2026-03-11T12:19:44.666627Z,elea,0.1.1,ef66ed9,add,f2.bin,backend_store,137.52045800000002,52428800,,Zstd,blake3
50,14,2026-03-11T12:19:44.666942Z,elea,0.1.1,ef66ed9,add,f2.bin,add_file_total,168.974333,52428800,,Zstd,blake3
50,14,2026-03-11T12:19:44.667518Z,elea,0.1.1,ef66ed9,add,f5.bin,backend_store,138.2895,52428800,,Zstd,blake3
50,14,2026-03-11T12:19:44.667658Z,elea,0.1.1,ef66ed9,add,f5.bin,add_file_total,169.69400000000002,52428800,,Zstd,blake3
50,14,2026-03-11T12:19:44.667739Z,elea,0.1.1,ef66ed9,add,f4.bin,backend_store,138.617,52428800,,Zstd,blake3
50,14,2026-03-11T12:19:44.66787Z,elea,0.1.1,ef66ed9,add,f4.bin,add_file_total,169.904458,52428800,,Zstd,blake3
50,14,2026-03-11T12:19:44.668776Z,elea,0.1.1,ef66ed9,add,f1.bin,backend_store,139.58629200000001,52428800,,Zstd,blake3
50,14,2026-03-11T12:19:44.668896Z,elea,0.1.1,ef66ed9,add,f1.bin,add_file_total,170.96112499999998,52428800,,Zstd,blake3
50,14,2026-03-11T12:19:44.668952Z,elea,0.1.1,ef66ed9,add,,add_total,171.042917,,5,Zstd,blake3
50,15,2026-03-11T12:19:45.3593Z,elea,0.1.1,ef66ed9,hash,f2.bin,hash,29.398042,52428800,,,blake3
50,15,2026-03-11T12:19:45.359339Z,elea,0.1.1,ef66ed9,hash,f5.bin,hash,29.347458,52428800,,,blake3
50,15,2026-03-11T12:19:45.359089Z,elea,0.1.1,ef66ed9,hash,f3.bin,hash,29.16325,52428800,,,blake3
50,15,2026-03-11T12:19:45.359224Z,elea,0.1.1,ef66ed9,hash,f1.bin,hash,29.300542,52428800,,,blake3
50,15,2026-03-11T12:19:45.359063Z,elea,0.1.1,ef66ed9,hash,f4.bin,hash,29.119042,52428800,,,blake3
50,15,2026-03-11T12:19:45.562782Z,elea,0.1.1,ef66ed9,add,f2.bin,backend_store,201.949792,52428800,,Zstd,blake3
50,15,2026-03-11T12:19:45.563415Z,elea,0.1.1,ef66ed9,add,f2.bin,add_file_total,233.563833,52428800,,Zstd,blake3
50,15,2026-03-11T12:19:45.564973Z,elea,0.1.1,ef66ed9,add,f4.bin,backend_store,203.95499999999998,52428800,,Zstd,blake3
50,15,2026-03-11T12:19:45.565801Z,elea,0.1.1,ef66ed9,add,f4.bin,add_file_total,235.940125,52428800,,Zstd,blake3
50,15,2026-03-11T12:19:45.569031Z,elea,0.1.1,ef66ed9,add,f1.bin,backend_store,208.134292,52428800,,Zstd,blake3
50,15,2026-03-11T12:19:45.569284Z,elea,0.1.1,ef66ed9,add,f1.bin,add_file_total,239.424417,52428800,,Zstd,blake3
50,15,2026-03-11T12:19:45.572255Z,elea,0.1.1,ef66ed9,add,f5.bin,backend_store,211.412041,52428800,,Zstd,blake3
50,15,2026-03-11T12:19:45.572493Z,elea,0.1.1,ef66ed9,add,f5.bin,add_file_total,242.62366699999998,52428800,,Zstd,blake3
50,15,2026-03-11T12:19:45.573979Z,elea,0.1.1,ef66ed9,add,f3.bin,backend_store,213.10975,52428800,,Zstd,blake3
50,15,2026-03-11T12:19:45.574113Z,elea,0.1.1,ef66ed9,add,f3.bin,add_file_total,244.259375,52428800,,Zstd,blake3
50,15,2026-03-11T12:19:45.574198Z,elea,0.1.1,ef66ed9,add,,add_total,244.38479199999998,,5,Zstd,blake3
50,16,2026-03-11T12:19:46.250844Z,elea,0.1.1,ef66ed9,hash,f5.bin,hash,29.013208,52428800,,,blake3
50,16,2026-03-11T12:19:46.250978Z,elea,0.1.1,ef66ed9,hash,f4.bin,hash,29.193375,52428800,,,blake3
50,16,2026-03-11T12:19:46.251049Z,elea,0.1.1,ef66ed9,hash,f1.bin,hash,29.217792,52428800,,,blake3
50,16,2026-03-11T12:19:46.250864Z,elea,0.1.1,ef66ed9,hash,f3.bin,hash,29.0515,52428800,,,blake3
50,16,2026-03-11T12:19:46.250991Z,elea,0.1.1,ef66ed9,hash,f2.bin,hash,29.193291,52428800,,,blake3
50,16,2026-03-11T12:19:46.394745Z,elea,0.1.1,ef66ed9,add,f5.bin,backend_store,141.67725000000002,52428800,,Zstd,blake3
50,16,2026-03-11T12:19:46.394992Z,elea,0.1.1,ef66ed9,add,f5.bin,add_file_total,173.216958,52428800,,Zstd,blake3
50,16,2026-03-11T12:19:46.395262Z,elea,0.1.1,ef66ed9,add,f4.bin,backend_store,142.190917,52428800,,Zstd,blake3
50,16,2026-03-11T12:19:46.39544Z,elea,0.1.1,ef66ed9,add,f4.bin,add_file_total,173.670417,52428800,,Zstd,blake3
50,16,2026-03-11T12:19:46.396171Z,elea,0.1.1,ef66ed9,add,f2.bin,backend_store,143.01,52428800,,Zstd,blake3
50,16,2026-03-11T12:19:46.396371Z,elea,0.1.1,ef66ed9,add,f2.bin,add_file_total,174.604292,52428800,,Zstd,blake3
50,16,2026-03-11T12:19:46.401489Z,elea,0.1.1,ef66ed9,add,f3.bin,backend_store,148.354291,52428800,,Zstd,blake3
50,16,2026-03-11T12:19:46.401775Z,elea,0.1.1,ef66ed9,add,f3.bin,add_file_total,180.0375,52428800,,Zstd,blake3
50,16,2026-03-11T12:19:46.401801Z,elea,0.1.1,ef66ed9,add,f1.bin,backend_store,148.7045,52428800,,Zstd,blake3
50,16,2026-03-11T12:19:46.401961Z,elea,0.1.1,ef66ed9,add,f1.bin,add_file_total,180.196709,52428800,,Zstd,blake3
50,16,2026-03-11T12:19:46.40203Z,elea,0.1.1,ef66ed9,add,,add_total,180.319959,,5,Zstd,blake3
50,17,2026-03-11T12:19:47.052021Z,elea,0.1.1,ef66ed9,hash,f5.bin,hash,29.180999999999997,52428800,,,blake3
50,17,2026-03-11T12:19:47.051933Z,elea,0.1.1,ef66ed9,hash,f4.bin,hash,29.1245,52428800,,,blake3
50,17,2026-03-11T12:19:47.051759Z,elea,0.1.1,ef66ed9,hash,f1.bin,hash,28.908458000000003,52428800,,,blake3
50,17,2026-03-11T12:19:47.05179Z,elea,0.1.1,ef66ed9,hash,f3.bin,hash,28.852458000000002,52428800,,,blake3
50,17,2026-03-11T12:19:47.052043Z,elea,0.1.1,ef66ed9,hash,f2.bin,hash,29.177791000000003,52428800,,,blake3
50,17,2026-03-11T12:19:47.17034Z,elea,0.1.1,ef66ed9,add,f5.bin,backend_store,116.62866700000001,52428800,,Zstd,blake3
50,17,2026-03-11T12:19:47.170583Z,elea,0.1.1,ef66ed9,add,f5.bin,add_file_total,147.796666,52428800,,Zstd,blake3
50,17,2026-03-11T12:19:47.172339Z,elea,0.1.1,ef66ed9,add,f2.bin,backend_store,118.533583,52428800,,Zstd,blake3
50,17,2026-03-11T12:19:47.172503Z,elea,0.1.1,ef66ed9,add,f2.bin,add_file_total,149.718708,52428800,,Zstd,blake3
50,17,2026-03-11T12:19:47.175194Z,elea,0.1.1,ef66ed9,add,f4.bin,backend_store,121.42500000000001,52428800,,Zstd,blake3
50,17,2026-03-11T12:19:47.175339Z,elea,0.1.1,ef66ed9,add,f4.bin,add_file_total,152.57675,52428800,,Zstd,blake3
50,17,2026-03-11T12:19:47.178221Z,elea,0.1.1,ef66ed9,add,f3.bin,backend_store,124.4445,52428800,,Zstd,blake3
50,17,2026-03-11T12:19:47.178347Z,elea,0.1.1,ef66ed9,add,f3.bin,add_file_total,155.559167,52428800,,Zstd,blake3
50,17,2026-03-11T12:19:47.180169Z,elea,0.1.1,ef66ed9,add,f1.bin,backend_store,126.44008400000001,52428800,,Zstd,blake3
50,17,2026-03-11T12:19:47.180289Z,elea,0.1.1,ef66ed9,add,f1.bin,add_file_total,157.507708,52428800,,Zstd,blake3
50,17,2026-03-11T12:19:47.180355Z,elea,0.1.1,ef66ed9,add,,add_total,157.62741699999998,,5,Zstd,blake3
50,18,2026-03-11T12:19:47.838465Z,elea,0.1.1,ef66ed9,hash,f2.bin,hash,28.957875,52428800,,,blake3
50,18,2026-03-11T12:19:47.83887Z,elea,0.1.1,ef66ed9,hash,f3.bin,hash,29.345,52428800,,,blake3
50,18,2026-03-11T12:19:47.840229Z,elea,0.1.1,ef66ed9,hash,f4.bin,hash,30.660041,52428800,,,blake3
50,18,2026-03-11T12:19:47.838802Z,elea,0.1.1,ef66ed9,hash,f5.bin,hash,29.309749999999998,52428800,,,blake3
50,18,2026-03-11T12:19:47.838771Z,elea,0.1.1,ef66ed9,hash,f1.bin,hash,29.248832999999998,52428800,,,blake3
50,18,2026-03-11T12:19:47.979077Z,elea,0.1.1,ef66ed9,add,f1.bin,backend_store,138.441333,52428800,,Zstd,blake3
50,18,2026-03-11T12:19:47.979102Z,elea,0.1.1,ef66ed9,add,f3.bin,backend_store,138.576875,52428800,,Zstd,blake3
50,18,2026-03-11T12:19:47.979309Z,elea,0.1.1,ef66ed9,add,f3.bin,add_file_total,169.793833,52428800,,Zstd,blake3
50,18,2026-03-11T12:19:47.979402Z,elea,0.1.1,ef66ed9,add,f1.bin,add_file_total,169.92375,52428800,,Zstd,blake3
50,18,2026-03-11T12:19:47.980212Z,elea,0.1.1,ef66ed9,add,f4.bin,backend_store,139.657166,52428800,,Zstd,blake3
50,18,2026-03-11T12:19:47.980321Z,elea,0.1.1,ef66ed9,add,f2.bin,backend_store,139.79779100000002,52428800,,Zstd,blake3
50,18,2026-03-11T12:19:47.980357Z,elea,0.1.1,ef66ed9,add,f4.bin,add_file_total,170.882083,52428800,,Zstd,blake3
50,18,2026-03-11T12:19:47.980514Z,elea,0.1.1,ef66ed9,add,f2.bin,add_file_total,171.039583,52428800,,Zstd,blake3
50,18,2026-03-11T12:19:47.980853Z,elea,0.1.1,ef66ed9,add,f5.bin,backend_store,140.258917,52428800,,Zstd,blake3
50,18,2026-03-11T12:19:47.980967Z,elea,0.1.1,ef66ed9,add,f5.bin,add_file_total,171.515334,52428800,,Zstd,blake3
50,18,2026-03-11T12:19:47.981028Z,elea,0.1.1,ef66ed9,add,,add_total,171.59987500000003,,5,Zstd,blake3
50,19,2026-03-11T12:19:48.646985Z,elea,0.1.1,ef66ed9,hash,f2.bin,hash,29.194000000000003,52428800,,,blake3
50,19,2026-03-11T12:19:48.647122Z,elea,0.1.1,ef66ed9,hash,f4.bin,hash,29.3205,52428800,,,blake3
50,19,2026-03-11T12:19:48.646974Z,elea,0.1.1,ef66ed9,hash,f5.bin,hash,29.120959,52428800,,,blake3
50,19,2026-03-11T12:19:48.646949Z,elea,0.1.1,ef66ed9,hash,f3.bin,hash,29.1305,52428800,,,blake3
50,19,2026-03-11T12:19:48.646895Z,elea,0.1.1,ef66ed9,hash,f1.bin,hash,29.051875000000003,52428800,,,blake3
50,19,2026-03-11T12:19:48.788441Z,elea,0.1.1,ef66ed9,add,f2.bin,backend_store,139.595583,52428800,,Zstd,blake3
50,19,2026-03-11T12:19:48.790288Z,elea,0.1.1,ef66ed9,add,f1.bin,backend_store,141.319084,52428800,,Zstd,blake3
50,19,2026-03-11T12:19:48.790534Z,elea,0.1.1,ef66ed9,add,f3.bin,backend_store,141.67974999999998,52428800,,Zstd,blake3
50,19,2026-03-11T12:19:48.791274Z,elea,0.1.1,ef66ed9,add,f2.bin,add_file_total,173.518416,52428800,,Zstd,blake3
50,19,2026-03-11T12:19:48.791333Z,elea,0.1.1,ef66ed9,add,f1.bin,add_file_total,173.549333,52428800,,Zstd,blake3
50,19,2026-03-11T12:19:48.79138Z,elea,0.1.1,ef66ed9,add,f3.bin,add_file_total,173.59983400000002,52428800,,Zstd,blake3
50,19,2026-03-11T12:19:48.791887Z,elea,0.1.1,ef66ed9,add,f4.bin,backend_store,142.96504199999998,52428800,,Zstd,blake3
50,19,2026-03-11T12:19:48.791932Z,elea,0.1.1,ef66ed9,add,f5.bin,backend_store,143.041125,52428800,,Zstd,blake3
50,19,2026-03-11T12:19:48.792028Z,elea,0.1.1,ef66ed9,add,f4.bin,add_file_total,174.240792,52428800,,Zstd,blake3
50,19,2026-03-11T12:19:48.792211Z,elea,0.1.1,ef66ed9,add,f5.bin,add_file_total,174.431625,52428800,,Zstd,blake3
50,19,2026-03-11T12:19:48.792261Z,elea,0.1.1,ef66ed9,add,,add_total,174.5385,,5,Zstd,blake3
50,20,2026-03-11T12:19:49.442893Z,elea,0.1.1,ef66ed9,hash,f5.bin,hash,29.450582999999998,52428800,,,blake3
50,20,2026-03-11T12:19:49.44227Z,elea,0.1.1,ef66ed9,hash,f3.bin,hash,28.772665999999997,52428800,,,blake3
50,20,2026-03-11T12:19:49.443328Z,elea,0.1.1,ef66ed9,hash,f2.bin,hash,29.869957999999997,52428800,,,blake3
50,20,2026-03-11T12:19:49.443378Z,elea,0.1.1,ef66ed9,hash,f1.bin,hash,29.953208,52428800,,,blake3
50,20,2026-03-11T12:19:49.443403Z,elea,0.1.1,ef66ed9,hash,f4.bin,hash,29.932875000000003,52428800,,,blake3
50,20,2026-03-11T12:19:49.585555Z,elea,0.1.1,ef66ed9,add,f1.bin,backend_store,140.967458,52428800,,Zstd,blake3
50,20,2026-03-11T12:19:49.58581Z,elea,0.1.1,ef66ed9,add,f1.bin,add_file_total,172.42670800000002,52428800,,Zstd,blake3
50,20,2026-03-11T12:19:49.586112Z,elea,0.1.1,ef66ed9,add,f5.bin,backend_store,141.772167,52428800,,Zstd,blake3
50,20,2026-03-11T12:19:49.587066Z,elea,0.1.1,ef66ed9,add,f5.bin,add_file_total,173.656833,52428800,,Zstd,blake3
50,20,2026-03-11T12:19:49.587565Z,elea,0.1.1,ef66ed9,add,f2.bin,backend_store,143.17570800000001,52428800,,Zstd,blake3
50,20,2026-03-11T12:19:49.587723Z,elea,0.1.1,ef66ed9,add,f2.bin,add_file_total,174.31825,52428800,,Zstd,blake3
50,20,2026-03-11T12:19:49.58839Z,elea,0.1.1,ef66ed9,add,f4.bin,backend_store,143.958792,52428800,,Zstd,blake3
50,20,2026-03-11T12:19:49.588519Z,elea,0.1.1,ef66ed9,add,f4.bin,add_file_total,175.11308400000001,52428800,,Zstd,blake3
50,20,2026-03-11T12:19:49.589003Z,elea,0.1.1,ef66ed9,add,f3.bin,backend_store,144.64450000000002,52428800,,Zstd,blake3
50,20,2026-03-11T12:19:49.589136Z,elea,0.1.1,ef66ed9,add,f3.bin,add_file_total,175.70879200000002,52428800,,Zstd,blake3
50,20,2026-03-11T12:19:49.589207Z,elea,0.1.1,ef66ed9,add,,add_total,175.848542,,5,Zstd,blake3
50,21,2026-03-11T12:19:50.249576Z,elea,0.1.1,ef66ed9,hash,f2.bin,hash,29.013166,52428800,,,blake3
50,21,2026-03-11T12:19:50.249775Z,elea,0.1.1,ef66ed9,hash,f3.bin,hash,29.202917,52428800,,,blake3
50,21,2026-03-11T12:19:50.249794Z,elea,0.1.1,ef66ed9,hash,f5.bin,hash,29.242708999999998,52428800,,,blake3
50,21,2026-03-11T12:19:50.24956Z,elea,0.1.1,ef66ed9,hash,f1.bin,hash,28.971917,52428800,,,blake3
50,21,2026-03-11T12:19:50.249648Z,elea,0.1.1,ef66ed9,hash,f4.bin,hash,29.105292000000002,52428800,,,blake3
50,21,2026-03-11T12:19:50.384618Z,elea,0.1.1,ef66ed9,add,f2.bin,backend_store,132.966916,52428800,,Zstd,blake3
50,21,2026-03-11T12:19:50.384823Z,elea,0.1.1,ef66ed9,add,f2.bin,add_file_total,164.311333,52428800,,Zstd,blake3
50,21,2026-03-11T12:19:50.385762Z,elea,0.1.1,ef66ed9,add,f3.bin,backend_store,134.08520800000002,52428800,,Zstd,blake3
50,21,2026-03-11T12:19:50.38594Z,elea,0.1.1,ef66ed9,add,f3.bin,add_file_total,165.426875,52428800,,Zstd,blake3
50,21,2026-03-11T12:19:50.386703Z,elea,0.1.1,ef66ed9,add,f4.bin,backend_store,134.959375,52428800,,Zstd,blake3
50,21,2026-03-11T12:19:50.386854Z,elea,0.1.1,ef66ed9,add,f4.bin,add_file_total,166.350125,52428800,,Zstd,blake3
50,21,2026-03-11T12:19:50.388754Z,elea,0.1.1,ef66ed9,add,f1.bin,backend_store,137.0385,52428800,,Zstd,blake3
50,21,2026-03-11T12:19:50.388876Z,elea,0.1.1,ef66ed9,add,f1.bin,add_file_total,168.358916,52428800,,Zstd,blake3
50,21,2026-03-11T12:19:50.392871Z,elea,0.1.1,ef66ed9,add,f5.bin,backend_store,141.173834,52428800,,Zstd,blake3
50,21,2026-03-11T12:19:50.392985Z,elea,0.1.1,ef66ed9,add,f5.bin,add_file_total,172.476834,52428800,,Zstd,blake3
50,21,2026-03-11T12:19:50.393034Z,elea,0.1.1,ef66ed9,add,,add_total,172.56787500000002,,5,Zstd,blake3
50,22,2026-03-11T12:19:51.045277Z,elea,0.1.1,ef66ed9,hash,f4.bin,hash,29.436209,52428800,,,blake3
50,22,2026-03-11T12:19:51.045442Z,elea,0.1.1,ef66ed9,hash,f3.bin,hash,29.564917,52428800,,,blake3
50,22,2026-03-11T12:19:51.045185Z,elea,0.1.1,ef66ed9,hash,f1.bin,hash,29.33025,52428800,,,blake3
50,22,2026-03-11T12:19:51.045085Z,elea,0.1.1,ef66ed9,hash,f2.bin,hash,29.253041,52428800,,,blake3
50,22,2026-03-11T12:19:51.045252Z,elea,0.1.1,ef66ed9,hash,f5.bin,hash,29.327125,52428800,,,blake3
50,22,2026-03-11T12:19:51.20131Z,elea,0.1.1,ef66ed9,add,f4.bin,backend_store,154.28725,52428800,,Zstd,blake3
50,22,2026-03-11T12:19:51.201623Z,elea,0.1.1,ef66ed9,add,f4.bin,add_file_total,185.83266700000001,52428800,,Zstd,blake3
50,22,2026-03-11T12:19:51.204439Z,elea,0.1.1,ef66ed9,add,f3.bin,backend_store,157.400083,52428800,,Zstd,blake3
50,22,2026-03-11T12:19:51.204743Z,elea,0.1.1,ef66ed9,add,f3.bin,add_file_total,188.931958,52428800,,Zstd,blake3
50,22,2026-03-11T12:19:51.205067Z,elea,0.1.1,ef66ed9,add,f5.bin,backend_store,157.890708,52428800,,Zstd,blake3
50,22,2026-03-11T12:19:51.205353Z,elea,0.1.1,ef66ed9,add,f5.bin,add_file_total,189.534125,52428800,,Zstd,blake3
50,22,2026-03-11T12:19:51.207532Z,elea,0.1.1,ef66ed9,add,f1.bin,backend_store,160.46550000000002,52428800,,Zstd,blake3
50,22,2026-03-11T12:19:51.20771Z,elea,0.1.1,ef66ed9,add,f1.bin,add_file_total,191.907041,52428800,,Zstd,blake3
50,22,2026-03-11T12:19:51.209138Z,elea,0.1.1,ef66ed9,add,f2.bin,backend_store,162.039875,52428800,,Zstd,blake3
50,22,2026-03-11T12:19:51.209284Z,elea,0.1.1,ef66ed9,add,f2.bin,add_file_total,193.49704200000002,52428800,,Zstd,blake3
50,22,2026-03-11T12:19:51.209348Z,elea,0.1.1,ef66ed9,add,,add_total,193.61425,,5,Zstd,blake3
50,23,2026-03-11T12:19:51.867536Z,elea,0.1.1,ef66ed9,hash,f3.bin,hash,29.706709,52428800,,,blake3
50,23,2026-03-11T12:19:51.867518Z,elea,0.1.1,ef66ed9,hash,f4.bin,hash,29.727792,52428800,,,blake3
50,23,2026-03-11T12:19:51.867248Z,elea,0.1.1,ef66ed9,hash,f5.bin,hash,29.431583,52428800,,,blake3
50,23,2026-03-11T12:19:51.867389Z,elea,0.1.1,ef66ed9,hash,f1.bin,hash,29.612958000000003,52428800,,,blake3
50,23,2026-03-11T12:19:51.867426Z,elea,0.1.1,ef66ed9,hash,f2.bin,hash,29.670665999999997,52428800,,,blake3
50,23,2026-03-11T12:19:52.011657Z,elea,0.1.1,ef66ed9,add,f1.bin,backend_store,142.371583,52428800,,Zstd,blake3
50,23,2026-03-11T12:19:52.011881Z,elea,0.1.1,ef66ed9,add,f1.bin,add_file_total,174.151666,52428800,,Zstd,blake3
50,23,2026-03-11T12:19:52.013404Z,elea,0.1.1,ef66ed9,add,f2.bin,backend_store,144.107083,52428800,,Zstd,blake3
50,23,2026-03-11T12:19:52.013652Z,elea,0.1.1,ef66ed9,add,f2.bin,add_file_total,175.933208,52428800,,Zstd,blake3
50,23,2026-03-11T12:19:52.014428Z,elea,0.1.1,ef66ed9,add,f5.bin,backend_store,145.17625,52428800,,Zstd,blake3
50,23,2026-03-11T12:19:52.01457Z,elea,0.1.1,ef66ed9,add,f5.bin,add_file_total,176.83575000000002,52428800,,Zstd,blake3
50,23,2026-03-11T12:19:52.015198Z,elea,0.1.1,ef66ed9,add,f4.bin,backend_store,145.976709,52428800,,Zstd,blake3
50,23,2026-03-11T12:19:52.01545Z,elea,0.1.1,ef66ed9,add,f4.bin,add_file_total,177.717667,52428800,,Zstd,blake3
50,23,2026-03-11T12:19:52.019946Z,elea,0.1.1,ef66ed9,add,f3.bin,backend_store,150.743417,52428800,,Zstd,blake3
50,23,2026-03-11T12:19:52.020182Z,elea,0.1.1,ef66ed9,add,f3.bin,add_file_total,182.444,52428800,,Zstd,blake3
50,23,2026-03-11T12:19:52.020277Z,elea,0.1.1,ef66ed9,add,,add_total,182.606875,,5,Zstd,blake3
50,24,2026-03-11T12:19:52.686621Z,elea,0.1.1,ef66ed9,hash,f5.bin,hash,29.394417,52428800,,,blake3
50,24,2026-03-11T12:19:52.686669Z,elea,0.1.1,ef66ed9,hash,f1.bin,hash,29.444584,52428800,,,blake3
50,24,2026-03-11T12:19:52.68637Z,elea,0.1.1,ef66ed9,hash,f2.bin,hash,29.164334,52428800,,,blake3
50,24,2026-03-11T12:19:52.68666Z,elea,0.1.1,ef66ed9,hash,f3.bin,hash,29.424625,52428800,,,blake3
50,24,2026-03-11T12:19:52.686179Z,elea,0.1.1,ef66ed9,hash,f4.bin,hash,28.979792,52428800,,,blake3
50,24,2026-03-11T12:19:52.853977Z,elea,0.1.1,ef66ed9,add,f5.bin,backend_store,165.736584,52428800,,Zstd,blake3
50,24,2026-03-11T12:19:52.855188Z,elea,0.1.1,ef66ed9,add,f1.bin,backend_store,166.94941699999998,52428800,,Zstd,blake3
50,24,2026-03-11T12:19:52.855406Z,elea,0.1.1,ef66ed9,add,f5.bin,add_file_total,198.22899999999998,52428800,,Zstd,blake3
50,24,2026-03-11T12:19:52.855869Z,elea,0.1.1,ef66ed9,add,f1.bin,add_file_total,198.692667,52428800,,Zstd,blake3
50,24,2026-03-11T12:19:52.856371Z,elea,0.1.1,ef66ed9,add,f4.bin,backend_store,168.039333,52428800,,Zstd,blake3
50,24,2026-03-11T12:19:52.856579Z,elea,0.1.1,ef66ed9,add,f4.bin,add_file_total,199.4245,52428800,,Zstd,blake3
50,24,2026-03-11T12:19:52.857575Z,elea,0.1.1,ef66ed9,add,f2.bin,backend_store,169.308,52428800,,Zstd,blake3
50,24,2026-03-11T12:19:52.857729Z,elea,0.1.1,ef66ed9,add,f2.bin,add_file_total,200.555791,52428800,,Zstd,blake3
50,24,2026-03-11T12:19:52.858051Z,elea,0.1.1,ef66ed9,add,f3.bin,backend_store,169.7545,52428800,,Zstd,blake3
50,24,2026-03-11T12:19:52.858178Z,elea,0.1.1,ef66ed9,add,f3.bin,add_file_total,201.000292,52428800,,Zstd,blake3
50,24,2026-03-11T12:19:52.858245Z,elea,0.1.1,ef66ed9,add,,add_total,201.13066700000002,,5,Zstd,blake3
50,25,2026-03-11T12:19:53.535496Z,elea,0.1.1,ef66ed9,hash,f3.bin,hash,30.201542,52428800,,,blake3
50,25,2026-03-11T12:19:53.535741Z,elea,0.1.1,ef66ed9,hash,f4.bin,hash,30.478749999999998,52428800,,,blake3
50,25,2026-03-11T12:19:53.535419Z,elea,0.1.1,ef66ed9,hash,f1.bin,hash,30.187375,52428800,,,blake3
50,25,2026-03-11T12:19:53.535727Z,elea,0.1.1,ef66ed9,hash,f5.bin,hash,30.450042,52428800,,,blake3
50,25,2026-03-11T12:19:53.535558Z,elea,0.1.1,ef66ed9,hash,f2.bin,hash,30.317458,52428800,,,blake3
50,25,2026-03-11T12:19:53.669275Z,elea,0.1.1,ef66ed9,add,f2.bin,backend_store,131.9955,52428800,,Zstd,blake3
50,25,2026-03-11T12:19:53.669571Z,elea,0.1.1,ef66ed9,add,f2.bin,add_file_total,164.360417,52428800,,Zstd,blake3
50,25,2026-03-11T12:19:53.670642Z,elea,0.1.1,ef66ed9,add,f4.bin,backend_store,133.456833,52428800,,Zstd,blake3
50,25,2026-03-11T12:19:53.670804Z,elea,0.1.1,ef66ed9,add,f1.bin,backend_store,133.592042,52428800,,Zstd,blake3
50,25,2026-03-11T12:19:53.670819Z,elea,0.1.1,ef66ed9,add,f4.bin,add_file_total,165.60375,52428800,,Zstd,blake3
50,25,2026-03-11T12:19:53.670975Z,elea,0.1.1,ef66ed9,add,f1.bin,add_file_total,165.787125,52428800,,Zstd,blake3
50,25,2026-03-11T12:19:53.671398Z,elea,0.1.1,ef66ed9,add,f3.bin,backend_store,134.235625,52428800,,Zstd,blake3
50,25,2026-03-11T12:19:53.671523Z,elea,0.1.1,ef66ed9,add,f5.bin,backend_store,134.275417,52428800,,Zstd,blake3
50,25,2026-03-11T12:19:53.671549Z,elea,0.1.1,ef66ed9,add,f3.bin,add_file_total,166.331709,52428800,,Zstd,blake3
50,25,2026-03-11T12:19:53.671732Z,elea,0.1.1,ef66ed9,add,f5.bin,add_file_total,166.516625,52428800,,Zstd,blake3
50,25,2026-03-11T12:19:53.671803Z,elea,0.1.1,ef66ed9,add,,add_total,166.638083,,5,Zstd,blake3
